mgba pc=08000240 lr=00000000 r0=000000ff r1=00000000 r4=00000000 r5=00000000 category=4 level=16: SWI: 01 r0: 000000FF r1: 00000000 r2: 00000000 r3: 00000000
mgba pc=08000240 lr=00000000 r0=000000ff r1=00000000 r4=00000000 r5=00000000 category=9 level=64: Write to read-only I/O register: 006
mgba pc=08000240 lr=00000000 r0=000000ff r1=00000000 r4=00000000 r5=00000000 category=6 level=64: Invalid DMA source address: 0x00000000
mgba pc=08000240 lr=00000000 r0=000000ff r1=00000000 r4=00000000 r5=00000000 category=6 level=64: Invalid DMA source address: 0x00000000
mgba pc=08000240 lr=00000000 r0=000000ff r1=00000000 r4=00000000 r5=00000000 category=6 level=64: Invalid DMA source address: 0x00000000
mgba pc=08000240 lr=00000000 r0=000000ff r1=00000000 r4=00000000 r5=00000000 category=6 level=64: Invalid DMA source address: 0x00000000
mgba pc=08000240 lr=00000000 r0=000000ff r1=00000000 r4=00000000 r5=00000000 category=6 level=64: Invalid DMA source address: 0x00000000
mgba pc=08000240 lr=00000000 r0=000000ff r1=00000000 r4=00000000 r5=00000000 category=6 level=64: Invalid DMA source address: 0x00000000
mgba pc=08000240 lr=00000000 r0=000000ff r1=00000000 r4=00000000 r5=00000000 category=6 level=64: Invalid DMA source address: 0x00000000
mgba pc=08000240 lr=00000000 r0=000000ff r1=00000000 r4=00000000 r5=00000000 category=6 level=64: Invalid DMA source address: 0x00000000
mgba pc=08000240 lr=00000000 r0=000000ff r1=00000000 r4=00000000 r5=00000000 category=14 level=64: Invalid video register: 0x04E
mgba pc=08000240 lr=00000000 r0=000000ff r1=00000000 r4=00000000 r5=00000000 category=14 level=64: Invalid video register: 0x056
mgba pc=08000240 lr=00000000 r0=000000ff r1=00000000 r4=00000000 r5=00000000 category=14 level=64: Invalid video register: 0x058
mgba pc=08000240 lr=00000000 r0=000000ff r1=00000000 r4=00000000 r5=00000000 category=14 level=64: Invalid video register: 0x05A
mgba pc=08000240 lr=00000000 r0=000000ff r1=00000000 r4=00000000 r5=00000000 category=14 level=64: Invalid video register: 0x05C
mgba pc=08000240 lr=00000000 r0=000000ff r1=00000000 r4=00000000 r5=00000000 category=14 level=64: Invalid video register: 0x05E
mgba pc=080002cc lr=0800028c r0=09a8a774 r1=03000000 r4=84000000 r5=00000000 category=6 level=8: Starting DMA 3 0x09A8A774 -> 0x03000000 (8400:0227)
mgba pc=080002cc lr=080002a4 r0=09a8b010 r1=02000000 r4=84000000 r5=00000000 category=6 level=8: Starting DMA 3 0x09A8B010 -> 0x02000000 (8400:0001)
mgba pc=08000338 lr=08193fe3 r0=03007de8 r1=030056b8 r4=030056b8 r5=03006668 category=4 level=16: SWI: 0B r0: 03007DE8 r1: 030056B8 r2: 050003EC r3: 00000000
mgba pc=08193b10 lr=08193af9 r0=0000fb1a r1=040000c6 r4=030056b8 r5=000000e0 category=6 level=8: Starting DMA 1 0x03005A08 -> 0x040000A0 (B600:4000)
mgba pc=08193b14 lr=08193af9 r0=0000fb1a r1=040000d2 r4=030056b8 r5=000000e0 category=6 level=8: Starting DMA 2 0x03006038 -> 0x040000A4 (B600:4000)
mgba pc=08000338 lr=08193ea7 r0=03007de4 r1=03005468 r4=030056b8 r5=03005468 category=4 level=16: SWI: 0B r0: 03007DE4 r1: 03005468 r2: 05000040 r3: 00000000
mgba pc=030000f0 lr=00000194 r0=00000000 r1=00000001 r4=030056b8 r5=03006668 category=10 level=64: Bad BIOS Load8: 0x0000000A
mgba pc=08000338 lr=081940bf r0=03007de4 r1=03005a08 r4=030056b8 r5=00040000 category=4 level=16: SWI: 0B r0: 03007DE4 r1: 03005A08 r2: 05000318 r3: 00000350
mgba pc=08193b10 lr=08193af9 r0=0000fb1a r1=040000c6 r4=030056b8 r5=000000e0 category=6 level=8: Starting DMA 1 0x03005A08 -> 0x040000A0 (B600:0004)
mgba pc=08193b14 lr=08193af9 r0=0000fb1a r1=040000d2 r4=030056b8 r5=000000e0 category=6 level=8: Starting DMA 2 0x03006038 -> 0x040000A4 (B600:0004)
mgba pc=030000f0 lr=00000194 r0=00000000 r1=00000001 r4=03002300 r5=00000000 category=10 level=64: Bad BIOS Load8: 0x0000000A
mgba pc=0818a200 lr=08189183 r0=03004714 r1=040000d4 r4=03002548 r5=0818d855 category=6 level=8: Starting DMA 3 0x0818693C -> 0x030047FC (8000:04B0)
mgba pc=0818a1ca lr=08189183 r0=00000100 r1=04000134 r4=00000080 r5=0818d855 category=13 level=16: Switching mode from GPIO to NORMAL8
mgba pc=0818a1d0 lr=08189183 r0=00005003 r1=04000128 r4=00000080 r5=0818d855 category=13 level=16: Switching mode from NORMAL8 to NORMAL32
mgba pc=08000338 lr=0818909d r0=03007ddc r1=030043dc r4=00000000 r5=03002548 category=4 level=16: SWI: 0B r0: 03007DDC r1: 030043DC r2: 01000014 r3: 00000000
mgba pc=08000338 lr=081890b5 r0=03007dde r1=03004328 r4=00000000 r5=03002548 category=4 level=16: SWI: 0B r0: 03007DDE r1: 03004328 r2: 0100005A r3: 03007DDC
mgba pc=08000338 lr=08189023 r0=03007db4 r1=030044e4 r4=00000000 r5=00000000 category=4 level=16: SWI: 0B r0: 03007DB4 r1: 030044E4 r2: 01000034 r3: 03002550
mgba pc=08000338 lr=08189031 r0=03007db6 r1=030046a4 r4=00000000 r5=00000000 category=4 level=16: SWI: 0B r0: 03007DB6 r1: 030046A4 r2: 0100000A r3: 03007DB4
mgba pc=08000338 lr=08189023 r0=03007db4 r1=03004554 r4=00000001 r5=00000000 category=4 level=16: SWI: 0B r0: 03007DB4 r1: 03004554 r2: 01000034 r3: 03002554
mgba pc=08000338 lr=08189031 r0=03007db6 r1=030046c0 r4=00000001 r5=00000000 category=4 level=16: SWI: 0B r0: 03007DB6 r1: 030046C0 r2: 0100000A r3: 03007DB4
mgba pc=08000338 lr=08189023 r0=03007db4 r1=030045c4 r4=00000002 r5=00000000 category=4 level=16: SWI: 0B r0: 03007DB4 r1: 030045C4 r2: 01000034 r3: 03002558
mgba pc=08000338 lr=08189031 r0=03007db6 r1=030046dc r4=00000002 r5=00000000 category=4 level=16: SWI: 0B r0: 03007DB6 r1: 030046DC r2: 0100000A r3: 03007DB4
mgba pc=08000338 lr=08189023 r0=03007db4 r1=03004634 r4=00000003 r5=00000000 category=4 level=16: SWI: 0B r0: 03007DB4 r1: 03004634 r2: 01000034 r3: 0300255C
mgba pc=08000338 lr=08189031 r0=03007db6 r1=030046f8 r4=00000003 r5=00000000 category=4 level=16: SWI: 0B r0: 03007DB6 r1: 030046F8 r2: 0100000A r3: 03007DB4
mgba pc=08000338 lr=0818f837 r0=03007dec r1=03003634 r4=000000ee r5=03003634 category=4 level=16: SWI: 0B r0: 03007DEC r1: 03003634 r2: 0100067A r3: 00000000
mgba pc=08000338 lr=0818f891 r0=03007dee r1=03002584 r4=00000000 r5=03003634 category=4 level=16: SWI: 0B r0: 03007DEE r1: 03002584 r2: 01000008 r3: 03007DEC
mgba pc=08000338 lr=0818f89f r0=03007df0 r1=030025cc r4=00000000 r5=03003634 category=4 level=16: SWI: 0B r0: 03007DF0 r1: 030025CC r2: 01000028 r3: 03007DEC
mgba pc=08000338 lr=0818f8ad r0=03007df2 r1=02008064 r4=00000000 r5=03003634 category=4 level=16: SWI: 0B r0: 03007DF2 r1: 02008064 r2: 01000046 r3: 03007DEC
mgba pc=0818a282 lr=0818922f r0=0818f92b r1=04000134 r4=03006670 r5=0818d855 category=13 level=16: Switching mode from NORMAL32 to GPIO
mgba pc=08000338 lr=0818909d r0=03007de4 r1=030043dc r4=00000000 r5=03002548 category=4 level=16: SWI: 0B r0: 03007DE4 r1: 030043DC r2: 01000014 r3: 00000000
mgba pc=08000338 lr=081890b5 r0=03007de6 r1=03004328 r4=00000000 r5=03002548 category=4 level=16: SWI: 0B r0: 03007DE6 r1: 03004328 r2: 0100005A r3: 03007DE4
mgba pc=08000338 lr=08189023 r0=03007dbc r1=030044e4 r4=00000000 r5=00000000 category=4 level=16: SWI: 0B r0: 03007DBC r1: 030044E4 r2: 01000034 r3: 03002550
mgba pc=08000338 lr=08189031 r0=03007dbe r1=030046a4 r4=00000000 r5=00000000 category=4 level=16: SWI: 0B r0: 03007DBE r1: 030046A4 r2: 0100000A r3: 03007DBC
mgba pc=08000338 lr=08189023 r0=03007dbc r1=03004554 r4=00000001 r5=00000000 category=4 level=16: SWI: 0B r0: 03007DBC r1: 03004554 r2: 01000034 r3: 03002554
mgba pc=08000338 lr=08189031 r0=03007dbe r1=030046c0 r4=00000001 r5=00000000 category=4 level=16: SWI: 0B r0: 03007DBE r1: 030046C0 r2: 0100000A r3: 03007DBC
mgba pc=08000338 lr=08189023 r0=03007dbc r1=030045c4 r4=00000002 r5=00000000 category=4 level=16: SWI: 0B r0: 03007DBC r1: 030045C4 r2: 01000034 r3: 03002558
mgba pc=08000338 lr=08189031 r0=03007dbe r1=030046dc r4=00000002 r5=00000000 category=4 level=16: SWI: 0B r0: 03007DBE r1: 030046DC r2: 0100000A r3: 03007DBC
mgba pc=08000338 lr=08189023 r0=03007dbc r1=03004634 r4=00000003 r5=00000000 category=4 level=16: SWI: 0B r0: 03007DBC r1: 03004634 r2: 01000034 r3: 0300255C
mgba pc=08000338 lr=08189031 r0=03007dbe r1=030046f8 r4=00000003 r5=00000000 category=4 level=16: SWI: 0B r0: 03007DBE r1: 030046F8 r2: 0100000A r3: 03007DBC
mgba pc=08189d86 lr=08189d65 r0=00000080 r1=00000005 r4=04000208 r5=00000000 category=13 level=16: Switching mode from GPIO to NORMAL32
mgba pc=08000338 lr=08189da5 r0=03007dd8 r1=03002574 r4=03002574 r5=04000128 category=4 level=16: SWI: 0B r0: 03007DD8 r1: 03002574 r2: 05000003 r3: 00005084
mgba pc=0825faa0 lr=08195beb r0=030056b8 r1=0000b600 r4=030066b0 r5=04000128 category=6 level=8: Starting DMA 1 0x03005A08 -> 0x040000A0 (B600:0004)
mgba pc=0825faa2 lr=08195beb r0=030056b8 r1=0000b600 r4=030066b0 r5=04000128 category=6 level=8: Starting DMA 2 0x03006038 -> 0x040000A4 (B600:0004)
mgba pc=08189286 lr=08189e25 r0=00000000 r1=08189239 r4=03006670 r5=0818d855 category=13 level=16: Switching mode from NORMAL32 to MULTI
mgba pc=08225978 lr=08225cd1 r0=00000000 r1=080000c4 r4=00000001 r5=00000005 category=5 level=16: Got RTC command 0
mgba pc=082258ee lr=0822598b r0=00000000 r1=080000c4 r4=00000005 r5=00000004 category=5 level=16: Got RTC command 4
mgba pc=08225c2a lr=00000000 r0=00000005 r1=00000000 r4=00000004 r5=00000001 category=5 level=16: Got RTC command 6
mgba pc=08225c54 lr=00000000 r0=00000004 r1=ffffffff r4=00000008 r5=00000005 category=5 level=16: RTC output byte 16
mgba pc=08225c54 lr=00000000 r0=00000004 r1=00000000 r4=00000008 r5=00000005 category=5 level=16: RTC output byte 58
mgba pc=08225c54 lr=00000000 r0=00000004 r1=00000000 r4=00000008 r5=00000005 category=5 level=16: RTC output byte 04
mgba pc=082259da lr=08225af7 r0=00000005 r1=00000000 r4=00000004 r5=00000001 category=5 level=16: Got RTC command 4
mgba pc=082259fa lr=08225af7 r0=00000004 r1=ffffffff r4=00000005 r5=00000008 category=5 level=16: RTC output byte 40
mgba pc=08225b6c lr=00000000 r0=00000005 r1=00000000 r4=00000004 r5=00000001 category=5 level=16: Got RTC command 2
mgba pc=08225b90 lr=00000000 r0=00000004 r1=ffffffff r4=00000008 r5=00000005 category=5 level=16: RTC output byte 66
mgba pc=08225b90 lr=00000000 r0=00000004 r1=00000000 r4=00000008 r5=00000005 category=5 level=16: RTC output byte 01
mgba pc=08225b90 lr=00000000 r0=00000004 r1=00000000 r4=00000008 r5=00000005 category=5 level=16: RTC output byte 11
mgba pc=08225b90 lr=00000000 r0=00000004 r1=00000000 r4=00000008 r5=00000005 category=5 level=16: RTC output byte 00
mgba pc=08225b90 lr=00000000 r0=00000004 r1=00000000 r4=00000008 r5=00000005 category=5 level=16: RTC output byte 16
mgba pc=08225b90 lr=00000000 r0=00000004 r1=00000000 r4=00000008 r5=00000005 category=5 level=16: RTC output byte 58
mgba pc=08225b90 lr=00000000 r0=00000004 r1=00000000 r4=00000008 r5=00000005 category=5 level=16: RTC output byte 04
mgba pc=0825faa0 lr=08195beb r0=030056b8 r1=0000b600 r4=030066b0 r5=03006668 category=6 level=8: Starting DMA 1 0x03005A08 -> 0x040000A0 (B600:0004)
mgba pc=0825faa2 lr=08195beb r0=030056b8 r1=0000b600 r4=030066b0 r5=03006668 category=6 level=8: Starting DMA 2 0x03006038 -> 0x040000A4 (B600:0004)
mgba pc=0800390c lr=080038f9 r0=00000062 r1=00000055 r4=03007dbd r5=13000000 category=11 level=64: Bad flash write: 0x5555 = 0xf0
mgba pc=082259da lr=08225af7 r0=00000005 r1=00000000 r4=00000004 r5=00000001 category=5 level=16: Got RTC command 4
mgba pc=082259fa lr=08225af7 r0=00000004 r1=ffffffff r4=00000005 r5=00000008 category=5 level=16: RTC output byte 40
mgba pc=08225b6c lr=00000000 r0=00000005 r1=00000000 r4=00000004 r5=00000001 category=5 level=16: Got RTC command 2
mgba pc=08225b90 lr=00000000 r0=00000004 r1=ffffffff r4=00000008 r5=00000005 category=5 level=16: RTC output byte 66
mgba pc=08225b90 lr=00000000 r0=00000004 r1=00000000 r4=00000008 r5=00000005 category=5 level=16: RTC output byte 01
mgba pc=08225b90 lr=00000000 r0=00000004 r1=00000000 r4=00000008 r5=00000005 category=5 level=16: RTC output byte 11
mgba pc=08225b90 lr=00000000 r0=00000004 r1=00000000 r4=00000008 r5=00000005 category=5 level=16: RTC output byte 00
mgba pc=08225b90 lr=00000000 r0=00000004 r1=00000000 r4=00000008 r5=00000005 category=5 level=16: RTC output byte 16
mgba pc=08225b90 lr=00000000 r0=00000004 r1=00000000 r4=00000008 r5=00000005 category=5 level=16: RTC output byte 58
mgba pc=08225b90 lr=00000000 r0=00000004 r1=00000000 r4=00000008 r5=00000005 category=5 level=16: RTC output byte 04
mgba pc=0818d668 lr=0818d647 r0=00000000 r1=00000000 r4=0300265c r5=030025a0 category=9 level=32: Stub I/O register write: 124
mgba pc=0818d668 lr=0818d647 r0=00000000 r1=00000000 r4=0300265c r5=030025a0 category=9 level=32: Stub I/O register write: 126
mgba pc=08000338 lr=0818d673 r0=03007dbc r1=0300265c r4=0300265c r5=030025a0 category=4 level=16: SWI: 0B r0: 03007DBC r1: 0300265C r2: 050003F0 r3: 00000000
mgba pc=0800030e lr=08195ef1 r0=08195e79 r1=08195e9f r4=030066b0 r5=00000001 category=4 level=16: SWI: 05 r0: 08195E79 r1: 08195E9F r2: 00000000 r3: 00000000
mgba pc=0800030e lr=08195ef1 r0=08195e79 r1=08195e9f r4=030066b0 r5=00000001 category=4 level=16: SWI: 05 r0: 08195E79 r1: 08195E9F r2: 00000000 r3: 00000000
mgba pc=0800030e lr=08195ef1 r0=08195e79 r1=08195e9f r4=030066b0 r5=00000001 category=4 level=16: SWI: 05 r0: 08195E79 r1: 08195E9F r2: 00000000 r3: 00000000
mgba pc=0800030e lr=08195ef1 r0=08195e79 r1=08195e9f r4=030066b0 r5=00000001 category=4 level=16: SWI: 05 r0: 08195E79 r1: 08195E9F r2: 00000000 r3: 00000000
mgba pc=0800030e lr=08195ef1 r0=08195e79 r1=08195e9f r4=030066b0 r5=00000001 category=4 level=16: SWI: 05 r0: 08195E79 r1: 08195E9F r2: 00000000 r3: 00000000
mgba pc=0825faa0 lr=08195beb r0=030056b8 r1=0000b600 r4=030066b0 r5=00000001 category=6 level=8: Starting DMA 1 0x03005A08 -> 0x040000A0 (B600:0004)
mgba pc=0825faa2 lr=08195beb r0=030056b8 r1=0000b600 r4=030066b0 r5=00000001 category=6 level=8: Starting DMA 2 0x03006038 -> 0x040000A4 (B600:0004)
mgba pc=0800030e lr=08195ef1 r0=08195e79 r1=08195e9f r4=030066b0 r5=00000001 category=4 level=16: SWI: 05 r0: 08195E79 r1: 08195E9F r2: 00000000 r3: 00000000
mgba pc=0800030e lr=08195ef1 r0=08195e79 r1=08195e9f r4=030066b0 r5=00000001 category=4 level=16: SWI: 05 r0: 08195E79 r1: 08195E9F r2: 00000000 r3: 00000000
mgba pc=0800030e lr=08195ef1 r0=08195e79 r1=08195e9f r4=030066b0 r5=00000001 category=4 level=16: SWI: 05 r0: 08195E79 r1: 08195E9F r2: 00000000 r3: 00000000
mgba pc=0800030e lr=08195ef1 r0=08195e79 r1=08195e9f r4=030066b0 r5=00000001 category=4 level=16: SWI: 05 r0: 08195E79 r1: 08195E9F r2: 00000000 r3: 00000000
mgba pc=0800030e lr=08195ef1 r0=08195e79 r1=08195e9f r4=030066b0 r5=00000001 category=4 level=16: SWI: 05 r0: 08195E79 r1: 08195E9F r2: 00000000 r3: 00000000
mgba pc=0800030e lr=08195ef1 r0=08195e79 r1=08195e9f r4=030066b0 r5=00000001 category=4 level=16: SWI: 05 r0: 08195E79 r1: 08195E9F r2: 00000000 r3: 00000000
mgba pc=0800030e lr=08195ef1 r0=08195e79 r1=08195e9f r4=030066b0 r5=00000001 category=4 level=16: SWI: 05 r0: 08195E79 r1: 08195E9F r2: 00000000 r3: 00000000
mgba pc=0825faa0 lr=08195beb r0=030056b8 r1=0000b600 r4=030066b0 r5=00000001 category=6 level=8: Starting DMA 1 0x03005A08 -> 0x040000A0 (B600:0004)
mgba pc=0825faa2 lr=08195beb r0=030056b8 r1=0000b600 r4=030066b0 r5=00000001 category=6 level=8: Starting DMA 2 0x03006038 -> 0x040000A4 (B600:0004)
mgba pc=0800030e lr=08195ef1 r0=08195e79 r1=08195e9f r4=030066b0 r5=00000001 category=4 level=16: SWI: 05 r0: 08195E79 r1: 08195E9F r2: 00000000 r3: 00000000
mgba pc=0800030e lr=08195ef1 r0=08195e79 r1=08195e9f r4=030066b0 r5=00000001 category=4 level=16: SWI: 05 r0: 08195E79 r1: 08195E9F r2: 00000000 r3: 00000000
mgba pc=0800030e lr=08195ef1 r0=08195e79 r1=08195e9f r4=030066b0 r5=00000001 category=4 level=16: SWI: 05 r0: 08195E79 r1: 08195E9F r2: 00000000 r3: 00000000
mgba pc=0800030e lr=08195ef1 r0=08195e79 r1=08195e9f r4=030066b0 r5=00000001 category=4 level=16: SWI: 05 r0: 08195E79 r1: 08195E9F r2: 00000000 r3: 00000000
mgba pc=0800030e lr=08195ef1 r0=08195e79 r1=08195e9f r4=030066b0 r5=00000001 category=4 level=16: SWI: 05 r0: 08195E79 r1: 08195E9F r2: 00000000 r3: 00000000
mgba pc=0800030e lr=08195ef1 r0=08195e79 r1=08195e9f r4=030066b0 r5=00000001 category=4 level=16: SWI: 05 r0: 08195E79 r1: 08195E9F r2: 00000000 r3: 00000000
mgba pc=0800030e lr=08195ef1 r0=08195e79 r1=08195e9f r4=030066b0 r5=00000001 category=4 level=16: SWI: 05 r0: 08195E79 r1: 08195E9F r2: 00000000 r3: 00000000
mgba pc=0825faa0 lr=08195beb r0=030056b8 r1=0000b600 r4=030066b0 r5=00000001 category=6 level=8: Starting DMA 1 0x03005A08 -> 0x040000A0 (B600:0004)
mgba pc=0825faa2 lr=08195beb r0=030056b8 r1=0000b600 r4=030066b0 r5=00000001 category=6 level=8: Starting DMA 2 0x03006038 -> 0x040000A4 (B600:0004)
mgba pc=0800030e lr=08195ef1 r0=08195e79 r1=08195e9f r4=030066b0 r5=00000001 category=4 level=16: SWI: 05 r0: 08195E79 r1: 08195E9F r2: 00000000 r3: 00000000
mgba pc=0800030e lr=08195ef1 r0=08195e79 r1=08195e9f r4=030066b0 r5=00000001 category=4 level=16: SWI: 05 r0: 08195E79 r1: 08195E9F r2: 00000000 r3: 00000000
mgba pc=0800030e lr=08195ef1 r0=08195e79 r1=08195e9f r4=030066b0 r5=00000001 category=4 level=16: SWI: 05 r0: 08195E79 r1: 08195E9F r2: 00000000 r3: 00000000
mgba pc=0800030e lr=08195ef1 r0=08195e79 r1=08195e9f r4=030066b0 r5=00000001 category=4 level=16: SWI: 05 r0: 08195E79 r1: 08195E9F r2: 00000000 r3: 00000000
mgba pc=0800030e lr=08195ef1 r0=08195e79 r1=08195e9f r4=030066b0 r5=00000001 category=4 level=16: SWI: 05 r0: 08195E79 r1: 08195E9F r2: 00000000 r3: 00000000
mgba pc=0800030e lr=08195ef1 r0=08195e79 r1=08195e9f r4=030066b0 r5=00000001 category=4 level=16: SWI: 05 r0: 08195E79 r1: 08195E9F r2: 00000000 r3: 00000000
mgba pc=0800030e lr=08195ef1 r0=08195e79 r1=08195e9f r4=030066b0 r5=00000001 category=4 level=16: SWI: 05 r0: 08195E79 r1: 08195E9F r2: 00000000 r3: 00000000
mgba pc=0825faa0 lr=08195beb r0=030056b8 r1=0000b600 r4=030066b0 r5=00000001 category=6 level=8: Starting DMA 1 0x03005A08 -> 0x040000A0 (B600:0004)
mgba pc=0825faa2 lr=08195beb r0=030056b8 r1=0000b600 r4=030066b0 r5=00000001 category=6 level=8: Starting DMA 2 0x03006038 -> 0x040000A4 (B600:0004)
mgba pc=0800030e lr=08195ef1 r0=08195e79 r1=08195e9f r4=030066b0 r5=00000001 category=4 level=16: SWI: 05 r0: 08195E79 r1: 08195E9F r2: 00000000 r3: 00000000
mgba pc=0800030e lr=08195ef1 r0=08195e79 r1=08195e9f r4=030066b0 r5=00000001 category=4 level=16: SWI: 05 r0: 08195E79 r1: 08195E9F r2: 00000000 r3: 00000000
mgba pc=0800030e lr=08195ef1 r0=08195e79 r1=08195e9f r4=030066b0 r5=00000001 category=4 level=16: SWI: 05 r0: 08195E79 r1: 08195E9F r2: 00000000 r3: 00000000
mgba pc=0800030e lr=08195ef1 r0=08195e79 r1=08195e9f r4=030066b0 r5=00000001 category=4 level=16: SWI: 05 r0: 08195E79 r1: 08195E9F r2: 00000000 r3: 00000000
mgba pc=0800030e lr=08195ef1 r0=08195e79 r1=08195e9f r4=030066b0 r5=00000001 category=4 level=16: SWI: 05 r0: 08195E79 r1: 08195E9F r2: 00000000 r3: 00000000
mgba pc=0800030e lr=08195ef1 r0=08195e79 r1=08195e9f r4=030066b0 r5=00000001 category=4 level=16: SWI: 05 r0: 08195E79 r1: 08195E9F r2: 00000000 r3: 00000000
mgba pc=0800030e lr=08195ef1 r0=08195e79 r1=08195e9f r4=030066b0 r5=00000001 category=4 level=16: SWI: 05 r0: 08195E79 r1: 08195E9F r2: 00000000 r3: 00000000
mgba pc=0825faa0 lr=08195beb r0=030056b8 r1=0000b600 r4=030066b0 r5=00000001 category=6 level=8: Starting DMA 1 0x03005A08 -> 0x040000A0 (B600:0004)
mgba pc=0825faa2 lr=08195beb r0=030056b8 r1=0000b600 r4=030066b0 r5=00000001 category=6 level=8: Starting DMA 2 0x03006038 -> 0x040000A4 (B600:0004)
mgba pc=0800030e lr=08195ef1 r0=08195e79 r1=08195e9f r4=030066b0 r5=00000001 category=4 level=16: SWI: 05 r0: 08195E79 r1: 08195E9F r2: 00000000 r3: 00000000
mgba pc=0800030e lr=08195ef1 r0=08195e79 r1=08195e9f r4=030066b0 r5=00000001 category=4 level=16: SWI: 05 r0: 08195E79 r1: 08195E9F r2: 00000000 r3: 00000000
mgba pc=0800030e lr=08195ef1 r0=08195e79 r1=08195e9f r4=030066b0 r5=00000001 category=4 level=16: SWI: 05 r0: 08195E79 r1: 08195E9F r2: 00000000 r3: 00000000
mgba pc=0800030e lr=08195ef1 r0=08195e79 r1=08195e9f r4=030066b0 r5=00000001 category=4 level=16: SWI: 05 r0: 08195E79 r1: 08195E9F r2: 00000000 r3: 00000000
mgba pc=0800030e lr=08195ef1 r0=08195e79 r1=08195e9f r4=030066b0 r5=00000001 category=4 level=16: SWI: 05 r0: 08195E79 r1: 08195E9F r2: 00000000 r3: 00000000
mgba pc=0800030e lr=08195ef1 r0=08195e79 r1=08195e9f r4=030066b0 r5=00000001 category=4 level=16: SWI: 05 r0: 08195E79 r1: 08195E9F r2: 00000000 r3: 00000000
mgba pc=0800030e lr=08195ef1 r0=08195e79 r1=08195e9f r4=030066b0 r5=00000001 category=4 level=16: SWI: 05 r0: 08195E79 r1: 08195E9F r2: 00000000 r3: 00000000
mgba pc=0825faa0 lr=08195beb r0=030056b8 r1=0000b600 r4=030066b0 r5=00000001 category=6 level=8: Starting DMA 1 0x03005A08 -> 0x040000A0 (B600:0004)
mgba pc=0825faa2 lr=08195beb r0=030056b8 r1=0000b600 r4=030066b0 r5=00000001 category=6 level=8: Starting DMA 2 0x03006038 -> 0x040000A4 (B600:0004)
mgba pc=0800030e lr=08195ef1 r0=08195e79 r1=08195e9f r4=030066b0 r5=00000001 category=4 level=16: SWI: 05 r0: 08195E79 r1: 08195E9F r2: 00000000 r3: 00000000
mgba pc=0800030e lr=08195ef1 r0=08195e79 r1=08195e9f r4=030066b0 r5=00000001 category=4 level=16: SWI: 05 r0: 08195E79 r1: 08195E9F r2: 00000000 r3: 00000000
mgba pc=0800030e lr=08195ef1 r0=08195e79 r1=08195e9f r4=030066b0 r5=00000001 category=4 level=16: SWI: 05 r0: 08195E79 r1: 08195E9F r2: 00000000 r3: 00000000
mgba pc=0800030e lr=08195ef1 r0=08195e79 r1=08195e9f r4=030066b0 r5=00000001 category=4 level=16: SWI: 05 r0: 08195E79 r1: 08195E9F r2: 00000000 r3: 00000000
mgba pc=0800030e lr=08195ef1 r0=08195e79 r1=08195e9f r4=030066b0 r5=00000001 category=4 level=16: SWI: 05 r0: 08195E79 r1: 08195E9F r2: 00000000 r3: 00000000
mgba pc=0800030e lr=08195ef1 r0=08195e79 r1=08195e9f r4=030066b0 r5=00000001 category=4 level=16: SWI: 05 r0: 08195E79 r1: 08195E9F r2: 00000000 r3: 00000000
mgba pc=0800030e lr=08195ef1 r0=08195e79 r1=08195e9f r4=030066b0 r5=00000001 category=4 level=16: SWI: 05 r0: 08195E79 r1: 08195E9F r2: 00000000 r3: 00000000
mgba pc=0825faa0 lr=08195beb r0=030056b8 r1=0000b600 r4=030066b0 r5=00000001 category=6 level=8: Starting DMA 1 0x03005A08 -> 0x040000A0 (B600:0004)
mgba pc=0825faa2 lr=08195beb r0=030056b8 r1=0000b600 r4=030066b0 r5=00000001 category=6 level=8: Starting DMA 2 0x03006038 -> 0x040000A4 (B600:0004)
mgba pc=0800030e lr=08195ef1 r0=08195e79 r1=08195e9f r4=030066b0 r5=00000001 category=4 level=16: SWI: 05 r0: 08195E79 r1: 08195E9F r2: 00000000 r3: 00000000
mgba pc=08225abe lr=082170ab r0=00000001 r1=00000000 r4=00000005 r5=00000004 category=5 level=16: Got RTC command 0
mgba pc=082258ee lr=08225ad1 r0=00000000 r1=080000c4 r4=00000005 r5=00000004 category=5 level=16: Got RTC command 4
mgba pc=08000338 lr=081ac8bd r0=03007d3c r1=0201572c r4=030051b0 r5=00000000 category=4 level=16: SWI: 0B r0: 03007D3C r1: 0201572C r2: 05000238 r3: 0000064C
mgba pc=08000338 lr=08192d8f r0=03007d2e r1=02011250 r4=030051b0 r5=00000000 category=4 level=16: SWI: 0B r0: 03007D2E r1: 02011250 r2: 01001F3C r3: 03007D2C
mgba pc=08000338 lr=08192d43 r0=03007d2e r1=020160a0 r4=030051b0 r5=00000000 category=4 level=16: SWI: 0B r0: 03007D2E r1: 020160A0 r2: 0100032C r3: 03007D2C
mgba pc=08000334 lr=08221de7 r0=03007d14 r1=02012d04 r4=02011268 r5=00001a9e category=4 level=16: SWI: 0C r0: 03007D14 r1: 02012D04 r2: 01000028 r3: 00000000
mgba pc=08000334 lr=08221de7 r0=03007d14 r1=02012da4 r4=02011268 r5=00001a9e category=4 level=16: SWI: 0C r0: 03007D14 r1: 02012DA4 r2: 01000028 r3: 00000000
mgba pc=08000334 lr=08221de7 r0=03007d14 r1=02012e44 r4=02011268 r5=00001a9e category=4 level=16: SWI: 0C r0: 03007D14 r1: 02012E44 r2: 01000028 r3: 00000000
mgba pc=08000334 lr=08221de7 r0=03007d14 r1=02012ee4 r4=02011268 r5=00001a9e category=4 level=16: SWI: 0C r0: 03007D14 r1: 02012EE4 r2: 01000028 r3: 00000000
mgba pc=08000334 lr=08221de7 r0=03007d14 r1=02012f84 r4=02011268 r5=00001a9e category=4 level=16: SWI: 0C r0: 03007D14 r1: 02012F84 r2: 01000028 r3: 00000000
mgba pc=08000334 lr=08221de7 r0=03007d14 r1=02013024 r4=02011268 r5=00001a9e category=4 level=16: SWI: 0C r0: 03007D14 r1: 02013024 r2: 01000028 r3: 00000000
mgba pc=08000334 lr=08221de7 r0=03007d14 r1=020130c4 r4=02011268 r5=00001a9e category=4 level=16: SWI: 0C r0: 03007D14 r1: 020130C4 r2: 01000028 r3: 00000000
mgba pc=08000334 lr=08221de7 r0=03007d14 r1=02013164 r4=02011268 r5=00001a9e category=4 level=16: SWI: 0C r0: 03007D14 r1: 02013164 r2: 01000028 r3: 00000000
mgba pc=08000334 lr=08221de7 r0=03007d14 r1=02013204 r4=02011268 r5=00001a9e category=4 level=16: SWI: 0C r0: 03007D14 r1: 02013204 r2: 01000028 r3: 00000000
mgba pc=08000334 lr=08221de7 r0=03007d14 r1=020132a4 r4=02011268 r5=00001a9e category=4 level=16: SWI: 0C r0: 03007D14 r1: 020132A4 r2: 01000028 r3: 00000000
mgba pc=08000334 lr=08221de7 r0=03007d14 r1=02013344 r4=02011268 r5=00001a9e category=4 level=16: SWI: 0C r0: 03007D14 r1: 02013344 r2: 01000028 r3: 00000000
mgba pc=08000334 lr=08221de7 r0=03007d14 r1=020133e4 r4=02011268 r5=00001a9e category=4 level=16: SWI: 0C r0: 03007D14 r1: 020133E4 r2: 01000028 r3: 00000000
mgba pc=08000334 lr=08221de7 r0=03007d14 r1=02013484 r4=02011268 r5=00001a9e category=4 level=16: SWI: 0C r0: 03007D14 r1: 02013484 r2: 01000028 r3: 00000000
mgba pc=08000334 lr=08221de7 r0=03007d14 r1=02013524 r4=02011268 r5=00001a9e category=4 level=16: SWI: 0C r0: 03007D14 r1: 02013524 r2: 01000028 r3: 00000000
mgba pc=08000334 lr=08221de7 r0=03007d14 r1=020135c4 r4=02011268 r5=00001a9e category=4 level=16: SWI: 0C r0: 03007D14 r1: 020135C4 r2: 01000028 r3: 00000000
mgba pc=08000334 lr=08221de7 r0=03007d14 r1=02013664 r4=02011268 r5=00001a9e category=4 level=16: SWI: 0C r0: 03007D14 r1: 02013664 r2: 01000028 r3: 00000000
mgba pc=08000334 lr=08221de7 r0=03007d14 r1=02013704 r4=02011268 r5=00001a9e category=4 level=16: SWI: 0C r0: 03007D14 r1: 02013704 r2: 01000028 r3: 00000000
mgba pc=08000334 lr=08221de7 r0=03007d14 r1=020137a4 r4=02011268 r5=00001a9e category=4 level=16: SWI: 0C r0: 03007D14 r1: 020137A4 r2: 01000028 r3: 00000000
mgba pc=08000334 lr=08221de7 r0=03007d14 r1=02013844 r4=02011268 r5=00001a9e category=4 level=16: SWI: 0C r0: 03007D14 r1: 02013844 r2: 01000028 r3: 00000000
mgba pc=08000334 lr=08221de7 r0=03007d14 r1=020138e4 r4=02011268 r5=00001a9e category=4 level=16: SWI: 0C r0: 03007D14 r1: 020138E4 r2: 01000028 r3: 00000000
mgba pc=08000338 lr=080ad513 r0=03007d1e r1=020143b8 r4=020143b8 r5=00000000 category=4 level=16: SWI: 0B r0: 03007D1E r1: 020143B8 r2: 01000008 r3: 03007D1C
mgba pc=08000338 lr=080ad513 r0=03007d1e r1=020143c8 r4=020143c8 r5=00000000 category=4 level=16: SWI: 0B r0: 03007D1E r1: 020143C8 r2: 01000008 r3: 03007D1C
mgba pc=08000338 lr=080ad513 r0=03007d1e r1=020143d8 r4=020143d8 r5=00000000 category=4 level=16: SWI: 0B r0: 03007D1E r1: 020143D8 r2: 01000008 r3: 03007D1C
mgba pc=08000338 lr=080ad513 r0=03007d1e r1=020143e8 r4=020143e8 r5=00000000 category=4 level=16: SWI: 0B r0: 03007D1E r1: 020143E8 r2: 01000008 r3: 03007D1C
mgba pc=08000338 lr=080ad513 r0=03007d1e r1=020143f8 r4=020143f8 r5=00000000 category=4 level=16: SWI: 0B r0: 03007D1E r1: 020143F8 r2: 01000008 r3: 03007D1C
mgba pc=08000334 lr=081c26f7 r0=03007d2c r1=02011700 r4=030051b0 r5=00000000 category=4 level=16: SWI: 0C r0: 03007D2C r1: 02011700 r2: 01000032 r3: 00000498
mgba pc=08000338 lr=08198e9f r0=03007ce0 r1=02016714 r4=00000019 r5=02016714 category=4 level=16: SWI: 0B r0: 03007CE0 r1: 02016714 r2: 05000019 r3: 00000000
mgba pc=08000338 lr=081ac9d3 r0=03007d38 r1=020152cc r4=030051b0 r5=00000000 category=4 level=16: SWI: 0B r0: 03007D38 r1: 020152CC r2: 01000008 r3: 03007D34
mgba pc=08000338 lr=081ac9f9 r0=03007d3a r1=020152ec r4=030051b0 r5=00000000 category=4 level=16: SWI: 0B r0: 03007D3A r1: 020152EC r2: 01000008 r3: 03007D34
mgba pc=082259da lr=08225af7 r0=00000005 r1=00000000 r4=00000004 r5=00000001 category=5 level=16: Got RTC command 4
mgba pc=082259fa lr=08225af7 r0=00000004 r1=ffffffff r4=00000005 r5=00000008 category=5 level=16: RTC output byte 40
mgba pc=08225b6c lr=04000130 r0=00000005 r1=00000000 r4=00000004 r5=00000001 category=5 level=16: Got RTC command 2
mgba pc=08225b90 lr=04000130 r0=00000004 r1=ffffffff r4=00000008 r5=00000005 category=5 level=16: RTC output byte 66
mgba pc=08225b90 lr=04000130 r0=00000004 r1=00000000 r4=00000008 r5=00000005 category=5 level=16: RTC output byte 01
mgba pc=08225b90 lr=04000130 r0=00000004 r1=00000000 r4=00000008 r5=00000005 category=5 level=16: RTC output byte 11
mgba pc=08225b90 lr=04000130 r0=00000004 r1=00000000 r4=00000008 r5=00000005 category=5 level=16: RTC output byte 00
mgba pc=08225b90 lr=04000130 r0=00000004 r1=00000000 r4=00000008 r5=00000005 category=5 level=16: RTC output byte 16
mgba pc=08225b90 lr=04000130 r0=00000004 r1=00000000 r4=00000008 r5=00000005 category=5 level=16: RTC output byte 58
mgba pc=08225b90 lr=04000130 r0=00000004 r1=00000000 r4=00000008 r5=00000005 category=5 level=16: RTC output byte 04
mgba pc=08000338 lr=081a6f61 r0=03007d20 r1=02014494 r4=030051b4 r5=00000000 category=4 level=16: SWI: 0B r0: 03007D20 r1: 02014494 r2: 050000DB r3: 0000322C
mgba pc=08000338 lr=081a6f71 r0=03007d24 r1=020147d4 r4=030051b4 r5=00000000 category=4 level=16: SWI: 0B r0: 03007D24 r1: 020147D4 r2: 05000001 r3: 0000356C
mgba pc=08000338 lr=08191a0d r0=03007d1e r1=02014d54 r4=00000001 r5=00003af8 category=4 level=16: SWI: 0B r0: 03007D1E r1: 02014D54 r2: 01000004 r3: 03007D1C
mgba pc=08000338 lr=08191a0d r0=03007d1e r1=02014d60 r4=00000002 r5=00003b04 category=4 level=16: SWI: 0B r0: 03007D1E r1: 02014D60 r2: 01000004 r3: 03007D1C
mgba pc=08000338 lr=08191a0d r0=03007d1e r1=02014d6c r4=00000003 r5=00003b10 category=4 level=16: SWI: 0B r0: 03007D1E r1: 02014D6C r2: 01000004 r3: 03007D1C
mgba pc=08000338 lr=08191a0d r0=03007d1e r1=02014d78 r4=00000004 r5=00003b1c category=4 level=16: SWI: 0B r0: 03007D1E r1: 02014D78 r2: 01000004 r3: 03007D1C
mgba pc=08000338 lr=08191a0d r0=03007d1e r1=02014d84 r4=00000005 r5=00003b28 category=4 level=16: SWI: 0B r0: 03007D1E r1: 02014D84 r2: 01000004 r3: 03007D1C
mgba pc=08000338 lr=08191a0d r0=03007d1e r1=02014d90 r4=00000006 r5=00003b34 category=4 level=16: SWI: 0B r0: 03007D1E r1: 02014D90 r2: 01000004 r3: 03007D1C
mgba pc=08000338 lr=08191a0d r0=03007d1e r1=02014d9c r4=00000007 r5=00003b40 category=4 level=16: SWI: 0B r0: 03007D1E r1: 02014D9C r2: 01000004 r3: 03007D1C
mgba pc=08000338 lr=08191a0d r0=03007d1e r1=02014da8 r4=00000008 r5=00003b4c category=4 level=16: SWI: 0B r0: 03007D1E r1: 02014DA8 r2: 01000004 r3: 03007D1C
mgba pc=08000338 lr=08191a0d r0=03007d1e r1=02014db4 r4=00000009 r5=00003b58 category=4 level=16: SWI: 0B r0: 03007D1E r1: 02014DB4 r2: 01000004 r3: 03007D1C
mgba pc=08000338 lr=08191a0d r0=03007d1e r1=02014dc0 r4=0000000a r5=00003b64 category=4 level=16: SWI: 0B r0: 03007D1E r1: 02014DC0 r2: 01000004 r3: 03007D1C
mgba pc=08000338 lr=08191a0d r0=03007d1e r1=02014dcc r4=0000000b r5=00003b70 category=4 level=16: SWI: 0B r0: 03007D1E r1: 02014DCC r2: 01000004 r3: 03007D1C
mgba pc=08000338 lr=08191a0d r0=03007d1e r1=02014dd8 r4=0000000c r5=00003b7c category=4 level=16: SWI: 0B r0: 03007D1E r1: 02014DD8 r2: 01000004 r3: 03007D1C
mgba pc=08000338 lr=08191a0d r0=03007d1e r1=02014de4 r4=0000000d r5=00003b88 category=4 level=16: SWI: 0B r0: 03007D1E r1: 02014DE4 r2: 01000004 r3: 03007D1C
mgba pc=08000338 lr=08191a0d r0=03007d1e r1=02014df0 r4=0000000e r5=00003b94 category=4 level=16: SWI: 0B r0: 03007D1E r1: 02014DF0 r2: 01000004 r3: 03007D1C
mgba pc=08000338 lr=08191a0d r0=03007d1e r1=02014dfc r4=0000000f r5=00003ba0 category=4 level=16: SWI: 0B r0: 03007D1E r1: 02014DFC r2: 01000004 r3: 03007D1C
mgba pc=08000338 lr=08191a0d r0=03007d1e r1=02014e08 r4=00000010 r5=00003bac category=4 level=16: SWI: 0B r0: 03007D1E r1: 02014E08 r2: 01000004 r3: 03007D1C
mgba pc=08000338 lr=08191a0d r0=03007d1e r1=02014e14 r4=00000011 r5=00003bb8 category=4 level=16: SWI: 0B r0: 03007D1E r1: 02014E14 r2: 01000004 r3: 03007D1C
mgba pc=08000338 lr=08191a0d r0=03007d1e r1=02014e20 r4=00000012 r5=00003bc4 category=4 level=16: SWI: 0B r0: 03007D1E r1: 02014E20 r2: 01000004 r3: 03007D1C
mgba pc=08000338 lr=08191a0d r0=03007d1e r1=02014e2c r4=00000013 r5=00003bd0 category=4 level=16: SWI: 0B r0: 03007D1E r1: 02014E2C r2: 01000004 r3: 03007D1C
mgba pc=08000338 lr=08191a0d r0=03007d1e r1=02014e38 r4=00000014 r5=00003bdc category=4 level=16: SWI: 0B r0: 03007D1E r1: 02014E38 r2: 01000004 r3: 03007D1C
mgba pc=0800030e lr=08195ef1 r0=08195e79 r1=0200231c r4=030066b0 r5=00000001 category=4 level=16: SWI: 05 r0: 08195E79 r1: 0200231C r2: 00000000 r3: 00000000
mgba pc=0800030e lr=08195ef1 r0=08195e79 r1=0200231c r4=030066b0 r5=00000001 category=4 level=16: SWI: 05 r0: 08195E79 r1: 0200231C r2: 00000000 r3: 00000000
mgba pc=0816b7d4 lr=0816b7bb r0=8100c000 r1=040000d4 r4=00000000 r5=00000001 category=6 level=8: Starting DMA 3 0x03007DDC -> 0x06000000 (8100:C000)
mgba pc=0816b7e6 lr=0816b7bb r0=85000100 r1=040000d4 r4=00000000 r5=00000001 category=6 level=8: Starting DMA 3 0x03007DE0 -> 0x07000000 (8500:0100)
mgba pc=0816b7f8 lr=0816b7bb r0=03007dde r1=05000002 r4=00000000 r5=00000001 category=6 level=8: Starting DMA 3 0x03007DDE -> 0x05000002 (8100:01FF)
mgba pc=0800030e lr=08195ef1 r0=08195e79 r1=0200231c r4=030066b0 r5=00000001 category=4 level=16: SWI: 05 r0: 08195E79 r1: 0200231C r2: 00000000 r3: 00000000
mgba pc=08000338 lr=0822cbe5 r0=030066e8 r1=07000000 r4=030066b0 r5=03006668 category=4 level=16: SWI: 0B r0: 030066E8 r1: 07000000 r2: 04000100 r3: 00000000
mgba pc=081b211a lr=0816b433 r0=00000000 r1=02032de4 r4=80000200 r5=03006668 category=6 level=8: Starting DMA 3 0x02032E00 -> 0x05000000 (8000:0200)
mgba pc=0800030e lr=08195ef1 r0=08195e79 r1=0200231c r4=030066b0 r5=00000001 category=4 level=16: SWI: 05 r0: 08195E79 r1: 0200231C r2: 00000000 r3: 00000000
mgba pc=08000338 lr=0822cbe5 r0=030066e8 r1=07000000 r4=030066b0 r5=03006668 category=4 level=16: SWI: 0B r0: 030066E8 r1: 07000000 r2: 04000100 r3: 00000000
mgba pc=081b211a lr=0816b433 r0=00000000 r1=02032de4 r4=80000200 r5=03006668 category=6 level=8: Starting DMA 3 0x02032E00 -> 0x05000000 (8000:0200)
mgba pc=08000338 lr=0811ec33 r0=085e3190 r1=03007dbc r4=085e3190 r5=03007dbc category=4 level=16: SWI: 0B r0: 085E3190 r1: 03007DBC r2: 04000002 r3: 04000000
mgba pc=08000338 lr=0811ec33 r0=085e324c r1=03007dbc r4=085e324c r5=03007dbc category=4 level=16: SWI: 0B r0: 085E324C r1: 03007DBC r2: 04000002 r3: 02016704
mgba pc=08000338 lr=081b2045 r0=085e31ec r1=020333c0 r4=000001c0 r5=00000010 category=4 level=16: SWI: 0B r0: 085E31EC r1: 020333C0 r2: 00000010 r3: 04000000
mgba pc=08000338 lr=081b2051 r0=085e31ec r1=02032fc0 r4=000001c0 r5=00000010 category=4 level=16: SWI: 0B r0: 085E31EC r1: 02032FC0 r2: 00000010 r3: 00000170
mgba pc=08000338 lr=081b2045 r0=085e322c r1=02033200 r4=00000000 r5=00000010 category=4 level=16: SWI: 0B r0: 085E322C r1: 02033200 r2: 00000010 r3: 00000170
mgba pc=08000338 lr=081b2051 r0=085e322c r1=02032e00 r4=00000000 r5=00000010 category=4 level=16: SWI: 0B r0: 085E322C r1: 02032E00 r2: 00000010 r3: 00000170
mgba pc=0800030e lr=08195ef1 r0=08195e79 r1=0200231c r4=030066b0 r5=00000001 category=4 level=16: SWI: 05 r0: 08195E79 r1: 0200231C r2: 00000000 r3: 00000000
mgba pc=0825faa0 lr=08195beb r0=030056b8 r1=0000b600 r4=030066b0 r5=00000001 category=6 level=8: Starting DMA 1 0x03005A08 -> 0x040000A0 (B600:0004)
mgba pc=0825faa2 lr=08195beb r0=030056b8 r1=0000b600 r4=030066b0 r5=00000001 category=6 level=8: Starting DMA 2 0x03006038 -> 0x040000A4 (B600:0004)
mgba pc=08000338 lr=0822cbe5 r0=030066e8 r1=07000000 r4=030066b0 r5=03006668 category=4 level=16: SWI: 0B r0: 030066E8 r1: 07000000 r2: 04000100 r3: 00000000
mgba pc=081b211a lr=0816b433 r0=00000000 r1=02032de4 r4=80000200 r5=03006668 category=6 level=8: Starting DMA 3 0x02032E00 -> 0x05000000 (8000:0200)
mgba pc=08000338 lr=081b2045 r0=085e322a r1=020333c0 r4=000001c0 r5=00000001 category=4 level=16: SWI: 0B r0: 085E322A r1: 020333C0 r2: 00000001 r3: 0000001E
mgba pc=08000338 lr=081b2051 r0=085e322a r1=02032fc0 r4=000001c0 r5=00000001 category=4 level=16: SWI: 0B r0: 085E322A r1: 02032FC0 r2: 00000001 r3: 00000170
mgba pc=0800030e lr=08195ef1 r0=08195e79 r1=0200231c r4=030066b0 r5=00000001 category=4 level=16: SWI: 05 r0: 08195E79 r1: 0200231C r2: 00000000 r3: 00000000
mgba pc=08000338 lr=0822cbe5 r0=030066e8 r1=07000000 r4=030066b0 r5=03006668 category=4 level=16: SWI: 0B r0: 030066E8 r1: 07000000 r2: 04000100 r3: 00000000
mgba pc=081b211a lr=0816b433 r0=00000000 r1=02032de4 r4=80000200 r5=03006668 category=6 level=8: Starting DMA 3 0x02032E00 -> 0x05000000 (8000:0200)
mgba pc=08000338 lr=081b2045 r0=085e3226 r1=020333c0 r4=000001c0 r5=00000003 category=4 level=16: SWI: 0B r0: 085E3226 r1: 020333C0 r2: 00000003 r3: 0000001A
mgba pc=08000338 lr=081b2051 r0=085e3226 r1=02032fc0 r4=000001c0 r5=00000003 category=4 level=16: SWI: 0B r0: 085E3226 r1: 02032FC0 r2: 00000003 r3: 00000170
mgba pc=0800030e lr=08195ef1 r0=08195e79 r1=0200231c r4=030066b0 r5=00000001 category=4 level=16: SWI: 05 r0: 08195E79 r1: 0200231C r2: 00000000 r3: 00000000
mgba pc=08000338 lr=0822cbe5 r0=030066e8 r1=07000000 r4=030066b0 r5=03006668 category=4 level=16: SWI: 0B r0: 030066E8 r1: 07000000 r2: 04000100 r3: 00000000
mgba pc=081b211a lr=0816b433 r0=00000000 r1=02032de4 r4=80000200 r5=03006668 category=6 level=8: Starting DMA 3 0x02032E00 -> 0x05000000 (8000:0200)
mgba pc=08000338 lr=081b2045 r0=085e3222 r1=020333c0 r4=000001c0 r5=00000005 category=4 level=16: SWI: 0B r0: 085E3222 r1: 020333C0 r2: 00000005 r3: 00000016
mgba pc=08000338 lr=081b2051 r0=085e3222 r1=02032fc0 r4=000001c0 r5=00000005 category=4 level=16: SWI: 0B r0: 085E3222 r1: 02032FC0 r2: 00000005 r3: 00000170
mgba pc=0800030e lr=08195ef1 r0=08195e79 r1=0200231c r4=030066b0 r5=00000001 category=4 level=16: SWI: 05 r0: 08195E79 r1: 0200231C r2: 00000000 r3: 00000000
mgba pc=08000338 lr=0822cbe5 r0=030066e8 r1=07000000 r4=030066b0 r5=03006668 category=4 level=16: SWI: 0B r0: 030066E8 r1: 07000000 r2: 04000100 r3: 00000000
mgba pc=081b211a lr=0816b433 r0=00000000 r1=02032de4 r4=80000200 r5=03006668 category=6 level=8: Starting DMA 3 0x02032E00 -> 0x05000000 (8000:0200)
mgba pc=08000338 lr=081b2045 r0=085e321e r1=020333c0 r4=000001c0 r5=00000007 category=4 level=16: SWI: 0B r0: 085E321E r1: 020333C0 r2: 00000007 r3: 00000012
mgba pc=08000338 lr=081b2051 r0=085e321e r1=02032fc0 r4=000001c0 r5=00000007 category=4 level=16: SWI: 0B r0: 085E321E r1: 02032FC0 r2: 00000007 r3: 00000170
mgba pc=0800030e lr=08195ef1 r0=08195e79 r1=0200231c r4=030066b0 r5=00000001 category=4 level=16: SWI: 05 r0: 08195E79 r1: 0200231C r2: 00000000 r3: 00000000
mgba pc=08000338 lr=0822cbe5 r0=030066e8 r1=07000000 r4=030066b0 r5=03006668 category=4 level=16: SWI: 0B r0: 030066E8 r1: 07000000 r2: 04000100 r3: 00000000
mgba pc=081b211a lr=0816b433 r0=00000000 r1=02032de4 r4=80000200 r5=03006668 category=6 level=8: Starting DMA 3 0x02032E00 -> 0x05000000 (8000:0200)
mgba pc=08000338 lr=081b2045 r0=085e321a r1=020333c0 r4=000001c0 r5=00000009 category=4 level=16: SWI: 0B r0: 085E321A r1: 020333C0 r2: 00000009 r3: 0000000E
mgba pc=08000338 lr=081b2051 r0=085e321a r1=02032fc0 r4=000001c0 r5=00000009 category=4 level=16: SWI: 0B r0: 085E321A r1: 02032FC0 r2: 00000009 r3: 00000170
mgba pc=0800030e lr=08195ef1 r0=08195e79 r1=0200231c r4=030066b0 r5=00000001 category=4 level=16: SWI: 05 r0: 08195E79 r1: 0200231C r2: 00000000 r3: 00000000
mgba pc=08000338 lr=0822cbe5 r0=030066e8 r1=07000000 r4=030066b0 r5=03006668 category=4 level=16: SWI: 0B r0: 030066E8 r1: 07000000 r2: 04000100 r3: 00000000
mgba pc=081b211a lr=0816b433 r0=00000000 r1=02032de4 r4=80000200 r5=03006668 category=6 level=8: Starting DMA 3 0x02032E00 -> 0x05000000 (8000:0200)
mgba pc=08000338 lr=081b2045 r0=085e3216 r1=020333c0 r4=000001c0 r5=0000000b category=4 level=16: SWI: 0B r0: 085E3216 r1: 020333C0 r2: 0000000B r3: 0000000A
mgba pc=08000338 lr=081b2051 r0=085e3216 r1=02032fc0 r4=000001c0 r5=0000000b category=4 level=16: SWI: 0B r0: 085E3216 r1: 02032FC0 r2: 0000000B r3: 00000170
mgba pc=0800030e lr=08195ef1 r0=08195e79 r1=0200231c r4=030066b0 r5=00000001 category=4 level=16: SWI: 05 r0: 08195E79 r1: 0200231C r2: 00000000 r3: 00000000
mgba pc=08000338 lr=0822cbe5 r0=030066e8 r1=07000000 r4=030066b0 r5=03006668 category=4 level=16: SWI: 0B r0: 030066E8 r1: 07000000 r2: 04000100 r3: 00000000
mgba pc=081b211a lr=0816b433 r0=00000000 r1=02032de4 r4=80000200 r5=03006668 category=6 level=8: Starting DMA 3 0x02032E00 -> 0x05000000 (8000:0200)
mgba pc=08000338 lr=081b2045 r0=085e3212 r1=020333c0 r4=000001c0 r5=0000000d category=4 level=16: SWI: 0B r0: 085E3212 r1: 020333C0 r2: 0000000D r3: 00000006
mgba pc=08000338 lr=081b2051 r0=085e3212 r1=02032fc0 r4=000001c0 r5=0000000d category=4 level=16: SWI: 0B r0: 085E3212 r1: 02032FC0 r2: 0000000D r3: 00000170
mgba pc=0800030e lr=08195ef1 r0=08195e79 r1=0200231c r4=030066b0 r5=00000001 category=4 level=16: SWI: 05 r0: 08195E79 r1: 0200231C r2: 00000000 r3: 00000000
mgba pc=0825faa0 lr=08195beb r0=030056b8 r1=0000b600 r4=030066b0 r5=00000001 category=6 level=8: Starting DMA 1 0x03005A08 -> 0x040000A0 (B600:0004)
mgba pc=0825faa2 lr=08195beb r0=030056b8 r1=0000b600 r4=030066b0 r5=00000001 category=6 level=8: Starting DMA 2 0x03006038 -> 0x040000A4 (B600:0004)
mgba pc=08000338 lr=0822cbe5 r0=030066e8 r1=07000000 r4=030066b0 r5=03006668 category=4 level=16: SWI: 0B r0: 030066E8 r1: 07000000 r2: 04000100 r3: 00000000
mgba pc=081b211a lr=0816b433 r0=00000000 r1=02032de4 r4=80000200 r5=03006668 category=6 level=8: Starting DMA 3 0x02032E00 -> 0x05000000 (8000:0200)
mgba pc=08000338 lr=081b2045 r0=085e320e r1=020333c0 r4=000001c0 r5=0000000f category=4 level=16: SWI: 0B r0: 085E320E r1: 020333C0 r2: 0000000F r3: 00000002
mgba pc=08000338 lr=081b2051 r0=085e320e r1=02032fc0 r4=000001c0 r5=0000000f category=4 level=16: SWI: 0B r0: 085E320E r1: 02032FC0 r2: 0000000F r3: 00000170
mgba pc=0800030e lr=08195ef1 r0=08195e79 r1=0200231c r4=030066b0 r5=00000001 category=4 level=16: SWI: 05 r0: 08195E79 r1: 0200231C r2: 00000000 r3: 00000000
mgba pc=08000338 lr=0822cbe5 r0=030066e8 r1=07000000 r4=030066b0 r5=03006668 category=4 level=16: SWI: 0B r0: 030066E8 r1: 07000000 r2: 04000100 r3: 00000000
mgba pc=081b211a lr=0816b433 r0=00000000 r1=02032de4 r4=80000200 r5=03006668 category=6 level=8: Starting DMA 3 0x02032E00 -> 0x05000000 (8000:0200)
mgba pc=0800030e lr=08195ef1 r0=08195e79 r1=0200231c r4=030066b0 r5=00000001 category=4 level=16: SWI: 05 r0: 08195E79 r1: 0200231C r2: 00000000 r3: 00000000
mgba pc=08000338 lr=0822cbe5 r0=030066e8 r1=07000000 r4=030066b0 r5=03006668 category=4 level=16: SWI: 0B r0: 030066E8 r1: 07000000 r2: 04000100 r3: 00000000
mgba pc=081b211a lr=0816b433 r0=00000000 r1=02032de4 r4=80000200 r5=03006668 category=6 level=8: Starting DMA 3 0x02032E00 -> 0x05000000 (8000:0200)
mgba pc=0800030e lr=08195ef1 r0=08195e79 r1=0200231c r4=030066b0 r5=00000001 category=4 level=16: SWI: 05 r0: 08195E79 r1: 0200231C r2: 00000000 r3: 00000000
mgba pc=08000338 lr=0822cbe5 r0=030066e8 r1=07000000 r4=030066b0 r5=03006668 category=4 level=16: SWI: 0B r0: 030066E8 r1: 07000000 r2: 04000100 r3: 00000000
mgba pc=081b211a lr=0816b433 r0=00000000 r1=02032de4 r4=80000200 r5=03006668 category=6 level=8: Starting DMA 3 0x02032E00 -> 0x05000000 (8000:0200)
mgba pc=0800030e lr=08195ef1 r0=08195e79 r1=0200231c r4=030066b0 r5=00000001 category=4 level=16: SWI: 05 r0: 08195E79 r1: 0200231C r2: 00000000 r3: 00000000
mgba pc=08000338 lr=0822cbe5 r0=030066e8 r1=07000000 r4=030066b0 r5=03006668 category=4 level=16: SWI: 0B r0: 030066E8 r1: 07000000 r2: 04000100 r3: 00000000
mgba pc=081b211a lr=0816b433 r0=00000000 r1=02032de4 r4=80000200 r5=03006668 category=6 level=8: Starting DMA 3 0x02032E00 -> 0x05000000 (8000:0200)
mgba pc=0800030e lr=08195ef1 r0=08195e79 r1=0200231c r4=030066b0 r5=00000001 category=4 level=16: SWI: 05 r0: 08195E79 r1: 0200231C r2: 00000000 r3: 00000000
mgba pc=08000338 lr=0822cbe5 r0=030066e8 r1=07000000 r4=030066b0 r5=03006668 category=4 level=16: SWI: 0B r0: 030066E8 r1: 07000000 r2: 04000100 r3: 00000000
mgba pc=081b211a lr=0816b433 r0=00000000 r1=02032de4 r4=80000200 r5=03006668 category=6 level=8: Starting DMA 3 0x02032E00 -> 0x05000000 (8000:0200)
mgba pc=0800030e lr=08195ef1 r0=08195e79 r1=0200231c r4=030066b0 r5=00000001 category=4 level=16: SWI: 05 r0: 08195E79 r1: 0200231C r2: 00000000 r3: 00000000
mgba pc=08000338 lr=0822cbe5 r0=030066e8 r1=07000000 r4=030066b0 r5=03006668 category=4 level=16: SWI: 0B r0: 030066E8 r1: 07000000 r2: 04000100 r3: 00000000
mgba pc=081b211a lr=0816b433 r0=00000000 r1=02032de4 r4=80000200 r5=03006668 category=6 level=8: Starting DMA 3 0x02032E00 -> 0x05000000 (8000:0200)
mgba pc=0800030e lr=08195ef1 r0=08195e79 r1=0200231c r4=030066b0 r5=00000001 category=4 level=16: SWI: 05 r0: 08195E79 r1: 0200231C r2: 00000000 r3: 00000000
mgba pc=0825faa0 lr=08195beb r0=030056b8 r1=0000b600 r4=030066b0 r5=00000001 category=6 level=8: Starting DMA 1 0x03005A08 -> 0x040000A0 (B600:0004)
mgba pc=0825faa2 lr=08195beb r0=030056b8 r1=0000b600 r4=030066b0 r5=00000001 category=6 level=8: Starting DMA 2 0x03006038 -> 0x040000A4 (B600:0004)
mgba pc=08000338 lr=0822cbe5 r0=030066e8 r1=07000000 r4=030066b0 r5=03006668 category=4 level=16: SWI: 0B r0: 030066E8 r1: 07000000 r2: 04000100 r3: 00000000
mgba pc=081b211a lr=0816b433 r0=00000000 r1=02032de4 r4=80000200 r5=03006668 category=6 level=8: Starting DMA 3 0x02032E00 -> 0x05000000 (8000:0200)
mgba pc=0800030e lr=08195ef1 r0=08195e79 r1=0200231c r4=030066b0 r5=00000001 category=4 level=16: SWI: 05 r0: 08195E79 r1: 0200231C r2: 00000000 r3: 00000000
mgba pc=08000338 lr=0822cbe5 r0=030066e8 r1=07000000 r4=030066b0 r5=03006668 category=4 level=16: SWI: 0B r0: 030066E8 r1: 07000000 r2: 04000100 r3: 00000000
mgba pc=081b211a lr=0816b433 r0=00000000 r1=02032de4 r4=80000200 r5=03006668 category=6 level=8: Starting DMA 3 0x02032E00 -> 0x05000000 (8000:0200)
mgba pc=0800030e lr=08195ef1 r0=08195e79 r1=0200231c r4=030066b0 r5=00000001 category=4 level=16: SWI: 05 r0: 08195E79 r1: 0200231C r2: 00000000 r3: 00000000
mgba pc=08000338 lr=0822cbe5 r0=030066e8 r1=07000000 r4=030066b0 r5=03006668 category=4 level=16: SWI: 0B r0: 030066E8 r1: 07000000 r2: 04000100 r3: 00000000
mgba pc=081b211a lr=0816b433 r0=00000000 r1=02032de4 r4=80000200 r5=03006668 category=6 level=8: Starting DMA 3 0x02032E00 -> 0x05000000 (8000:0200)
mgba pc=0800030e lr=08195ef1 r0=08195e79 r1=0200231c r4=030066b0 r5=00000001 category=4 level=16: SWI: 05 r0: 08195E79 r1: 0200231C r2: 00000000 r3: 00000000
mgba pc=08000338 lr=0822cbe5 r0=030066e8 r1=07000000 r4=030066b0 r5=03006668 category=4 level=16: SWI: 0B r0: 030066E8 r1: 07000000 r2: 04000100 r3: 00000000
mgba pc=081b211a lr=0816b433 r0=00000000 r1=02032de4 r4=80000200 r5=03006668 category=6 level=8: Starting DMA 3 0x02032E00 -> 0x05000000 (8000:0200)
mgba pc=0800030e lr=08195ef1 r0=08195e79 r1=0200231c r4=030066b0 r5=00000001 category=4 level=16: SWI: 05 r0: 08195E79 r1: 0200231C r2: 00000000 r3: 00000000
mgba pc=08000338 lr=0822cbe5 r0=030066e8 r1=07000000 r4=030066b0 r5=03006668 category=4 level=16: SWI: 0B r0: 030066E8 r1: 07000000 r2: 04000100 r3: 00000000
mgba pc=081b211a lr=0816b433 r0=00000000 r1=02032de4 r4=80000200 r5=03006668 category=6 level=8: Starting DMA 3 0x02032E00 -> 0x05000000 (8000:0200)
mgba pc=0800030e lr=08195ef1 r0=08195e79 r1=0200231c r4=030066b0 r5=00000001 category=4 level=16: SWI: 05 r0: 08195E79 r1: 0200231C r2: 00000000 r3: 00000000
mgba pc=08000338 lr=0822cbe5 r0=030066e8 r1=07000000 r4=030066b0 r5=03006668 category=4 level=16: SWI: 0B r0: 030066E8 r1: 07000000 r2: 04000100 r3: 00000000
mgba pc=081b211a lr=0816b433 r0=00000000 r1=02032de4 r4=80000200 r5=03006668 category=6 level=8: Starting DMA 3 0x02032E00 -> 0x05000000 (8000:0200)
mgba pc=0800030e lr=08195ef1 r0=08195e79 r1=0200231c r4=030066b0 r5=00000001 category=4 level=16: SWI: 05 r0: 08195E79 r1: 0200231C r2: 00000000 r3: 00000000
mgba pc=08000338 lr=0822cbe5 r0=030066e8 r1=07000000 r4=030066b0 r5=03006668 category=4 level=16: SWI: 0B r0: 030066E8 r1: 07000000 r2: 04000100 r3: 00000000
mgba pc=081b211a lr=0816b433 r0=00000000 r1=02032de4 r4=80000200 r5=03006668 category=6 level=8: Starting DMA 3 0x02032E00 -> 0x05000000 (8000:0200)
mgba pc=0800030e lr=08195ef1 r0=08195e79 r1=0200231c r4=030066b0 r5=00000001 category=4 level=16: SWI: 05 r0: 08195E79 r1: 0200231C r2: 00000000 r3: 00000000
mgba pc=0825faa0 lr=08195beb r0=030056b8 r1=0000b600 r4=030066b0 r5=00000001 category=6 level=8: Starting DMA 1 0x03005A08 -> 0x040000A0 (B600:0004)
mgba pc=0825faa2 lr=08195beb r0=030056b8 r1=0000b600 r4=030066b0 r5=00000001 category=6 level=8: Starting DMA 2 0x03006038 -> 0x040000A4 (B600:0004)
mgba pc=08000338 lr=0822cbe5 r0=030066e8 r1=07000000 r4=030066b0 r5=03006668 category=4 level=16: SWI: 0B r0: 030066E8 r1: 07000000 r2: 04000100 r3: 00000000
mgba pc=081b211a lr=0816b433 r0=00000000 r1=02032de4 r4=80000200 r5=03006668 category=6 level=8: Starting DMA 3 0x02032E00 -> 0x05000000 (8000:0200)
mgba pc=0800030e lr=08195ef1 r0=08195e79 r1=0200231c r4=030066b0 r5=00000001 category=4 level=16: SWI: 05 r0: 08195E79 r1: 0200231C r2: 00000000 r3: 00000000
mgba pc=08000338 lr=0822cbe5 r0=030066e8 r1=07000000 r4=030066b0 r5=03006668 category=4 level=16: SWI: 0B r0: 030066E8 r1: 07000000 r2: 04000100 r3: 00000000
mgba pc=081b211a lr=0816b433 r0=00000000 r1=02032de4 r4=80000200 r5=03006668 category=6 level=8: Starting DMA 3 0x02032E00 -> 0x05000000 (8000:0200)
mgba pc=0800030e lr=08195ef1 r0=08195e79 r1=0200231c r4=030066b0 r5=00000001 category=4 level=16: SWI: 05 r0: 08195E79 r1: 0200231C r2: 00000000 r3: 00000000
mgba pc=08000338 lr=0822cbe5 r0=030066e8 r1=07000000 r4=030066b0 r5=03006668 category=4 level=16: SWI: 0B r0: 030066E8 r1: 07000000 r2: 04000100 r3: 00000000
mgba pc=081b211a lr=0816b433 r0=00000000 r1=02032de4 r4=80000200 r5=03006668 category=6 level=8: Starting DMA 3 0x02032E00 -> 0x05000000 (8000:0200)
mgba pc=0800030e lr=08195ef1 r0=08195e79 r1=0200231c r4=030066b0 r5=00000001 category=4 level=16: SWI: 05 r0: 08195E79 r1: 0200231C r2: 00000000 r3: 00000000
mgba pc=08000338 lr=0822cbe5 r0=030066e8 r1=07000000 r4=030066b0 r5=03006668 category=4 level=16: SWI: 0B r0: 030066E8 r1: 07000000 r2: 04000100 r3: 00000000
mgba pc=081b211a lr=0816b433 r0=00000000 r1=02032de4 r4=80000200 r5=03006668 category=6 level=8: Starting DMA 3 0x02032E00 -> 0x05000000 (8000:0200)
mgba pc=0800030e lr=08195ef1 r0=08195e79 r1=0200231c r4=030066b0 r5=00000001 category=4 level=16: SWI: 05 r0: 08195E79 r1: 0200231C r2: 00000000 r3: 00000000
mgba pc=08000338 lr=0822cbe5 r0=030066e8 r1=07000000 r4=030066b0 r5=03006668 category=4 level=16: SWI: 0B r0: 030066E8 r1: 07000000 r2: 04000100 r3: 00000000
mgba pc=081b211a lr=0816b433 r0=00000000 r1=02032de4 r4=80000200 r5=03006668 category=6 level=8: Starting DMA 3 0x02032E00 -> 0x05000000 (8000:0200)
mgba pc=08000338 lr=081b2045 r0=085e322c r1=02033200 r4=00000000 r5=00000010 category=4 level=16: SWI: 0B r0: 085E322C r1: 02033200 r2: 00000010 r3: 04000052
mgba pc=08000338 lr=081b2051 r0=085e322c r1=02032e00 r4=00000000 r5=00000010 category=4 level=16: SWI: 0B r0: 085E322C r1: 02032E00 r2: 00000010 r3: 00000170
mgba pc=0800030e lr=08195ef1 r0=08195e79 r1=0200231c r4=030066b0 r5=00000001 category=4 level=16: SWI: 05 r0: 08195E79 r1: 0200231C r2: 00000000 r3: 00000000
mgba pc=08000338 lr=0822cbe5 r0=030066e8 r1=07000000 r4=030066b0 r5=03006668 category=4 level=16: SWI: 0B r0: 030066E8 r1: 07000000 r2: 04000100 r3: 00000000
mgba pc=081b211a lr=0816b433 r0=00000000 r1=02032de4 r4=80000200 r5=03006668 category=6 level=8: Starting DMA 3 0x02032E00 -> 0x05000000 (8000:0200)
mgba pc=08000338 lr=081af2cd r0=03007d84 r1=02011ed8 r4=030051b4 r5=04000130 category=4 level=16: SWI: 0B r0: 03007D84 r1: 02011ED8 r2: 05000180 r3: 00000C70
mgba pc=082259da lr=08225af7 r0=00000005 r1=00000000 r4=00000004 r5=00000001 category=5 level=16: Got RTC command 4
mgba pc=082259fa lr=08225af7 r0=00000004 r1=ffffffff r4=00000005 r5=00000008 category=5 level=16: RTC output byte 40
mgba pc=08225b6c lr=00000000 r0=00000005 r1=00000000 r4=00000004 r5=00000001 category=5 level=16: Got RTC command 2
mgba pc=08225b90 lr=00000000 r0=00000004 r1=ffffffff r4=00000008 r5=00000005 category=5 level=16: RTC output byte 66
mgba pc=08225b90 lr=00000000 r0=00000004 r1=00000000 r4=00000008 r5=00000005 category=5 level=16: RTC output byte 01
mgba pc=08225b90 lr=00000000 r0=00000004 r1=00000000 r4=00000008 r5=00000005 category=5 level=16: RTC output byte 11
mgba pc=08225b90 lr=00000000 r0=00000004 r1=00000000 r4=00000008 r5=00000005 category=5 level=16: RTC output byte 00
mgba pc=08225b90 lr=00000000 r0=00000004 r1=00000000 r4=00000008 r5=00000005 category=5 level=16: RTC output byte 16
mgba pc=08225b90 lr=00000000 r0=00000004 r1=00000000 r4=00000008 r5=00000005 category=5 level=16: RTC output byte 58
mgba pc=08225b90 lr=00000000 r0=00000004 r1=00000000 r4=00000008 r5=00000005 category=5 level=16: RTC output byte 04
mgba pc=082259da lr=08225af7 r0=00000005 r1=00000000 r4=00000004 r5=00000001 category=5 level=16: Got RTC command 4
mgba pc=082259fa lr=08225af7 r0=00000004 r1=ffffffff r4=00000005 r5=00000008 category=5 level=16: RTC output byte 40
mgba pc=08225b6c lr=00000000 r0=00000005 r1=00000000 r4=00000004 r5=00000001 category=5 level=16: Got RTC command 2
mgba pc=08225b90 lr=00000000 r0=00000004 r1=ffffffff r4=00000008 r5=00000005 category=5 level=16: RTC output byte 66
mgba pc=08225b90 lr=00000000 r0=00000004 r1=00000000 r4=00000008 r5=00000005 category=5 level=16: RTC output byte 01
mgba pc=08225b90 lr=00000000 r0=00000004 r1=00000000 r4=00000008 r5=00000005 category=5 level=16: RTC output byte 11
mgba pc=08225b90 lr=00000000 r0=00000004 r1=00000000 r4=00000008 r5=00000005 category=5 level=16: RTC output byte 00
mgba pc=08225b90 lr=00000000 r0=00000004 r1=00000000 r4=00000008 r5=00000005 category=5 level=16: RTC output byte 16
mgba pc=08225b90 lr=00000000 r0=00000004 r1=00000000 r4=00000008 r5=00000005 category=5 level=16: RTC output byte 58
mgba pc=08225b90 lr=00000000 r0=00000004 r1=00000000 r4=00000008 r5=00000005 category=5 level=16: RTC output byte 04
mgba pc=08000334 lr=081689a9 r0=03007d80 r1=02002ba8 r4=08f85208 r5=00000000 category=4 level=16: SWI: 0C r0: 03007D80 r1: 02002BA8 r2: 01001400 r3: 03FF03FF
mgba pc=08000338 lr=08168a15 r0=08f84d58 r1=02002da0 r4=02002da0 r5=0000001e category=4 level=16: SWI: 0B r0: 08F84D58 r1: 02002DA0 r2: 00000014 r3: 00000014
mgba pc=08000338 lr=08168a15 r0=08f84d80 r1=02002de6 r4=02002de6 r5=0000001e category=4 level=16: SWI: 0B r0: 08F84D80 r1: 02002DE6 r2: 00000014 r3: 00000028
mgba pc=08000338 lr=08168a15 r0=08f84da8 r1=02002e2c r4=02002e2c r5=0000001e category=4 level=16: SWI: 0B r0: 08F84DA8 r1: 02002E2C r2: 00000014 r3: 00000028
mgba pc=08000338 lr=08168a15 r0=08f84dd0 r1=02002e72 r4=02002e72 r5=0000001e category=4 level=16: SWI: 0B r0: 08F84DD0 r1: 02002E72 r2: 00000014 r3: 00000028
mgba pc=08000338 lr=08168a15 r0=08f84df8 r1=02002eb8 r4=02002eb8 r5=0000001e category=4 level=16: SWI: 0B r0: 08F84DF8 r1: 02002EB8 r2: 00000014 r3: 00000028
mgba pc=08000338 lr=08168a15 r0=08f84e20 r1=02002efe r4=02002efe r5=0000001e category=4 level=16: SWI: 0B r0: 08F84E20 r1: 02002EFE r2: 00000014 r3: 00000028
mgba pc=08000338 lr=08168a15 r0=08f84e48 r1=02002f44 r4=02002f44 r5=0000001e category=4 level=16: SWI: 0B r0: 08F84E48 r1: 02002F44 r2: 00000014 r3: 00000028
mgba pc=08000338 lr=08168a15 r0=08f84e70 r1=02002f8a r4=02002f8a r5=0000001e category=4 level=16: SWI: 0B r0: 08F84E70 r1: 02002F8A r2: 00000014 r3: 00000028
mgba pc=08000338 lr=08168a15 r0=08f84e98 r1=02002fd0 r4=02002fd0 r5=0000001e category=4 level=16: SWI: 0B r0: 08F84E98 r1: 02002FD0 r2: 00000014 r3: 00000028
mgba pc=08000338 lr=08168a15 r0=08f84ec0 r1=02003016 r4=02003016 r5=0000001e category=4 level=16: SWI: 0B r0: 08F84EC0 r1: 02003016 r2: 00000014 r3: 00000028
mgba pc=08000338 lr=08168a15 r0=08f84ee8 r1=0200305c r4=0200305c r5=0000001e category=4 level=16: SWI: 0B r0: 08F84EE8 r1: 0200305C r2: 00000014 r3: 00000028
mgba pc=08000338 lr=08168a15 r0=08f84f10 r1=020030a2 r4=020030a2 r5=0000001e category=4 level=16: SWI: 0B r0: 08F84F10 r1: 020030A2 r2: 00000014 r3: 00000028
mgba pc=08000338 lr=08168a15 r0=08f84f38 r1=020030e8 r4=020030e8 r5=0000001e category=4 level=16: SWI: 0B r0: 08F84F38 r1: 020030E8 r2: 00000014 r3: 00000028
mgba pc=08000338 lr=08168a15 r0=08f84f60 r1=0200312e r4=0200312e r5=0000001e category=4 level=16: SWI: 0B r0: 08F84F60 r1: 0200312E r2: 00000014 r3: 00000028
mgba pc=08000338 lr=08168a15 r0=08f84f88 r1=02003174 r4=02003174 r5=0000001e category=4 level=16: SWI: 0B r0: 08F84F88 r1: 02003174 r2: 00000014 r3: 00000028
mgba pc=08000338 lr=08168a15 r0=08f84fb0 r1=020031ba r4=020031ba r5=0000001e category=4 level=16: SWI: 0B r0: 08F84FB0 r1: 020031BA r2: 00000014 r3: 00000028
mgba pc=08000338 lr=08168a15 r0=08f84fd8 r1=02003200 r4=02003200 r5=0000001e category=4 level=16: SWI: 0B r0: 08F84FD8 r1: 02003200 r2: 00000014 r3: 00000028
mgba pc=08000338 lr=08168a15 r0=08f85000 r1=02003246 r4=02003246 r5=0000001e category=4 level=16: SWI: 0B r0: 08F85000 r1: 02003246 r2: 00000014 r3: 00000028
mgba pc=08000338 lr=08168a15 r0=08f85028 r1=0200328c r4=0200328c r5=0000001e category=4 level=16: SWI: 0B r0: 08F85028 r1: 0200328C r2: 00000014 r3: 00000028
mgba pc=08000338 lr=08168a15 r0=08f85050 r1=020032d2 r4=020032d2 r5=0000001e category=4 level=16: SWI: 0B r0: 08F85050 r1: 020032D2 r2: 00000014 r3: 00000028
mgba pc=08000338 lr=08168a15 r0=08f85078 r1=02003318 r4=02003318 r5=0000001e category=4 level=16: SWI: 0B r0: 08F85078 r1: 02003318 r2: 00000014 r3: 00000028
mgba pc=08000338 lr=08168a15 r0=08f850a0 r1=0200335e r4=0200335e r5=0000001e category=4 level=16: SWI: 0B r0: 08F850A0 r1: 0200335E r2: 00000014 r3: 00000028
mgba pc=08000338 lr=08168a15 r0=08f850c8 r1=020033a4 r4=020033a4 r5=0000001e category=4 level=16: SWI: 0B r0: 08F850C8 r1: 020033A4 r2: 00000014 r3: 00000028
mgba pc=08000338 lr=08168a15 r0=08f850f0 r1=020033ea r4=020033ea r5=0000001e category=4 level=16: SWI: 0B r0: 08F850F0 r1: 020033EA r2: 00000014 r3: 00000028
mgba pc=08000338 lr=08168a15 r0=08f85118 r1=02003430 r4=02003430 r5=0000001e category=4 level=16: SWI: 0B r0: 08F85118 r1: 02003430 r2: 00000014 r3: 00000028
mgba pc=08000338 lr=08168a15 r0=08f85140 r1=02003476 r4=02003476 r5=0000001e category=4 level=16: SWI: 0B r0: 08F85140 r1: 02003476 r2: 00000014 r3: 00000028
mgba pc=08000338 lr=08168a15 r0=08f85168 r1=020034bc r4=020034bc r5=0000001e category=4 level=16: SWI: 0B r0: 08F85168 r1: 020034BC r2: 00000014 r3: 00000028
mgba pc=08000338 lr=08168a15 r0=08f85190 r1=02003502 r4=02003502 r5=0000001e category=4 level=16: SWI: 0B r0: 08F85190 r1: 02003502 r2: 00000014 r3: 00000028
mgba pc=08000338 lr=08168a15 r0=08f851b8 r1=02003548 r4=02003548 r5=0000001e category=4 level=16: SWI: 0B r0: 08F851B8 r1: 02003548 r2: 00000014 r3: 00000028
mgba pc=08000338 lr=08168a15 r0=08f851e0 r1=0200358e r4=0200358e r5=0000001e category=4 level=16: SWI: 0B r0: 08F851E0 r1: 0200358E r2: 00000014 r3: 00000028
mgba pc=081addfe lr=082190cb r0=040000d8 r1=000000ff r4=040000d4 r5=00000001 category=6 level=8: Starting DMA 3 0x03007DA6 -> 0x05000002 (8100:01FF)
mgba pc=081ade16 lr=082190cb r0=040000d8 r1=03007da8 r4=040000d4 r5=81000800 category=6 level=8: Starting DMA 3 0x03007DA8 -> 0x06000000 (8100:0800)
mgba pc=081ade16 lr=082190cb r0=040000d8 r1=03007da8 r4=040000d4 r5=81000800 category=6 level=8: Starting DMA 3 0x03007DA8 -> 0x06001000 (8100:0800)
mgba pc=081ade16 lr=082190cb r0=040000d8 r1=03007da8 r4=040000d4 r5=81000800 category=6 level=8: Starting DMA 3 0x03007DA8 -> 0x06002000 (8100:0800)
mgba pc=081ade16 lr=082190cb r0=040000d8 r1=03007da8 r4=040000d4 r5=81000800 category=6 level=8: Starting DMA 3 0x03007DA8 -> 0x06003000 (8100:0800)
mgba pc=081ade16 lr=082190cb r0=040000d8 r1=03007da8 r4=040000d4 r5=81000800 category=6 level=8: Starting DMA 3 0x03007DA8 -> 0x06004000 (8100:0800)
mgba pc=081ade16 lr=082190cb r0=040000d8 r1=03007da8 r4=040000d4 r5=81000800 category=6 level=8: Starting DMA 3 0x03007DA8 -> 0x06005000 (8100:0800)
mgba pc=081ade16 lr=082190cb r0=040000d8 r1=03007da8 r4=040000d4 r5=81000800 category=6 level=8: Starting DMA 3 0x03007DA8 -> 0x06006000 (8100:0800)
mgba pc=081ade16 lr=082190cb r0=040000d8 r1=03007da8 r4=040000d4 r5=81000800 category=6 level=8: Starting DMA 3 0x03007DA8 -> 0x06007000 (8100:0800)
mgba pc=081ade16 lr=082190cb r0=040000d8 r1=03007da8 r4=040000d4 r5=81000800 category=6 level=8: Starting DMA 3 0x03007DA8 -> 0x06008000 (8100:0800)
mgba pc=081ade16 lr=082190cb r0=040000d8 r1=03007da8 r4=040000d4 r5=81000800 category=6 level=8: Starting DMA 3 0x03007DA8 -> 0x06009000 (8100:0800)
mgba pc=081ade16 lr=082190cb r0=040000d8 r1=03007da8 r4=040000d4 r5=81000800 category=6 level=8: Starting DMA 3 0x03007DA8 -> 0x0600A000 (8100:0800)
mgba pc=0825faa0 lr=08195beb r0=030056b8 r1=0000b600 r4=030066b0 r5=81000800 category=6 level=8: Starting DMA 1 0x03005A08 -> 0x040000A0 (B600:0004)
mgba pc=0825faa2 lr=08195beb r0=030056b8 r1=0000b600 r4=030066b0 r5=81000800 category=6 level=8: Starting DMA 2 0x03006038 -> 0x040000A4 (B600:0004)
mgba pc=081ade16 lr=082190cb r0=040000d8 r1=03007da8 r4=040000d4 r5=81000800 category=6 level=8: Starting DMA 3 0x03007DA8 -> 0x0600B000 (8100:0800)
mgba pc=081ade16 lr=082190cb r0=040000d8 r1=03007da8 r4=040000d4 r5=81000800 category=6 level=8: Starting DMA 3 0x03007DA8 -> 0x0600C000 (8100:0800)
mgba pc=081ade16 lr=082190cb r0=040000d8 r1=03007da8 r4=040000d4 r5=81000800 category=6 level=8: Starting DMA 3 0x03007DA8 -> 0x0600D000 (8100:0800)
mgba pc=081ade16 lr=082190cb r0=040000d8 r1=03007da8 r4=040000d4 r5=81000800 category=6 level=8: Starting DMA 3 0x03007DA8 -> 0x0600E000 (8100:0800)
mgba pc=081ade16 lr=082190cb r0=040000d8 r1=03007da8 r4=040000d4 r5=81000800 category=6 level=8: Starting DMA 3 0x03007DA8 -> 0x0600F000 (8100:0800)
mgba pc=081ade16 lr=082190cb r0=040000d8 r1=03007da8 r4=040000d4 r5=81000800 category=6 level=8: Starting DMA 3 0x03007DA8 -> 0x06010000 (8100:0800)
mgba pc=081ade16 lr=082190cb r0=040000d8 r1=03007da8 r4=040000d4 r5=81000800 category=6 level=8: Starting DMA 3 0x03007DA8 -> 0x06011000 (8100:0800)
mgba pc=081ade16 lr=082190cb r0=040000d8 r1=03007da8 r4=040000d4 r5=81000800 category=6 level=8: Starting DMA 3 0x03007DA8 -> 0x06012000 (8100:0800)
mgba pc=081ade16 lr=082190cb r0=040000d8 r1=03007da8 r4=040000d4 r5=81000800 category=6 level=8: Starting DMA 3 0x03007DA8 -> 0x06013000 (8100:0800)
mgba pc=081ade16 lr=082190cb r0=040000d8 r1=03007da8 r4=040000d4 r5=81000800 category=6 level=8: Starting DMA 3 0x03007DA8 -> 0x06014000 (8100:0800)
mgba pc=081ade16 lr=082190cb r0=040000d8 r1=03007da8 r4=040000d4 r5=81000800 category=6 level=8: Starting DMA 3 0x03007DA8 -> 0x06015000 (8100:0800)
mgba pc=081ade16 lr=082190cb r0=040000d8 r1=03007da8 r4=040000d4 r5=81000800 category=6 level=8: Starting DMA 3 0x03007DA8 -> 0x06016000 (8100:0800)
mgba pc=081ade2e lr=082190cb r0=040000d8 r1=03007daa r4=040000d4 r5=81000800 category=6 level=8: Starting DMA 3 0x03007DAA -> 0x06017000 (8100:0800)
mgba pc=08000338 lr=0822cbe5 r0=030066e8 r1=07000000 r4=040000d4 r5=81000800 category=4 level=16: SWI: 0B r0: 030066E8 r1: 07000000 r2: 04000100 r3: 00000000
mgba pc=08000338 lr=082190f5 r0=03007dba r1=02035968 r4=00000000 r5=00000002 category=4 level=16: SWI: 0B r0: 03007DBA r1: 02035968 r2: 01000780 r3: 03007DB8
mgba pc=08000338 lr=08165605 r0=085d2b30 r1=02033400 r4=085d2b0c r5=00000000 category=4 level=16: SWI: 0B r0: 085D2B30 r1: 02033400 r2: 04000008 r3: 02033200
mgba pc=08000334 lr=081b207f r0=085c1b50 r1=02033420 r4=02033420 r5=085c1b50 category=4 level=16: SWI: 0C r0: 085C1B50 r1: 02033420 r2: 00000008 r3: 00000000
mgba pc=08000334 lr=081b2089 r0=02033420 r1=02033020 r4=02033420 r5=085c1b50 category=4 level=16: SWI: 0C r0: 02033420 r1: 02033020 r2: 00000008 r3: 5B5F530E
mgba pc=08000334 lr=081b207f r0=085aca50 r1=02033440 r4=02033440 r5=085aca50 category=4 level=16: SWI: 0C r0: 085ACA50 r1: 02033440 r2: 00000008 r3: 00000000
mgba pc=08000334 lr=081b2089 r0=02033440 r1=02033040 r4=02033440 r5=085aca50 category=4 level=16: SWI: 0C r0: 02033440 r1: 02033040 r2: 00000008 r3: 5B5F530E
mgba pc=08000334 lr=081b207f r0=08559bd0 r1=02033460 r4=02033460 r5=08559bd0 category=4 level=16: SWI: 0C r0: 08559BD0 r1: 02033460 r2: 00000008 r3: 00000000
mgba pc=08000334 lr=081b2089 r0=02033460 r1=02033060 r4=02033460 r5=08559bd0 category=4 level=16: SWI: 0C r0: 02033460 r1: 02033060 r2: 00000008 r3: 5B5F530E
mgba pc=08140842 lr=0814083f r0=00000000 r1=0814083f r4=08147585 r5=01530500 category=10 level=64: Bad BIOS Load32: 0x00000000
mgba pc=0814084c lr=0814083f r0=00000000 r1=0814083f r4=08147585 r5=01530500 category=10 level=64: Bad BIOS Load32: 0x00000010
mgba pc=08140850 lr=0814083f r0=00000000 r1=0814083f r4=08147585 r5=01530500 category=10 level=64: Bad BIOS Load32: 0x00000018
mgba pc=08140854 lr=0814083f r0=00000000 r1=0814083f r4=08147585 r5=01530500 category=10 level=64: Bad BIOS Load32: 0x00000020
mgba pc=08140858 lr=0814083f r0=00000000 r1=0814083f r4=08147585 r5=01530500 category=10 level=64: Bad BIOS Load32: 0x00000014
mgba pc=0814085e lr=0814083f r0=00000000 r1=0814083f r4=08147585 r5=01530500 category=10 level=64: Bad BIOS Load16: 0x00000006
mgba pc=081401ae lr=00000003 r0=00000000 r1=00000153 r4=0200234c r5=03007d1c category=10 level=64: Bad BIOS Load16: 0x00000000
mgba pc=0814027c lr=00000003 r0=00000000 r1=01530000 r4=00000000 r5=00002004 category=10 level=64: Bad BIOS Load32: 0x00000010
mgba pc=0814027e lr=00000003 r0=00000000 r1=01530000 r4=00000000 r5=00002004 category=10 level=64: Bad memory Load8: 0xe3a02007
mgba pc=08140280 lr=00000003 r0=00000000 r1=00000009 r4=00000000 r5=00002004 category=10 level=64: Bad memory Load8: 0xe3a02005
mgba pc=081402ae lr=08140297 r0=0000000a r1=0000ffff r4=00000000 r5=00002004 category=10 level=64: Bad BIOS Load32: 0x0000001C
mgba pc=081402b0 lr=08140297 r0=0000000a r1=0000ffff r4=00000000 r5=00002004 category=10 level=64: Bad memory Load32: 0xE3A02004
mgba pc=081402b4 lr=08140297 r0=0000000a r1=0000ffff r4=00000000 r5=00002004 category=10 level=64: Bad BIOS Load16: 0x00000006
mgba pc=0811ecb8 lr=0811ed3b r0=88fb88fb r1=00000020 r4=03007cb4 r5=00000020 category=10 level=64: Bad memory Load8: 0x88fb88fb
mgba pc=0822d53c lr=0822d96b r0=02036f20 r1=e3a02004 r4=00000003 r5=02036e54 category=10 level=64: Bad memory Load32: 0xE3A02004
mgba pc=0822d540 lr=0822d96b r0=02036f20 r1=e3a02004 r4=00000003 r5=02036e54 category=10 level=64: Bad memory Load16: 0x5E9B5E9B
mgba pc=08140bfe lr=08140d15 r0=00000000 r1=02036f20 r4=0200234c r5=00000018 category=10 level=64: Bad BIOS Load16: 0x00000008
mgba pc=08140c0c lr=08140d15 r0=00000000 r1=02036f20 r4=0200234c r5=00000018 category=10 level=64: Bad BIOS Load16: 0x0000000A
mgba pc=08140c4a lr=08140d15 r0=00000000 r1=00000010 r4=0200234c r5=00000018 category=10 level=64: Bad BIOS Load8: 0x0000000C
mgba pc=0813f7e2 lr=0813f7a5 r0=00000000 r1=00000008 r4=02036f20 r5=020023b8 category=10 level=64: Bad BIOS Load16: 0x00000008
mgba pc=0813f7e8 lr=0813f7a5 r0=00000000 r1=00000008 r4=02036f20 r5=020023b8 category=10 level=64: Bad BIOS Load16: 0x0000000A
mgba pc=08140cae lr=0813f7a5 r0=02036f20 r1=00000004 r4=0200234c r5=020023db category=10 level=64: Bad BIOS Load32: 0x0000001C
mgba pc=08000338 lr=08198e9f r0=03007da0 r1=02016714 r4=00000200 r5=02016714 category=4 level=16: SWI: 0B r0: 03007DA0 r1: 02016714 r2: 05000200 r3: 00000000
mgba pc=08000338 lr=08198e9f r0=03007da0 r1=02016f24 r4=00000200 r5=02016f24 category=4 level=16: SWI: 0B r0: 03007DA0 r1: 02016F24 r2: 05000200 r3: 00000000
mgba pc=08000338 lr=08198e9f r0=03007da0 r1=02017734 r4=00000200 r5=02017734 category=4 level=16: SWI: 0B r0: 03007DA0 r1: 02017734 r2: 05000200 r3: 00000000
mgba pc=08000338 lr=08198ef5 r0=03007d60 r1=02017f44 r4=00000200 r5=02017f44 category=4 level=16: SWI: 0B r0: 03007D60 r1: 02017F44 r2: 05000200 r3: 00000000
mgba pc=08000338 lr=08198ef5 r0=03007d60 r1=02018754 r4=00000360 r5=02018754 category=4 level=16: SWI: 0B r0: 03007D60 r1: 02018754 r2: 05000360 r3: 00000000
mgba pc=08000338 lr=081b2045 r0=086567b4 r1=020333e0 r4=000001e0 r5=00000010 category=4 level=16: SWI: 0B r0: 086567B4 r1: 020333E0 r2: 00000010 r3: 00000000
mgba pc=08000338 lr=081b2051 r0=086567b4 r1=02032fe0 r4=000001e0 r5=00000010 category=4 level=16: SWI: 0B r0: 086567B4 r1: 02032FE0 r2: 00000010 r3: 00000170
mgba pc=08000338 lr=081b2045 r0=08d93e2c r1=020333c0 r4=000001c0 r5=00000010 category=4 level=16: SWI: 0B r0: 08D93E2C r1: 020333C0 r2: 00000010 r3: 00000000
mgba pc=08000338 lr=081b2051 r0=08d93e2c r1=02032fc0 r4=000001c0 r5=00000010 category=4 level=16: SWI: 0B r0: 08D93E2C r1: 02032FC0 r2: 00000010 r3: 00000170
mgba pc=08000338 lr=08198e9f r0=03007d84 r1=020194e4 r4=00001000 r5=020194e4 category=4 level=16: SWI: 0B r0: 03007D84 r1: 020194E4 r2: 05001000 r3: 00000000
mgba pc=08000338 lr=0811edef r0=0865b8b8 r1=03007d84 r4=0865b8b8 r5=03007d84 category=4 level=16: SWI: 0B r0: 0865B8B8 r1: 03007D84 r2: 04000002 r3: 00000170
mgba pc=0812562a lr=0000000b r0=03000a90 r1=800000e0 r4=0600c000 r5=00000000 category=6 level=8: Starting DMA 3 0x086565F4 -> 0x0600C000 (8000:00E0)
mgba pc=0812562a lr=0000000b r0=03000a90 r1=80000090 r4=0600c280 r5=00000001 category=6 level=8: Starting DMA 3 0x08D9576C -> 0x0600C280 (8000:0090)
mgba pc=08000338 lr=08198e9f r0=03007d84 r1=0201d4f4 r4=00001000 r5=0201d4f4 category=4 level=16: SWI: 0B r0: 03007D84 r1: 0201D4F4 r2: 05001000 r3: 00000000
mgba pc=08000338 lr=0811edef r0=08e44d7c r1=03007d84 r4=08e44d7c r5=03007d84 category=4 level=16: SWI: 0B r0: 08E44D7C r1: 03007D84 r2: 04000002 r3: 00000170
mgba pc=0812566c lr=00000000 r0=03000a90 r1=020194e4 r4=06000000 r5=80000800 category=6 level=8: Starting DMA 3 0x020194E4 -> 0x06000000 (8000:0800)
mgba pc=0812566c lr=00000000 r0=03000a90 r1=0201a4e4 r4=06001000 r5=80000800 category=6 level=8: Starting DMA 3 0x0201A4E4 -> 0x06001000 (8000:0800)
mgba pc=0812566c lr=00000000 r0=03000a90 r1=0201b4e4 r4=06002000 r5=80000800 category=6 level=8: Starting DMA 3 0x0201B4E4 -> 0x06002000 (8000:0800)
mgba pc=0812562a lr=00000000 r0=03000a90 r1=80000800 r4=06003000 r5=00000002 category=6 level=8: Starting DMA 3 0x0201C4E4 -> 0x06003000 (8000:0800)
mgba pc=0812566c lr=00000000 r0=03000a90 r1=0201d4f4 r4=06004000 r5=80000800 category=6 level=8: Starting DMA 3 0x0201D4F4 -> 0x06004000 (8000:0800)
mgba pc=0812566c lr=00000000 r0=03000a90 r1=0201e4f4 r4=06005000 r5=80000800 category=6 level=8: Starting DMA 3 0x0201E4F4 -> 0x06005000 (8000:0800)
mgba pc=0812566c lr=00000000 r0=03000a90 r1=0201f4f4 r4=06006000 r5=80000800 category=6 level=8: Starting DMA 3 0x0201F4F4 -> 0x06006000 (8000:0800)
mgba pc=0812562a lr=00000000 r0=03000a90 r1=80000800 r4=06007000 r5=00000003 category=6 level=8: Starting DMA 3 0x020204F4 -> 0x06007000 (8000:0800)
mgba pc=08000334 lr=081b207f r0=0865d644 r1=02033200 r4=02033200 r5=0865d644 category=4 level=16: SWI: 0C r0: 0865D644 r1: 02033200 r2: 00000030 r3: 00000000
mgba pc=08000334 lr=081b2089 r0=02033200 r1=02032e00 r4=02033200 r5=0865d644 category=4 level=16: SWI: 0C r0: 02033200 r1: 02032E00 r2: 00000030 r3: 7FFF28A3
mgba pc=08000334 lr=081b207f r0=08e44c3c r1=020332c0 r4=020332c0 r5=08e44c3c category=4 level=16: SWI: 0C r0: 08E44C3C r1: 020332C0 r2: 00000038 r3: 00000000
mgba pc=08000334 lr=081b2089 r0=020332c0 r1=02032ec0 r4=020332c0 r5=08e44c3c category=4 level=16: SWI: 0C r0: 020332C0 r1: 02032EC0 r2: 00000038 r3: 00000000
mgba pc=08000338 lr=0823628b r0=03007db4 r1=020388cc r4=03001bc8 r5=00000000 category=4 level=16: SWI: 0B r0: 03007DB4 r1: 020388CC r2: 0500003C r3: 081AFF3A
mgba pc=082259da lr=08225af7 r0=00000005 r1=00000000 r4=00000004 r5=00000001 category=5 level=16: Got RTC command 4
mgba pc=082259fa lr=08225af7 r0=00000004 r1=ffffffff r4=00000005 r5=00000008 category=5 level=16: RTC output byte 40
mgba pc=08225b6c lr=04000130 r0=00000005 r1=00000000 r4=00000004 r5=00000001 category=5 level=16: Got RTC command 2
mgba pc=08225b90 lr=04000130 r0=00000004 r1=ffffffff r4=00000008 r5=00000005 category=5 level=16: RTC output byte 66
mgba pc=08225b90 lr=04000130 r0=00000004 r1=00000000 r4=00000008 r5=00000005 category=5 level=16: RTC output byte 01
mgba pc=08225b90 lr=04000130 r0=00000004 r1=00000000 r4=00000008 r5=00000005 category=5 level=16: RTC output byte 11
mgba pc=08225b90 lr=04000130 r0=00000004 r1=00000000 r4=00000008 r5=00000005 category=5 level=16: RTC output byte 00
mgba pc=08225b90 lr=04000130 r0=00000004 r1=00000000 r4=00000008 r5=00000005 category=5 level=16: RTC output byte 16
mgba pc=08225b90 lr=04000130 r0=00000004 r1=00000000 r4=00000008 r5=00000005 category=5 level=16: RTC output byte 58
mgba pc=08225b90 lr=04000130 r0=00000004 r1=00000000 r4=00000008 r5=00000005 category=5 level=16: RTC output byte 04
mgba pc=08000334 lr=0815b8b7 r0=03007db4 r1=02032e00 r4=03006b20 r5=0000000c category=4 level=16: SWI: 0C r0: 03007DB4 r1: 02032E00 r2: 01000100 r3: 00000000
mgba pc=082259da lr=08225af7 r0=00000005 r1=00000000 r4=00000004 r5=00000001 category=5 level=16: Got RTC command 4
mgba pc=082259fa lr=08225af7 r0=00000004 r1=ffffffff r4=00000005 r5=00000008 category=5 level=16: RTC output byte 40
mgba pc=08225b6c lr=ffffffff r0=00000005 r1=00000000 r4=00000004 r5=00000001 category=5 level=16: Got RTC command 2
mgba pc=08225b90 lr=ffffffff r0=00000004 r1=ffffffff r4=00000008 r5=00000005 category=5 level=16: RTC output byte 66
mgba pc=08225b90 lr=ffffffff r0=00000004 r1=00000000 r4=00000008 r5=00000005 category=5 level=16: RTC output byte 01
mgba pc=08225b90 lr=ffffffff r0=00000004 r1=00000000 r4=00000008 r5=00000005 category=5 level=16: RTC output byte 11
mgba pc=08225b90 lr=ffffffff r0=00000004 r1=00000000 r4=00000008 r5=00000005 category=5 level=16: RTC output byte 00
mgba pc=08225b90 lr=ffffffff r0=00000004 r1=00000000 r4=00000008 r5=00000005 category=5 level=16: RTC output byte 16
mgba pc=08225b90 lr=ffffffff r0=00000004 r1=00000000 r4=00000008 r5=00000005 category=5 level=16: RTC output byte 58
mgba pc=08225b90 lr=ffffffff r0=00000004 r1=00000000 r4=00000008 r5=00000005 category=5 level=16: RTC output byte 04
mgba pc=08000338 lr=081b2e59 r0=02032e00 r1=05000000 r4=02032de4 r5=00000000 category=4 level=16: SWI: 0B r0: 02032E00 r1: 05000000 r2: 04000100 r3: 00000000
mgba pc=0800030e lr=08195ef1 r0=08195e79 r1=00000000 r4=030066b0 r5=00000001 category=4 level=16: SWI: 05 r0: 08195E79 r1: 00000000 r2: 00000000 r3: 00000000
mgba pc=08000338 lr=0822cbe5 r0=030066e8 r1=07000000 r4=030066b0 r5=03006668 category=4 level=16: SWI: 0B r0: 030066E8 r1: 07000000 r2: 04000100 r3: 00000000
mgba pc=081b211a lr=081add37 r0=00000000 r1=02032de4 r4=80000200 r5=03006668 category=6 level=8: Starting DMA 3 0x02032E00 -> 0x05000000 (8000:0200)
mgba pc=0813f8be lr=0813f8b9 r0=00000000 r1=0813f8b9 r4=020023b8 r5=00000001 category=10 level=64: Bad BIOS Load16: 0x0000000A
mgba pc=0813f7e2 lr=0813f7a5 r0=00000000 r1=00000008 r4=02036f20 r5=020023b8 category=10 level=64: Bad BIOS Load16: 0x00000008
mgba pc=0813f7e8 lr=0813f7a5 r0=00000000 r1=00000008 r4=02036f20 r5=020023b8 category=10 level=64: Bad BIOS Load16: 0x0000000A
mgba pc=0822d018 lr=0822cacb r0=02036f20 r1=e3a02004 r4=00000010 r5=02036f20 category=10 level=64: Bad memory Load32: 0xE3A02004
mgba pc=0822d01a lr=0822cacb r0=02036f20 r1=e3a02004 r4=00000010 r5=02036f20 category=10 level=64: Bad memory Load16: 0x468C468C
mgba pc=0822d020 lr=0822cacb r0=02036f20 r1=00000000 r4=00000010 r5=02036f20 category=10 level=64: Bad memory Load16: 0x468C468C
mgba pc=0822d02e lr=0822cacb r0=02036f20 r1=00000048 r4=ffffd031 r5=00000004 category=10 level=64: Bad memory Load8: 0x468c468e
mgba pc=0800032c lr=0822c1e5 r0=03007d68 r1=03007d70 r4=00000100 r5=00000001 category=4 level=16: SWI: 0F r0: 03007D68 r1: 03007D70 r2: 00000001 r3: 00000002
mgba pc=0800032c lr=0822c1e5 r0=03007d68 r1=03007d70 r4=00000100 r5=00000000 category=4 level=16: SWI: 0F r0: 03007D68 r1: 03007D70 r2: 00000001 r3: 00000002
mgba pc=08000338 lr=0823631b r0=03007dc8 r1=020388cc r4=03001bc8 r5=00000000 category=4 level=16: SWI: 0B r0: 03007DC8 r1: 020388CC r2: 0500003C r3: 80070000
mgba pc=0800030e lr=08195ef1 r0=08195e79 r1=0200231c r4=030066b0 r5=00000001 category=4 level=16: SWI: 05 r0: 08195E79 r1: 0200231C r2: 00000000 r3: 00000000
mgba pc=0825faa0 lr=08195beb r0=030056b8 r1=0000b600 r4=030066b0 r5=00000001 category=6 level=8: Starting DMA 1 0x03005A08 -> 0x040000A0 (B600:0004)
mgba pc=0825faa2 lr=08195beb r0=030056b8 r1=0000b600 r4=030066b0 r5=00000001 category=6 level=8: Starting DMA 2 0x03006038 -> 0x040000A4 (B600:0004)
mgba pc=08000338 lr=0822cbe5 r0=030066e8 r1=07000000 r4=030066b0 r5=03006668 category=4 level=16: SWI: 0B r0: 030066E8 r1: 07000000 r2: 04000100 r3: 00000000
mgba pc=08000338 lr=0822cf4d r0=085c1b70 r1=06010000 r4=00000000 r5=02036988 category=4 level=16: SWI: 0B r0: 085C1B70 r1: 06010000 r2: 00000080 r3: 00000000
mgba pc=08000338 lr=0822cf4d r0=085c1b70 r1=06010000 r4=00000001 r5=02036988 category=4 level=16: SWI: 0B r0: 085C1B70 r1: 06010000 r2: 00000080 r3: 0000000C
mgba pc=08000338 lr=0822cf4d r0=08558810 r1=06010280 r4=00000002 r5=02036988 category=4 level=16: SWI: 0B r0: 08558810 r1: 06010280 r2: 00000040 r3: 00000018
mgba pc=08000338 lr=0822cf4d r0=08559bf0 r1=06010300 r4=00000003 r5=02036988 category=4 level=16: SWI: 0B r0: 08559BF0 r1: 06010300 r2: 00000100 r3: 00000024
mgba pc=08000338 lr=0822cf4d r0=08561fd0 r1=06010200 r4=00000004 r5=02036988 category=4 level=16: SWI: 0B r0: 08561FD0 r1: 06010200 r2: 00000040 r3: 00000030
mgba pc=081b211a lr=081add37 r0=00000000 r1=02032de4 r4=80000200 r5=03006668 category=6 level=8: Starting DMA 3 0x02032E00 -> 0x05000000 (8000:0200)
mgba pc=0823624c lr=081add3b r0=040000dc r1=00000000 r4=00000002 r5=80000000 category=6 level=8: Starting DMA 3 0x08DAEC74 -> 0x06003600 (8000:01E0)
mgba pc=0823624c lr=081add3b r0=040000dc r1=00000001 r4=00000002 r5=80000000 category=6 level=8: Starting DMA 3 0x08DA9F54 -> 0x06007400 (8000:0040)
mgba pc=0812562a lr=0000001f r0=03000a90 r1=80000400 r4=0600e800 r5=00000004 category=6 level=8: Starting DMA 3 0x02016714 -> 0x0600E800 (8000:0400)
mgba pc=0812562a lr=0000001f r0=03000a90 r1=80000400 r4=0600e000 r5=00000005 category=6 level=8: Starting DMA 3 0x02016F24 -> 0x0600E000 (8000:0400)
mgba pc=0812562a lr=0000001f r0=03000a90 r1=80000400 r4=0600f000 r5=00000006 category=6 level=8: Starting DMA 3 0x02017734 -> 0x0600F000 (8000:0400)
mgba pc=0813f7e2 lr=0813f7a5 r0=00000000 r1=00000008 r4=02036f20 r5=020023b8 category=10 level=64: Bad BIOS Load16: 0x00000008
mgba pc=0813f7e8 lr=0813f7a5 r0=00000000 r1=00000008 r4=02036f20 r5=020023b8 category=10 level=64: Bad BIOS Load16: 0x0000000A
mgba pc=0822c9c4 lr=0822cacb r0=02036f20 r1=e3a02004 r4=02036f5c r5=02036f20 category=10 level=64: Bad memory Load32: 0xE3A02004
mgba pc=0822c9ca lr=0822cacb r0=02036f20 r1=e3a02004 r4=02036f5c r5=02036f20 category=10 level=64: Bad memory Load8: 0x189b189d
mgba pc=0800032c lr=0822c1e5 r0=03007d64 r1=03007d6c r4=00000100 r5=00000001 category=4 level=16: SWI: 0F r0: 03007D64 r1: 03007D6C r2: 00000001 r3: 00000002
mgba pc=0800032c lr=0822c1e5 r0=03007d64 r1=03007d6c r4=00000100 r5=00000000 category=4 level=16: SWI: 0F r0: 03007D64 r1: 03007D6C r2: 00000001 r3: 00000002
mgba pc=08000338 lr=0823631b r0=03007dc8 r1=020388cc r4=03001bc8 r5=00000000 category=4 level=16: SWI: 0B r0: 03007DC8 r1: 020388CC r2: 0500003C r3: 00000028
mgba pc=0800030e lr=08195ef1 r0=08195e79 r1=0200231c r4=030066b0 r5=00000001 category=4 level=16: SWI: 05 r0: 08195E79 r1: 0200231C r2: 00000000 r3: 00000000
mgba pc=08000338 lr=0822cbe5 r0=030066e8 r1=07000000 r4=030066b0 r5=03006668 category=4 level=16: SWI: 0B r0: 030066E8 r1: 07000000 r2: 04000100 r3: 00000000
mgba pc=081b211a lr=081add37 r0=00000000 r1=02032de4 r4=80000200 r5=03006668 category=6 level=8: Starting DMA 3 0x02032E00 -> 0x05000000 (8000:0200)
mgba pc=0823624c lr=081add3b r0=040000dc r1=00000000 r4=00000001 r5=80000000 category=6 level=8: Starting DMA 3 0x08DAD0F4 -> 0x06003A00 (8000:00A0)
mgba pc=0813f7e2 lr=0813f7a5 r0=00000000 r1=00000008 r4=02036f20 r5=020023b8 category=10 level=64: Bad BIOS Load16: 0x00000008
mgba pc=0813f7e8 lr=0813f7a5 r0=00000000 r1=00000008 r4=02036f20 r5=020023b8 category=10 level=64: Bad BIOS Load16: 0x0000000A
mgba pc=0822c9c4 lr=0822cacb r0=02036f20 r1=e3a02004 r4=02036f5c r5=02036f20 category=10 level=64: Bad memory Load32: 0xE3A02004
mgba pc=0822c9ca lr=0822cacb r0=02036f20 r1=e3a02004 r4=02036f5c r5=02036f20 category=10 level=64: Bad memory Load8: 0x189b189d
mgba pc=0800032c lr=0822c1e5 r0=03007d78 r1=03007d80 r4=00000100 r5=00000001 category=4 level=16: SWI: 0F r0: 03007D78 r1: 03007D80 r2: 00000001 r3: 00000002
mgba pc=0800032c lr=0822c1e5 r0=03007d78 r1=03007d80 r4=00000100 r5=00000000 category=4 level=16: SWI: 0F r0: 03007D78 r1: 03007D80 r2: 00000001 r3: 00000002
mgba pc=08000338 lr=0823631b r0=03007dc8 r1=020388cc r4=03001bc8 r5=00000000 category=4 level=16: SWI: 0B r0: 03007DC8 r1: 020388CC r2: 0500003C r3: 80060000
mgba pc=0800030e lr=08195ef1 r0=08195e79 r1=0200231c r4=030066b0 r5=00000001 category=4 level=16: SWI: 05 r0: 08195E79 r1: 0200231C r2: 00000000 r3: 00000000
mgba pc=08000338 lr=0822cbe5 r0=030066e8 r1=07000000 r4=030066b0 r5=03006668 category=4 level=16: SWI: 0B r0: 030066E8 r1: 07000000 r2: 04000100 r3: 00000000
mgba pc=081b211a lr=081add37 r0=00000000 r1=02032de4 r4=80000200 r5=03006668 category=6 level=8: Starting DMA 3 0x02032E00 -> 0x05000000 (8000:0200)
mgba pc=0823624c lr=081add3b r0=040000dc r1=00000000 r4=00000001 r5=80000000 category=6 level=8: Starting DMA 3 0x08DAC8B4 -> 0x06003E00 (8000:0060)
mgba pc=0813f7e2 lr=0813f7a5 r0=00000000 r1=00000008 r4=02036f20 r5=020023b8 category=10 level=64: Bad BIOS Load16: 0x00000008
mgba pc=0813f7e8 lr=0813f7a5 r0=00000000 r1=00000008 r4=02036f20 r5=020023b8 category=10 level=64: Bad BIOS Load16: 0x0000000A
mgba pc=0822c9c4 lr=0822cacb r0=02036f20 r1=e3a02004 r4=02036f5c r5=02036f20 category=10 level=64: Bad memory Load32: 0xE3A02004
mgba pc=0822c9ca lr=0822cacb r0=02036f20 r1=e3a02004 r4=02036f5c r5=02036f20 category=10 level=64: Bad memory Load8: 0x189b189d
mgba pc=0800032c lr=0822c1e5 r0=03007d78 r1=03007d80 r4=00000100 r5=00000001 category=4 level=16: SWI: 0F r0: 03007D78 r1: 03007D80 r2: 00000001 r3: 00000002
mgba pc=0800032c lr=0822c1e5 r0=03007d78 r1=03007d80 r4=00000100 r5=00000000 category=4 level=16: SWI: 0F r0: 03007D78 r1: 03007D80 r2: 00000001 r3: 00000002
mgba pc=08000338 lr=0823631b r0=03007dc8 r1=020388cc r4=03001bc8 r5=00000000 category=4 level=16: SWI: 0B r0: 03007DC8 r1: 020388CC r2: 0500003C r3: 00000028
mgba pc=0800030e lr=08195ef1 r0=08195e79 r1=0200231c r4=030066b0 r5=00000001 category=4 level=16: SWI: 05 r0: 08195E79 r1: 0200231C r2: 00000000 r3: 00000000
mgba pc=08000338 lr=0822cbe5 r0=030066e8 r1=07000000 r4=030066b0 r5=03006668 category=4 level=16: SWI: 0B r0: 030066E8 r1: 07000000 r2: 04000100 r3: 00000000
mgba pc=081b211a lr=081add37 r0=00000000 r1=02032de4 r4=80000200 r5=03006668 category=6 level=8: Starting DMA 3 0x02032E00 -> 0x05000000 (8000:0200)
mgba pc=0823624c lr=081add3b r0=040000dc r1=00000000 r4=00000001 r5=80000000 category=6 level=8: Starting DMA 3 0x08DAC534 -> 0x06003C00 (8000:00A0)
mgba pc=0813f7e2 lr=0813f7a5 r0=00000000 r1=00000008 r4=02036f20 r5=020023b8 category=10 level=64: Bad BIOS Load16: 0x00000008
mgba pc=0813f7e8 lr=0813f7a5 r0=00000000 r1=00000008 r4=02036f20 r5=020023b8 category=10 level=64: Bad BIOS Load16: 0x0000000A
mgba pc=0822c9c4 lr=0822cacb r0=02036f20 r1=e3a02004 r4=02036f5c r5=02036f20 category=10 level=64: Bad memory Load32: 0xE3A02004
mgba pc=0822c9ca lr=0822cacb r0=02036f20 r1=e3a02004 r4=02036f5c r5=02036f20 category=10 level=64: Bad memory Load8: 0x189b189d
mgba pc=0800032c lr=0822c1e5 r0=03007d78 r1=03007d80 r4=00000100 r5=00000001 category=4 level=16: SWI: 0F r0: 03007D78 r1: 03007D80 r2: 00000001 r3: 00000002
mgba pc=0800032c lr=0822c1e5 r0=03007d78 r1=03007d80 r4=00000100 r5=00000000 category=4 level=16: SWI: 0F r0: 03007D78 r1: 03007D80 r2: 00000001 r3: 00000002
mgba pc=08000338 lr=0823631b r0=03007dc8 r1=020388cc r4=03001bc8 r5=00000000 category=4 level=16: SWI: 0B r0: 03007DC8 r1: 020388CC r2: 0500003C r3: 80050000
mgba pc=0800030e lr=08195ef1 r0=08195e79 r1=0200231c r4=030066b0 r5=00000001 category=4 level=16: SWI: 05 r0: 08195E79 r1: 0200231C r2: 00000000 r3: 00000000
mgba pc=08000338 lr=0822cbe5 r0=030066e8 r1=07000000 r4=030066b0 r5=03006668 category=4 level=16: SWI: 0B r0: 030066E8 r1: 07000000 r2: 04000100 r3: 00000000
mgba pc=081b211a lr=081add37 r0=00000000 r1=02032de4 r4=80000200 r5=03006668 category=6 level=8: Starting DMA 3 0x02032E00 -> 0x05000000 (8000:0200)
mgba pc=0813f7e2 lr=0813f7a5 r0=00000000 r1=00000008 r4=02036f20 r5=020023b8 category=10 level=64: Bad BIOS Load16: 0x00000008
mgba pc=0813f7e8 lr=0813f7a5 r0=00000000 r1=00000008 r4=02036f20 r5=020023b8 category=10 level=64: Bad BIOS Load16: 0x0000000A
mgba pc=0822c9c4 lr=0822cacb r0=02036f20 r1=e3a02004 r4=02036f5c r5=02036f20 category=10 level=64: Bad memory Load32: 0xE3A02004
mgba pc=0822c9ca lr=0822cacb r0=02036f20 r1=e3a02004 r4=02036f5c r5=02036f20 category=10 level=64: Bad memory Load8: 0x189b189d
mgba pc=0800032c lr=0822c1e5 r0=03007d64 r1=03007d6c r4=00000100 r5=00000001 category=4 level=16: SWI: 0F r0: 03007D64 r1: 03007D6C r2: 00000001 r3: 00000002
mgba pc=0800032c lr=0822c1e5 r0=03007d64 r1=03007d6c r4=00000100 r5=00000000 category=4 level=16: SWI: 0F r0: 03007D64 r1: 03007D6C r2: 00000001 r3: 00000002
mgba pc=08000338 lr=0823631b r0=03007dc8 r1=020388cc r4=03001bc8 r5=00000000 category=4 level=16: SWI: 0B r0: 03007DC8 r1: 020388CC r2: 0500003C r3: 00000028
mgba pc=0800030e lr=08195ef1 r0=08195e79 r1=0200231c r4=030066b0 r5=00000001 category=4 level=16: SWI: 05 r0: 08195E79 r1: 0200231C r2: 00000000 r3: 00000000
mgba pc=08000338 lr=0822cbe5 r0=030066e8 r1=07000000 r4=030066b0 r5=03006668 category=4 level=16: SWI: 0B r0: 030066E8 r1: 07000000 r2: 04000100 r3: 00000000
mgba pc=081b211a lr=081add37 r0=00000000 r1=02032de4 r4=80000200 r5=03006668 category=6 level=8: Starting DMA 3 0x02032E00 -> 0x05000000 (8000:0200)
mgba pc=0813f7e2 lr=0813f7a5 r0=00000000 r1=00000008 r4=02036f20 r5=020023b8 category=10 level=64: Bad BIOS Load16: 0x00000008
mgba pc=0813f7e8 lr=0813f7a5 r0=00000000 r1=00000008 r4=02036f20 r5=020023b8 category=10 level=64: Bad BIOS Load16: 0x0000000A
mgba pc=0822c9c4 lr=0822cacb r0=02036f20 r1=e3a02004 r4=02036f5c r5=02036f20 category=10 level=64: Bad memory Load32: 0xE3A02004
mgba pc=0822c9ca lr=0822cacb r0=02036f20 r1=e3a02004 r4=02036f5c r5=02036f20 category=10 level=64: Bad memory Load8: 0x189b189d
mgba pc=0800032c lr=0822c1e5 r0=03007d78 r1=03007d80 r4=00000100 r5=00000001 category=4 level=16: SWI: 0F r0: 03007D78 r1: 03007D80 r2: 00000001 r3: 00000002
mgba pc=0800032c lr=0822c1e5 r0=03007d78 r1=03007d80 r4=00000100 r5=00000000 category=4 level=16: SWI: 0F r0: 03007D78 r1: 03007D80 r2: 00000001 r3: 00000002
mgba pc=08000338 lr=0823631b r0=03007dc8 r1=020388cc r4=03001bc8 r5=00000000 category=4 level=16: SWI: 0B r0: 03007DC8 r1: 020388CC r2: 0500003C r3: 80040000
mgba pc=0800030e lr=08195ef1 r0=08195e79 r1=0200231c r4=030066b0 r5=00000001 category=4 level=16: SWI: 05 r0: 08195E79 r1: 0200231C r2: 00000000 r3: 00000000
mgba pc=08000338 lr=0822cbe5 r0=030066e8 r1=07000000 r4=030066b0 r5=03006668 category=4 level=16: SWI: 0B r0: 030066E8 r1: 07000000 r2: 04000100 r3: 00000000
mgba pc=081b211a lr=081add37 r0=00000000 r1=02032de4 r4=80000200 r5=03006668 category=6 level=8: Starting DMA 3 0x02032E00 -> 0x05000000 (8000:0200)
mgba pc=0813f7e2 lr=0813f7a5 r0=00000000 r1=00000008 r4=02036f20 r5=020023b8 category=10 level=64: Bad BIOS Load16: 0x00000008
mgba pc=0813f7e8 lr=0813f7a5 r0=00000000 r1=00000008 r4=02036f20 r5=020023b8 category=10 level=64: Bad BIOS Load16: 0x0000000A
mgba pc=0822c9c4 lr=0822cacb r0=02036f20 r1=e3a02004 r4=02036f5c r5=02036f20 category=10 level=64: Bad memory Load32: 0xE3A02004
mgba pc=0822c9ca lr=0822cacb r0=02036f20 r1=e3a02004 r4=02036f5c r5=02036f20 category=10 level=64: Bad memory Load8: 0x189b189d
mgba pc=0800032c lr=0822c1e5 r0=03007d78 r1=03007d80 r4=00000100 r5=00000001 category=4 level=16: SWI: 0F r0: 03007D78 r1: 03007D80 r2: 00000001 r3: 00000002
mgba pc=0800032c lr=0822c1e5 r0=03007d78 r1=03007d80 r4=00000100 r5=00000000 category=4 level=16: SWI: 0F r0: 03007D78 r1: 03007D80 r2: 00000001 r3: 00000002
mgba pc=08000338 lr=0823631b r0=03007dc8 r1=020388cc r4=03001bc8 r5=00000000 category=4 level=16: SWI: 0B r0: 03007DC8 r1: 020388CC r2: 0500003C r3: 00000028
mgba pc=0800030e lr=08195ef1 r0=08195e79 r1=0200231c r4=030066b0 r5=00000001 category=4 level=16: SWI: 05 r0: 08195E79 r1: 0200231C r2: 00000000 r3: 00000000
mgba pc=0825faa0 lr=08195beb r0=030056b8 r1=0000b600 r4=030066b0 r5=00000001 category=6 level=8: Starting DMA 1 0x03005A08 -> 0x040000A0 (B600:0004)
mgba pc=0825faa2 lr=08195beb r0=030056b8 r1=0000b600 r4=030066b0 r5=00000001 category=6 level=8: Starting DMA 2 0x03006038 -> 0x040000A4 (B600:0004)
mgba pc=08000338 lr=0822cbe5 r0=030066e8 r1=07000000 r4=030066b0 r5=03006668 category=4 level=16: SWI: 0B r0: 030066E8 r1: 07000000 r2: 04000100 r3: 00000000
mgba pc=081b211a lr=081add37 r0=00000000 r1=02032de4 r4=80000200 r5=03006668 category=6 level=8: Starting DMA 3 0x02032E00 -> 0x05000000 (8000:0200)
mgba pc=0813f7e2 lr=0813f7a5 r0=00000000 r1=00000008 r4=02036f20 r5=020023b8 category=10 level=64: Bad BIOS Load16: 0x00000008
mgba pc=0813f7e8 lr=0813f7a5 r0=00000000 r1=00000008 r4=02036f20 r5=020023b8 category=10 level=64: Bad BIOS Load16: 0x0000000A
mgba pc=0822c9c4 lr=0822cacb r0=02036f20 r1=e3a02004 r4=02036f5c r5=02036f20 category=10 level=64: Bad memory Load32: 0xE3A02004
mgba pc=0822c9ca lr=0822cacb r0=02036f20 r1=e3a02004 r4=02036f5c r5=02036f20 category=10 level=64: Bad memory Load8: 0x189b189d
mgba pc=0800032c lr=0822c1e5 r0=03007d78 r1=03007d80 r4=00000100 r5=00000001 category=4 level=16: SWI: 0F r0: 03007D78 r1: 03007D80 r2: 00000001 r3: 00000002
mgba pc=0800032c lr=0822c1e5 r0=03007d78 r1=03007d80 r4=00000100 r5=00000000 category=4 level=16: SWI: 0F r0: 03007D78 r1: 03007D80 r2: 00000001 r3: 00000002
mgba pc=08000338 lr=0823631b r0=03007dc8 r1=020388cc r4=03001bc8 r5=00000000 category=4 level=16: SWI: 0B r0: 03007DC8 r1: 020388CC r2: 0500003C r3: 80030000
mgba pc=0800030e lr=08195ef1 r0=08195e79 r1=0200231c r4=030066b0 r5=00000001 category=4 level=16: SWI: 05 r0: 08195E79 r1: 0200231C r2: 00000000 r3: 00000000
mgba pc=08000338 lr=0822cbe5 r0=030066e8 r1=07000000 r4=030066b0 r5=03006668 category=4 level=16: SWI: 0B r0: 030066E8 r1: 07000000 r2: 04000100 r3: 00000000
mgba pc=081b211a lr=081add37 r0=00000000 r1=02032de4 r4=80000200 r5=03006668 category=6 level=8: Starting DMA 3 0x02032E00 -> 0x05000000 (8000:0200)
mgba pc=0813f7e2 lr=0813f7a5 r0=00000000 r1=00000008 r4=02036f20 r5=020023b8 category=10 level=64: Bad BIOS Load16: 0x00000008
mgba pc=0813f7e8 lr=0813f7a5 r0=00000000 r1=00000008 r4=02036f20 r5=020023b8 category=10 level=64: Bad BIOS Load16: 0x0000000A
mgba pc=0822c9c4 lr=0822cacb r0=02036f20 r1=e3a02004 r4=02036f5c r5=02036f20 category=10 level=64: Bad memory Load32: 0xE3A02004
mgba pc=0822c9ca lr=0822cacb r0=02036f20 r1=e3a02004 r4=02036f5c r5=02036f20 category=10 level=64: Bad memory Load8: 0x189b189d
mgba pc=0800032c lr=0822c1e5 r0=03007d78 r1=03007d80 r4=00000100 r5=00000001 category=4 level=16: SWI: 0F r0: 03007D78 r1: 03007D80 r2: 00000001 r3: 00000002
mgba pc=0800032c lr=0822c1e5 r0=03007d78 r1=03007d80 r4=00000100 r5=00000000 category=4 level=16: SWI: 0F r0: 03007D78 r1: 03007D80 r2: 00000001 r3: 00000002
mgba pc=08000338 lr=0823631b r0=03007dc8 r1=020388cc r4=03001bc8 r5=00000000 category=4 level=16: SWI: 0B r0: 03007DC8 r1: 020388CC r2: 0500003C r3: 00000028
mgba pc=0800030e lr=08195ef1 r0=08195e79 r1=0200231c r4=030066b0 r5=00000001 category=4 level=16: SWI: 05 r0: 08195E79 r1: 0200231C r2: 00000000 r3: 00000000
mgba pc=08000338 lr=0822cbe5 r0=030066e8 r1=07000000 r4=030066b0 r5=03006668 category=4 level=16: SWI: 0B r0: 030066E8 r1: 07000000 r2: 04000100 r3: 00000000
mgba pc=081b211a lr=081add37 r0=00000000 r1=02032de4 r4=80000200 r5=03006668 category=6 level=8: Starting DMA 3 0x02032E00 -> 0x05000000 (8000:0200)
mgba pc=0813f7e2 lr=0813f7a5 r0=00000000 r1=00000008 r4=02036f20 r5=020023b8 category=10 level=64: Bad BIOS Load16: 0x00000008
mgba pc=0813f7e8 lr=0813f7a5 r0=00000000 r1=00000008 r4=02036f20 r5=020023b8 category=10 level=64: Bad BIOS Load16: 0x0000000A
mgba pc=0822c9c4 lr=0822cacb r0=02036f20 r1=e3a02004 r4=02036f5c r5=02036f20 category=10 level=64: Bad memory Load32: 0xE3A02004
mgba pc=0822c9ca lr=0822cacb r0=02036f20 r1=e3a02004 r4=02036f5c r5=02036f20 category=10 level=64: Bad memory Load8: 0x189b189d
mgba pc=0800032c lr=0822c1e5 r0=03007d78 r1=03007d80 r4=00000100 r5=00000001 category=4 level=16: SWI: 0F r0: 03007D78 r1: 03007D80 r2: 00000001 r3: 00000002
mgba pc=0800032c lr=0822c1e5 r0=03007d78 r1=03007d80 r4=00000100 r5=00000000 category=4 level=16: SWI: 0F r0: 03007D78 r1: 03007D80 r2: 00000001 r3: 00000002
mgba pc=08000338 lr=0823631b r0=03007dc8 r1=020388cc r4=03001bc8 r5=00000000 category=4 level=16: SWI: 0B r0: 03007DC8 r1: 020388CC r2: 0500003C r3: 80020000
mgba pc=0800030e lr=08195ef1 r0=08195e79 r1=0200231c r4=030066b0 r5=00000001 category=4 level=16: SWI: 05 r0: 08195E79 r1: 0200231C r2: 00000000 r3: 00000000
mgba pc=08000338 lr=0822cbe5 r0=030066e8 r1=07000000 r4=030066b0 r5=03006668 category=4 level=16: SWI: 0B r0: 030066E8 r1: 07000000 r2: 04000100 r3: 00000000
mgba pc=081b211a lr=081add37 r0=00000000 r1=02032de4 r4=80000200 r5=03006668 category=6 level=8: Starting DMA 3 0x02032E00 -> 0x05000000 (8000:0200)
mgba pc=0813f7e2 lr=0813f7a5 r0=00000000 r1=00000008 r4=02036f20 r5=020023b8 category=10 level=64: Bad BIOS Load16: 0x00000008
mgba pc=0813f7e8 lr=0813f7a5 r0=00000000 r1=00000008 r4=02036f20 r5=020023b8 category=10 level=64: Bad BIOS Load16: 0x0000000A
mgba pc=0822c9c4 lr=0822cacb r0=02036f20 r1=e3a02004 r4=02036f5c r5=02036f20 category=10 level=64: Bad memory Load32: 0xE3A02004
mgba pc=0822c9ca lr=0822cacb r0=02036f20 r1=e3a02004 r4=02036f5c r5=02036f20 category=10 level=64: Bad memory Load8: 0x189b189d
mgba pc=0800032c lr=0822c1e5 r0=03007d78 r1=03007d80 r4=00000100 r5=00000001 category=4 level=16: SWI: 0F r0: 03007D78 r1: 03007D80 r2: 00000001 r3: 00000002
mgba pc=0800032c lr=0822c1e5 r0=03007d78 r1=03007d80 r4=00000100 r5=00000000 category=4 level=16: SWI: 0F r0: 03007D78 r1: 03007D80 r2: 00000001 r3: 00000002
mgba pc=08000338 lr=0823631b r0=03007dc8 r1=020388cc r4=03001bc8 r5=00000000 category=4 level=16: SWI: 0B r0: 03007DC8 r1: 020388CC r2: 0500003C r3: 00000028
mgba pc=0800030e lr=08195ef1 r0=08195e79 r1=0200231c r4=030066b0 r5=00000001 category=4 level=16: SWI: 05 r0: 08195E79 r1: 0200231C r2: 00000000 r3: 00000000
mgba pc=08000338 lr=0822cbe5 r0=030066e8 r1=07000000 r4=030066b0 r5=03006668 category=4 level=16: SWI: 0B r0: 030066E8 r1: 07000000 r2: 04000100 r3: 00000000
mgba pc=081b211a lr=081add37 r0=00000000 r1=02032de4 r4=80000200 r5=03006668 category=6 level=8: Starting DMA 3 0x02032E00 -> 0x05000000 (8000:0200)
mgba pc=0813f7e2 lr=0813f7a5 r0=00000000 r1=00000008 r4=02036f20 r5=020023b8 category=10 level=64: Bad BIOS Load16: 0x00000008
mgba pc=0813f7e8 lr=0813f7a5 r0=00000000 r1=00000008 r4=02036f20 r5=020023b8 category=10 level=64: Bad BIOS Load16: 0x0000000A
mgba pc=0822c9c4 lr=0822cacb r0=02036f20 r1=e3a02004 r4=02036f5c r5=02036f20 category=10 level=64: Bad memory Load32: 0xE3A02004
mgba pc=0822c9ca lr=0822cacb r0=02036f20 r1=e3a02004 r4=02036f5c r5=02036f20 category=10 level=64: Bad memory Load8: 0x189b189d
mgba pc=0800032c lr=0822c1e5 r0=03007d78 r1=03007d80 r4=00000100 r5=00000001 category=4 level=16: SWI: 0F r0: 03007D78 r1: 03007D80 r2: 00000001 r3: 00000002
mgba pc=0800032c lr=0822c1e5 r0=03007d78 r1=03007d80 r4=00000100 r5=00000000 category=4 level=16: SWI: 0F r0: 03007D78 r1: 03007D80 r2: 00000001 r3: 00000002
mgba pc=08000338 lr=0823631b r0=03007dc8 r1=020388cc r4=03001bc8 r5=00000000 category=4 level=16: SWI: 0B r0: 03007DC8 r1: 020388CC r2: 0500003C r3: 80010000
mgba pc=0800030e lr=08195ef1 r0=08195e79 r1=0200231c r4=030066b0 r5=00000001 category=4 level=16: SWI: 05 r0: 08195E79 r1: 0200231C r2: 00000000 r3: 00000000
mgba pc=08000338 lr=0822cbe5 r0=030066e8 r1=07000000 r4=030066b0 r5=03006668 category=4 level=16: SWI: 0B r0: 030066E8 r1: 07000000 r2: 04000100 r3: 00000000
mgba pc=081b211a lr=081add37 r0=00000000 r1=02032de4 r4=80000200 r5=03006668 category=6 level=8: Starting DMA 3 0x02032E00 -> 0x05000000 (8000:0200)
mgba pc=0813f7e2 lr=0813f7a5 r0=00000000 r1=00000008 r4=02036f20 r5=020023b8 category=10 level=64: Bad BIOS Load16: 0x00000008
mgba pc=0813f7e8 lr=0813f7a5 r0=00000000 r1=00000008 r4=02036f20 r5=020023b8 category=10 level=64: Bad BIOS Load16: 0x0000000A
mgba pc=0822c9c4 lr=0822cacb r0=02036f20 r1=e3a02004 r4=02036f5c r5=02036f20 category=10 level=64: Bad memory Load32: 0xE3A02004
mgba pc=0822c9ca lr=0822cacb r0=02036f20 r1=e3a02004 r4=02036f5c r5=02036f20 category=10 level=64: Bad memory Load8: 0x189b189d
mgba pc=0800032c lr=0822c1e5 r0=03007d64 r1=03007d6c r4=00000100 r5=00000001 category=4 level=16: SWI: 0F r0: 03007D64 r1: 03007D6C r2: 00000001 r3: 00000002
mgba pc=0800032c lr=0822c1e5 r0=03007d64 r1=03007d6c r4=00000100 r5=00000000 category=4 level=16: SWI: 0F r0: 03007D64 r1: 03007D6C r2: 00000001 r3: 00000002
mgba pc=08000338 lr=0823631b r0=03007dc8 r1=020388cc r4=03001bc8 r5=00000000 category=4 level=16: SWI: 0B r0: 03007DC8 r1: 020388CC r2: 0500003C r3: 00000028
mgba pc=0800030e lr=08195ef1 r0=08195e79 r1=0200231c r4=030066b0 r5=00000001 category=4 level=16: SWI: 05 r0: 08195E79 r1: 0200231C r2: 00000000 r3: 00000000
mgba pc=08000338 lr=0822cbe5 r0=030066e8 r1=07000000 r4=030066b0 r5=03006668 category=4 level=16: SWI: 0B r0: 030066E8 r1: 07000000 r2: 04000100 r3: 00000000
mgba pc=081b211a lr=081add37 r0=00000000 r1=02032de4 r4=80000200 r5=03006668 category=6 level=8: Starting DMA 3 0x02032E00 -> 0x05000000 (8000:0200)
mgba pc=0813f7e2 lr=0813f7a5 r0=00000000 r1=00000008 r4=02036f20 r5=020023b8 category=10 level=64: Bad BIOS Load16: 0x00000008
mgba pc=0813f7e8 lr=0813f7a5 r0=00000000 r1=00000008 r4=02036f20 r5=020023b8 category=10 level=64: Bad BIOS Load16: 0x0000000A
mgba pc=0822c9c4 lr=0822cacb r0=02036f20 r1=e3a02004 r4=02036f5c r5=02036f20 category=10 level=64: Bad memory Load32: 0xE3A02004
mgba pc=0822c9ca lr=0822cacb r0=02036f20 r1=e3a02004 r4=02036f5c r5=02036f20 category=10 level=64: Bad memory Load8: 0x189b189d
mgba pc=0800032c lr=0822c1e5 r0=03007d78 r1=03007d80 r4=00000100 r5=00000001 category=4 level=16: SWI: 0F r0: 03007D78 r1: 03007D80 r2: 00000001 r3: 00000002
mgba pc=0800032c lr=0822c1e5 r0=03007d78 r1=03007d80 r4=00000100 r5=00000000 category=4 level=16: SWI: 0F r0: 03007D78 r1: 03007D80 r2: 00000001 r3: 00000002
mgba pc=08000338 lr=0823631b r0=03007dc8 r1=020388cc r4=03001bc8 r5=00000000 category=4 level=16: SWI: 0B r0: 03007DC8 r1: 020388CC r2: 0500003C r3: 80000000
mgba pc=0800030e lr=08195ef1 r0=08195e79 r1=0200231c r4=030066b0 r5=00000001 category=4 level=16: SWI: 05 r0: 08195E79 r1: 0200231C r2: 00000000 r3: 00000000
mgba pc=0825faa0 lr=08195beb r0=030056b8 r1=0000b600 r4=030066b0 r5=00000001 category=6 level=8: Starting DMA 1 0x03005A08 -> 0x040000A0 (B600:0004)
mgba pc=0825faa2 lr=08195beb r0=030056b8 r1=0000b600 r4=030066b0 r5=00000001 category=6 level=8: Starting DMA 2 0x03006038 -> 0x040000A4 (B600:0004)
mgba pc=08000338 lr=0822cbe5 r0=030066e8 r1=07000000 r4=030066b0 r5=03006668 category=4 level=16: SWI: 0B r0: 030066E8 r1: 07000000 r2: 04000100 r3: 00000000
mgba pc=081b211a lr=081add37 r0=00000000 r1=02032de4 r4=80000200 r5=03006668 category=6 level=8: Starting DMA 3 0x02032E00 -> 0x05000000 (8000:0200)
mgba pc=0813f7e2 lr=0813f7a5 r0=00000000 r1=00000008 r4=02036f20 r5=020023b8 category=10 level=64: Bad BIOS Load16: 0x00000008
mgba pc=0813f7e8 lr=0813f7a5 r0=00000000 r1=00000008 r4=02036f20 r5=020023b8 category=10 level=64: Bad BIOS Load16: 0x0000000A
mgba pc=0822c9c4 lr=0822cacb r0=02036f20 r1=e3a02004 r4=02036f5c r5=02036f20 category=10 level=64: Bad memory Load32: 0xE3A02004
mgba pc=0822c9ca lr=0822cacb r0=02036f20 r1=e3a02004 r4=02036f5c r5=02036f20 category=10 level=64: Bad memory Load8: 0x189b189d
mgba pc=0800032c lr=0822c1e5 r0=03007d78 r1=03007d80 r4=00000100 r5=00000001 category=4 level=16: SWI: 0F r0: 03007D78 r1: 03007D80 r2: 00000001 r3: 00000002
mgba pc=0800032c lr=0822c1e5 r0=03007d78 r1=03007d80 r4=00000100 r5=00000000 category=4 level=16: SWI: 0F r0: 03007D78 r1: 03007D80 r2: 00000001 r3: 00000002
mgba pc=08000338 lr=0823631b r0=03007dc8 r1=020388cc r4=03001bc8 r5=00000000 category=4 level=16: SWI: 0B r0: 03007DC8 r1: 020388CC r2: 0500003C r3: 00000028
mgba pc=0800030e lr=08195ef1 r0=08195e79 r1=0200231c r4=030066b0 r5=00000001 category=4 level=16: SWI: 05 r0: 08195E79 r1: 0200231C r2: 00000000 r3: 00000000
mgba pc=08000338 lr=0822cbe5 r0=030066e8 r1=07000000 r4=030066b0 r5=03006668 category=4 level=16: SWI: 0B r0: 030066E8 r1: 07000000 r2: 04000100 r3: 00000000
mgba pc=081b211a lr=081add37 r0=00000000 r1=02032de4 r4=80000200 r5=03006668 category=6 level=8: Starting DMA 3 0x02032E00 -> 0x05000000 (8000:0200)
mgba pc=0823624c lr=081add3b r0=040000dc r1=00000000 r4=00000001 r5=80000000 category=6 level=8: Starting DMA 3 0x08DAF154 -> 0x06003F80 (8000:0040)
mgba pc=0813f7e2 lr=0813f7a5 r0=00000000 r1=00000008 r4=02036f20 r5=020023b8 category=10 level=64: Bad BIOS Load16: 0x00000008
mgba pc=0813f7e8 lr=0813f7a5 r0=00000000 r1=00000008 r4=02036f20 r5=020023b8 category=10 level=64: Bad BIOS Load16: 0x0000000A
mgba pc=0822c9c4 lr=0822cacb r0=02036f20 r1=e3a02004 r4=02036f5c r5=02036f20 category=10 level=64: Bad memory Load32: 0xE3A02004
mgba pc=0822c9ca lr=0822cacb r0=02036f20 r1=e3a02004 r4=02036f5c r5=02036f20 category=10 level=64: Bad memory Load8: 0x189b189d
mgba pc=0800032c lr=0822c1e5 r0=03007d78 r1=03007d80 r4=00000100 r5=00000001 category=4 level=16: SWI: 0F r0: 03007D78 r1: 03007D80 r2: 00000001 r3: 00000002
mgba pc=0800032c lr=0822c1e5 r0=03007d78 r1=03007d80 r4=00000100 r5=00000000 category=4 level=16: SWI: 0F r0: 03007D78 r1: 03007D80 r2: 00000001 r3: 00000002
mgba pc=08000338 lr=0823631b r0=03007dc8 r1=020388cc r4=03001bc8 r5=00000000 category=4 level=16: SWI: 0B r0: 03007DC8 r1: 020388CC r2: 0500003C r3: 00000024
mgba pc=0800030e lr=08195ef1 r0=08195e79 r1=0200231c r4=030066b0 r5=00000001 category=4 level=16: SWI: 05 r0: 08195E79 r1: 0200231C r2: 00000000 r3: 00000000
mgba pc=08000338 lr=0822cbe5 r0=030066e8 r1=07000000 r4=030066b0 r5=03006668 category=4 level=16: SWI: 0B r0: 030066E8 r1: 07000000 r2: 04000100 r3: 00000000
mgba pc=08000338 lr=0822cf4d r0=085c1b70 r1=06010000 r4=00000000 r5=02036988 category=4 level=16: SWI: 0B r0: 085C1B70 r1: 06010000 r2: 00000080 r3: 00000000
mgba pc=081b211a lr=081add37 r0=00000000 r1=02032de4 r4=80000200 r5=03006668 category=6 level=8: Starting DMA 3 0x02032E00 -> 0x05000000 (8000:0200)
mgba pc=0823624c lr=081add3b r0=040000dc r1=00000000 r4=00000002 r5=80000000 category=6 level=8: Starting DMA 3 0x08DAE8B4 -> 0x06003600 (8000:01E0)
mgba pc=0823624c lr=081add3b r0=040000dc r1=00000001 r4=00000002 r5=80000000 category=6 level=8: Starting DMA 3 0x08DA9ED4 -> 0x06007400 (8000:0040)
mgba pc=0813f7e2 lr=0813f7a5 r0=00000000 r1=00000008 r4=02036f20 r5=020023b8 category=10 level=64: Bad BIOS Load16: 0x00000008
mgba pc=0813f7e8 lr=0813f7a5 r0=00000000 r1=00000008 r4=02036f20 r5=020023b8 category=10 level=64: Bad BIOS Load16: 0x0000000A
mgba pc=0822c9c4 lr=0822cacb r0=02036f20 r1=e3a02004 r4=02036f5c r5=02036f20 category=10 level=64: Bad memory Load32: 0xE3A02004
mgba pc=0822c9ca lr=0822cacb r0=02036f20 r1=e3a02004 r4=02036f5c r5=02036f20 category=10 level=64: Bad memory Load8: 0x189b189d
mgba pc=0800032c lr=0822c1e5 r0=03007d64 r1=03007d6c r4=00000100 r5=00000001 category=4 level=16: SWI: 0F r0: 03007D64 r1: 03007D6C r2: 00000001 r3: 00000002
mgba pc=0800032c lr=0822c1e5 r0=03007d64 r1=03007d6c r4=00000100 r5=00000000 category=4 level=16: SWI: 0F r0: 03007D64 r1: 03007D6C r2: 00000001 r3: 00000002
mgba pc=08000338 lr=0823631b r0=03007dc8 r1=020388cc r4=03001bc8 r5=00000000 category=4 level=16: SWI: 0B r0: 03007DC8 r1: 020388CC r2: 0500003C r3: 00002420
mgba pc=0800030e lr=08195ef1 r0=08195e79 r1=0200231c r4=030066b0 r5=00000001 category=4 level=16: SWI: 05 r0: 08195E79 r1: 0200231C r2: 00000000 r3: 00000000
mgba pc=08000338 lr=0822cbe5 r0=030066e8 r1=07000000 r4=030066b0 r5=03006668 category=4 level=16: SWI: 0B r0: 030066E8 r1: 07000000 r2: 04000100 r3: 00000000
mgba pc=081b211a lr=081add37 r0=00000000 r1=02032de4 r4=80000200 r5=03006668 category=6 level=8: Starting DMA 3 0x02032E00 -> 0x05000000 (8000:0200)
mgba pc=0823624c lr=081add3b r0=040000dc r1=00000000 r4=00000001 r5=80000000 category=6 level=8: Starting DMA 3 0x08DACFB4 -> 0x06003A00 (8000:00A0)
mgba pc=0813f7e2 lr=0813f7a5 r0=00000000 r1=00000008 r4=02036f20 r5=020023b8 category=10 level=64: Bad BIOS Load16: 0x00000008
mgba pc=0813f7e8 lr=0813f7a5 r0=00000000 r1=00000008 r4=02036f20 r5=020023b8 category=10 level=64: Bad BIOS Load16: 0x0000000A
mgba pc=0822c9c4 lr=0822cacb r0=02036f20 r1=e3a02004 r4=02036f5c r5=02036f20 category=10 level=64: Bad memory Load32: 0xE3A02004
mgba pc=0822c9ca lr=0822cacb r0=02036f20 r1=e3a02004 r4=02036f5c r5=02036f20 category=10 level=64: Bad memory Load8: 0x189b189d
mgba pc=0800032c lr=0822c1e5 r0=03007d78 r1=03007d80 r4=00000100 r5=00000001 category=4 level=16: SWI: 0F r0: 03007D78 r1: 03007D80 r2: 00000001 r3: 00000002
mgba pc=0800032c lr=0822c1e5 r0=03007d78 r1=03007d80 r4=00000100 r5=00000000 category=4 level=16: SWI: 0F r0: 03007D78 r1: 03007D80 r2: 00000001 r3: 00000002
mgba pc=08000338 lr=0823631b r0=03007dc8 r1=020388cc r4=03001bc8 r5=00000000 category=4 level=16: SWI: 0B r0: 03007DC8 r1: 020388CC r2: 0500003C r3: 00002440
mgba pc=0800030e lr=08195ef1 r0=08195e79 r1=0200231c r4=030066b0 r5=00000001 category=4 level=16: SWI: 05 r0: 08195E79 r1: 0200231C r2: 00000000 r3: 00000000
mgba pc=08000338 lr=0822cbe5 r0=030066e8 r1=07000000 r4=030066b0 r5=03006668 category=4 level=16: SWI: 0B r0: 030066E8 r1: 07000000 r2: 04000100 r3: 00000000
mgba pc=081b211a lr=081add37 r0=00000000 r1=02032de4 r4=80000200 r5=03006668 category=6 level=8: Starting DMA 3 0x02032E00 -> 0x05000000 (8000:0200)
mgba pc=0823624c lr=081add3b r0=040000dc r1=00000000 r4=00000001 r5=80000000 category=6 level=8: Starting DMA 3 0x08DAC7F4 -> 0x06003E00 (8000:0060)
mgba pc=0813f7e2 lr=0813f7a5 r0=00000000 r1=00000008 r4=02036f20 r5=020023b8 category=10 level=64: Bad BIOS Load16: 0x00000008
mgba pc=0813f7e8 lr=0813f7a5 r0=00000000 r1=00000008 r4=02036f20 r5=020023b8 category=10 level=64: Bad BIOS Load16: 0x0000000A
mgba pc=0822c9c4 lr=0822cacb r0=02036f20 r1=e3a02004 r4=02036f5c r5=02036f20 category=10 level=64: Bad memory Load32: 0xE3A02004
mgba pc=0822c9ca lr=0822cacb r0=02036f20 r1=e3a02004 r4=02036f5c r5=02036f20 category=10 level=64: Bad memory Load8: 0x189b189d
mgba pc=0800032c lr=0822c1e5 r0=03007d78 r1=03007d80 r4=00000100 r5=00000001 category=4 level=16: SWI: 0F r0: 03007D78 r1: 03007D80 r2: 00000001 r3: 00000002
mgba pc=0800032c lr=0822c1e5 r0=03007d78 r1=03007d80 r4=00000100 r5=00000000 category=4 level=16: SWI: 0F r0: 03007D78 r1: 03007D80 r2: 00000001 r3: 00000002
mgba pc=08000338 lr=0823631b r0=03007dc8 r1=020388cc r4=03001bc8 r5=00000000 category=4 level=16: SWI: 0B r0: 03007DC8 r1: 020388CC r2: 0500003C r3: 00002460
mgba pc=0800030e lr=08195ef1 r0=08195e79 r1=0200231c r4=030066b0 r5=00000001 category=4 level=16: SWI: 05 r0: 08195E79 r1: 0200231C r2: 00000000 r3: 00000000
mgba pc=08000338 lr=0822cbe5 r0=030066e8 r1=07000000 r4=030066b0 r5=03006668 category=4 level=16: SWI: 0B r0: 030066E8 r1: 07000000 r2: 04000100 r3: 00000000
mgba pc=081b211a lr=081add37 r0=00000000 r1=02032de4 r4=80000200 r5=03006668 category=6 level=8: Starting DMA 3 0x02032E00 -> 0x05000000 (8000:0200)
mgba pc=0823624c lr=081add3b r0=040000dc r1=00000000 r4=00000001 r5=80000000 category=6 level=8: Starting DMA 3 0x08DAC3F4 -> 0x06003C00 (8000:00A0)
mgba pc=0813f7e2 lr=0813f7a5 r0=00000000 r1=00000008 r4=02036f20 r5=020023b8 category=10 level=64: Bad BIOS Load16: 0x00000008
mgba pc=0813f7e8 lr=0813f7a5 r0=00000000 r1=00000008 r4=02036f20 r5=020023b8 category=10 level=64: Bad BIOS Load16: 0x0000000A
mgba pc=0822c9c4 lr=0822cacb r0=02036f20 r1=e3a02004 r4=02036f5c r5=02036f20 category=10 level=64: Bad memory Load32: 0xE3A02004
mgba pc=0822c9ca lr=0822cacb r0=02036f20 r1=e3a02004 r4=02036f5c r5=02036f20 category=10 level=64: Bad memory Load8: 0x189b189d
mgba pc=0800032c lr=0822c1e5 r0=03007d78 r1=03007d80 r4=00000100 r5=00000001 category=4 level=16: SWI: 0F r0: 03007D78 r1: 03007D80 r2: 00000001 r3: 00000002
mgba pc=0800032c lr=0822c1e5 r0=03007d78 r1=03007d80 r4=00000100 r5=00000000 category=4 level=16: SWI: 0F r0: 03007D78 r1: 03007D80 r2: 00000001 r3: 00000002
mgba pc=08000338 lr=0823631b r0=03007dc8 r1=020388cc r4=03001bc8 r5=00000000 category=4 level=16: SWI: 0B r0: 03007DC8 r1: 020388CC r2: 0500003C r3: 00002480
mgba pc=0800030e lr=08195ef1 r0=08195e79 r1=0200231c r4=030066b0 r5=00000001 category=4 level=16: SWI: 05 r0: 08195E79 r1: 0200231C r2: 00000000 r3: 00000000
mgba pc=08000338 lr=0822cbe5 r0=030066e8 r1=07000000 r4=030066b0 r5=03006668 category=4 level=16: SWI: 0B r0: 030066E8 r1: 07000000 r2: 04000100 r3: 00000000
mgba pc=081b211a lr=081add37 r0=00000000 r1=02032de4 r4=80000200 r5=03006668 category=6 level=8: Starting DMA 3 0x02032E00 -> 0x05000000 (8000:0200)
mgba pc=0813f7e2 lr=0813f7a5 r0=00000000 r1=00000008 r4=02036f20 r5=020023b8 category=10 level=64: Bad BIOS Load16: 0x00000008
mgba pc=0813f7e8 lr=0813f7a5 r0=00000000 r1=00000008 r4=02036f20 r5=020023b8 category=10 level=64: Bad BIOS Load16: 0x0000000A
mgba pc=0822c9c4 lr=0822cacb r0=02036f20 r1=e3a02004 r4=02036f5c r5=02036f20 category=10 level=64: Bad memory Load32: 0xE3A02004
mgba pc=0822c9ca lr=0822cacb r0=02036f20 r1=e3a02004 r4=02036f5c r5=02036f20 category=10 level=64: Bad memory Load8: 0x189b189d
mgba pc=0800032c lr=0822c1e5 r0=03007d78 r1=03007d80 r4=00000100 r5=00000001 category=4 level=16: SWI: 0F r0: 03007D78 r1: 03007D80 r2: 00000001 r3: 00000002
mgba pc=0800032c lr=0822c1e5 r0=03007d78 r1=03007d80 r4=00000100 r5=00000000 category=4 level=16: SWI: 0F r0: 03007D78 r1: 03007D80 r2: 00000001 r3: 00000002
mgba pc=08000338 lr=0823631b r0=03007dc8 r1=020388cc r4=03001bc8 r5=00000000 category=4 level=16: SWI: 0B r0: 03007DC8 r1: 020388CC r2: 0500003C r3: 00002000
mgba pc=082259da lr=08225af7 r0=00000005 r1=00000000 r4=00000004 r5=00000001 category=5 level=16: Got RTC command 4
mgba pc=082259fa lr=08225af7 r0=00000004 r1=ffffffff r4=00000005 r5=00000008 category=5 level=16: RTC output byte 40
mgba pc=08225b6c lr=04000130 r0=00000005 r1=00000000 r4=00000004 r5=00000001 category=5 level=16: Got RTC command 2
mgba pc=08225b90 lr=04000130 r0=00000004 r1=ffffffff r4=00000008 r5=00000005 category=5 level=16: RTC output byte 66
mgba pc=08225b90 lr=04000130 r0=00000004 r1=00000000 r4=00000008 r5=00000005 category=5 level=16: RTC output byte 01
mgba pc=08225b90 lr=04000130 r0=00000004 r1=00000000 r4=00000008 r5=00000005 category=5 level=16: RTC output byte 11
mgba pc=08225b90 lr=04000130 r0=00000004 r1=00000000 r4=00000008 r5=00000005 category=5 level=16: RTC output byte 00
mgba pc=08225b90 lr=04000130 r0=00000004 r1=00000000 r4=00000008 r5=00000005 category=5 level=16: RTC output byte 16
mgba pc=08225b90 lr=04000130 r0=00000004 r1=00000000 r4=00000008 r5=00000005 category=5 level=16: RTC output byte 58
mgba pc=08225b90 lr=04000130 r0=00000004 r1=00000000 r4=00000008 r5=00000005 category=5 level=16: RTC output byte 04
mgba pc=0800030e lr=08195ef1 r0=08195e79 r1=0200231c r4=030066b0 r5=00000001 category=4 level=16: SWI: 05 r0: 08195E79 r1: 0200231C r2: 00000000 r3: 00000000
mgba pc=0825faa0 lr=08195beb r0=030056b8 r1=0000b600 r4=030066b0 r5=00000001 category=6 level=8: Starting DMA 1 0x03005A08 -> 0x040000A0 (B600:0004)
mgba pc=0825faa2 lr=08195beb r0=030056b8 r1=0000b600 r4=030066b0 r5=00000001 category=6 level=8: Starting DMA 2 0x03006038 -> 0x040000A4 (B600:0004)
mgba pc=08000338 lr=0822cbe5 r0=030066e8 r1=07000000 r4=030066b0 r5=03006668 category=4 level=16: SWI: 0B r0: 030066E8 r1: 07000000 r2: 04000100 r3: 00000000
mgba pc=081b211a lr=081add37 r0=00000000 r1=02032de4 r4=80000200 r5=03006668 category=6 level=8: Starting DMA 3 0x02032E00 -> 0x05000000 (8000:0200)
mgba pc=0813f7e2 lr=0813f7a5 r0=00000000 r1=00000008 r4=02036f20 r5=020023b8 category=10 level=64: Bad BIOS Load16: 0x00000008
mgba pc=0813f7e8 lr=0813f7a5 r0=00000000 r1=00000008 r4=02036f20 r5=020023b8 category=10 level=64: Bad BIOS Load16: 0x0000000A
mgba pc=0822c9c4 lr=0822cacb r0=02036f20 r1=e3a02004 r4=02036f5c r5=02036f20 category=10 level=64: Bad memory Load32: 0xE3A02004
mgba pc=0822c9ca lr=0822cacb r0=02036f20 r1=e3a02004 r4=02036f5c r5=02036f20 category=10 level=64: Bad memory Load8: 0x189b189d
mgba pc=0800032c lr=0822c1e5 r0=03007d78 r1=03007d80 r4=00000100 r5=00000001 category=4 level=16: SWI: 0F r0: 03007D78 r1: 03007D80 r2: 00000001 r3: 00000002
mgba pc=0800032c lr=0822c1e5 r0=03007d78 r1=03007d80 r4=00000100 r5=00000000 category=4 level=16: SWI: 0F r0: 03007D78 r1: 03007D80 r2: 00000001 r3: 00000002
mgba pc=08000338 lr=0823631b r0=03007dc8 r1=020388cc r4=03001bc8 r5=00000000 category=4 level=16: SWI: 0B r0: 03007DC8 r1: 020388CC r2: 0500003C r3: 00000000
mgba pc=0800030e lr=08195ef1 r0=08195e79 r1=0200231c r4=030066b0 r5=00000001 category=4 level=16: SWI: 05 r0: 08195E79 r1: 0200231C r2: 00000000 r3: 00000000
mgba pc=08000338 lr=0822cbe5 r0=030066e8 r1=07000000 r4=030066b0 r5=03006668 category=4 level=16: SWI: 0B r0: 030066E8 r1: 07000000 r2: 04000100 r3: 00000000
mgba pc=081b211a lr=081add37 r0=00000000 r1=02032de4 r4=80000200 r5=03006668 category=6 level=8: Starting DMA 3 0x02032E00 -> 0x05000000 (8000:0200)
mgba pc=0813f7e2 lr=0813f7a5 r0=00000000 r1=00000008 r4=02036f20 r5=020023b8 category=10 level=64: Bad BIOS Load16: 0x00000008
mgba pc=0813f7e8 lr=0813f7a5 r0=00000000 r1=00000008 r4=02036f20 r5=020023b8 category=10 level=64: Bad BIOS Load16: 0x0000000A
mgba pc=0822c9c4 lr=0822cacb r0=02036f20 r1=e3a02004 r4=02036f5c r5=02036f20 category=10 level=64: Bad memory Load32: 0xE3A02004
mgba pc=0822c9ca lr=0822cacb r0=02036f20 r1=e3a02004 r4=02036f5c r5=02036f20 category=10 level=64: Bad memory Load8: 0x189b189d
mgba pc=0800032c lr=0822c1e5 r0=03007d78 r1=03007d80 r4=00000100 r5=00000001 category=4 level=16: SWI: 0F r0: 03007D78 r1: 03007D80 r2: 00000001 r3: 00000002
mgba pc=0800032c lr=0822c1e5 r0=03007d78 r1=03007d80 r4=00000100 r5=00000000 category=4 level=16: SWI: 0F r0: 03007D78 r1: 03007D80 r2: 00000001 r3: 00000002
mgba pc=08000338 lr=0823631b r0=03007dc8 r1=020388cc r4=03001bc8 r5=00000000 category=4 level=16: SWI: 0B r0: 03007DC8 r1: 020388CC r2: 0500003C r3: 00000000
mgba pc=082259da lr=08225af7 r0=00000005 r1=00000000 r4=00000004 r5=00000001 category=5 level=16: Got RTC command 4
mgba pc=082259fa lr=08225af7 r0=00000004 r1=ffffffff r4=00000005 r5=00000008 category=5 level=16: RTC output byte 40
mgba pc=08225b6c lr=04000130 r0=00000005 r1=00000000 r4=00000004 r5=00000001 category=5 level=16: Got RTC command 2
mgba pc=08225b90 lr=04000130 r0=00000004 r1=ffffffff r4=00000008 r5=00000005 category=5 level=16: RTC output byte 66
mgba pc=08225b90 lr=04000130 r0=00000004 r1=00000000 r4=00000008 r5=00000005 category=5 level=16: RTC output byte 01
mgba pc=08225b90 lr=04000130 r0=00000004 r1=00000000 r4=00000008 r5=00000005 category=5 level=16: RTC output byte 11
mgba pc=08225b90 lr=04000130 r0=00000004 r1=00000000 r4=00000008 r5=00000005 category=5 level=16: RTC output byte 00
mgba pc=08225b90 lr=04000130 r0=00000004 r1=00000000 r4=00000008 r5=00000005 category=5 level=16: RTC output byte 16
mgba pc=08225b90 lr=04000130 r0=00000004 r1=00000000 r4=00000008 r5=00000005 category=5 level=16: RTC output byte 58
mgba pc=08225b90 lr=04000130 r0=00000004 r1=00000000 r4=00000008 r5=00000005 category=5 level=16: RTC output byte 04
mgba pc=0800030e lr=08195ef1 r0=08195e79 r1=0200231c r4=030066b0 r5=00000001 category=4 level=16: SWI: 05 r0: 08195E79 r1: 0200231C r2: 00000000 r3: 00000000
mgba pc=08000338 lr=0822cbe5 r0=030066e8 r1=07000000 r4=030066b0 r5=03006668 category=4 level=16: SWI: 0B r0: 030066E8 r1: 07000000 r2: 04000100 r3: 00000000
mgba pc=081b211a lr=081add37 r0=00000000 r1=02032de4 r4=80000200 r5=03006668 category=6 level=8: Starting DMA 3 0x02032E00 -> 0x05000000 (8000:0200)
mgba pc=0813f7e2 lr=0813f7a5 r0=00000000 r1=00000008 r4=02036f20 r5=020023b8 category=10 level=64: Bad BIOS Load16: 0x00000008
mgba pc=0813f7e8 lr=0813f7a5 r0=00000000 r1=00000008 r4=02036f20 r5=020023b8 category=10 level=64: Bad BIOS Load16: 0x0000000A
mgba pc=0822c9c4 lr=0822cacb r0=02036f20 r1=e3a02004 r4=02036f5c r5=02036f20 category=10 level=64: Bad memory Load32: 0xE3A02004
mgba pc=0822c9ca lr=0822cacb r0=02036f20 r1=e3a02004 r4=02036f5c r5=02036f20 category=10 level=64: Bad memory Load8: 0x189b189d
mgba pc=0800032c lr=0822c1e5 r0=03007d78 r1=03007d80 r4=00000100 r5=00000001 category=4 level=16: SWI: 0F r0: 03007D78 r1: 03007D80 r2: 00000001 r3: 00000002
mgba pc=0800032c lr=0822c1e5 r0=03007d78 r1=03007d80 r4=00000100 r5=00000000 category=4 level=16: SWI: 0F r0: 03007D78 r1: 03007D80 r2: 00000001 r3: 00000002
mgba pc=08000338 lr=0823631b r0=03007dc8 r1=020388cc r4=03001bc8 r5=00000000 category=4 level=16: SWI: 0B r0: 03007DC8 r1: 020388CC r2: 0500003C r3: 00000000
mgba pc=082259da lr=08225af7 r0=00000005 r1=00000000 r4=00000004 r5=00000001 category=5 level=16: Got RTC command 4
mgba pc=082259fa lr=08225af7 r0=00000004 r1=ffffffff r4=00000005 r5=00000008 category=5 level=16: RTC output byte 40
mgba pc=08225b6c lr=04000130 r0=00000005 r1=00000000 r4=00000004 r5=00000001 category=5 level=16: Got RTC command 2
mgba pc=08225b90 lr=04000130 r0=00000004 r1=ffffffff r4=00000008 r5=00000005 category=5 level=16: RTC output byte 66
mgba pc=08225b90 lr=04000130 r0=00000004 r1=00000000 r4=00000008 r5=00000005 category=5 level=16: RTC output byte 01
mgba pc=08225b90 lr=04000130 r0=00000004 r1=00000000 r4=00000008 r5=00000005 category=5 level=16: RTC output byte 11
mgba pc=08225b90 lr=04000130 r0=00000004 r1=00000000 r4=00000008 r5=00000005 category=5 level=16: RTC output byte 00
mgba pc=08225b90 lr=04000130 r0=00000004 r1=00000000 r4=00000008 r5=00000005 category=5 level=16: RTC output byte 16
mgba pc=08225b90 lr=04000130 r0=00000004 r1=00000000 r4=00000008 r5=00000005 category=5 level=16: RTC output byte 58
mgba pc=08225b90 lr=04000130 r0=00000004 r1=00000000 r4=00000008 r5=00000005 category=5 level=16: RTC output byte 04
mgba pc=0800030e lr=08195ef1 r0=08195e79 r1=0200231c r4=030066b0 r5=00000001 category=4 level=16: SWI: 05 r0: 08195E79 r1: 0200231C r2: 00000000 r3: 00000000
mgba pc=08000338 lr=0822cbe5 r0=030066e8 r1=07000000 r4=030066b0 r5=03006668 category=4 level=16: SWI: 0B r0: 030066E8 r1: 07000000 r2: 04000100 r3: 00000000
mgba pc=08000338 lr=0822cf4d r0=085c1b70 r1=06010000 r4=00000000 r5=02036988 category=4 level=16: SWI: 0B r0: 085C1B70 r1: 06010000 r2: 00000080 r3: 00000000
mgba pc=081b211a lr=081add37 r0=00000000 r1=02032de4 r4=80000200 r5=03006668 category=6 level=8: Starting DMA 3 0x02032E00 -> 0x05000000 (8000:0200)
mgba pc=0813f7e2 lr=0813f7a5 r0=00000000 r1=00000008 r4=02036f20 r5=020023b8 category=10 level=64: Bad BIOS Load16: 0x00000008
mgba pc=0813f7e8 lr=0813f7a5 r0=00000000 r1=00000008 r4=02036f20 r5=020023b8 category=10 level=64: Bad BIOS Load16: 0x0000000A
mgba pc=0822c9c4 lr=0822cacb r0=02036f20 r1=e3a02004 r4=02036f5c r5=02036f20 category=10 level=64: Bad memory Load32: 0xE3A02004
mgba pc=0822c9ca lr=0822cacb r0=02036f20 r1=e3a02004 r4=02036f5c r5=02036f20 category=10 level=64: Bad memory Load8: 0x189b189d
mgba pc=0800032c lr=0822c1e5 r0=03007d64 r1=03007d6c r4=00000100 r5=00000001 category=4 level=16: SWI: 0F r0: 03007D64 r1: 03007D6C r2: 00000001 r3: 00000002
mgba pc=0800032c lr=0822c1e5 r0=03007d64 r1=03007d6c r4=00000100 r5=00000000 category=4 level=16: SWI: 0F r0: 03007D64 r1: 03007D6C r2: 00000001 r3: 00000002
mgba pc=08000338 lr=0823631b r0=03007dc8 r1=020388cc r4=03001bc8 r5=00000000 category=4 level=16: SWI: 0B r0: 03007DC8 r1: 020388CC r2: 0500003C r3: 00000000
mgba pc=082259da lr=08225af7 r0=00000005 r1=00000000 r4=00000004 r5=00000001 category=5 level=16: Got RTC command 4
mgba pc=082259fa lr=08225af7 r0=00000004 r1=ffffffff r4=00000005 r5=00000008 category=5 level=16: RTC output byte 40
mgba pc=08225b6c lr=04000130 r0=00000005 r1=00000000 r4=00000004 r5=00000001 category=5 level=16: Got RTC command 2
mgba pc=08225b90 lr=04000130 r0=00000004 r1=ffffffff r4=00000008 r5=00000005 category=5 level=16: RTC output byte 66
mgba pc=08225b90 lr=04000130 r0=00000004 r1=00000000 r4=00000008 r5=00000005 category=5 level=16: RTC output byte 01
mgba pc=08225b90 lr=04000130 r0=00000004 r1=00000000 r4=00000008 r5=00000005 category=5 level=16: RTC output byte 11
mgba pc=08225b90 lr=04000130 r0=00000004 r1=00000000 r4=00000008 r5=00000005 category=5 level=16: RTC output byte 00
mgba pc=08225b90 lr=04000130 r0=00000004 r1=00000000 r4=00000008 r5=00000005 category=5 level=16: RTC output byte 16
mgba pc=08225b90 lr=04000130 r0=00000004 r1=00000000 r4=00000008 r5=00000005 category=5 level=16: RTC output byte 58
mgba pc=08225b90 lr=04000130 r0=00000004 r1=00000000 r4=00000008 r5=00000005 category=5 level=16: RTC output byte 04
mgba pc=0800030e lr=08195ef1 r0=08195e79 r1=0200231c r4=030066b0 r5=00000001 category=4 level=16: SWI: 05 r0: 08195E79 r1: 0200231C r2: 00000000 r3: 00000000
mgba pc=08000338 lr=0822cbe5 r0=030066e8 r1=07000000 r4=030066b0 r5=03006668 category=4 level=16: SWI: 0B r0: 030066E8 r1: 07000000 r2: 04000100 r3: 00000000
mgba pc=08000338 lr=0822cf4d r0=085c1b70 r1=06010000 r4=00000000 r5=02036988 category=4 level=16: SWI: 0B r0: 085C1B70 r1: 06010000 r2: 00000080 r3: 00000000
mgba pc=081b211a lr=081add37 r0=00000000 r1=02032de4 r4=80000200 r5=03006668 category=6 level=8: Starting DMA 3 0x02032E00 -> 0x05000000 (8000:0200)
mgba pc=0813f7e2 lr=0813f7a5 r0=00000000 r1=00000008 r4=02036f20 r5=020023b8 category=10 level=64: Bad BIOS Load16: 0x00000008
mgba pc=0813f7e8 lr=0813f7a5 r0=00000000 r1=00000008 r4=02036f20 r5=020023b8 category=10 level=64: Bad BIOS Load16: 0x0000000A
mgba pc=0822c9c4 lr=0822cacb r0=02036f20 r1=e3a02004 r4=02036f5c r5=02036f20 category=10 level=64: Bad memory Load32: 0xE3A02004
mgba pc=0822c9ca lr=0822cacb r0=02036f20 r1=e3a02004 r4=02036f5c r5=02036f20 category=10 level=64: Bad memory Load8: 0x189b189d
mgba pc=0800032c lr=0822c1e5 r0=03007d78 r1=03007d80 r4=00000100 r5=00000001 category=4 level=16: SWI: 0F r0: 03007D78 r1: 03007D80 r2: 00000001 r3: 00000002
mgba pc=0800032c lr=0822c1e5 r0=03007d78 r1=03007d80 r4=00000100 r5=00000000 category=4 level=16: SWI: 0F r0: 03007D78 r1: 03007D80 r2: 00000001 r3: 00000002
mgba pc=08000338 lr=0823631b r0=03007dc8 r1=020388cc r4=03001bc8 r5=00000000 category=4 level=16: SWI: 0B r0: 03007DC8 r1: 020388CC r2: 0500003C r3: 00000000
mgba pc=082259da lr=08225af7 r0=00000005 r1=00000000 r4=00000004 r5=00000001 category=5 level=16: Got RTC command 4
mgba pc=082259fa lr=08225af7 r0=00000004 r1=ffffffff r4=00000005 r5=00000008 category=5 level=16: RTC output byte 40
mgba pc=08225b6c lr=04000130 r0=00000005 r1=00000000 r4=00000004 r5=00000001 category=5 level=16: Got RTC command 2
mgba pc=08225b90 lr=04000130 r0=00000004 r1=ffffffff r4=00000008 r5=00000005 category=5 level=16: RTC output byte 66
mgba pc=08225b90 lr=04000130 r0=00000004 r1=00000000 r4=00000008 r5=00000005 category=5 level=16: RTC output byte 01
mgba pc=08225b90 lr=04000130 r0=00000004 r1=00000000 r4=00000008 r5=00000005 category=5 level=16: RTC output byte 11
mgba pc=08225b90 lr=04000130 r0=00000004 r1=00000000 r4=00000008 r5=00000005 category=5 level=16: RTC output byte 00
mgba pc=08225b90 lr=04000130 r0=00000004 r1=00000000 r4=00000008 r5=00000005 category=5 level=16: RTC output byte 16
mgba pc=08225b90 lr=04000130 r0=00000004 r1=00000000 r4=00000008 r5=00000005 category=5 level=16: RTC output byte 58
mgba pc=08225b90 lr=04000130 r0=00000004 r1=00000000 r4=00000008 r5=00000005 category=5 level=16: RTC output byte 04
mgba pc=0800030e lr=08195ef1 r0=08195e79 r1=0200231c r4=030066b0 r5=00000001 category=4 level=16: SWI: 05 r0: 08195E79 r1: 0200231C r2: 00000000 r3: 00000000
mgba pc=08000338 lr=0822cbe5 r0=030066e8 r1=07000000 r4=030066b0 r5=03006668 category=4 level=16: SWI: 0B r0: 030066E8 r1: 07000000 r2: 04000100 r3: 00000000
mgba pc=08000338 lr=0822cf4d r0=085c1b70 r1=06010000 r4=00000000 r5=02036988 category=4 level=16: SWI: 0B r0: 085C1B70 r1: 06010000 r2: 00000080 r3: 00000000
mgba pc=081b211a lr=081add37 r0=00000000 r1=02032de4 r4=80000200 r5=03006668 category=6 level=8: Starting DMA 3 0x02032E00 -> 0x05000000 (8000:0200)
mgba pc=0813f7e2 lr=0813f7a5 r0=00000000 r1=00000008 r4=02036f20 r5=020023b8 category=10 level=64: Bad BIOS Load16: 0x00000008
mgba pc=0813f7e8 lr=0813f7a5 r0=00000000 r1=00000008 r4=02036f20 r5=020023b8 category=10 level=64: Bad BIOS Load16: 0x0000000A
mgba pc=0822c9c4 lr=0822cacb r0=02036f20 r1=e3a02004 r4=02036f5c r5=02036f20 category=10 level=64: Bad memory Load32: 0xE3A02004
mgba pc=0822c9ca lr=0822cacb r0=02036f20 r1=e3a02004 r4=02036f5c r5=02036f20 category=10 level=64: Bad memory Load8: 0x189b189d
mgba pc=0800032c lr=0822c1e5 r0=03007d78 r1=03007d80 r4=00000100 r5=00000001 category=4 level=16: SWI: 0F r0: 03007D78 r1: 03007D80 r2: 00000001 r3: 00000002
mgba pc=0800032c lr=0822c1e5 r0=03007d78 r1=03007d80 r4=00000100 r5=00000000 category=4 level=16: SWI: 0F r0: 03007D78 r1: 03007D80 r2: 00000001 r3: 00000002
mgba pc=08000338 lr=0823631b r0=03007dc8 r1=020388cc r4=03001bc8 r5=00000000 category=4 level=16: SWI: 0B r0: 03007DC8 r1: 020388CC r2: 0500003C r3: 00000000
mgba pc=082259da lr=08225af7 r0=00000005 r1=00000000 r4=00000004 r5=00000001 category=5 level=16: Got RTC command 4
mgba pc=082259fa lr=08225af7 r0=00000004 r1=ffffffff r4=00000005 r5=00000008 category=5 level=16: RTC output byte 40
mgba pc=08225b6c lr=04000130 r0=00000005 r1=00000000 r4=00000004 r5=00000001 category=5 level=16: Got RTC command 2
mgba pc=08225b90 lr=04000130 r0=00000004 r1=ffffffff r4=00000008 r5=00000005 category=5 level=16: RTC output byte 66
mgba pc=08225b90 lr=04000130 r0=00000004 r1=00000000 r4=00000008 r5=00000005 category=5 level=16: RTC output byte 01
mgba pc=08225b90 lr=04000130 r0=00000004 r1=00000000 r4=00000008 r5=00000005 category=5 level=16: RTC output byte 11
mgba pc=08225b90 lr=04000130 r0=00000004 r1=00000000 r4=00000008 r5=00000005 category=5 level=16: RTC output byte 00
mgba pc=08225b90 lr=04000130 r0=00000004 r1=00000000 r4=00000008 r5=00000005 category=5 level=16: RTC output byte 16
mgba pc=08225b90 lr=04000130 r0=00000004 r1=00000000 r4=00000008 r5=00000005 category=5 level=16: RTC output byte 58
mgba pc=08225b90 lr=04000130 r0=00000004 r1=00000000 r4=00000008 r5=00000005 category=5 level=16: RTC output byte 04
mgba pc=0800030e lr=08195ef1 r0=08195e79 r1=0200231c r4=030066b0 r5=00000001 category=4 level=16: SWI: 05 r0: 08195E79 r1: 0200231C r2: 00000000 r3: 00000000
mgba pc=08000338 lr=0822cbe5 r0=030066e8 r1=07000000 r4=030066b0 r5=03006668 category=4 level=16: SWI: 0B r0: 030066E8 r1: 07000000 r2: 04000100 r3: 00000000
mgba pc=08000338 lr=0822cf4d r0=085c1b70 r1=06010000 r4=00000000 r5=02036988 category=4 level=16: SWI: 0B r0: 085C1B70 r1: 06010000 r2: 00000080 r3: 00000000
mgba pc=081b211a lr=081add37 r0=00000000 r1=02032de4 r4=80000200 r5=03006668 category=6 level=8: Starting DMA 3 0x02032E00 -> 0x05000000 (8000:0200)
mgba pc=0813f7e2 lr=0813f7a5 r0=00000000 r1=00000008 r4=02036f20 r5=020023b8 category=10 level=64: Bad BIOS Load16: 0x00000008
mgba pc=0813f7e8 lr=0813f7a5 r0=00000000 r1=00000008 r4=02036f20 r5=020023b8 category=10 level=64: Bad BIOS Load16: 0x0000000A
mgba pc=0822c9c4 lr=0822cacb r0=02036f20 r1=e3a02004 r4=02036f5c r5=02036f20 category=10 level=64: Bad memory Load32: 0xE3A02004
mgba pc=0822c9ca lr=0822cacb r0=02036f20 r1=e3a02004 r4=02036f5c r5=02036f20 category=10 level=64: Bad memory Load8: 0x189b189d
mgba pc=0800032c lr=0822c1e5 r0=03007d78 r1=03007d80 r4=00000100 r5=00000001 category=4 level=16: SWI: 0F r0: 03007D78 r1: 03007D80 r2: 00000001 r3: 00000002
mgba pc=0800032c lr=0822c1e5 r0=03007d78 r1=03007d80 r4=00000100 r5=00000000 category=4 level=16: SWI: 0F r0: 03007D78 r1: 03007D80 r2: 00000001 r3: 00000002
mgba pc=08000338 lr=0823631b r0=03007dc8 r1=020388cc r4=03001bc8 r5=00000000 category=4 level=16: SWI: 0B r0: 03007DC8 r1: 020388CC r2: 0500003C r3: 00000000
mgba pc=082259da lr=08225af7 r0=00000005 r1=00000000 r4=00000004 r5=00000001 category=5 level=16: Got RTC command 4
mgba pc=082259fa lr=08225af7 r0=00000004 r1=ffffffff r4=00000005 r5=00000008 category=5 level=16: RTC output byte 40
mgba pc=08225b6c lr=04000130 r0=00000005 r1=00000000 r4=00000004 r5=00000001 category=5 level=16: Got RTC command 2
mgba pc=08225b90 lr=04000130 r0=00000004 r1=ffffffff r4=00000008 r5=00000005 category=5 level=16: RTC output byte 66
mgba pc=08225b90 lr=04000130 r0=00000004 r1=00000000 r4=00000008 r5=00000005 category=5 level=16: RTC output byte 01
mgba pc=08225b90 lr=04000130 r0=00000004 r1=00000000 r4=00000008 r5=00000005 category=5 level=16: RTC output byte 11
mgba pc=08225b90 lr=04000130 r0=00000004 r1=00000000 r4=00000008 r5=00000005 category=5 level=16: RTC output byte 00
mgba pc=08225b90 lr=04000130 r0=00000004 r1=00000000 r4=00000008 r5=00000005 category=5 level=16: RTC output byte 16
mgba pc=08225b90 lr=04000130 r0=00000004 r1=00000000 r4=00000008 r5=00000005 category=5 level=16: RTC output byte 58
mgba pc=08225b90 lr=04000130 r0=00000004 r1=00000000 r4=00000008 r5=00000005 category=5 level=16: RTC output byte 04
mgba pc=0800030e lr=08195ef1 r0=08195e79 r1=0200231c r4=030066b0 r5=00000001 category=4 level=16: SWI: 05 r0: 08195E79 r1: 0200231C r2: 00000000 r3: 00000000
mgba pc=0825faa0 lr=08195beb r0=030056b8 r1=0000b600 r4=030066b0 r5=00000001 category=6 level=8: Starting DMA 1 0x03005A08 -> 0x040000A0 (B600:0004)
mgba pc=0825faa2 lr=08195beb r0=030056b8 r1=0000b600 r4=030066b0 r5=00000001 category=6 level=8: Starting DMA 2 0x03006038 -> 0x040000A4 (B600:0004)
mgba pc=08000338 lr=0822cbe5 r0=030066e8 r1=07000000 r4=030066b0 r5=03006668 category=4 level=16: SWI: 0B r0: 030066E8 r1: 07000000 r2: 04000100 r3: 00000000
mgba pc=08000338 lr=0822cf4d r0=085c1b70 r1=06010000 r4=00000000 r5=02036988 category=4 level=16: SWI: 0B r0: 085C1B70 r1: 06010000 r2: 00000080 r3: 00000000
mgba pc=081b211a lr=081add37 r0=00000000 r1=02032de4 r4=80000200 r5=03006668 category=6 level=8: Starting DMA 3 0x02032E00 -> 0x05000000 (8000:0200)
mgba pc=0813f7e2 lr=0813f7a5 r0=00000000 r1=00000008 r4=02036f20 r5=020023b8 category=10 level=64: Bad BIOS Load16: 0x00000008
mgba pc=0813f7e8 lr=0813f7a5 r0=00000000 r1=00000008 r4=02036f20 r5=020023b8 category=10 level=64: Bad BIOS Load16: 0x0000000A
mgba pc=0822c9c4 lr=0822cacb r0=02036f20 r1=e3a02004 r4=02036f5c r5=02036f20 category=10 level=64: Bad memory Load32: 0xE3A02004
mgba pc=0822c9ca lr=0822cacb r0=02036f20 r1=e3a02004 r4=02036f5c r5=02036f20 category=10 level=64: Bad memory Load8: 0x189b189d
mgba pc=0800032c lr=0822c1e5 r0=03007d64 r1=03007d6c r4=00000100 r5=00000001 category=4 level=16: SWI: 0F r0: 03007D64 r1: 03007D6C r2: 00000001 r3: 00000002
mgba pc=0800032c lr=0822c1e5 r0=03007d64 r1=03007d6c r4=00000100 r5=00000000 category=4 level=16: SWI: 0F r0: 03007D64 r1: 03007D6C r2: 00000001 r3: 00000002
mgba pc=08000338 lr=0823631b r0=03007dc8 r1=020388cc r4=03001bc8 r5=00000000 category=4 level=16: SWI: 0B r0: 03007DC8 r1: 020388CC r2: 0500003C r3: 00000000
mgba pc=082259da lr=08225af7 r0=00000005 r1=00000000 r4=00000004 r5=00000001 category=5 level=16: Got RTC command 4
mgba pc=082259fa lr=08225af7 r0=00000004 r1=ffffffff r4=00000005 r5=00000008 category=5 level=16: RTC output byte 40
mgba pc=08225b6c lr=04000130 r0=00000005 r1=00000000 r4=00000004 r5=00000001 category=5 level=16: Got RTC command 2
mgba pc=08225b90 lr=04000130 r0=00000004 r1=ffffffff r4=00000008 r5=00000005 category=5 level=16: RTC output byte 66
mgba pc=08225b90 lr=04000130 r0=00000004 r1=00000000 r4=00000008 r5=00000005 category=5 level=16: RTC output byte 01
mgba pc=08225b90 lr=04000130 r0=00000004 r1=00000000 r4=00000008 r5=00000005 category=5 level=16: RTC output byte 11
mgba pc=08225b90 lr=04000130 r0=00000004 r1=00000000 r4=00000008 r5=00000005 category=5 level=16: RTC output byte 00
mgba pc=08225b90 lr=04000130 r0=00000004 r1=00000000 r4=00000008 r5=00000005 category=5 level=16: RTC output byte 16
mgba pc=08225b90 lr=04000130 r0=00000004 r1=00000000 r4=00000008 r5=00000005 category=5 level=16: RTC output byte 58
mgba pc=08225b90 lr=04000130 r0=00000004 r1=00000000 r4=00000008 r5=00000005 category=5 level=16: RTC output byte 04
mgba pc=0800030e lr=08195ef1 r0=08195e79 r1=0200231c r4=030066b0 r5=00000001 category=4 level=16: SWI: 05 r0: 08195E79 r1: 0200231C r2: 00000000 r3: 00000000
mgba pc=08000338 lr=0822cbe5 r0=030066e8 r1=07000000 r4=030066b0 r5=03006668 category=4 level=16: SWI: 0B r0: 030066E8 r1: 07000000 r2: 04000100 r3: 00000000
mgba pc=08000338 lr=0822cf4d r0=085c1b70 r1=06010000 r4=00000000 r5=02036988 category=4 level=16: SWI: 0B r0: 085C1B70 r1: 06010000 r2: 00000080 r3: 00000000
mgba pc=081b211a lr=081add37 r0=00000000 r1=02032de4 r4=80000200 r5=03006668 category=6 level=8: Starting DMA 3 0x02032E00 -> 0x05000000 (8000:0200)
mgba pc=08000338 lr=08198e9f r0=03007d28 r1=020194e4 r4=000000f0 r5=020194e4 category=4 level=16: SWI: 0B r0: 03007D28 r1: 020194E4 r2: 050000F0 r3: 00000000
mgba pc=08000338 lr=081b2045 r0=0874dbb8 r1=020333c0 r4=000001c0 r5=00000010 category=4 level=16: SWI: 0B r0: 0874DBB8 r1: 020333C0 r2: 00000010 r3: 0874DB78
mgba pc=08000338 lr=081b2051 r0=0874dbb8 r1=02032fc0 r4=000001c0 r5=00000010 category=4 level=16: SWI: 0B r0: 0874DBB8 r1: 02032FC0 r2: 00000010 r3: 00000170
mgba pc=08000338 lr=0822cbe5 r0=030066e8 r1=07000000 r4=030066b0 r5=03006668 category=4 level=16: SWI: 0B r0: 030066E8 r1: 07000000 r2: 04000100 r3: 00000000
mgba pc=081b211a lr=081add37 r0=00000000 r1=02032de4 r4=80000200 r5=03006668 category=6 level=8: Starting DMA 3 0x02032E00 -> 0x05000000 (8000:0200)
mgba pc=0812562a lr=0874fa38 r0=03000a90 r1=80000200 r4=0600c3a0 r5=00000007 category=6 level=8: Starting DMA 3 0x0874E3B8 -> 0x0600C3A0 (8000:0200)
mgba pc=0813f7e2 lr=0813f7a5 r0=00000000 r1=00000008 r4=02036f20 r5=020023b8 category=10 level=64: Bad BIOS Load16: 0x00000008
mgba pc=0813f7e8 lr=0813f7a5 r0=00000000 r1=00000008 r4=02036f20 r5=020023b8 category=10 level=64: Bad BIOS Load16: 0x0000000A
mgba pc=0822c9c4 lr=0822cacb r0=02036f20 r1=e3a02004 r4=02036f5c r5=02036f20 category=10 level=64: Bad memory Load32: 0xE3A02004
mgba pc=0822c9ca lr=0822cacb r0=02036f20 r1=e3a02004 r4=02036f5c r5=02036f20 category=10 level=64: Bad memory Load8: 0x189b189d
mgba pc=0800032c lr=0822c1e5 r0=03007d78 r1=03007d80 r4=00000100 r5=00000001 category=4 level=16: SWI: 0F r0: 03007D78 r1: 03007D80 r2: 00000001 r3: 00000002
mgba pc=0800032c lr=0822c1e5 r0=03007d78 r1=03007d80 r4=00000100 r5=00000000 category=4 level=16: SWI: 0F r0: 03007D78 r1: 03007D80 r2: 00000001 r3: 00000002
mgba pc=08000338 lr=0823631b r0=03007dc8 r1=020388cc r4=03001bc8 r5=00000000 category=4 level=16: SWI: 0B r0: 03007DC8 r1: 020388CC r2: 0500003C r3: 00000000
mgba pc=082259da lr=08225af7 r0=00000005 r1=00000000 r4=00000004 r5=00000001 category=5 level=16: Got RTC command 4
mgba pc=082259fa lr=08225af7 r0=00000004 r1=ffffffff r4=00000005 r5=00000008 category=5 level=16: RTC output byte 40
mgba pc=08225b6c lr=04000130 r0=00000005 r1=00000000 r4=00000004 r5=00000001 category=5 level=16: Got RTC command 2
mgba pc=08225b90 lr=04000130 r0=00000004 r1=ffffffff r4=00000008 r5=00000005 category=5 level=16: RTC output byte 66
mgba pc=08225b90 lr=04000130 r0=00000004 r1=00000000 r4=00000008 r5=00000005 category=5 level=16: RTC output byte 01
mgba pc=08225b90 lr=04000130 r0=00000004 r1=00000000 r4=00000008 r5=00000005 category=5 level=16: RTC output byte 11
mgba pc=08225b90 lr=04000130 r0=00000004 r1=00000000 r4=00000008 r5=00000005 category=5 level=16: RTC output byte 00
mgba pc=08225b90 lr=04000130 r0=00000004 r1=00000000 r4=00000008 r5=00000005 category=5 level=16: RTC output byte 16
mgba pc=08225b90 lr=04000130 r0=00000004 r1=00000000 r4=00000008 r5=00000005 category=5 level=16: RTC output byte 58
mgba pc=08225b90 lr=04000130 r0=00000004 r1=00000000 r4=00000008 r5=00000005 category=5 level=16: RTC output byte 04
mgba pc=0800030e lr=08195ef1 r0=08195e79 r1=0200231c r4=030066b0 r5=00000001 category=4 level=16: SWI: 05 r0: 08195E79 r1: 0200231C r2: 00000000 r3: 00000000
mgba pc=08000338 lr=0822cbe5 r0=030066e8 r1=07000000 r4=030066b0 r5=03006668 category=4 level=16: SWI: 0B r0: 030066E8 r1: 07000000 r2: 04000100 r3: 00000000
mgba pc=08000338 lr=0822cf4d r0=085c1b70 r1=06010000 r4=00000000 r5=02036988 category=4 level=16: SWI: 0B r0: 085C1B70 r1: 06010000 r2: 00000080 r3: 00000000
mgba pc=081b211a lr=081add37 r0=00000000 r1=02032de4 r4=80000200 r5=03006668 category=6 level=8: Starting DMA 3 0x02032E00 -> 0x05000000 (8000:0200)
mgba pc=0812562a lr=0000001f r0=03000a90 r1=800001e0 r4=0600a0e0 r5=00000008 category=6 level=8: Starting DMA 3 0x020194E4 -> 0x0600A0E0 (8000:01E0)
mgba pc=0812562a lr=0000001f r0=03000a90 r1=80000400 r4=0600f800 r5=00000009 category=6 level=8: Starting DMA 3 0x02017F44 -> 0x0600F800 (8000:0400)
mgba pc=0813f7e2 lr=0813f7a5 r0=00000000 r1=00000008 r4=02036f20 r5=020023b8 category=10 level=64: Bad BIOS Load16: 0x00000008
mgba pc=0813f7e8 lr=0813f7a5 r0=00000000 r1=00000008 r4=02036f20 r5=020023b8 category=10 level=64: Bad BIOS Load16: 0x0000000A
mgba pc=0822c9c4 lr=0822cacb r0=02036f20 r1=e3a02004 r4=02036f5c r5=02036f20 category=10 level=64: Bad memory Load32: 0xE3A02004
mgba pc=0822c9ca lr=0822cacb r0=02036f20 r1=e3a02004 r4=02036f5c r5=02036f20 category=10 level=64: Bad memory Load8: 0x189b189d
mgba pc=0800032c lr=0822c1e5 r0=03007d78 r1=03007d80 r4=00000100 r5=00000001 category=4 level=16: SWI: 0F r0: 03007D78 r1: 03007D80 r2: 00000001 r3: 00000002
mgba pc=0800032c lr=0822c1e5 r0=03007d78 r1=03007d80 r4=00000100 r5=00000000 category=4 level=16: SWI: 0F r0: 03007D78 r1: 03007D80 r2: 00000001 r3: 00000002
mgba pc=08000338 lr=0823631b r0=03007dc8 r1=020388cc r4=03001bc8 r5=00000000 category=4 level=16: SWI: 0B r0: 03007DC8 r1: 020388CC r2: 0500003C r3: 00000000
mgba pc=082259da lr=08225af7 r0=00000005 r1=00000000 r4=00000004 r5=00000001 category=5 level=16: Got RTC command 4
mgba pc=082259fa lr=08225af7 r0=00000004 r1=ffffffff r4=00000005 r5=00000008 category=5 level=16: RTC output byte 40
mgba pc=08225b6c lr=04000130 r0=00000005 r1=00000000 r4=00000004 r5=00000001 category=5 level=16: Got RTC command 2
mgba pc=08225b90 lr=04000130 r0=00000004 r1=ffffffff r4=00000008 r5=00000005 category=5 level=16: RTC output byte 66
mgba pc=08225b90 lr=04000130 r0=00000004 r1=00000000 r4=00000008 r5=00000005 category=5 level=16: RTC output byte 01
mgba pc=08225b90 lr=04000130 r0=00000004 r1=00000000 r4=00000008 r5=00000005 category=5 level=16: RTC output byte 11
mgba pc=08225b90 lr=04000130 r0=00000004 r1=00000000 r4=00000008 r5=00000005 category=5 level=16: RTC output byte 00
mgba pc=08225b90 lr=04000130 r0=00000004 r1=00000000 r4=00000008 r5=00000005 category=5 level=16: RTC output byte 16
mgba pc=08225b90 lr=04000130 r0=00000004 r1=00000000 r4=00000008 r5=00000005 category=5 level=16: RTC output byte 58
mgba pc=08225b90 lr=04000130 r0=00000004 r1=00000000 r4=00000008 r5=00000005 category=5 level=16: RTC output byte 04
mgba pc=0800030e lr=08195ef1 r0=08195e79 r1=0200231c r4=030066b0 r5=00000001 category=4 level=16: SWI: 05 r0: 08195E79 r1: 0200231C r2: 00000000 r3: 00000000
mgba pc=08000338 lr=0822cbe5 r0=030066e8 r1=07000000 r4=030066b0 r5=03006668 category=4 level=16: SWI: 0B r0: 030066E8 r1: 07000000 r2: 04000100 r3: 00000000
mgba pc=08000338 lr=0822cf4d r0=085c1b70 r1=06010000 r4=00000000 r5=02036988 category=4 level=16: SWI: 0B r0: 085C1B70 r1: 06010000 r2: 00000080 r3: 00000000
mgba pc=081b211a lr=081add37 r0=00000000 r1=02032de4 r4=80000200 r5=03006668 category=6 level=8: Starting DMA 3 0x02032E00 -> 0x05000000 (8000:0200)
mgba pc=0823624c lr=081add3b r0=040000dc r1=00000000 r4=00000001 r5=80000000 category=6 level=8: Starting DMA 3 0x08DAF0D4 -> 0x06003F80 (8000:0040)
mgba pc=0813f7e2 lr=0813f7a5 r0=00000000 r1=00000008 r4=02036f20 r5=020023b8 category=10 level=64: Bad BIOS Load16: 0x00000008
mgba pc=0813f7e8 lr=0813f7a5 r0=00000000 r1=00000008 r4=02036f20 r5=020023b8 category=10 level=64: Bad BIOS Load16: 0x0000000A
mgba pc=0822c9c4 lr=0822cacb r0=02036f20 r1=e3a02004 r4=02036f5c r5=02036f20 category=10 level=64: Bad memory Load32: 0xE3A02004
mgba pc=0822c9ca lr=0822cacb r0=02036f20 r1=e3a02004 r4=02036f5c r5=02036f20 category=10 level=64: Bad memory Load8: 0x189b189d
mgba pc=0800032c lr=0822c1e5 r0=03007d78 r1=03007d80 r4=00000100 r5=00000001 category=4 level=16: SWI: 0F r0: 03007D78 r1: 03007D80 r2: 00000001 r3: 00000002
mgba pc=0800032c lr=0822c1e5 r0=03007d78 r1=03007d80 r4=00000100 r5=00000000 category=4 level=16: SWI: 0F r0: 03007D78 r1: 03007D80 r2: 00000001 r3: 00000002
mgba pc=08000338 lr=0823631b r0=03007dc8 r1=020388cc r4=03001bc8 r5=00000000 category=4 level=16: SWI: 0B r0: 03007DC8 r1: 020388CC r2: 0500003C r3: 00000000
mgba pc=082259da lr=08225af7 r0=00000005 r1=00000000 r4=00000004 r5=00000001 category=5 level=16: Got RTC command 4
mgba pc=082259fa lr=08225af7 r0=00000004 r1=ffffffff r4=00000005 r5=00000008 category=5 level=16: RTC output byte 40
mgba pc=08225b6c lr=04000130 r0=00000005 r1=00000000 r4=00000004 r5=00000001 category=5 level=16: Got RTC command 2
mgba pc=08225b90 lr=04000130 r0=00000004 r1=ffffffff r4=00000008 r5=00000005 category=5 level=16: RTC output byte 66
mgba pc=08225b90 lr=04000130 r0=00000004 r1=00000000 r4=00000008 r5=00000005 category=5 level=16: RTC output byte 01
mgba pc=08225b90 lr=04000130 r0=00000004 r1=00000000 r4=00000008 r5=00000005 category=5 level=16: RTC output byte 11
mgba pc=08225b90 lr=04000130 r0=00000004 r1=00000000 r4=00000008 r5=00000005 category=5 level=16: RTC output byte 00
mgba pc=08225b90 lr=04000130 r0=00000004 r1=00000000 r4=00000008 r5=00000005 category=5 level=16: RTC output byte 16
mgba pc=08225b90 lr=04000130 r0=00000004 r1=00000000 r4=00000008 r5=00000005 category=5 level=16: RTC output byte 58
mgba pc=08225b90 lr=04000130 r0=00000004 r1=00000000 r4=00000008 r5=00000005 category=5 level=16: RTC output byte 04
mgba pc=0800030e lr=08195ef1 r0=08195e79 r1=0200231c r4=030066b0 r5=00000001 category=4 level=16: SWI: 05 r0: 08195E79 r1: 0200231C r2: 00000000 r3: 00000000
mgba pc=08000338 lr=0822cbe5 r0=030066e8 r1=07000000 r4=030066b0 r5=03006668 category=4 level=16: SWI: 0B r0: 030066E8 r1: 07000000 r2: 04000100 r3: 00000000
mgba pc=08000338 lr=0822cf4d r0=085c1b70 r1=06010000 r4=00000000 r5=02036988 category=4 level=16: SWI: 0B r0: 085C1B70 r1: 06010000 r2: 00000080 r3: 00000000
mgba pc=08000338 lr=0822cf4d r0=085621d0 r1=06010200 r4=00000001 r5=02036988 category=4 level=16: SWI: 0B r0: 085621D0 r1: 06010200 r2: 00000040 r3: 0000000C
mgba pc=081b211a lr=081add37 r0=00000000 r1=02032de4 r4=80000200 r5=03006668 category=6 level=8: Starting DMA 3 0x02032E00 -> 0x05000000 (8000:0200)
mgba pc=0823624c lr=081add3b r0=040000dc r1=00000000 r4=00000002 r5=80000000 category=6 level=8: Starting DMA 3 0x08DAE4F4 -> 0x06003600 (8000:01E0)
mgba pc=0823624c lr=081add3b r0=040000dc r1=00000001 r4=00000002 r5=80000000 category=6 level=8: Starting DMA 3 0x08DA9E54 -> 0x06007400 (8000:0040)
mgba pc=0813f7e2 lr=0813f7a5 r0=00000000 r1=00000008 r4=02036f20 r5=020023b8 category=10 level=64: Bad BIOS Load16: 0x00000008
mgba pc=0813f7e8 lr=0813f7a5 r0=00000000 r1=00000008 r4=02036f20 r5=020023b8 category=10 level=64: Bad BIOS Load16: 0x0000000A
mgba pc=0822c9c4 lr=0822cacb r0=02036f20 r1=e3a02004 r4=02036f5c r5=02036f20 category=10 level=64: Bad memory Load32: 0xE3A02004
mgba pc=0822c9ca lr=0822cacb r0=02036f20 r1=e3a02004 r4=02036f5c r5=02036f20 category=10 level=64: Bad memory Load8: 0x189b189d
mgba pc=0800032c lr=0822c1e5 r0=03007d78 r1=03007d80 r4=00000100 r5=00000001 category=4 level=16: SWI: 0F r0: 03007D78 r1: 03007D80 r2: 00000001 r3: 00000002
mgba pc=0800032c lr=0822c1e5 r0=03007d78 r1=03007d80 r4=00000100 r5=00000000 category=4 level=16: SWI: 0F r0: 03007D78 r1: 03007D80 r2: 00000001 r3: 00000002
mgba pc=08000338 lr=0823631b r0=03007dc8 r1=020388cc r4=03001bc8 r5=00000000 category=4 level=16: SWI: 0B r0: 03007DC8 r1: 020388CC r2: 0500003C r3: 00000000
mgba pc=082259da lr=08225af7 r0=00000005 r1=00000000 r4=00000004 r5=00000001 category=5 level=16: Got RTC command 4
mgba pc=082259fa lr=08225af7 r0=00000004 r1=ffffffff r4=00000005 r5=00000008 category=5 level=16: RTC output byte 40
mgba pc=08225b6c lr=04000130 r0=00000005 r1=00000000 r4=00000004 r5=00000001 category=5 level=16: Got RTC command 2
mgba pc=08225b90 lr=04000130 r0=00000004 r1=ffffffff r4=00000008 r5=00000005 category=5 level=16: RTC output byte 66
mgba pc=08225b90 lr=04000130 r0=00000004 r1=00000000 r4=00000008 r5=00000005 category=5 level=16: RTC output byte 01
mgba pc=08225b90 lr=04000130 r0=00000004 r1=00000000 r4=00000008 r5=00000005 category=5 level=16: RTC output byte 11
mgba pc=08225b90 lr=04000130 r0=00000004 r1=00000000 r4=00000008 r5=00000005 category=5 level=16: RTC output byte 00
mgba pc=08225b90 lr=04000130 r0=00000004 r1=00000000 r4=00000008 r5=00000005 category=5 level=16: RTC output byte 16
mgba pc=08225b90 lr=04000130 r0=00000004 r1=00000000 r4=00000008 r5=00000005 category=5 level=16: RTC output byte 58
mgba pc=08225b90 lr=04000130 r0=00000004 r1=00000000 r4=00000008 r5=00000005 category=5 level=16: RTC output byte 04
mgba pc=0800030e lr=08195ef1 r0=08195e79 r1=0200231c r4=030066b0 r5=00000001 category=4 level=16: SWI: 05 r0: 08195E79 r1: 0200231C r2: 00000000 r3: 00000000
mgba pc=08000338 lr=0822cbe5 r0=030066e8 r1=07000000 r4=030066b0 r5=03006668 category=4 level=16: SWI: 0B r0: 030066E8 r1: 07000000 r2: 04000100 r3: 00000000
mgba pc=08000338 lr=0822cf4d r0=085c1b70 r1=06010000 r4=00000000 r5=02036988 category=4 level=16: SWI: 0B r0: 085C1B70 r1: 06010000 r2: 00000080 r3: 00000000
mgba pc=081b211a lr=081add37 r0=00000000 r1=02032de4 r4=80000200 r5=03006668 category=6 level=8: Starting DMA 3 0x02032E00 -> 0x05000000 (8000:0200)
mgba pc=0823624c lr=081add3b r0=040000dc r1=00000000 r4=00000001 r5=80000000 category=6 level=8: Starting DMA 3 0x08DACE74 -> 0x06003A00 (8000:00A0)
mgba pc=0813f7e2 lr=0813f7a5 r0=00000000 r1=00000008 r4=02036f20 r5=020023b8 category=10 level=64: Bad BIOS Load16: 0x00000008
mgba pc=0813f7e8 lr=0813f7a5 r0=00000000 r1=00000008 r4=02036f20 r5=020023b8 category=10 level=64: Bad BIOS Load16: 0x0000000A
mgba pc=0822c9c4 lr=0822cacb r0=02036f20 r1=e3a02004 r4=02036f5c r5=02036f20 category=10 level=64: Bad memory Load32: 0xE3A02004
mgba pc=0822c9ca lr=0822cacb r0=02036f20 r1=e3a02004 r4=02036f5c r5=02036f20 category=10 level=64: Bad memory Load8: 0x189b189d
mgba pc=0800032c lr=0822c1e5 r0=03007d78 r1=03007d80 r4=00000100 r5=00000001 category=4 level=16: SWI: 0F r0: 03007D78 r1: 03007D80 r2: 00000001 r3: 00000002
mgba pc=0800032c lr=0822c1e5 r0=03007d78 r1=03007d80 r4=00000100 r5=00000000 category=4 level=16: SWI: 0F r0: 03007D78 r1: 03007D80 r2: 00000001 r3: 00000002
mgba pc=08000338 lr=0823631b r0=03007dc8 r1=020388cc r4=03001bc8 r5=00000000 category=4 level=16: SWI: 0B r0: 03007DC8 r1: 020388CC r2: 0500003C r3: 00000000
mgba pc=082259da lr=08225af7 r0=00000005 r1=00000000 r4=00000004 r5=00000001 category=5 level=16: Got RTC command 4
mgba pc=082259fa lr=08225af7 r0=00000004 r1=ffffffff r4=00000005 r5=00000008 category=5 level=16: RTC output byte 40
mgba pc=08225b6c lr=04000130 r0=00000005 r1=00000000 r4=00000004 r5=00000001 category=5 level=16: Got RTC command 2
mgba pc=08225b90 lr=04000130 r0=00000004 r1=ffffffff r4=00000008 r5=00000005 category=5 level=16: RTC output byte 66
mgba pc=08225b90 lr=04000130 r0=00000004 r1=00000000 r4=00000008 r5=00000005 category=5 level=16: RTC output byte 01
mgba pc=08225b90 lr=04000130 r0=00000004 r1=00000000 r4=00000008 r5=00000005 category=5 level=16: RTC output byte 11
mgba pc=08225b90 lr=04000130 r0=00000004 r1=00000000 r4=00000008 r5=00000005 category=5 level=16: RTC output byte 00
mgba pc=08225b90 lr=04000130 r0=00000004 r1=00000000 r4=00000008 r5=00000005 category=5 level=16: RTC output byte 16
mgba pc=08225b90 lr=04000130 r0=00000004 r1=00000000 r4=00000008 r5=00000005 category=5 level=16: RTC output byte 58
mgba pc=08225b90 lr=04000130 r0=00000004 r1=00000000 r4=00000008 r5=00000005 category=5 level=16: RTC output byte 04
mgba pc=0800030e lr=08195ef1 r0=08195e79 r1=0200231c r4=030066b0 r5=00000001 category=4 level=16: SWI: 05 r0: 08195E79 r1: 0200231C r2: 00000000 r3: 00000000
mgba pc=0825faa0 lr=08195beb r0=030056b8 r1=0000b600 r4=030066b0 r5=00000001 category=6 level=8: Starting DMA 1 0x03005A08 -> 0x040000A0 (B600:0004)
mgba pc=0825faa2 lr=08195beb r0=030056b8 r1=0000b600 r4=030066b0 r5=00000001 category=6 level=8: Starting DMA 2 0x03006038 -> 0x040000A4 (B600:0004)
mgba pc=08000338 lr=0822cbe5 r0=030066e8 r1=07000000 r4=030066b0 r5=03006668 category=4 level=16: SWI: 0B r0: 030066E8 r1: 07000000 r2: 04000100 r3: 00000000
mgba pc=08000338 lr=0822cf4d r0=085c1b70 r1=06010000 r4=00000000 r5=02036988 category=4 level=16: SWI: 0B r0: 085C1B70 r1: 06010000 r2: 00000080 r3: 00000000
mgba pc=081b211a lr=081add37 r0=00000000 r1=02032de4 r4=80000200 r5=03006668 category=6 level=8: Starting DMA 3 0x02032E00 -> 0x05000000 (8000:0200)
mgba pc=0823624c lr=081add3b r0=040000dc r1=00000000 r4=00000001 r5=80000000 category=6 level=8: Starting DMA 3 0x08DAC734 -> 0x06003E00 (8000:0060)
mgba pc=0813f7e2 lr=0813f7a5 r0=00000000 r1=00000008 r4=02036f20 r5=020023b8 category=10 level=64: Bad BIOS Load16: 0x00000008
mgba pc=0813f7e8 lr=0813f7a5 r0=00000000 r1=00000008 r4=02036f20 r5=020023b8 category=10 level=64: Bad BIOS Load16: 0x0000000A
mgba pc=0822c9c4 lr=0822cacb r0=02036f20 r1=e3a02004 r4=02036f5c r5=02036f20 category=10 level=64: Bad memory Load32: 0xE3A02004
mgba pc=0822c9ca lr=0822cacb r0=02036f20 r1=e3a02004 r4=02036f5c r5=02036f20 category=10 level=64: Bad memory Load8: 0x189b189d
mgba pc=0800032c lr=0822c1e5 r0=03007d78 r1=03007d80 r4=00000100 r5=00000001 category=4 level=16: SWI: 0F r0: 03007D78 r1: 03007D80 r2: 00000001 r3: 00000002
mgba pc=0800032c lr=0822c1e5 r0=03007d78 r1=03007d80 r4=00000100 r5=00000000 category=4 level=16: SWI: 0F r0: 03007D78 r1: 03007D80 r2: 00000001 r3: 00000002
mgba pc=08000338 lr=0823631b r0=03007dc8 r1=020388cc r4=03001bc8 r5=00000000 category=4 level=16: SWI: 0B r0: 03007DC8 r1: 020388CC r2: 0500003C r3: 00000000
mgba pc=082259da lr=08225af7 r0=00000005 r1=00000000 r4=00000004 r5=00000001 category=5 level=16: Got RTC command 4
mgba pc=082259fa lr=08225af7 r0=00000004 r1=ffffffff r4=00000005 r5=00000008 category=5 level=16: RTC output byte 40
mgba pc=08225b6c lr=04000130 r0=00000005 r1=00000000 r4=00000004 r5=00000001 category=5 level=16: Got RTC command 2
mgba pc=08225b90 lr=04000130 r0=00000004 r1=ffffffff r4=00000008 r5=00000005 category=5 level=16: RTC output byte 66
mgba pc=08225b90 lr=04000130 r0=00000004 r1=00000000 r4=00000008 r5=00000005 category=5 level=16: RTC output byte 01
mgba pc=08225b90 lr=04000130 r0=00000004 r1=00000000 r4=00000008 r5=00000005 category=5 level=16: RTC output byte 11
mgba pc=08225b90 lr=04000130 r0=00000004 r1=00000000 r4=00000008 r5=00000005 category=5 level=16: RTC output byte 00
mgba pc=08225b90 lr=04000130 r0=00000004 r1=00000000 r4=00000008 r5=00000005 category=5 level=16: RTC output byte 16
mgba pc=08225b90 lr=04000130 r0=00000004 r1=00000000 r4=00000008 r5=00000005 category=5 level=16: RTC output byte 58
mgba pc=08225b90 lr=04000130 r0=00000004 r1=00000000 r4=00000008 r5=00000005 category=5 level=16: RTC output byte 04
mgba pc=0800030e lr=08195ef1 r0=08195e79 r1=0200231c r4=030066b0 r5=00000001 category=4 level=16: SWI: 05 r0: 08195E79 r1: 0200231C r2: 00000000 r3: 00000000
mgba pc=08000338 lr=0822cbe5 r0=030066e8 r1=07000000 r4=030066b0 r5=03006668 category=4 level=16: SWI: 0B r0: 030066E8 r1: 07000000 r2: 04000100 r3: 00000000
mgba pc=08000338 lr=0822cf4d r0=085c1b70 r1=06010000 r4=00000000 r5=02036988 category=4 level=16: SWI: 0B r0: 085C1B70 r1: 06010000 r2: 00000080 r3: 00000000
mgba pc=081b211a lr=081add37 r0=00000000 r1=02032de4 r4=80000200 r5=03006668 category=6 level=8: Starting DMA 3 0x02032E00 -> 0x05000000 (8000:0200)
mgba pc=0823624c lr=081add3b r0=040000dc r1=00000000 r4=00000001 r5=80000000 category=6 level=8: Starting DMA 3 0x08DAC2B4 -> 0x06003C00 (8000:00A0)
mgba pc=0813f7e2 lr=0813f7a5 r0=00000000 r1=00000008 r4=02036f20 r5=020023b8 category=10 level=64: Bad BIOS Load16: 0x00000008
mgba pc=0813f7e8 lr=0813f7a5 r0=00000000 r1=00000008 r4=02036f20 r5=020023b8 category=10 level=64: Bad BIOS Load16: 0x0000000A
mgba pc=0822c9c4 lr=0822cacb r0=02036f20 r1=e3a02004 r4=02036f5c r5=02036f20 category=10 level=64: Bad memory Load32: 0xE3A02004
mgba pc=0822c9ca lr=0822cacb r0=02036f20 r1=e3a02004 r4=02036f5c r5=02036f20 category=10 level=64: Bad memory Load8: 0x189b189d
mgba pc=0800032c lr=0822c1e5 r0=03007d78 r1=03007d80 r4=00000100 r5=00000001 category=4 level=16: SWI: 0F r0: 03007D78 r1: 03007D80 r2: 00000001 r3: 00000002
mgba pc=0800032c lr=0822c1e5 r0=03007d78 r1=03007d80 r4=00000100 r5=00000000 category=4 level=16: SWI: 0F r0: 03007D78 r1: 03007D80 r2: 00000001 r3: 00000002
mgba pc=08000338 lr=0823631b r0=03007dc8 r1=020388cc r4=03001bc8 r5=00000000 category=4 level=16: SWI: 0B r0: 03007DC8 r1: 020388CC r2: 0500003C r3: 00000000
mgba pc=082259da lr=08225af7 r0=00000005 r1=00000000 r4=00000004 r5=00000001 category=5 level=16: Got RTC command 4
mgba pc=082259fa lr=08225af7 r0=00000004 r1=ffffffff r4=00000005 r5=00000008 category=5 level=16: RTC output byte 40
mgba pc=08225b6c lr=04000130 r0=00000005 r1=00000000 r4=00000004 r5=00000001 category=5 level=16: Got RTC command 2
mgba pc=08225b90 lr=04000130 r0=00000004 r1=ffffffff r4=00000008 r5=00000005 category=5 level=16: RTC output byte 66
mgba pc=08225b90 lr=04000130 r0=00000004 r1=00000000 r4=00000008 r5=00000005 category=5 level=16: RTC output byte 01
mgba pc=08225b90 lr=04000130 r0=00000004 r1=00000000 r4=00000008 r5=00000005 category=5 level=16: RTC output byte 11
mgba pc=08225b90 lr=04000130 r0=00000004 r1=00000000 r4=00000008 r5=00000005 category=5 level=16: RTC output byte 00
mgba pc=08225b90 lr=04000130 r0=00000004 r1=00000000 r4=00000008 r5=00000005 category=5 level=16: RTC output byte 16
mgba pc=08225b90 lr=04000130 r0=00000004 r1=00000000 r4=00000008 r5=00000005 category=5 level=16: RTC output byte 58
mgba pc=08225b90 lr=04000130 r0=00000004 r1=00000000 r4=00000008 r5=00000005 category=5 level=16: RTC output byte 04
mgba pc=0800030e lr=08195ef1 r0=08195e79 r1=0200231c r4=030066b0 r5=00000001 category=4 level=16: SWI: 05 r0: 08195E79 r1: 0200231C r2: 00000000 r3: 00000000
mgba pc=08000338 lr=0822cbe5 r0=030066e8 r1=07000000 r4=030066b0 r5=03006668 category=4 level=16: SWI: 0B r0: 030066E8 r1: 07000000 r2: 04000100 r3: 00000000
mgba pc=08000338 lr=0822cf4d r0=085c1b70 r1=06010000 r4=00000000 r5=02036988 category=4 level=16: SWI: 0B r0: 085C1B70 r1: 06010000 r2: 00000080 r3: 00000000
mgba pc=081b211a lr=081add37 r0=00000000 r1=02032de4 r4=80000200 r5=03006668 category=6 level=8: Starting DMA 3 0x02032E00 -> 0x05000000 (8000:0200)
mgba pc=0813f7e2 lr=0813f7a5 r0=00000000 r1=00000008 r4=02036f20 r5=020023b8 category=10 level=64: Bad BIOS Load16: 0x00000008
mgba pc=0813f7e8 lr=0813f7a5 r0=00000000 r1=00000008 r4=02036f20 r5=020023b8 category=10 level=64: Bad BIOS Load16: 0x0000000A
mgba pc=0822c9c4 lr=0822cacb r0=02036f20 r1=e3a02004 r4=02036f5c r5=02036f20 category=10 level=64: Bad memory Load32: 0xE3A02004
mgba pc=0822c9ca lr=0822cacb r0=02036f20 r1=e3a02004 r4=02036f5c r5=02036f20 category=10 level=64: Bad memory Load8: 0x189b189d
mgba pc=0800032c lr=0822c1e5 r0=03007d64 r1=03007d6c r4=00000100 r5=00000001 category=4 level=16: SWI: 0F r0: 03007D64 r1: 03007D6C r2: 00000001 r3: 00000002
mgba pc=0800032c lr=0822c1e5 r0=03007d64 r1=03007d6c r4=00000100 r5=00000000 category=4 level=16: SWI: 0F r0: 03007D64 r1: 03007D6C r2: 00000001 r3: 00000002
mgba pc=08000338 lr=0823631b r0=03007dc8 r1=020388cc r4=03001bc8 r5=00000000 category=4 level=16: SWI: 0B r0: 03007DC8 r1: 020388CC r2: 0500003C r3: 00000000
mgba pc=082259da lr=08225af7 r0=00000005 r1=00000000 r4=00000004 r5=00000001 category=5 level=16: Got RTC command 4
mgba pc=082259fa lr=08225af7 r0=00000004 r1=ffffffff r4=00000005 r5=00000008 category=5 level=16: RTC output byte 40
mgba pc=08225b6c lr=04000130 r0=00000005 r1=00000000 r4=00000004 r5=00000001 category=5 level=16: Got RTC command 2
mgba pc=08225b90 lr=04000130 r0=00000004 r1=ffffffff r4=00000008 r5=00000005 category=5 level=16: RTC output byte 66
mgba pc=08225b90 lr=04000130 r0=00000004 r1=00000000 r4=00000008 r5=00000005 category=5 level=16: RTC output byte 01
mgba pc=08225b90 lr=04000130 r0=00000004 r1=00000000 r4=00000008 r5=00000005 category=5 level=16: RTC output byte 11
mgba pc=08225b90 lr=04000130 r0=00000004 r1=00000000 r4=00000008 r5=00000005 category=5 level=16: RTC output byte 00
mgba pc=08225b90 lr=04000130 r0=00000004 r1=00000000 r4=00000008 r5=00000005 category=5 level=16: RTC output byte 16
mgba pc=08225b90 lr=04000130 r0=00000004 r1=00000000 r4=00000008 r5=00000005 category=5 level=16: RTC output byte 58
mgba pc=08225b90 lr=04000130 r0=00000004 r1=00000000 r4=00000008 r5=00000005 category=5 level=16: RTC output byte 04
mgba pc=0800030e lr=08195ef1 r0=08195e79 r1=0200231c r4=030066b0 r5=00000001 category=4 level=16: SWI: 05 r0: 08195E79 r1: 0200231C r2: 00000000 r3: 00000000
mgba pc=08000338 lr=0822cbe5 r0=030066e8 r1=07000000 r4=030066b0 r5=03006668 category=4 level=16: SWI: 0B r0: 030066E8 r1: 07000000 r2: 04000100 r3: 00000000
mgba pc=08000338 lr=0822cf4d r0=085c1b70 r1=06010000 r4=00000000 r5=02036988 category=4 level=16: SWI: 0B r0: 085C1B70 r1: 06010000 r2: 00000080 r3: 00000000
mgba pc=081b211a lr=081add37 r0=00000000 r1=02032de4 r4=80000200 r5=03006668 category=6 level=8: Starting DMA 3 0x02032E00 -> 0x05000000 (8000:0200)
mgba pc=0813f7e2 lr=0813f7a5 r0=00000000 r1=00000008 r4=02036f20 r5=020023b8 category=10 level=64: Bad BIOS Load16: 0x00000008
mgba pc=0813f7e8 lr=0813f7a5 r0=00000000 r1=00000008 r4=02036f20 r5=020023b8 category=10 level=64: Bad BIOS Load16: 0x0000000A
mgba pc=0822c9c4 lr=0822cacb r0=02036f20 r1=e3a02004 r4=02036f5c r5=02036f20 category=10 level=64: Bad memory Load32: 0xE3A02004
mgba pc=0822c9ca lr=0822cacb r0=02036f20 r1=e3a02004 r4=02036f5c r5=02036f20 category=10 level=64: Bad memory Load8: 0x189b189d
mgba pc=0800032c lr=0822c1e5 r0=03007d78 r1=03007d80 r4=00000100 r5=00000001 category=4 level=16: SWI: 0F r0: 03007D78 r1: 03007D80 r2: 00000001 r3: 00000002
mgba pc=0800032c lr=0822c1e5 r0=03007d78 r1=03007d80 r4=00000100 r5=00000000 category=4 level=16: SWI: 0F r0: 03007D78 r1: 03007D80 r2: 00000001 r3: 00000002
mgba pc=08000338 lr=0823631b r0=03007dc8 r1=020388cc r4=03001bc8 r5=00000000 category=4 level=16: SWI: 0B r0: 03007DC8 r1: 020388CC r2: 0500003C r3: 00000000
mgba pc=082259da lr=08225af7 r0=00000005 r1=00000000 r4=00000004 r5=00000001 category=5 level=16: Got RTC command 4
mgba pc=082259fa lr=08225af7 r0=00000004 r1=ffffffff r4=00000005 r5=00000008 category=5 level=16: RTC output byte 40
mgba pc=08225b6c lr=04000130 r0=00000005 r1=00000000 r4=00000004 r5=00000001 category=5 level=16: Got RTC command 2
mgba pc=08225b90 lr=04000130 r0=00000004 r1=ffffffff r4=00000008 r5=00000005 category=5 level=16: RTC output byte 66
mgba pc=08225b90 lr=04000130 r0=00000004 r1=00000000 r4=00000008 r5=00000005 category=5 level=16: RTC output byte 01
mgba pc=08225b90 lr=04000130 r0=00000004 r1=00000000 r4=00000008 r5=00000005 category=5 level=16: RTC output byte 11
mgba pc=08225b90 lr=04000130 r0=00000004 r1=00000000 r4=00000008 r5=00000005 category=5 level=16: RTC output byte 00
mgba pc=08225b90 lr=04000130 r0=00000004 r1=00000000 r4=00000008 r5=00000005 category=5 level=16: RTC output byte 16
mgba pc=08225b90 lr=04000130 r0=00000004 r1=00000000 r4=00000008 r5=00000005 category=5 level=16: RTC output byte 58
mgba pc=08225b90 lr=04000130 r0=00000004 r1=00000000 r4=00000008 r5=00000005 category=5 level=16: RTC output byte 04
mgba pc=0800030e lr=08195ef1 r0=08195e79 r1=0200231c r4=030066b0 r5=00000001 category=4 level=16: SWI: 05 r0: 08195E79 r1: 0200231C r2: 00000000 r3: 00000000
mgba pc=08000338 lr=0822cbe5 r0=030066e8 r1=07000000 r4=030066b0 r5=03006668 category=4 level=16: SWI: 0B r0: 030066E8 r1: 07000000 r2: 04000100 r3: 00000000
mgba pc=08000338 lr=0822cf4d r0=085c1b70 r1=06010000 r4=00000000 r5=02036988 category=4 level=16: SWI: 0B r0: 085C1B70 r1: 06010000 r2: 00000080 r3: 00000000
mgba pc=08000338 lr=0822cf4d r0=08559bf0 r1=06010300 r4=00000001 r5=02036988 category=4 level=16: SWI: 0B r0: 08559BF0 r1: 06010300 r2: 00000100 r3: 0000000C
mgba pc=081b211a lr=081add37 r0=00000000 r1=02032de4 r4=80000200 r5=03006668 category=6 level=8: Starting DMA 3 0x02032E00 -> 0x05000000 (8000:0200)
mgba pc=0813f7e2 lr=0813f7a5 r0=00000000 r1=00000008 r4=02036f20 r5=020023b8 category=10 level=64: Bad BIOS Load16: 0x00000008
mgba pc=0813f7e8 lr=0813f7a5 r0=00000000 r1=00000008 r4=02036f20 r5=020023b8 category=10 level=64: Bad BIOS Load16: 0x0000000A
mgba pc=0822c9c4 lr=0822cacb r0=02036f20 r1=e3a02004 r4=02036f5c r5=02036f20 category=10 level=64: Bad memory Load32: 0xE3A02004
mgba pc=0822c9ca lr=0822cacb r0=02036f20 r1=e3a02004 r4=02036f5c r5=02036f20 category=10 level=64: Bad memory Load8: 0x189b189d
mgba pc=0800032c lr=0822c1e5 r0=03007d78 r1=03007d80 r4=00000100 r5=00000001 category=4 level=16: SWI: 0F r0: 03007D78 r1: 03007D80 r2: 00000001 r3: 00000002
mgba pc=0800032c lr=0822c1e5 r0=03007d78 r1=03007d80 r4=00000100 r5=00000000 category=4 level=16: SWI: 0F r0: 03007D78 r1: 03007D80 r2: 00000001 r3: 00000002
mgba pc=08000338 lr=0823631b r0=03007dc8 r1=020388cc r4=03001bc8 r5=00000000 category=4 level=16: SWI: 0B r0: 03007DC8 r1: 020388CC r2: 0500003C r3: 00000000
mgba pc=082259da lr=08225af7 r0=00000005 r1=00000000 r4=00000004 r5=00000001 category=5 level=16: Got RTC command 4
mgba pc=082259fa lr=08225af7 r0=00000004 r1=ffffffff r4=00000005 r5=00000008 category=5 level=16: RTC output byte 40
mgba pc=08225b6c lr=04000130 r0=00000005 r1=00000000 r4=00000004 r5=00000001 category=5 level=16: Got RTC command 2
mgba pc=08225b90 lr=04000130 r0=00000004 r1=ffffffff r4=00000008 r5=00000005 category=5 level=16: RTC output byte 66
mgba pc=08225b90 lr=04000130 r0=00000004 r1=00000000 r4=00000008 r5=00000005 category=5 level=16: RTC output byte 01
mgba pc=08225b90 lr=04000130 r0=00000004 r1=00000000 r4=00000008 r5=00000005 category=5 level=16: RTC output byte 11
mgba pc=08225b90 lr=04000130 r0=00000004 r1=00000000 r4=00000008 r5=00000005 category=5 level=16: RTC output byte 00
mgba pc=08225b90 lr=04000130 r0=00000004 r1=00000000 r4=00000008 r5=00000005 category=5 level=16: RTC output byte 16
mgba pc=08225b90 lr=04000130 r0=00000004 r1=00000000 r4=00000008 r5=00000005 category=5 level=16: RTC output byte 58
mgba pc=08225b90 lr=04000130 r0=00000004 r1=00000000 r4=00000008 r5=00000005 category=5 level=16: RTC output byte 04
mgba pc=0800030e lr=08195ef1 r0=08195e79 r1=0200231c r4=030066b0 r5=00000001 category=4 level=16: SWI: 05 r0: 08195E79 r1: 0200231C r2: 00000000 r3: 00000000
mgba pc=08000338 lr=0822cbe5 r0=030066e8 r1=07000000 r4=030066b0 r5=03006668 category=4 level=16: SWI: 0B r0: 030066E8 r1: 07000000 r2: 04000100 r3: 00000000
mgba pc=08000338 lr=0822cf4d r0=085c1b70 r1=06010000 r4=00000000 r5=02036988 category=4 level=16: SWI: 0B r0: 085C1B70 r1: 06010000 r2: 00000080 r3: 00000000
mgba pc=081b211a lr=081add37 r0=00000000 r1=02032de4 r4=80000200 r5=03006668 category=6 level=8: Starting DMA 3 0x02032E00 -> 0x05000000 (8000:0200)
mgba pc=0813f7e2 lr=0813f7a5 r0=00000000 r1=00000008 r4=02036f20 r5=020023b8 category=10 level=64: Bad BIOS Load16: 0x00000008
mgba pc=0813f7e8 lr=0813f7a5 r0=00000000 r1=00000008 r4=02036f20 r5=020023b8 category=10 level=64: Bad BIOS Load16: 0x0000000A
mgba pc=0822c9c4 lr=0822cacb r0=02036f20 r1=e3a02004 r4=02036f5c r5=02036f20 category=10 level=64: Bad memory Load32: 0xE3A02004
mgba pc=0822c9ca lr=0822cacb r0=02036f20 r1=e3a02004 r4=02036f5c r5=02036f20 category=10 level=64: Bad memory Load8: 0x189b189d
mgba pc=0800032c lr=0822c1e5 r0=03007d78 r1=03007d80 r4=00000100 r5=00000001 category=4 level=16: SWI: 0F r0: 03007D78 r1: 03007D80 r2: 00000001 r3: 00000002
mgba pc=0800032c lr=0822c1e5 r0=03007d78 r1=03007d80 r4=00000100 r5=00000000 category=4 level=16: SWI: 0F r0: 03007D78 r1: 03007D80 r2: 00000001 r3: 00000002
mgba pc=08000338 lr=0823631b r0=03007dc8 r1=020388cc r4=03001bc8 r5=00000000 category=4 level=16: SWI: 0B r0: 03007DC8 r1: 020388CC r2: 0500003C r3: 00000000
mgba pc=082259da lr=08225af7 r0=00000005 r1=00000000 r4=00000004 r5=00000001 category=5 level=16: Got RTC command 4
mgba pc=082259fa lr=08225af7 r0=00000004 r1=ffffffff r4=00000005 r5=00000008 category=5 level=16: RTC output byte 40
mgba pc=08225b6c lr=04000130 r0=00000005 r1=00000000 r4=00000004 r5=00000001 category=5 level=16: Got RTC command 2
mgba pc=08225b90 lr=04000130 r0=00000004 r1=ffffffff r4=00000008 r5=00000005 category=5 level=16: RTC output byte 66
mgba pc=08225b90 lr=04000130 r0=00000004 r1=00000000 r4=00000008 r5=00000005 category=5 level=16: RTC output byte 01
mgba pc=08225b90 lr=04000130 r0=00000004 r1=00000000 r4=00000008 r5=00000005 category=5 level=16: RTC output byte 11
mgba pc=08225b90 lr=04000130 r0=00000004 r1=00000000 r4=00000008 r5=00000005 category=5 level=16: RTC output byte 00
mgba pc=08225b90 lr=04000130 r0=00000004 r1=00000000 r4=00000008 r5=00000005 category=5 level=16: RTC output byte 16
mgba pc=08225b90 lr=04000130 r0=00000004 r1=00000000 r4=00000008 r5=00000005 category=5 level=16: RTC output byte 58
mgba pc=08225b90 lr=04000130 r0=00000004 r1=00000000 r4=00000008 r5=00000005 category=5 level=16: RTC output byte 04
mgba pc=0800030e lr=08195ef1 r0=08195e79 r1=0200231c r4=030066b0 r5=00000001 category=4 level=16: SWI: 05 r0: 08195E79 r1: 0200231C r2: 00000000 r3: 00000000
mgba pc=08000338 lr=0822cbe5 r0=030066e8 r1=07000000 r4=030066b0 r5=03006668 category=4 level=16: SWI: 0B r0: 030066E8 r1: 07000000 r2: 04000100 r3: 00000000
mgba pc=08000338 lr=0822cf4d r0=085c1b70 r1=06010000 r4=00000000 r5=02036988 category=4 level=16: SWI: 0B r0: 085C1B70 r1: 06010000 r2: 00000080 r3: 00000000
mgba pc=081b211a lr=081add37 r0=00000000 r1=02032de4 r4=80000200 r5=03006668 category=6 level=8: Starting DMA 3 0x02032E00 -> 0x05000000 (8000:0200)
mgba pc=0813f7e2 lr=0813f7a5 r0=00000000 r1=00000008 r4=02036f20 r5=020023b8 category=10 level=64: Bad BIOS Load16: 0x00000008
mgba pc=0813f7e8 lr=0813f7a5 r0=00000000 r1=00000008 r4=02036f20 r5=020023b8 category=10 level=64: Bad BIOS Load16: 0x0000000A
mgba pc=0822c9c4 lr=0822cacb r0=02036f20 r1=e3a02004 r4=02036f5c r5=02036f20 category=10 level=64: Bad memory Load32: 0xE3A02004
mgba pc=0822c9ca lr=0822cacb r0=02036f20 r1=e3a02004 r4=02036f5c r5=02036f20 category=10 level=64: Bad memory Load8: 0x189b189d
mgba pc=0800032c lr=0822c1e5 r0=03007d64 r1=03007d6c r4=00000100 r5=00000001 category=4 level=16: SWI: 0F r0: 03007D64 r1: 03007D6C r2: 00000001 r3: 00000002
mgba pc=0800032c lr=0822c1e5 r0=03007d64 r1=03007d6c r4=00000100 r5=00000000 category=4 level=16: SWI: 0F r0: 03007D64 r1: 03007D6C r2: 00000001 r3: 00000002
mgba pc=08000338 lr=0823631b r0=03007dc8 r1=020388cc r4=03001bc8 r5=00000000 category=4 level=16: SWI: 0B r0: 03007DC8 r1: 020388CC r2: 0500003C r3: 00000000
mgba pc=082259da lr=08225af7 r0=00000005 r1=00000000 r4=00000004 r5=00000001 category=5 level=16: Got RTC command 4
mgba pc=082259fa lr=08225af7 r0=00000004 r1=ffffffff r4=00000005 r5=00000008 category=5 level=16: RTC output byte 40
mgba pc=08225b6c lr=04000130 r0=00000005 r1=00000000 r4=00000004 r5=00000001 category=5 level=16: Got RTC command 2
mgba pc=08225b90 lr=04000130 r0=00000004 r1=ffffffff r4=00000008 r5=00000005 category=5 level=16: RTC output byte 66
mgba pc=08225b90 lr=04000130 r0=00000004 r1=00000000 r4=00000008 r5=00000005 category=5 level=16: RTC output byte 01
mgba pc=08225b90 lr=04000130 r0=00000004 r1=00000000 r4=00000008 r5=00000005 category=5 level=16: RTC output byte 11
mgba pc=08225b90 lr=04000130 r0=00000004 r1=00000000 r4=00000008 r5=00000005 category=5 level=16: RTC output byte 00
mgba pc=08225b90 lr=04000130 r0=00000004 r1=00000000 r4=00000008 r5=00000005 category=5 level=16: RTC output byte 16
mgba pc=08225b90 lr=04000130 r0=00000004 r1=00000000 r4=00000008 r5=00000005 category=5 level=16: RTC output byte 58
mgba pc=08225b90 lr=04000130 r0=00000004 r1=00000000 r4=00000008 r5=00000005 category=5 level=16: RTC output byte 04
mgba pc=0800030e lr=08195ef1 r0=08195e79 r1=0200231c r4=030066b0 r5=00000001 category=4 level=16: SWI: 05 r0: 08195E79 r1: 0200231C r2: 00000000 r3: 00000000
mgba pc=0825faa0 lr=08195beb r0=030056b8 r1=0000b600 r4=030066b0 r5=00000001 category=6 level=8: Starting DMA 1 0x03005A08 -> 0x040000A0 (B600:0004)
mgba pc=0825faa2 lr=08195beb r0=030056b8 r1=0000b600 r4=030066b0 r5=00000001 category=6 level=8: Starting DMA 2 0x03006038 -> 0x040000A4 (B600:0004)
mgba pc=08000338 lr=0822cbe5 r0=030066e8 r1=07000000 r4=030066b0 r5=03006668 category=4 level=16: SWI: 0B r0: 030066E8 r1: 07000000 r2: 04000100 r3: 00000000
mgba pc=08000338 lr=0822cf4d r0=085c1b70 r1=06010000 r4=00000000 r5=02036988 category=4 level=16: SWI: 0B r0: 085C1B70 r1: 06010000 r2: 00000080 r3: 00000000
mgba pc=081b211a lr=081add37 r0=00000000 r1=02032de4 r4=80000200 r5=03006668 category=6 level=8: Starting DMA 3 0x02032E00 -> 0x05000000 (8000:0200)
mgba pc=0813f7e2 lr=0813f7a5 r0=00000000 r1=00000008 r4=02036f20 r5=020023b8 category=10 level=64: Bad BIOS Load16: 0x00000008
mgba pc=0813f7e8 lr=0813f7a5 r0=00000000 r1=00000008 r4=02036f20 r5=020023b8 category=10 level=64: Bad BIOS Load16: 0x0000000A
mgba pc=0822c9c4 lr=0822cacb r0=02036f20 r1=e3a02004 r4=02036f5c r5=02036f20 category=10 level=64: Bad memory Load32: 0xE3A02004
mgba pc=0822c9ca lr=0822cacb r0=02036f20 r1=e3a02004 r4=02036f5c r5=02036f20 category=10 level=64: Bad memory Load8: 0x189b189d
mgba pc=0800032c lr=0822c1e5 r0=03007d78 r1=03007d80 r4=00000100 r5=00000001 category=4 level=16: SWI: 0F r0: 03007D78 r1: 03007D80 r2: 00000001 r3: 00000002
mgba pc=0800032c lr=0822c1e5 r0=03007d78 r1=03007d80 r4=00000100 r5=00000000 category=4 level=16: SWI: 0F r0: 03007D78 r1: 03007D80 r2: 00000001 r3: 00000002
mgba pc=08000338 lr=0823631b r0=03007dc8 r1=020388cc r4=03001bc8 r5=00000000 category=4 level=16: SWI: 0B r0: 03007DC8 r1: 020388CC r2: 0500003C r3: 00000000
mgba pc=082259da lr=08225af7 r0=00000005 r1=00000000 r4=00000004 r5=00000001 category=5 level=16: Got RTC command 4
mgba pc=082259fa lr=08225af7 r0=00000004 r1=ffffffff r4=00000005 r5=00000008 category=5 level=16: RTC output byte 40
mgba pc=08225b6c lr=04000130 r0=00000005 r1=00000000 r4=00000004 r5=00000001 category=5 level=16: Got RTC command 2
mgba pc=08225b90 lr=04000130 r0=00000004 r1=ffffffff r4=00000008 r5=00000005 category=5 level=16: RTC output byte 66
mgba pc=08225b90 lr=04000130 r0=00000004 r1=00000000 r4=00000008 r5=00000005 category=5 level=16: RTC output byte 01
mgba pc=08225b90 lr=04000130 r0=00000004 r1=00000000 r4=00000008 r5=00000005 category=5 level=16: RTC output byte 11
mgba pc=08225b90 lr=04000130 r0=00000004 r1=00000000 r4=00000008 r5=00000005 category=5 level=16: RTC output byte 00
mgba pc=08225b90 lr=04000130 r0=00000004 r1=00000000 r4=00000008 r5=00000005 category=5 level=16: RTC output byte 16
mgba pc=08225b90 lr=04000130 r0=00000004 r1=00000000 r4=00000008 r5=00000005 category=5 level=16: RTC output byte 58
mgba pc=08225b90 lr=04000130 r0=00000004 r1=00000000 r4=00000008 r5=00000005 category=5 level=16: RTC output byte 04
mgba pc=0800030e lr=08195ef1 r0=08195e79 r1=0200231c r4=030066b0 r5=00000001 category=4 level=16: SWI: 05 r0: 08195E79 r1: 0200231C r2: 00000000 r3: 00000000
mgba pc=08000338 lr=0822cbe5 r0=030066e8 r1=07000000 r4=030066b0 r5=03006668 category=4 level=16: SWI: 0B r0: 030066E8 r1: 07000000 r2: 04000100 r3: 00000000
mgba pc=08000338 lr=0822cf4d r0=085c1b70 r1=06010000 r4=00000000 r5=02036988 category=4 level=16: SWI: 0B r0: 085C1B70 r1: 06010000 r2: 00000080 r3: 00000000
mgba pc=081b211a lr=081add37 r0=00000000 r1=02032de4 r4=80000200 r5=03006668 category=6 level=8: Starting DMA 3 0x02032E00 -> 0x05000000 (8000:0200)
mgba pc=0813f7e2 lr=0813f7a5 r0=00000000 r1=00000008 r4=02036f20 r5=020023b8 category=10 level=64: Bad BIOS Load16: 0x00000008
mgba pc=0813f7e8 lr=0813f7a5 r0=00000000 r1=00000008 r4=02036f20 r5=020023b8 category=10 level=64: Bad BIOS Load16: 0x0000000A
mgba pc=0822c9c4 lr=0822cacb r0=02036f20 r1=e3a02004 r4=02036f5c r5=02036f20 category=10 level=64: Bad memory Load32: 0xE3A02004
mgba pc=0822c9ca lr=0822cacb r0=02036f20 r1=e3a02004 r4=02036f5c r5=02036f20 category=10 level=64: Bad memory Load8: 0x189b189d
mgba pc=0800032c lr=0822c1e5 r0=03007d78 r1=03007d80 r4=00000100 r5=00000001 category=4 level=16: SWI: 0F r0: 03007D78 r1: 03007D80 r2: 00000001 r3: 00000002
mgba pc=0800032c lr=0822c1e5 r0=03007d78 r1=03007d80 r4=00000100 r5=00000000 category=4 level=16: SWI: 0F r0: 03007D78 r1: 03007D80 r2: 00000001 r3: 00000002
mgba pc=08000338 lr=0823631b r0=03007dc8 r1=020388cc r4=03001bc8 r5=00000000 category=4 level=16: SWI: 0B r0: 03007DC8 r1: 020388CC r2: 0500003C r3: 00000000
mgba pc=082259da lr=08225af7 r0=00000005 r1=00000000 r4=00000004 r5=00000001 category=5 level=16: Got RTC command 4
mgba pc=082259fa lr=08225af7 r0=00000004 r1=ffffffff r4=00000005 r5=00000008 category=5 level=16: RTC output byte 40
mgba pc=08225b6c lr=04000130 r0=00000005 r1=00000000 r4=00000004 r5=00000001 category=5 level=16: Got RTC command 2
mgba pc=08225b90 lr=04000130 r0=00000004 r1=ffffffff r4=00000008 r5=00000005 category=5 level=16: RTC output byte 66
mgba pc=08225b90 lr=04000130 r0=00000004 r1=00000000 r4=00000008 r5=00000005 category=5 level=16: RTC output byte 01
mgba pc=08225b90 lr=04000130 r0=00000004 r1=00000000 r4=00000008 r5=00000005 category=5 level=16: RTC output byte 11
mgba pc=08225b90 lr=04000130 r0=00000004 r1=00000000 r4=00000008 r5=00000005 category=5 level=16: RTC output byte 00
mgba pc=08225b90 lr=04000130 r0=00000004 r1=00000000 r4=00000008 r5=00000005 category=5 level=16: RTC output byte 16
mgba pc=08225b90 lr=04000130 r0=00000004 r1=00000000 r4=00000008 r5=00000005 category=5 level=16: RTC output byte 58
mgba pc=08225b90 lr=04000130 r0=00000004 r1=00000000 r4=00000008 r5=00000005 category=5 level=16: RTC output byte 04
mgba pc=0800030e lr=08195ef1 r0=08195e79 r1=0200231c r4=030066b0 r5=00000001 category=4 level=16: SWI: 05 r0: 08195E79 r1: 0200231C r2: 00000000 r3: 00000000
mgba pc=08000338 lr=0822cbe5 r0=030066e8 r1=07000000 r4=030066b0 r5=03006668 category=4 level=16: SWI: 0B r0: 030066E8 r1: 07000000 r2: 04000100 r3: 00000000
mgba pc=08000338 lr=0822cf4d r0=085c1b70 r1=06010000 r4=00000000 r5=02036988 category=4 level=16: SWI: 0B r0: 085C1B70 r1: 06010000 r2: 00000080 r3: 00000000
mgba pc=081b211a lr=081add37 r0=00000000 r1=02032de4 r4=80000200 r5=03006668 category=6 level=8: Starting DMA 3 0x02032E00 -> 0x05000000 (8000:0200)
mgba pc=0813f7e2 lr=0813f7a5 r0=00000000 r1=00000008 r4=02036f20 r5=020023b8 category=10 level=64: Bad BIOS Load16: 0x00000008
mgba pc=0813f7e8 lr=0813f7a5 r0=00000000 r1=00000008 r4=02036f20 r5=020023b8 category=10 level=64: Bad BIOS Load16: 0x0000000A
mgba pc=0822c9c4 lr=0822cacb r0=02036f20 r1=e3a02004 r4=02036f5c r5=02036f20 category=10 level=64: Bad memory Load32: 0xE3A02004
mgba pc=0822c9ca lr=0822cacb r0=02036f20 r1=e3a02004 r4=02036f5c r5=02036f20 category=10 level=64: Bad memory Load8: 0x189b189d
mgba pc=0800032c lr=0822c1e5 r0=03007d78 r1=03007d80 r4=00000100 r5=00000001 category=4 level=16: SWI: 0F r0: 03007D78 r1: 03007D80 r2: 00000001 r3: 00000002
mgba pc=0800032c lr=0822c1e5 r0=03007d78 r1=03007d80 r4=00000100 r5=00000000 category=4 level=16: SWI: 0F r0: 03007D78 r1: 03007D80 r2: 00000001 r3: 00000002
mgba pc=08000338 lr=0823631b r0=03007dc8 r1=020388cc r4=03001bc8 r5=00000000 category=4 level=16: SWI: 0B r0: 03007DC8 r1: 020388CC r2: 0500003C r3: 00000000
mgba pc=082259da lr=08225af7 r0=00000005 r1=00000000 r4=00000004 r5=00000001 category=5 level=16: Got RTC command 4
mgba pc=082259fa lr=08225af7 r0=00000004 r1=ffffffff r4=00000005 r5=00000008 category=5 level=16: RTC output byte 40
mgba pc=08225b6c lr=04000130 r0=00000005 r1=00000000 r4=00000004 r5=00000001 category=5 level=16: Got RTC command 2
mgba pc=08225b90 lr=04000130 r0=00000004 r1=ffffffff r4=00000008 r5=00000005 category=5 level=16: RTC output byte 66
mgba pc=08225b90 lr=04000130 r0=00000004 r1=00000000 r4=00000008 r5=00000005 category=5 level=16: RTC output byte 01
mgba pc=08225b90 lr=04000130 r0=00000004 r1=00000000 r4=00000008 r5=00000005 category=5 level=16: RTC output byte 11
mgba pc=08225b90 lr=04000130 r0=00000004 r1=00000000 r4=00000008 r5=00000005 category=5 level=16: RTC output byte 00
mgba pc=08225b90 lr=04000130 r0=00000004 r1=00000000 r4=00000008 r5=00000005 category=5 level=16: RTC output byte 16
mgba pc=08225b90 lr=04000130 r0=00000004 r1=00000000 r4=00000008 r5=00000005 category=5 level=16: RTC output byte 58
mgba pc=08225b90 lr=04000130 r0=00000004 r1=00000000 r4=00000008 r5=00000005 category=5 level=16: RTC output byte 04
mgba pc=0800030e lr=08195ef1 r0=08195e79 r1=0200231c r4=030066b0 r5=00000001 category=4 level=16: SWI: 05 r0: 08195E79 r1: 0200231C r2: 00000000 r3: 00000000
mgba pc=08000338 lr=0822cbe5 r0=030066e8 r1=07000000 r4=030066b0 r5=03006668 category=4 level=16: SWI: 0B r0: 030066E8 r1: 07000000 r2: 04000100 r3: 00000000
mgba pc=08000338 lr=0822cf4d r0=085c1b70 r1=06010000 r4=00000000 r5=02036988 category=4 level=16: SWI: 0B r0: 085C1B70 r1: 06010000 r2: 00000080 r3: 00000000
mgba pc=081b211a lr=081add37 r0=00000000 r1=02032de4 r4=80000200 r5=03006668 category=6 level=8: Starting DMA 3 0x02032E00 -> 0x05000000 (8000:0200)
mgba pc=0813f7e2 lr=0813f7a5 r0=00000000 r1=00000008 r4=02036f20 r5=020023b8 category=10 level=64: Bad BIOS Load16: 0x00000008
mgba pc=0813f7e8 lr=0813f7a5 r0=00000000 r1=00000008 r4=02036f20 r5=020023b8 category=10 level=64: Bad BIOS Load16: 0x0000000A
mgba pc=0822c9c4 lr=0822cacb r0=02036f20 r1=e3a02004 r4=02036f5c r5=02036f20 category=10 level=64: Bad memory Load32: 0xE3A02004
mgba pc=0822c9ca lr=0822cacb r0=02036f20 r1=e3a02004 r4=02036f5c r5=02036f20 category=10 level=64: Bad memory Load8: 0x189b189d
mgba pc=0800032c lr=0822c1e5 r0=03007d78 r1=03007d80 r4=00000100 r5=00000001 category=4 level=16: SWI: 0F r0: 03007D78 r1: 03007D80 r2: 00000001 r3: 00000002
mgba pc=0800032c lr=0822c1e5 r0=03007d78 r1=03007d80 r4=00000100 r5=00000000 category=4 level=16: SWI: 0F r0: 03007D78 r1: 03007D80 r2: 00000001 r3: 00000002
mgba pc=08000338 lr=0823631b r0=03007dc8 r1=020388cc r4=03001bc8 r5=00000000 category=4 level=16: SWI: 0B r0: 03007DC8 r1: 020388CC r2: 0500003C r3: 00000000
mgba pc=082259da lr=08225af7 r0=00000005 r1=00000000 r4=00000004 r5=00000001 category=5 level=16: Got RTC command 4
mgba pc=082259fa lr=08225af7 r0=00000004 r1=ffffffff r4=00000005 r5=00000008 category=5 level=16: RTC output byte 40
mgba pc=08225b6c lr=04000130 r0=00000005 r1=00000000 r4=00000004 r5=00000001 category=5 level=16: Got RTC command 2
mgba pc=08225b90 lr=04000130 r0=00000004 r1=ffffffff r4=00000008 r5=00000005 category=5 level=16: RTC output byte 66
mgba pc=08225b90 lr=04000130 r0=00000004 r1=00000000 r4=00000008 r5=00000005 category=5 level=16: RTC output byte 01
mgba pc=08225b90 lr=04000130 r0=00000004 r1=00000000 r4=00000008 r5=00000005 category=5 level=16: RTC output byte 11
mgba pc=08225b90 lr=04000130 r0=00000004 r1=00000000 r4=00000008 r5=00000005 category=5 level=16: RTC output byte 00
mgba pc=08225b90 lr=04000130 r0=00000004 r1=00000000 r4=00000008 r5=00000005 category=5 level=16: RTC output byte 16
mgba pc=08225b90 lr=04000130 r0=00000004 r1=00000000 r4=00000008 r5=00000005 category=5 level=16: RTC output byte 58
mgba pc=08225b90 lr=04000130 r0=00000004 r1=00000000 r4=00000008 r5=00000005 category=5 level=16: RTC output byte 04
mgba pc=0800030e lr=08195ef1 r0=08195e79 r1=0200231c r4=030066b0 r5=00000001 category=4 level=16: SWI: 05 r0: 08195E79 r1: 0200231C r2: 00000000 r3: 00000000
mgba pc=08000338 lr=0822cbe5 r0=030066e8 r1=07000000 r4=030066b0 r5=03006668 category=4 level=16: SWI: 0B r0: 030066E8 r1: 07000000 r2: 04000100 r3: 00000000
mgba pc=08000338 lr=0822cf4d r0=085c1b70 r1=06010000 r4=00000000 r5=02036988 category=4 level=16: SWI: 0B r0: 085C1B70 r1: 06010000 r2: 00000080 r3: 00000000
mgba pc=081b211a lr=081add37 r0=00000000 r1=02032de4 r4=80000200 r5=03006668 category=6 level=8: Starting DMA 3 0x02032E00 -> 0x05000000 (8000:0200)
mgba pc=0813f7e2 lr=0813f7a5 r0=00000000 r1=00000008 r4=02036f20 r5=020023b8 category=10 level=64: Bad BIOS Load16: 0x00000008
mgba pc=0813f7e8 lr=0813f7a5 r0=00000000 r1=00000008 r4=02036f20 r5=020023b8 category=10 level=64: Bad BIOS Load16: 0x0000000A
mgba pc=0822c9c4 lr=0822cacb r0=02036f20 r1=e3a02004 r4=02036f5c r5=02036f20 category=10 level=64: Bad memory Load32: 0xE3A02004
mgba pc=0822c9ca lr=0822cacb r0=02036f20 r1=e3a02004 r4=02036f5c r5=02036f20 category=10 level=64: Bad memory Load8: 0x189b189d
mgba pc=0800032c lr=0822c1e5 r0=03007d78 r1=03007d80 r4=00000100 r5=00000001 category=4 level=16: SWI: 0F r0: 03007D78 r1: 03007D80 r2: 00000001 r3: 00000002
mgba pc=0800032c lr=0822c1e5 r0=03007d78 r1=03007d80 r4=00000100 r5=00000000 category=4 level=16: SWI: 0F r0: 03007D78 r1: 03007D80 r2: 00000001 r3: 00000002
mgba pc=08000338 lr=0823631b r0=03007dc8 r1=020388cc r4=03001bc8 r5=00000000 category=4 level=16: SWI: 0B r0: 03007DC8 r1: 020388CC r2: 0500003C r3: 00000000
mgba pc=082259da lr=08225af7 r0=00000005 r1=00000000 r4=00000004 r5=00000001 category=5 level=16: Got RTC command 4
mgba pc=082259fa lr=08225af7 r0=00000004 r1=ffffffff r4=00000005 r5=00000008 category=5 level=16: RTC output byte 40
mgba pc=08225b6c lr=04000130 r0=00000005 r1=00000000 r4=00000004 r5=00000001 category=5 level=16: Got RTC command 2
mgba pc=08225b90 lr=04000130 r0=00000004 r1=ffffffff r4=00000008 r5=00000005 category=5 level=16: RTC output byte 66
mgba pc=08225b90 lr=04000130 r0=00000004 r1=00000000 r4=00000008 r5=00000005 category=5 level=16: RTC output byte 01
mgba pc=08225b90 lr=04000130 r0=00000004 r1=00000000 r4=00000008 r5=00000005 category=5 level=16: RTC output byte 11
mgba pc=08225b90 lr=04000130 r0=00000004 r1=00000000 r4=00000008 r5=00000005 category=5 level=16: RTC output byte 00
mgba pc=08225b90 lr=04000130 r0=00000004 r1=00000000 r4=00000008 r5=00000005 category=5 level=16: RTC output byte 16
mgba pc=08225b90 lr=04000130 r0=00000004 r1=00000000 r4=00000008 r5=00000005 category=5 level=16: RTC output byte 58
mgba pc=08225b90 lr=04000130 r0=00000004 r1=00000000 r4=00000008 r5=00000005 category=5 level=16: RTC output byte 04
mgba pc=0800030e lr=08195ef1 r0=08195e79 r1=0200231c r4=030066b0 r5=00000001 category=4 level=16: SWI: 05 r0: 08195E79 r1: 0200231C r2: 00000000 r3: 00000000
mgba pc=08000338 lr=0822cbe5 r0=030066e8 r1=07000000 r4=030066b0 r5=03006668 category=4 level=16: SWI: 0B r0: 030066E8 r1: 07000000 r2: 04000100 r3: 00000000
mgba pc=08000338 lr=0822cf4d r0=085c1b70 r1=06010000 r4=00000000 r5=02036988 category=4 level=16: SWI: 0B r0: 085C1B70 r1: 06010000 r2: 00000080 r3: 00000000
mgba pc=081b211a lr=081add37 r0=00000000 r1=02032de4 r4=80000200 r5=03006668 category=6 level=8: Starting DMA 3 0x02032E00 -> 0x05000000 (8000:0200)
mgba pc=0813f7e2 lr=0813f7a5 r0=00000000 r1=00000008 r4=02036f20 r5=020023b8 category=10 level=64: Bad BIOS Load16: 0x00000008
mgba pc=0813f7e8 lr=0813f7a5 r0=00000000 r1=00000008 r4=02036f20 r5=020023b8 category=10 level=64: Bad BIOS Load16: 0x0000000A
mgba pc=0822c9c4 lr=0822cacb r0=02036f20 r1=e3a02004 r4=02036f5c r5=02036f20 category=10 level=64: Bad memory Load32: 0xE3A02004
mgba pc=0822c9ca lr=0822cacb r0=02036f20 r1=e3a02004 r4=02036f5c r5=02036f20 category=10 level=64: Bad memory Load8: 0x189b189d
mgba pc=0800032c lr=0822c1e5 r0=03007d78 r1=03007d80 r4=00000100 r5=00000001 category=4 level=16: SWI: 0F r0: 03007D78 r1: 03007D80 r2: 00000001 r3: 00000002
mgba pc=0800032c lr=0822c1e5 r0=03007d78 r1=03007d80 r4=00000100 r5=00000000 category=4 level=16: SWI: 0F r0: 03007D78 r1: 03007D80 r2: 00000001 r3: 00000002
mgba pc=08000338 lr=0823631b r0=03007dc8 r1=020388cc r4=03001bc8 r5=00000000 category=4 level=16: SWI: 0B r0: 03007DC8 r1: 020388CC r2: 0500003C r3: 00000000
mgba pc=082259da lr=08225af7 r0=00000005 r1=00000000 r4=00000004 r5=00000001 category=5 level=16: Got RTC command 4
mgba pc=082259fa lr=08225af7 r0=00000004 r1=ffffffff r4=00000005 r5=00000008 category=5 level=16: RTC output byte 40
mgba pc=08225b6c lr=04000130 r0=00000005 r1=00000000 r4=00000004 r5=00000001 category=5 level=16: Got RTC command 2
mgba pc=08225b90 lr=04000130 r0=00000004 r1=ffffffff r4=00000008 r5=00000005 category=5 level=16: RTC output byte 66
mgba pc=08225b90 lr=04000130 r0=00000004 r1=00000000 r4=00000008 r5=00000005 category=5 level=16: RTC output byte 01
mgba pc=08225b90 lr=04000130 r0=00000004 r1=00000000 r4=00000008 r5=00000005 category=5 level=16: RTC output byte 11
mgba pc=08225b90 lr=04000130 r0=00000004 r1=00000000 r4=00000008 r5=00000005 category=5 level=16: RTC output byte 00
mgba pc=08225b90 lr=04000130 r0=00000004 r1=00000000 r4=00000008 r5=00000005 category=5 level=16: RTC output byte 16
mgba pc=08225b90 lr=04000130 r0=00000004 r1=00000000 r4=00000008 r5=00000005 category=5 level=16: RTC output byte 58
mgba pc=08225b90 lr=04000130 r0=00000004 r1=00000000 r4=00000008 r5=00000005 category=5 level=16: RTC output byte 04
mgba pc=0800030e lr=08195ef1 r0=08195e79 r1=0200231c r4=030066b0 r5=00000001 category=4 level=16: SWI: 05 r0: 08195E79 r1: 0200231C r2: 00000000 r3: 00000000
mgba pc=08000338 lr=0822cbe5 r0=030066e8 r1=07000000 r4=030066b0 r5=03006668 category=4 level=16: SWI: 0B r0: 030066E8 r1: 07000000 r2: 04000100 r3: 00000000
mgba pc=08000338 lr=0822cf4d r0=085c1b70 r1=06010000 r4=00000000 r5=02036988 category=4 level=16: SWI: 0B r0: 085C1B70 r1: 06010000 r2: 00000080 r3: 00000000
mgba pc=081b211a lr=081add37 r0=00000000 r1=02032de4 r4=80000200 r5=03006668 category=6 level=8: Starting DMA 3 0x02032E00 -> 0x05000000 (8000:0200)
mgba pc=0823624c lr=081add3b r0=040000dc r1=00000000 r4=00000001 r5=80000000 category=6 level=8: Starting DMA 3 0x08DAF054 -> 0x06003F80 (8000:0040)
mgba pc=0813f7e2 lr=0813f7a5 r0=00000000 r1=00000008 r4=02036f20 r5=020023b8 category=10 level=64: Bad BIOS Load16: 0x00000008
mgba pc=0813f7e8 lr=0813f7a5 r0=00000000 r1=00000008 r4=02036f20 r5=020023b8 category=10 level=64: Bad BIOS Load16: 0x0000000A
mgba pc=0822c9c4 lr=0822cacb r0=02036f20 r1=e3a02004 r4=02036f5c r5=02036f20 category=10 level=64: Bad memory Load32: 0xE3A02004
mgba pc=0822c9ca lr=0822cacb r0=02036f20 r1=e3a02004 r4=02036f5c r5=02036f20 category=10 level=64: Bad memory Load8: 0x189b189d
mgba pc=0800032c lr=0822c1e5 r0=03007d78 r1=03007d80 r4=00000100 r5=00000001 category=4 level=16: SWI: 0F r0: 03007D78 r1: 03007D80 r2: 00000001 r3: 00000002
mgba pc=0800032c lr=0822c1e5 r0=03007d78 r1=03007d80 r4=00000100 r5=00000000 category=4 level=16: SWI: 0F r0: 03007D78 r1: 03007D80 r2: 00000001 r3: 00000002
mgba pc=08000338 lr=0823631b r0=03007dc8 r1=020388cc r4=03001bc8 r5=00000000 category=4 level=16: SWI: 0B r0: 03007DC8 r1: 020388CC r2: 0500003C r3: 00000000
mgba pc=082259da lr=08225af7 r0=00000005 r1=00000000 r4=00000004 r5=00000001 category=5 level=16: Got RTC command 4
mgba pc=082259fa lr=08225af7 r0=00000004 r1=ffffffff r4=00000005 r5=00000008 category=5 level=16: RTC output byte 40
mgba pc=08225b6c lr=04000130 r0=00000005 r1=00000000 r4=00000004 r5=00000001 category=5 level=16: Got RTC command 2
mgba pc=08225b90 lr=04000130 r0=00000004 r1=ffffffff r4=00000008 r5=00000005 category=5 level=16: RTC output byte 66
mgba pc=08225b90 lr=04000130 r0=00000004 r1=00000000 r4=00000008 r5=00000005 category=5 level=16: RTC output byte 01
mgba pc=08225b90 lr=04000130 r0=00000004 r1=00000000 r4=00000008 r5=00000005 category=5 level=16: RTC output byte 11
mgba pc=08225b90 lr=04000130 r0=00000004 r1=00000000 r4=00000008 r5=00000005 category=5 level=16: RTC output byte 00
mgba pc=08225b90 lr=04000130 r0=00000004 r1=00000000 r4=00000008 r5=00000005 category=5 level=16: RTC output byte 16
mgba pc=08225b90 lr=04000130 r0=00000004 r1=00000000 r4=00000008 r5=00000005 category=5 level=16: RTC output byte 58
mgba pc=08225b90 lr=04000130 r0=00000004 r1=00000000 r4=00000008 r5=00000005 category=5 level=16: RTC output byte 04
mgba pc=0800030e lr=08195ef1 r0=08195e79 r1=0200231c r4=030066b0 r5=00000001 category=4 level=16: SWI: 05 r0: 08195E79 r1: 0200231C r2: 00000000 r3: 00000000
mgba pc=0825faa0 lr=08195beb r0=030056b8 r1=0000b600 r4=030066b0 r5=00000001 category=6 level=8: Starting DMA 1 0x03005A08 -> 0x040000A0 (B600:0004)
mgba pc=0825faa2 lr=08195beb r0=030056b8 r1=0000b600 r4=030066b0 r5=00000001 category=6 level=8: Starting DMA 2 0x03006038 -> 0x040000A4 (B600:0004)
RESULT frames=150 stop_matched=0 pc=000001f8 rtc=946684800 width=240 height=160 video_hash=9f7ae0b574906cb0 nonzero_pixels=38303 save_bytes=0
