python3 tools/wild_encounters/wild_encounters_to_header.py
tools/mapjson/mapjson groups emerald data/maps/map_groups.json <MAP_JSONS> data/maps include/constants
tools/mapjson/mapjson event_constants emerald <MAP_JSONS> include/constants/map_event_ids.h
tools/jsonproc/jsonproc src/data/wild_encounters.json src/data/wild_encounters.constants.json.txt include/constants/wild_encounter.h
tools/jsonproc/jsonproc src/data/heal_locations.json src/data/heal_locations.json.txt src/data/heal_locations.h
tools/jsonproc/jsonproc src/data/heal_locations.json src/data/heal_locations.constants.json.txt include/constants/heal_locations.h
tools/scaninc/scaninc -M build/emerald-test/data/mystery_gift.d -g build/assets -I include -I "" data/mystery_gift.s
tools/mapjson/mapjson map emerald data/maps/AbandonedShip_CaptainsOffice/map.json data/layouts/layouts.json data/maps/AbandonedShip_CaptainsOffice
tools/mapjson/mapjson map emerald data/maps/AbandonedShip_Corridors_1F/map.json data/layouts/layouts.json data/maps/AbandonedShip_Corridors_1F
tools/mapjson/mapjson map emerald data/maps/AbandonedShip_Corridors_B1F/map.json data/layouts/layouts.json data/maps/AbandonedShip_Corridors_B1F
tools/mapjson/mapjson map emerald data/maps/AbandonedShip_Deck/map.json data/layouts/layouts.json data/maps/AbandonedShip_Deck
tools/mapjson/mapjson map emerald data/maps/AbandonedShip_HiddenFloorCorridors/map.json data/layouts/layouts.json data/maps/AbandonedShip_HiddenFloorCorridors
tools/mapjson/mapjson map emerald data/maps/AbandonedShip_HiddenFloorRooms/map.json data/layouts/layouts.json data/maps/AbandonedShip_HiddenFloorRooms
tools/mapjson/mapjson map emerald data/maps/AbandonedShip_Room_B1F/map.json data/layouts/layouts.json data/maps/AbandonedShip_Room_B1F
tools/mapjson/mapjson map emerald data/maps/AbandonedShip_Rooms2_1F/map.json data/layouts/layouts.json data/maps/AbandonedShip_Rooms2_1F
tools/mapjson/mapjson map emerald data/maps/AbandonedShip_Rooms2_B1F/map.json data/layouts/layouts.json data/maps/AbandonedShip_Rooms2_B1F
tools/mapjson/mapjson map emerald data/maps/AbandonedShip_Rooms_1F/map.json data/layouts/layouts.json data/maps/AbandonedShip_Rooms_1F
tools/mapjson/mapjson map emerald data/maps/AbandonedShip_Rooms_B1F/map.json data/layouts/layouts.json data/maps/AbandonedShip_Rooms_B1F
tools/mapjson/mapjson map emerald data/maps/AbandonedShip_Underwater1/map.json data/layouts/layouts.json data/maps/AbandonedShip_Underwater1
tools/mapjson/mapjson map emerald data/maps/AbandonedShip_Underwater2/map.json data/layouts/layouts.json data/maps/AbandonedShip_Underwater2
tools/mapjson/mapjson map emerald data/maps/AlteringCave/map.json data/layouts/layouts.json data/maps/AlteringCave
tools/mapjson/mapjson map emerald data/maps/AlteringCave_1F/map.json data/layouts/layouts.json data/maps/AlteringCave_1F
tools/mapjson/mapjson map emerald data/maps/AlteringCave_B1F/map.json data/layouts/layouts.json data/maps/AlteringCave_B1F
tools/mapjson/mapjson map emerald data/maps/AncientTomb/map.json data/layouts/layouts.json data/maps/AncientTomb
tools/mapjson/mapjson map emerald data/maps/AquaHideout_1F/map.json data/layouts/layouts.json data/maps/AquaHideout_1F
tools/mapjson/mapjson map emerald data/maps/AquaHideout_B1F/map.json data/layouts/layouts.json data/maps/AquaHideout_B1F
tools/mapjson/mapjson map emerald data/maps/AquaHideout_B2F/map.json data/layouts/layouts.json data/maps/AquaHideout_B2F
tools/mapjson/mapjson map emerald data/maps/AquaHideout_UnusedRubyMap1/map.json data/layouts/layouts.json data/maps/AquaHideout_UnusedRubyMap1
tools/mapjson/mapjson map emerald data/maps/AquaHideout_UnusedRubyMap2/map.json data/layouts/layouts.json data/maps/AquaHideout_UnusedRubyMap2
tools/mapjson/mapjson map emerald data/maps/AquaHideout_UnusedRubyMap3/map.json data/layouts/layouts.json data/maps/AquaHideout_UnusedRubyMap3
tools/mapjson/mapjson map emerald data/maps/ArtisanCave_1F/map.json data/layouts/layouts.json data/maps/ArtisanCave_1F
tools/mapjson/mapjson map emerald data/maps/ArtisanCave_B1F/map.json data/layouts/layouts.json data/maps/ArtisanCave_B1F
tools/mapjson/mapjson map emerald data/maps/AshenWoods/map.json data/layouts/layouts.json data/maps/AshenWoods
tools/mapjson/mapjson map emerald data/maps/BattleColosseum_2P/map.json data/layouts/layouts.json data/maps/BattleColosseum_2P
tools/mapjson/mapjson map emerald data/maps/BattleColosseum_4P/map.json data/layouts/layouts.json data/maps/BattleColosseum_4P
tools/mapjson/mapjson map emerald data/maps/BattleFrontier_BattleArenaBattleRoom/map.json data/layouts/layouts.json data/maps/BattleFrontier_BattleArenaBattleRoom
tools/mapjson/mapjson map emerald data/maps/BattleFrontier_BattleArenaCorridor/map.json data/layouts/layouts.json data/maps/BattleFrontier_BattleArenaCorridor
tools/mapjson/mapjson map emerald data/maps/BattleFrontier_BattleArenaLobby/map.json data/layouts/layouts.json data/maps/BattleFrontier_BattleArenaLobby
tools/mapjson/mapjson map emerald data/maps/BattleFrontier_BattleDomeBattleRoom/map.json data/layouts/layouts.json data/maps/BattleFrontier_BattleDomeBattleRoom
tools/mapjson/mapjson map emerald data/maps/BattleFrontier_BattleDomeCorridor/map.json data/layouts/layouts.json data/maps/BattleFrontier_BattleDomeCorridor
tools/mapjson/mapjson map emerald data/maps/BattleFrontier_BattleDomeLobby/map.json data/layouts/layouts.json data/maps/BattleFrontier_BattleDomeLobby
tools/mapjson/mapjson map emerald data/maps/BattleFrontier_BattleDomePreBattleRoom/map.json data/layouts/layouts.json data/maps/BattleFrontier_BattleDomePreBattleRoom
tools/mapjson/mapjson map emerald data/maps/BattleFrontier_BattleFactoryBattleRoom/map.json data/layouts/layouts.json data/maps/BattleFrontier_BattleFactoryBattleRoom
tools/mapjson/mapjson map emerald data/maps/BattleFrontier_BattleFactoryLobby/map.json data/layouts/layouts.json data/maps/BattleFrontier_BattleFactoryLobby
tools/mapjson/mapjson map emerald data/maps/BattleFrontier_BattleFactoryPreBattleRoom/map.json data/layouts/layouts.json data/maps/BattleFrontier_BattleFactoryPreBattleRoom
tools/mapjson/mapjson map emerald data/maps/BattleFrontier_BattlePalaceBattleRoom/map.json data/layouts/layouts.json data/maps/BattleFrontier_BattlePalaceBattleRoom
tools/mapjson/mapjson map emerald data/maps/BattleFrontier_BattlePalaceCorridor/map.json data/layouts/layouts.json data/maps/BattleFrontier_BattlePalaceCorridor
tools/mapjson/mapjson map emerald data/maps/BattleFrontier_BattlePalaceLobby/map.json data/layouts/layouts.json data/maps/BattleFrontier_BattlePalaceLobby
tools/mapjson/mapjson map emerald data/maps/BattleFrontier_BattlePikeCorridor/map.json data/layouts/layouts.json data/maps/BattleFrontier_BattlePikeCorridor
tools/mapjson/mapjson map emerald data/maps/BattleFrontier_BattlePikeLobby/map.json data/layouts/layouts.json data/maps/BattleFrontier_BattlePikeLobby
tools/mapjson/mapjson map emerald data/maps/BattleFrontier_BattlePikeRoomFinal/map.json data/layouts/layouts.json data/maps/BattleFrontier_BattlePikeRoomFinal
tools/mapjson/mapjson map emerald data/maps/BattleFrontier_BattlePikeRoomNormal/map.json data/layouts/layouts.json data/maps/BattleFrontier_BattlePikeRoomNormal
tools/mapjson/mapjson map emerald data/maps/BattleFrontier_BattlePikeRoomWildMons/map.json data/layouts/layouts.json data/maps/BattleFrontier_BattlePikeRoomWildMons
tools/mapjson/mapjson map emerald data/maps/BattleFrontier_BattlePikeThreePathRoom/map.json data/layouts/layouts.json data/maps/BattleFrontier_BattlePikeThreePathRoom
tools/mapjson/mapjson map emerald data/maps/BattleFrontier_BattlePyramidFloor/map.json data/layouts/layouts.json data/maps/BattleFrontier_BattlePyramidFloor
tools/mapjson/mapjson map emerald data/maps/BattleFrontier_BattlePyramidLobby/map.json data/layouts/layouts.json data/maps/BattleFrontier_BattlePyramidLobby
tools/mapjson/mapjson map emerald data/maps/BattleFrontier_BattlePyramidTop/map.json data/layouts/layouts.json data/maps/BattleFrontier_BattlePyramidTop
tools/mapjson/mapjson map emerald data/maps/BattleFrontier_BattleTowerBattleRoom/map.json data/layouts/layouts.json data/maps/BattleFrontier_BattleTowerBattleRoom
tools/mapjson/mapjson map emerald data/maps/BattleFrontier_BattleTowerCorridor/map.json data/layouts/layouts.json data/maps/BattleFrontier_BattleTowerCorridor
tools/mapjson/mapjson map emerald data/maps/BattleFrontier_BattleTowerElevator/map.json data/layouts/layouts.json data/maps/BattleFrontier_BattleTowerElevator
tools/mapjson/mapjson map emerald data/maps/BattleFrontier_BattleTowerLobby/map.json data/layouts/layouts.json data/maps/BattleFrontier_BattleTowerLobby
tools/mapjson/mapjson map emerald data/maps/BattleFrontier_BattleTowerMultiBattleRoom/map.json data/layouts/layouts.json data/maps/BattleFrontier_BattleTowerMultiBattleRoom
tools/mapjson/mapjson map emerald data/maps/BattleFrontier_BattleTowerMultiCorridor/map.json data/layouts/layouts.json data/maps/BattleFrontier_BattleTowerMultiCorridor
tools/mapjson/mapjson map emerald data/maps/BattleFrontier_BattleTowerMultiPartnerRoom/map.json data/layouts/layouts.json data/maps/BattleFrontier_BattleTowerMultiPartnerRoom
tools/mapjson/mapjson map emerald data/maps/BattleFrontier_ExchangeServiceCorner/map.json data/layouts/layouts.json data/maps/BattleFrontier_ExchangeServiceCorner
tools/mapjson/mapjson map emerald data/maps/BattleFrontier_Lounge1/map.json data/layouts/layouts.json data/maps/BattleFrontier_Lounge1
tools/mapjson/mapjson map emerald data/maps/BattleFrontier_Lounge2/map.json data/layouts/layouts.json data/maps/BattleFrontier_Lounge2
tools/mapjson/mapjson map emerald data/maps/BattleFrontier_Lounge3/map.json data/layouts/layouts.json data/maps/BattleFrontier_Lounge3
tools/mapjson/mapjson map emerald data/maps/BattleFrontier_Lounge4/map.json data/layouts/layouts.json data/maps/BattleFrontier_Lounge4
tools/mapjson/mapjson map emerald data/maps/BattleFrontier_Lounge5/map.json data/layouts/layouts.json data/maps/BattleFrontier_Lounge5
tools/mapjson/mapjson map emerald data/maps/BattleFrontier_Lounge6/map.json data/layouts/layouts.json data/maps/BattleFrontier_Lounge6
tools/mapjson/mapjson map emerald data/maps/BattleFrontier_Lounge7/map.json data/layouts/layouts.json data/maps/BattleFrontier_Lounge7
tools/mapjson/mapjson map emerald data/maps/BattleFrontier_Lounge8/map.json data/layouts/layouts.json data/maps/BattleFrontier_Lounge8
tools/mapjson/mapjson map emerald data/maps/BattleFrontier_Lounge9/map.json data/layouts/layouts.json data/maps/BattleFrontier_Lounge9
tools/mapjson/mapjson map emerald data/maps/BattleFrontier_Mart/map.json data/layouts/layouts.json data/maps/BattleFrontier_Mart
tools/mapjson/mapjson map emerald data/maps/BattleFrontier_OutsideEast/map.json data/layouts/layouts.json data/maps/BattleFrontier_OutsideEast
tools/mapjson/mapjson map emerald data/maps/BattleFrontier_OutsideWest/map.json data/layouts/layouts.json data/maps/BattleFrontier_OutsideWest
tools/mapjson/mapjson map emerald data/maps/BattleFrontier_PokemonCenter_1F/map.json data/layouts/layouts.json data/maps/BattleFrontier_PokemonCenter_1F
tools/mapjson/mapjson map emerald data/maps/BattleFrontier_PokemonCenter_2F/map.json data/layouts/layouts.json data/maps/BattleFrontier_PokemonCenter_2F
tools/mapjson/mapjson map emerald data/maps/BattleFrontier_RankingHall/map.json data/layouts/layouts.json data/maps/BattleFrontier_RankingHall
tools/mapjson/mapjson map emerald data/maps/BattleFrontier_ReceptionGate/map.json data/layouts/layouts.json data/maps/BattleFrontier_ReceptionGate
tools/mapjson/mapjson map emerald data/maps/BattleFrontier_ScottsHouse/map.json data/layouts/layouts.json data/maps/BattleFrontier_ScottsHouse
tools/mapjson/mapjson map emerald data/maps/BattlePyramidSquare01/map.json data/layouts/layouts.json data/maps/BattlePyramidSquare01
tools/mapjson/mapjson map emerald data/maps/BattlePyramidSquare02/map.json data/layouts/layouts.json data/maps/BattlePyramidSquare02
tools/mapjson/mapjson map emerald data/maps/BattlePyramidSquare03/map.json data/layouts/layouts.json data/maps/BattlePyramidSquare03
tools/mapjson/mapjson map emerald data/maps/BattlePyramidSquare04/map.json data/layouts/layouts.json data/maps/BattlePyramidSquare04
tools/mapjson/mapjson map emerald data/maps/BattlePyramidSquare05/map.json data/layouts/layouts.json data/maps/BattlePyramidSquare05
tools/mapjson/mapjson map emerald data/maps/BattlePyramidSquare06/map.json data/layouts/layouts.json data/maps/BattlePyramidSquare06
tools/mapjson/mapjson map emerald data/maps/BattlePyramidSquare07/map.json data/layouts/layouts.json data/maps/BattlePyramidSquare07
tools/mapjson/mapjson map emerald data/maps/BattlePyramidSquare08/map.json data/layouts/layouts.json data/maps/BattlePyramidSquare08
tools/mapjson/mapjson map emerald data/maps/BattlePyramidSquare09/map.json data/layouts/layouts.json data/maps/BattlePyramidSquare09
tools/mapjson/mapjson map emerald data/maps/BattlePyramidSquare10/map.json data/layouts/layouts.json data/maps/BattlePyramidSquare10
tools/mapjson/mapjson map emerald data/maps/BattlePyramidSquare11/map.json data/layouts/layouts.json data/maps/BattlePyramidSquare11
tools/mapjson/mapjson map emerald data/maps/BattlePyramidSquare12/map.json data/layouts/layouts.json data/maps/BattlePyramidSquare12
tools/mapjson/mapjson map emerald data/maps/BattlePyramidSquare13/map.json data/layouts/layouts.json data/maps/BattlePyramidSquare13
tools/mapjson/mapjson map emerald data/maps/BattlePyramidSquare14/map.json data/layouts/layouts.json data/maps/BattlePyramidSquare14
tools/mapjson/mapjson map emerald data/maps/BattlePyramidSquare15/map.json data/layouts/layouts.json data/maps/BattlePyramidSquare15
tools/mapjson/mapjson map emerald data/maps/BattlePyramidSquare16/map.json data/layouts/layouts.json data/maps/BattlePyramidSquare16
tools/mapjson/mapjson map emerald data/maps/BirthIsland_Exterior/map.json data/layouts/layouts.json data/maps/BirthIsland_Exterior
tools/mapjson/mapjson map emerald data/maps/BirthIsland_Harbor/map.json data/layouts/layouts.json data/maps/BirthIsland_Harbor
tools/mapjson/mapjson map emerald data/maps/CaveOfOrigin_1F/map.json data/layouts/layouts.json data/maps/CaveOfOrigin_1F
tools/mapjson/mapjson map emerald data/maps/CaveOfOrigin_B1F/map.json data/layouts/layouts.json data/maps/CaveOfOrigin_B1F
tools/mapjson/mapjson map emerald data/maps/CaveOfOrigin_DianciesRoom/map.json data/layouts/layouts.json data/maps/CaveOfOrigin_DianciesRoom
tools/mapjson/mapjson map emerald data/maps/CaveOfOrigin_Entrance/map.json data/layouts/layouts.json data/maps/CaveOfOrigin_Entrance
tools/mapjson/mapjson map emerald data/maps/CaveOfOrigin_UnusedRubySapphireMap1/map.json data/layouts/layouts.json data/maps/CaveOfOrigin_UnusedRubySapphireMap1
tools/mapjson/mapjson map emerald data/maps/CaveOfOrigin_UnusedRubySapphireMap2/map.json data/layouts/layouts.json data/maps/CaveOfOrigin_UnusedRubySapphireMap2
tools/mapjson/mapjson map emerald data/maps/CaveOfOrigin_UnusedRubySapphireMap3/map.json data/layouts/layouts.json data/maps/CaveOfOrigin_UnusedRubySapphireMap3
tools/mapjson/mapjson map emerald data/maps/ContestHall/map.json data/layouts/layouts.json data/maps/ContestHall
tools/mapjson/mapjson map emerald data/maps/ContestHallBeauty/map.json data/layouts/layouts.json data/maps/ContestHallBeauty
tools/mapjson/mapjson map emerald data/maps/ContestHallCool/map.json data/layouts/layouts.json data/maps/ContestHallCool
tools/mapjson/mapjson map emerald data/maps/ContestHallCute/map.json data/layouts/layouts.json data/maps/ContestHallCute
tools/mapjson/mapjson map emerald data/maps/ContestHallSmart/map.json data/layouts/layouts.json data/maps/ContestHallSmart
tools/mapjson/mapjson map emerald data/maps/ContestHallTough/map.json data/layouts/layouts.json data/maps/ContestHallTough
tools/mapjson/mapjson map emerald data/maps/DesertRuins/map.json data/layouts/layouts.json data/maps/DesertRuins
tools/mapjson/mapjson map emerald data/maps/DesertUnderpass/map.json data/layouts/layouts.json data/maps/DesertUnderpass
tools/mapjson/mapjson map emerald data/maps/DewfordManor_1F/map.json data/layouts/layouts.json data/maps/DewfordManor_1F
tools/mapjson/mapjson map emerald data/maps/DewfordMeadow/map.json data/layouts/layouts.json data/maps/DewfordMeadow
tools/mapjson/mapjson map emerald data/maps/DewfordTown/map.json data/layouts/layouts.json data/maps/DewfordTown
tools/mapjson/mapjson map emerald data/maps/DewfordTown_Gym/map.json data/layouts/layouts.json data/maps/DewfordTown_Gym
tools/mapjson/mapjson map emerald data/maps/DewfordTown_Hall/map.json data/layouts/layouts.json data/maps/DewfordTown_Hall
tools/mapjson/mapjson map emerald data/maps/DewfordTown_House1/map.json data/layouts/layouts.json data/maps/DewfordTown_House1
tools/mapjson/mapjson map emerald data/maps/DewfordTown_House2/map.json data/layouts/layouts.json data/maps/DewfordTown_House2
tools/mapjson/mapjson map emerald data/maps/DewfordTown_PokemonCenter_1F/map.json data/layouts/layouts.json data/maps/DewfordTown_PokemonCenter_1F
tools/mapjson/mapjson map emerald data/maps/DewfordTown_PokemonCenter_2F/map.json data/layouts/layouts.json data/maps/DewfordTown_PokemonCenter_2F
tools/mapjson/mapjson map emerald data/maps/EmberPath/map.json data/layouts/layouts.json data/maps/EmberPath
tools/mapjson/mapjson map emerald data/maps/EverGrandeCity/map.json data/layouts/layouts.json data/maps/EverGrandeCity
tools/mapjson/mapjson map emerald data/maps/EverGrandeCity_ChampionsRoom/map.json data/layouts/layouts.json data/maps/EverGrandeCity_ChampionsRoom
tools/mapjson/mapjson map emerald data/maps/EverGrandeCity_DrakesRoom/map.json data/layouts/layouts.json data/maps/EverGrandeCity_DrakesRoom
tools/mapjson/mapjson map emerald data/maps/EverGrandeCity_GlaciasRoom/map.json data/layouts/layouts.json data/maps/EverGrandeCity_GlaciasRoom
tools/mapjson/mapjson map emerald data/maps/EverGrandeCity_Hall1/map.json data/layouts/layouts.json data/maps/EverGrandeCity_Hall1
tools/mapjson/mapjson map emerald data/maps/EverGrandeCity_Hall2/map.json data/layouts/layouts.json data/maps/EverGrandeCity_Hall2
tools/mapjson/mapjson map emerald data/maps/EverGrandeCity_Hall3/map.json data/layouts/layouts.json data/maps/EverGrandeCity_Hall3
tools/mapjson/mapjson map emerald data/maps/EverGrandeCity_Hall4/map.json data/layouts/layouts.json data/maps/EverGrandeCity_Hall4
tools/mapjson/mapjson map emerald data/maps/EverGrandeCity_Hall5/map.json data/layouts/layouts.json data/maps/EverGrandeCity_Hall5
tools/mapjson/mapjson map emerald data/maps/EverGrandeCity_HallOfFame/map.json data/layouts/layouts.json data/maps/EverGrandeCity_HallOfFame
tools/mapjson/mapjson map emerald data/maps/EverGrandeCity_PhoebesRoom/map.json data/layouts/layouts.json data/maps/EverGrandeCity_PhoebesRoom
tools/mapjson/mapjson map emerald data/maps/EverGrandeCity_PokemonCenter_1F/map.json data/layouts/layouts.json data/maps/EverGrandeCity_PokemonCenter_1F
tools/mapjson/mapjson map emerald data/maps/EverGrandeCity_PokemonCenter_2F/map.json data/layouts/layouts.json data/maps/EverGrandeCity_PokemonCenter_2F
tools/mapjson/mapjson map emerald data/maps/EverGrandeCity_PokemonLeague_1F/map.json data/layouts/layouts.json data/maps/EverGrandeCity_PokemonLeague_1F
tools/mapjson/mapjson map emerald data/maps/EverGrandeCity_PokemonLeague_2F/map.json data/layouts/layouts.json data/maps/EverGrandeCity_PokemonLeague_2F
tools/mapjson/mapjson map emerald data/maps/EverGrandeCity_SidneysRoom/map.json data/layouts/layouts.json data/maps/EverGrandeCity_SidneysRoom
tools/mapjson/mapjson map emerald data/maps/FallarborTown/map.json data/layouts/layouts.json data/maps/FallarborTown
tools/mapjson/mapjson map emerald data/maps/FallarborTown_BattleTentBattleRoom/map.json data/layouts/layouts.json data/maps/FallarborTown_BattleTentBattleRoom
tools/mapjson/mapjson map emerald data/maps/FallarborTown_BattleTentCorridor/map.json data/layouts/layouts.json data/maps/FallarborTown_BattleTentCorridor
tools/mapjson/mapjson map emerald data/maps/FallarborTown_BattleTentLobby/map.json data/layouts/layouts.json data/maps/FallarborTown_BattleTentLobby
tools/mapjson/mapjson map emerald data/maps/FallarborTown_CozmosHouse/map.json data/layouts/layouts.json data/maps/FallarborTown_CozmosHouse
tools/mapjson/mapjson map emerald data/maps/FallarborTown_Mart/map.json data/layouts/layouts.json data/maps/FallarborTown_Mart
tools/mapjson/mapjson map emerald data/maps/FallarborTown_MoveRelearnersHouse/map.json data/layouts/layouts.json data/maps/FallarborTown_MoveRelearnersHouse
tools/mapjson/mapjson map emerald data/maps/FallarborTown_PokemonCenter_1F/map.json data/layouts/layouts.json data/maps/FallarborTown_PokemonCenter_1F
tools/mapjson/mapjson map emerald data/maps/FallarborTown_PokemonCenter_2F/map.json data/layouts/layouts.json data/maps/FallarborTown_PokemonCenter_2F
tools/mapjson/mapjson map emerald data/maps/FarawayIsland_Entrance/map.json data/layouts/layouts.json data/maps/FarawayIsland_Entrance
tools/mapjson/mapjson map emerald data/maps/FarawayIsland_Interior/map.json data/layouts/layouts.json data/maps/FarawayIsland_Interior
tools/mapjson/mapjson map emerald data/maps/FieryPath/map.json data/layouts/layouts.json data/maps/FieryPath
tools/mapjson/mapjson map emerald data/maps/FortreeCity/map.json data/layouts/layouts.json data/maps/FortreeCity
tools/mapjson/mapjson map emerald data/maps/FortreeCity_DecorationShop/map.json data/layouts/layouts.json data/maps/FortreeCity_DecorationShop
tools/mapjson/mapjson map emerald data/maps/FortreeCity_Gym/map.json data/layouts/layouts.json data/maps/FortreeCity_Gym
tools/mapjson/mapjson map emerald data/maps/FortreeCity_House1/map.json data/layouts/layouts.json data/maps/FortreeCity_House1
tools/mapjson/mapjson map emerald data/maps/FortreeCity_House2/map.json data/layouts/layouts.json data/maps/FortreeCity_House2
tools/mapjson/mapjson map emerald data/maps/FortreeCity_House3/map.json data/layouts/layouts.json data/maps/FortreeCity_House3
tools/mapjson/mapjson map emerald data/maps/FortreeCity_House4/map.json data/layouts/layouts.json data/maps/FortreeCity_House4
tools/mapjson/mapjson map emerald data/maps/FortreeCity_House5/map.json data/layouts/layouts.json data/maps/FortreeCity_House5
tools/mapjson/mapjson map emerald data/maps/FortreeCity_Mart/map.json data/layouts/layouts.json data/maps/FortreeCity_Mart
tools/mapjson/mapjson map emerald data/maps/FortreeCity_PokemonCenter_1F/map.json data/layouts/layouts.json data/maps/FortreeCity_PokemonCenter_1F
tools/mapjson/mapjson map emerald data/maps/FortreeCity_PokemonCenter_2F/map.json data/layouts/layouts.json data/maps/FortreeCity_PokemonCenter_2F
tools/mapjson/mapjson map emerald data/maps/GraniteCave_1F/map.json data/layouts/layouts.json data/maps/GraniteCave_1F
tools/mapjson/mapjson map emerald data/maps/GraniteCave_B1F/map.json data/layouts/layouts.json data/maps/GraniteCave_B1F
tools/mapjson/mapjson map emerald data/maps/GraniteCave_B2F/map.json data/layouts/layouts.json data/maps/GraniteCave_B2F
tools/mapjson/mapjson map emerald data/maps/GraniteCave_StevensRoom/map.json data/layouts/layouts.json data/maps/GraniteCave_StevensRoom
tools/mapjson/mapjson map emerald data/maps/InsideOfTruck/map.json data/layouts/layouts.json data/maps/InsideOfTruck
tools/mapjson/mapjson map emerald data/maps/IslandCave/map.json data/layouts/layouts.json data/maps/IslandCave
tools/mapjson/mapjson map emerald data/maps/JaggedPass/map.json data/layouts/layouts.json data/maps/JaggedPass
tools/mapjson/mapjson map emerald data/maps/LavaridgeTown/map.json data/layouts/layouts.json data/maps/LavaridgeTown
tools/mapjson/mapjson map emerald data/maps/LavaridgeTown_Gym_1F/map.json data/layouts/layouts.json data/maps/LavaridgeTown_Gym_1F
tools/mapjson/mapjson map emerald data/maps/LavaridgeTown_Gym_B1F/map.json data/layouts/layouts.json data/maps/LavaridgeTown_Gym_B1F
tools/mapjson/mapjson map emerald data/maps/LavaridgeTown_HerbShop/map.json data/layouts/layouts.json data/maps/LavaridgeTown_HerbShop
tools/mapjson/mapjson map emerald data/maps/LavaridgeTown_House/map.json data/layouts/layouts.json data/maps/LavaridgeTown_House
tools/mapjson/mapjson map emerald data/maps/LavaridgeTown_Mart/map.json data/layouts/layouts.json data/maps/LavaridgeTown_Mart
tools/mapjson/mapjson map emerald data/maps/LavaridgeTown_PokemonCenter_1F/map.json data/layouts/layouts.json data/maps/LavaridgeTown_PokemonCenter_1F
tools/mapjson/mapjson map emerald data/maps/LavaridgeTown_PokemonCenter_2F/map.json data/layouts/layouts.json data/maps/LavaridgeTown_PokemonCenter_2F
tools/mapjson/mapjson map emerald data/maps/LilycoveCity/map.json data/layouts/layouts.json data/maps/LilycoveCity
tools/mapjson/mapjson map emerald data/maps/LilycoveCity_ContestHall/map.json data/layouts/layouts.json data/maps/LilycoveCity_ContestHall
tools/mapjson/mapjson map emerald data/maps/LilycoveCity_ContestLobby/map.json data/layouts/layouts.json data/maps/LilycoveCity_ContestLobby
tools/mapjson/mapjson map emerald data/maps/LilycoveCity_CoveLilyMotel_1F/map.json data/layouts/layouts.json data/maps/LilycoveCity_CoveLilyMotel_1F
tools/mapjson/mapjson map emerald data/maps/LilycoveCity_CoveLilyMotel_2F/map.json data/layouts/layouts.json data/maps/LilycoveCity_CoveLilyMotel_2F
tools/mapjson/mapjson map emerald data/maps/LilycoveCity_DepartmentStoreElevator/map.json data/layouts/layouts.json data/maps/LilycoveCity_DepartmentStoreElevator
tools/mapjson/mapjson map emerald data/maps/LilycoveCity_DepartmentStoreRooftop/map.json data/layouts/layouts.json data/maps/LilycoveCity_DepartmentStoreRooftop
tools/mapjson/mapjson map emerald data/maps/LilycoveCity_DepartmentStore_1F/map.json data/layouts/layouts.json data/maps/LilycoveCity_DepartmentStore_1F
tools/mapjson/mapjson map emerald data/maps/LilycoveCity_DepartmentStore_2F/map.json data/layouts/layouts.json data/maps/LilycoveCity_DepartmentStore_2F
tools/mapjson/mapjson map emerald data/maps/LilycoveCity_DepartmentStore_3F/map.json data/layouts/layouts.json data/maps/LilycoveCity_DepartmentStore_3F
tools/mapjson/mapjson map emerald data/maps/LilycoveCity_DepartmentStore_4F/map.json data/layouts/layouts.json data/maps/LilycoveCity_DepartmentStore_4F
tools/mapjson/mapjson map emerald data/maps/LilycoveCity_DepartmentStore_5F/map.json data/layouts/layouts.json data/maps/LilycoveCity_DepartmentStore_5F
tools/mapjson/mapjson map emerald data/maps/LilycoveCity_Harbor/map.json data/layouts/layouts.json data/maps/LilycoveCity_Harbor
tools/mapjson/mapjson map emerald data/maps/LilycoveCity_House1/map.json data/layouts/layouts.json data/maps/LilycoveCity_House1
tools/mapjson/mapjson map emerald data/maps/LilycoveCity_House2/map.json data/layouts/layouts.json data/maps/LilycoveCity_House2
tools/mapjson/mapjson map emerald data/maps/LilycoveCity_House3/map.json data/layouts/layouts.json data/maps/LilycoveCity_House3
tools/mapjson/mapjson map emerald data/maps/LilycoveCity_House4/map.json data/layouts/layouts.json data/maps/LilycoveCity_House4
tools/mapjson/mapjson map emerald data/maps/LilycoveCity_LilycoveMuseum_1F/map.json data/layouts/layouts.json data/maps/LilycoveCity_LilycoveMuseum_1F
tools/mapjson/mapjson map emerald data/maps/LilycoveCity_LilycoveMuseum_2F/map.json data/layouts/layouts.json data/maps/LilycoveCity_LilycoveMuseum_2F
tools/mapjson/mapjson map emerald data/maps/LilycoveCity_MoveDeletersHouse/map.json data/layouts/layouts.json data/maps/LilycoveCity_MoveDeletersHouse
tools/mapjson/mapjson map emerald data/maps/LilycoveCity_PokemonCenter_1F/map.json data/layouts/layouts.json data/maps/LilycoveCity_PokemonCenter_1F
tools/mapjson/mapjson map emerald data/maps/LilycoveCity_PokemonCenter_2F/map.json data/layouts/layouts.json data/maps/LilycoveCity_PokemonCenter_2F
tools/mapjson/mapjson map emerald data/maps/LilycoveCity_PokemonTrainerFanClub/map.json data/layouts/layouts.json data/maps/LilycoveCity_PokemonTrainerFanClub
tools/mapjson/mapjson map emerald data/maps/LilycoveCity_UnusedMart/map.json data/layouts/layouts.json data/maps/LilycoveCity_UnusedMart
tools/mapjson/mapjson map emerald data/maps/LittlerootTown/map.json data/layouts/layouts.json data/maps/LittlerootTown
tools/mapjson/mapjson map emerald data/maps/LittlerootTown_BrendansHouse_1F/map.json data/layouts/layouts.json data/maps/LittlerootTown_BrendansHouse_1F
tools/mapjson/mapjson map emerald data/maps/LittlerootTown_BrendansHouse_2F/map.json data/layouts/layouts.json data/maps/LittlerootTown_BrendansHouse_2F
tools/mapjson/mapjson map emerald data/maps/LittlerootTown_MaysHouse_1F/map.json data/layouts/layouts.json data/maps/LittlerootTown_MaysHouse_1F
tools/mapjson/mapjson map emerald data/maps/LittlerootTown_MaysHouse_2F/map.json data/layouts/layouts.json data/maps/LittlerootTown_MaysHouse_2F
tools/mapjson/mapjson map emerald data/maps/LittlerootTown_ProfessorBirchsLab/map.json data/layouts/layouts.json data/maps/LittlerootTown_ProfessorBirchsLab
tools/mapjson/mapjson map emerald data/maps/MagmaHideout_1F/map.json data/layouts/layouts.json data/maps/MagmaHideout_1F
tools/mapjson/mapjson map emerald data/maps/MagmaHideout_2F_1R/map.json data/layouts/layouts.json data/maps/MagmaHideout_2F_1R
tools/mapjson/mapjson map emerald data/maps/MagmaHideout_2F_2R/map.json data/layouts/layouts.json data/maps/MagmaHideout_2F_2R
tools/mapjson/mapjson map emerald data/maps/MagmaHideout_2F_3R/map.json data/layouts/layouts.json data/maps/MagmaHideout_2F_3R
tools/mapjson/mapjson map emerald data/maps/MagmaHideout_3F_1R/map.json data/layouts/layouts.json data/maps/MagmaHideout_3F_1R
tools/mapjson/mapjson map emerald data/maps/MagmaHideout_3F_2R/map.json data/layouts/layouts.json data/maps/MagmaHideout_3F_2R
tools/mapjson/mapjson map emerald data/maps/MagmaHideout_3F_3R/map.json data/layouts/layouts.json data/maps/MagmaHideout_3F_3R
tools/mapjson/mapjson map emerald data/maps/MagmaHideout_4F/map.json data/layouts/layouts.json data/maps/MagmaHideout_4F
tools/mapjson/mapjson map emerald data/maps/MarineCave_End/map.json data/layouts/layouts.json data/maps/MarineCave_End
tools/mapjson/mapjson map emerald data/maps/MarineCave_Entrance/map.json data/layouts/layouts.json data/maps/MarineCave_Entrance
tools/mapjson/mapjson map emerald data/maps/MauvilleCity/map.json data/layouts/layouts.json data/maps/MauvilleCity
tools/mapjson/mapjson map emerald data/maps/MauvilleCity_BikeShop/map.json data/layouts/layouts.json data/maps/MauvilleCity_BikeShop
tools/mapjson/mapjson map emerald data/maps/MauvilleCity_GameCorner/map.json data/layouts/layouts.json data/maps/MauvilleCity_GameCorner
tools/mapjson/mapjson map emerald data/maps/MauvilleCity_Gym/map.json data/layouts/layouts.json data/maps/MauvilleCity_Gym
tools/mapjson/mapjson map emerald data/maps/MauvilleCity_House1/map.json data/layouts/layouts.json data/maps/MauvilleCity_House1
tools/mapjson/mapjson map emerald data/maps/MauvilleCity_House2/map.json data/layouts/layouts.json data/maps/MauvilleCity_House2
tools/mapjson/mapjson map emerald data/maps/MauvilleCity_Mart/map.json data/layouts/layouts.json data/maps/MauvilleCity_Mart
tools/mapjson/mapjson map emerald data/maps/MauvilleCity_PokemonCenter_1F/map.json data/layouts/layouts.json data/maps/MauvilleCity_PokemonCenter_1F
tools/mapjson/mapjson map emerald data/maps/MauvilleCity_PokemonCenter_2F/map.json data/layouts/layouts.json data/maps/MauvilleCity_PokemonCenter_2F
tools/mapjson/mapjson map emerald data/maps/MeteorFalls_1F_1R/map.json data/layouts/layouts.json data/maps/MeteorFalls_1F_1R
tools/mapjson/mapjson map emerald data/maps/MeteorFalls_1F_2R/map.json data/layouts/layouts.json data/maps/MeteorFalls_1F_2R
tools/mapjson/mapjson map emerald data/maps/MeteorFalls_B1F_1R/map.json data/layouts/layouts.json data/maps/MeteorFalls_B1F_1R
tools/mapjson/mapjson map emerald data/maps/MeteorFalls_B1F_2R/map.json data/layouts/layouts.json data/maps/MeteorFalls_B1F_2R
tools/mapjson/mapjson map emerald data/maps/MeteorFalls_JirachisRoom/map.json data/layouts/layouts.json data/maps/MeteorFalls_JirachisRoom
tools/mapjson/mapjson map emerald data/maps/MeteorFalls_StevensCave/map.json data/layouts/layouts.json data/maps/MeteorFalls_StevensCave
tools/mapjson/mapjson map emerald data/maps/MirageTower_1F/map.json data/layouts/layouts.json data/maps/MirageTower_1F
tools/mapjson/mapjson map emerald data/maps/MirageTower_2F/map.json data/layouts/layouts.json data/maps/MirageTower_2F
tools/mapjson/mapjson map emerald data/maps/MirageTower_3F/map.json data/layouts/layouts.json data/maps/MirageTower_3F
tools/mapjson/mapjson map emerald data/maps/MirageTower_4F/map.json data/layouts/layouts.json data/maps/MirageTower_4F
tools/mapjson/mapjson map emerald data/maps/MirageTower_B1F/map.json data/layouts/layouts.json data/maps/MirageTower_B1F
tools/mapjson/mapjson map emerald data/maps/MossdeepCity/map.json data/layouts/layouts.json data/maps/MossdeepCity
tools/mapjson/mapjson map emerald data/maps/MossdeepCity_GameCorner_1F/map.json data/layouts/layouts.json data/maps/MossdeepCity_GameCorner_1F
tools/mapjson/mapjson map emerald data/maps/MossdeepCity_GameCorner_B1F/map.json data/layouts/layouts.json data/maps/MossdeepCity_GameCorner_B1F
tools/mapjson/mapjson map emerald data/maps/MossdeepCity_Gym/map.json data/layouts/layouts.json data/maps/MossdeepCity_Gym
tools/mapjson/mapjson map emerald data/maps/MossdeepCity_House1/map.json data/layouts/layouts.json data/maps/MossdeepCity_House1
tools/mapjson/mapjson map emerald data/maps/MossdeepCity_House2/map.json data/layouts/layouts.json data/maps/MossdeepCity_House2
tools/mapjson/mapjson map emerald data/maps/MossdeepCity_House3/map.json data/layouts/layouts.json data/maps/MossdeepCity_House3
tools/mapjson/mapjson map emerald data/maps/MossdeepCity_House4/map.json data/layouts/layouts.json data/maps/MossdeepCity_House4
tools/mapjson/mapjson map emerald data/maps/MossdeepCity_Mart/map.json data/layouts/layouts.json data/maps/MossdeepCity_Mart
tools/mapjson/mapjson map emerald data/maps/MossdeepCity_PokemonCenter_1F/map.json data/layouts/layouts.json data/maps/MossdeepCity_PokemonCenter_1F
tools/mapjson/mapjson map emerald data/maps/MossdeepCity_PokemonCenter_2F/map.json data/layouts/layouts.json data/maps/MossdeepCity_PokemonCenter_2F
tools/mapjson/mapjson map emerald data/maps/MossdeepCity_SpaceCenter_1F/map.json data/layouts/layouts.json data/maps/MossdeepCity_SpaceCenter_1F
tools/mapjson/mapjson map emerald data/maps/MossdeepCity_SpaceCenter_2F/map.json data/layouts/layouts.json data/maps/MossdeepCity_SpaceCenter_2F
tools/mapjson/mapjson map emerald data/maps/MossdeepCity_StevensHouse/map.json data/layouts/layouts.json data/maps/MossdeepCity_StevensHouse
tools/mapjson/mapjson map emerald data/maps/MtChimney/map.json data/layouts/layouts.json data/maps/MtChimney
tools/mapjson/mapjson map emerald data/maps/MtChimney_CableCarStation/map.json data/layouts/layouts.json data/maps/MtChimney_CableCarStation
tools/mapjson/mapjson map emerald data/maps/MtPyre_1F/map.json data/layouts/layouts.json data/maps/MtPyre_1F
tools/mapjson/mapjson map emerald data/maps/MtPyre_2F/map.json data/layouts/layouts.json data/maps/MtPyre_2F
tools/mapjson/mapjson map emerald data/maps/MtPyre_3F/map.json data/layouts/layouts.json data/maps/MtPyre_3F
tools/mapjson/mapjson map emerald data/maps/MtPyre_4F/map.json data/layouts/layouts.json data/maps/MtPyre_4F
tools/mapjson/mapjson map emerald data/maps/MtPyre_5F/map.json data/layouts/layouts.json data/maps/MtPyre_5F
tools/mapjson/mapjson map emerald data/maps/MtPyre_6F/map.json data/layouts/layouts.json data/maps/MtPyre_6F
tools/mapjson/mapjson map emerald data/maps/MtPyre_Exterior/map.json data/layouts/layouts.json data/maps/MtPyre_Exterior
tools/mapjson/mapjson map emerald data/maps/MtPyre_Summit/map.json data/layouts/layouts.json data/maps/MtPyre_Summit
tools/mapjson/mapjson map emerald data/maps/NavelRock_B1F/map.json data/layouts/layouts.json data/maps/NavelRock_B1F
tools/mapjson/mapjson map emerald data/maps/NavelRock_Bottom/map.json data/layouts/layouts.json data/maps/NavelRock_Bottom
tools/mapjson/mapjson map emerald data/maps/NavelRock_Down01/map.json data/layouts/layouts.json data/maps/NavelRock_Down01
tools/mapjson/mapjson map emerald data/maps/NavelRock_Down02/map.json data/layouts/layouts.json data/maps/NavelRock_Down02
tools/mapjson/mapjson map emerald data/maps/NavelRock_Down03/map.json data/layouts/layouts.json data/maps/NavelRock_Down03
tools/mapjson/mapjson map emerald data/maps/NavelRock_Down04/map.json data/layouts/layouts.json data/maps/NavelRock_Down04
tools/mapjson/mapjson map emerald data/maps/NavelRock_Down05/map.json data/layouts/layouts.json data/maps/NavelRock_Down05
tools/mapjson/mapjson map emerald data/maps/NavelRock_Down06/map.json data/layouts/layouts.json data/maps/NavelRock_Down06
tools/mapjson/mapjson map emerald data/maps/NavelRock_Down07/map.json data/layouts/layouts.json data/maps/NavelRock_Down07
tools/mapjson/mapjson map emerald data/maps/NavelRock_Down08/map.json data/layouts/layouts.json data/maps/NavelRock_Down08
tools/mapjson/mapjson map emerald data/maps/NavelRock_Down09/map.json data/layouts/layouts.json data/maps/NavelRock_Down09
tools/mapjson/mapjson map emerald data/maps/NavelRock_Down10/map.json data/layouts/layouts.json data/maps/NavelRock_Down10
tools/mapjson/mapjson map emerald data/maps/NavelRock_Down11/map.json data/layouts/layouts.json data/maps/NavelRock_Down11
tools/mapjson/mapjson map emerald data/maps/NavelRock_Entrance/map.json data/layouts/layouts.json data/maps/NavelRock_Entrance
tools/mapjson/mapjson map emerald data/maps/NavelRock_Exterior/map.json data/layouts/layouts.json data/maps/NavelRock_Exterior
tools/mapjson/mapjson map emerald data/maps/NavelRock_Fork/map.json data/layouts/layouts.json data/maps/NavelRock_Fork
tools/mapjson/mapjson map emerald data/maps/NavelRock_Harbor/map.json data/layouts/layouts.json data/maps/NavelRock_Harbor
tools/mapjson/mapjson map emerald data/maps/NavelRock_Top/map.json data/layouts/layouts.json data/maps/NavelRock_Top
tools/mapjson/mapjson map emerald data/maps/NavelRock_Up1/map.json data/layouts/layouts.json data/maps/NavelRock_Up1
tools/mapjson/mapjson map emerald data/maps/NavelRock_Up2/map.json data/layouts/layouts.json data/maps/NavelRock_Up2
tools/mapjson/mapjson map emerald data/maps/NavelRock_Up3/map.json data/layouts/layouts.json data/maps/NavelRock_Up3
tools/mapjson/mapjson map emerald data/maps/NavelRock_Up4/map.json data/layouts/layouts.json data/maps/NavelRock_Up4
tools/mapjson/mapjson map emerald data/maps/NewMauville_Entrance/map.json data/layouts/layouts.json data/maps/NewMauville_Entrance
tools/mapjson/mapjson map emerald data/maps/NewMauville_Inside/map.json data/layouts/layouts.json data/maps/NewMauville_Inside
tools/mapjson/mapjson map emerald data/maps/OldaleTown/map.json data/layouts/layouts.json data/maps/OldaleTown
tools/mapjson/mapjson map emerald data/maps/OldaleTown_House1/map.json data/layouts/layouts.json data/maps/OldaleTown_House1
tools/mapjson/mapjson map emerald data/maps/OldaleTown_House2/map.json data/layouts/layouts.json data/maps/OldaleTown_House2
tools/mapjson/mapjson map emerald data/maps/OldaleTown_Mart/map.json data/layouts/layouts.json data/maps/OldaleTown_Mart
tools/mapjson/mapjson map emerald data/maps/OldaleTown_PokemonCenter_1F/map.json data/layouts/layouts.json data/maps/OldaleTown_PokemonCenter_1F
tools/mapjson/mapjson map emerald data/maps/OldaleTown_PokemonCenter_2F/map.json data/layouts/layouts.json data/maps/OldaleTown_PokemonCenter_2F
tools/mapjson/mapjson map emerald data/maps/PacifidlogTown/map.json data/layouts/layouts.json data/maps/PacifidlogTown
tools/mapjson/mapjson map emerald data/maps/PacifidlogTown_House1/map.json data/layouts/layouts.json data/maps/PacifidlogTown_House1
tools/mapjson/mapjson map emerald data/maps/PacifidlogTown_House2/map.json data/layouts/layouts.json data/maps/PacifidlogTown_House2
tools/mapjson/mapjson map emerald data/maps/PacifidlogTown_House3/map.json data/layouts/layouts.json data/maps/PacifidlogTown_House3
tools/mapjson/mapjson map emerald data/maps/PacifidlogTown_House4/map.json data/layouts/layouts.json data/maps/PacifidlogTown_House4
tools/mapjson/mapjson map emerald data/maps/PacifidlogTown_House5/map.json data/layouts/layouts.json data/maps/PacifidlogTown_House5
tools/mapjson/mapjson map emerald data/maps/PacifidlogTown_PokemonCenter_1F/map.json data/layouts/layouts.json data/maps/PacifidlogTown_PokemonCenter_1F
tools/mapjson/mapjson map emerald data/maps/PacifidlogTown_PokemonCenter_2F/map.json data/layouts/layouts.json data/maps/PacifidlogTown_PokemonCenter_2F
tools/mapjson/mapjson map emerald data/maps/PetalburgCity/map.json data/layouts/layouts.json data/maps/PetalburgCity
tools/mapjson/mapjson map emerald data/maps/PetalburgCity_Gym/map.json data/layouts/layouts.json data/maps/PetalburgCity_Gym
tools/mapjson/mapjson map emerald data/maps/PetalburgCity_House1/map.json data/layouts/layouts.json data/maps/PetalburgCity_House1
tools/mapjson/mapjson map emerald data/maps/PetalburgCity_House2/map.json data/layouts/layouts.json data/maps/PetalburgCity_House2
tools/mapjson/mapjson map emerald data/maps/PetalburgCity_Mart/map.json data/layouts/layouts.json data/maps/PetalburgCity_Mart
tools/mapjson/mapjson map emerald data/maps/PetalburgCity_PokemonCenter_1F/map.json data/layouts/layouts.json data/maps/PetalburgCity_PokemonCenter_1F
tools/mapjson/mapjson map emerald data/maps/PetalburgCity_PokemonCenter_2F/map.json data/layouts/layouts.json data/maps/PetalburgCity_PokemonCenter_2F
tools/mapjson/mapjson map emerald data/maps/PetalburgCity_WallysHouse/map.json data/layouts/layouts.json data/maps/PetalburgCity_WallysHouse
tools/mapjson/mapjson map emerald data/maps/PetalburgWoods/map.json data/layouts/layouts.json data/maps/PetalburgWoods
tools/mapjson/mapjson map emerald data/maps/PetalburgWoods_2/map.json data/layouts/layouts.json data/maps/PetalburgWoods_2
tools/mapjson/mapjson map emerald data/maps/PetalburgWoods_3/map.json data/layouts/layouts.json data/maps/PetalburgWoods_3
tools/mapjson/mapjson map emerald data/maps/RecordCorner/map.json data/layouts/layouts.json data/maps/RecordCorner
tools/mapjson/mapjson map emerald data/maps/Route101/map.json data/layouts/layouts.json data/maps/Route101
tools/mapjson/mapjson map emerald data/maps/Route102/map.json data/layouts/layouts.json data/maps/Route102
tools/mapjson/mapjson map emerald data/maps/Route103/map.json data/layouts/layouts.json data/maps/Route103
tools/mapjson/mapjson map emerald data/maps/Route104/map.json data/layouts/layouts.json data/maps/Route104
tools/mapjson/mapjson map emerald data/maps/Route104_MrBrineysHouse/map.json data/layouts/layouts.json data/maps/Route104_MrBrineysHouse
tools/mapjson/mapjson map emerald data/maps/Route104_PrettyPetalFlowerShop/map.json data/layouts/layouts.json data/maps/Route104_PrettyPetalFlowerShop
tools/mapjson/mapjson map emerald data/maps/Route104_Prototype/map.json data/layouts/layouts.json data/maps/Route104_Prototype
tools/mapjson/mapjson map emerald data/maps/Route104_PrototypePrettyPetalFlowerShop/map.json data/layouts/layouts.json data/maps/Route104_PrototypePrettyPetalFlowerShop
tools/mapjson/mapjson map emerald data/maps/Route105/map.json data/layouts/layouts.json data/maps/Route105
tools/mapjson/mapjson map emerald data/maps/Route106/map.json data/layouts/layouts.json data/maps/Route106
tools/mapjson/mapjson map emerald data/maps/Route107/map.json data/layouts/layouts.json data/maps/Route107
tools/mapjson/mapjson map emerald data/maps/Route108/map.json data/layouts/layouts.json data/maps/Route108
tools/mapjson/mapjson map emerald data/maps/Route109/map.json data/layouts/layouts.json data/maps/Route109
tools/mapjson/mapjson map emerald data/maps/Route109_SeashoreHouse/map.json data/layouts/layouts.json data/maps/Route109_SeashoreHouse
tools/mapjson/mapjson map emerald data/maps/Route110/map.json data/layouts/layouts.json data/maps/Route110
tools/mapjson/mapjson map emerald data/maps/Route110_SeasideCyclingRoadNorthEntrance/map.json data/layouts/layouts.json data/maps/Route110_SeasideCyclingRoadNorthEntrance
tools/mapjson/mapjson map emerald data/maps/Route110_SeasideCyclingRoadSouthEntrance/map.json data/layouts/layouts.json data/maps/Route110_SeasideCyclingRoadSouthEntrance
tools/mapjson/mapjson map emerald data/maps/Route110_TrickHouseCorridor/map.json data/layouts/layouts.json data/maps/Route110_TrickHouseCorridor
tools/mapjson/mapjson map emerald data/maps/Route110_TrickHouseEnd/map.json data/layouts/layouts.json data/maps/Route110_TrickHouseEnd
tools/mapjson/mapjson map emerald data/maps/Route110_TrickHouseEntrance/map.json data/layouts/layouts.json data/maps/Route110_TrickHouseEntrance
tools/mapjson/mapjson map emerald data/maps/Route110_TrickHousePuzzle1/map.json data/layouts/layouts.json data/maps/Route110_TrickHousePuzzle1
tools/mapjson/mapjson map emerald data/maps/Route110_TrickHousePuzzle2/map.json data/layouts/layouts.json data/maps/Route110_TrickHousePuzzle2
tools/mapjson/mapjson map emerald data/maps/Route110_TrickHousePuzzle3/map.json data/layouts/layouts.json data/maps/Route110_TrickHousePuzzle3
tools/mapjson/mapjson map emerald data/maps/Route110_TrickHousePuzzle4/map.json data/layouts/layouts.json data/maps/Route110_TrickHousePuzzle4
tools/mapjson/mapjson map emerald data/maps/Route110_TrickHousePuzzle5/map.json data/layouts/layouts.json data/maps/Route110_TrickHousePuzzle5
tools/mapjson/mapjson map emerald data/maps/Route110_TrickHousePuzzle6/map.json data/layouts/layouts.json data/maps/Route110_TrickHousePuzzle6
tools/mapjson/mapjson map emerald data/maps/Route110_TrickHousePuzzle7/map.json data/layouts/layouts.json data/maps/Route110_TrickHousePuzzle7
tools/mapjson/mapjson map emerald data/maps/Route110_TrickHousePuzzle8/map.json data/layouts/layouts.json data/maps/Route110_TrickHousePuzzle8
tools/mapjson/mapjson map emerald data/maps/Route111/map.json data/layouts/layouts.json data/maps/Route111
tools/mapjson/mapjson map emerald data/maps/Route111_OldLadysRestStop/map.json data/layouts/layouts.json data/maps/Route111_OldLadysRestStop
tools/mapjson/mapjson map emerald data/maps/Route111_RuinsExterior/map.json data/layouts/layouts.json data/maps/Route111_RuinsExterior
tools/mapjson/mapjson map emerald data/maps/Route111_WinstrateFamilysHouse/map.json data/layouts/layouts.json data/maps/Route111_WinstrateFamilysHouse
tools/mapjson/mapjson map emerald data/maps/Route112/map.json data/layouts/layouts.json data/maps/Route112
tools/mapjson/mapjson map emerald data/maps/Route112_CableCarStation/map.json data/layouts/layouts.json data/maps/Route112_CableCarStation
tools/mapjson/mapjson map emerald data/maps/Route113/map.json data/layouts/layouts.json data/maps/Route113
tools/mapjson/mapjson map emerald data/maps/Route113_GlassWorkshop/map.json data/layouts/layouts.json data/maps/Route113_GlassWorkshop
tools/mapjson/mapjson map emerald data/maps/Route114/map.json data/layouts/layouts.json data/maps/Route114
tools/mapjson/mapjson map emerald data/maps/Route114_FossilManiacsHouse/map.json data/layouts/layouts.json data/maps/Route114_FossilManiacsHouse
tools/mapjson/mapjson map emerald data/maps/Route114_FossilManiacsTunnel/map.json data/layouts/layouts.json data/maps/Route114_FossilManiacsTunnel
tools/mapjson/mapjson map emerald data/maps/Route114_LanettesHouse/map.json data/layouts/layouts.json data/maps/Route114_LanettesHouse
tools/mapjson/mapjson map emerald data/maps/Route115/map.json data/layouts/layouts.json data/maps/Route115
tools/mapjson/mapjson map emerald data/maps/Route116/map.json data/layouts/layouts.json data/maps/Route116
tools/mapjson/mapjson map emerald data/maps/Route116_TunnelersRestHouse/map.json data/layouts/layouts.json data/maps/Route116_TunnelersRestHouse
tools/mapjson/mapjson map emerald data/maps/Route117/map.json data/layouts/layouts.json data/maps/Route117
tools/mapjson/mapjson map emerald data/maps/Route117_PokemonDayCare/map.json data/layouts/layouts.json data/maps/Route117_PokemonDayCare
tools/mapjson/mapjson map emerald data/maps/Route118/map.json data/layouts/layouts.json data/maps/Route118
tools/mapjson/mapjson map emerald data/maps/Route119/map.json data/layouts/layouts.json data/maps/Route119
tools/mapjson/mapjson map emerald data/maps/Route119_House/map.json data/layouts/layouts.json data/maps/Route119_House
tools/mapjson/mapjson map emerald data/maps/Route119_WeatherInstitute_1F/map.json data/layouts/layouts.json data/maps/Route119_WeatherInstitute_1F
tools/mapjson/mapjson map emerald data/maps/Route119_WeatherInstitute_2F/map.json data/layouts/layouts.json data/maps/Route119_WeatherInstitute_2F
tools/mapjson/mapjson map emerald data/maps/Route120/map.json data/layouts/layouts.json data/maps/Route120
tools/mapjson/mapjson map emerald data/maps/Route121/map.json data/layouts/layouts.json data/maps/Route121
tools/mapjson/mapjson map emerald data/maps/Route121_SafariZoneEntrance/map.json data/layouts/layouts.json data/maps/Route121_SafariZoneEntrance
tools/mapjson/mapjson map emerald data/maps/Route122/map.json data/layouts/layouts.json data/maps/Route122
tools/mapjson/mapjson map emerald data/maps/Route123/map.json data/layouts/layouts.json data/maps/Route123
tools/mapjson/mapjson map emerald data/maps/Route123_BerryMastersHouse/map.json data/layouts/layouts.json data/maps/Route123_BerryMastersHouse
tools/mapjson/mapjson map emerald data/maps/Route124/map.json data/layouts/layouts.json data/maps/Route124
tools/mapjson/mapjson map emerald data/maps/Route124_DivingTreasureHuntersHouse/map.json data/layouts/layouts.json data/maps/Route124_DivingTreasureHuntersHouse
tools/mapjson/mapjson map emerald data/maps/Route125/map.json data/layouts/layouts.json data/maps/Route125
tools/mapjson/mapjson map emerald data/maps/Route126/map.json data/layouts/layouts.json data/maps/Route126
tools/mapjson/mapjson map emerald data/maps/Route127/map.json data/layouts/layouts.json data/maps/Route127
tools/mapjson/mapjson map emerald data/maps/Route128/map.json data/layouts/layouts.json data/maps/Route128
tools/mapjson/mapjson map emerald data/maps/Route129/map.json data/layouts/layouts.json data/maps/Route129
tools/mapjson/mapjson map emerald data/maps/Route130/map.json data/layouts/layouts.json data/maps/Route130
tools/mapjson/mapjson map emerald data/maps/Route131/map.json data/layouts/layouts.json data/maps/Route131
tools/mapjson/mapjson map emerald data/maps/Route132/map.json data/layouts/layouts.json data/maps/Route132
tools/mapjson/mapjson map emerald data/maps/Route133/map.json data/layouts/layouts.json data/maps/Route133
tools/mapjson/mapjson map emerald data/maps/Route134/map.json data/layouts/layouts.json data/maps/Route134
tools/mapjson/mapjson map emerald data/maps/RustboroCity/map.json data/layouts/layouts.json data/maps/RustboroCity
tools/mapjson/mapjson map emerald data/maps/RustboroCity_CuttersHouse/map.json data/layouts/layouts.json data/maps/RustboroCity_CuttersHouse
tools/mapjson/mapjson map emerald data/maps/RustboroCity_DevonCorp_1F/map.json data/layouts/layouts.json data/maps/RustboroCity_DevonCorp_1F
tools/mapjson/mapjson map emerald data/maps/RustboroCity_DevonCorp_2F/map.json data/layouts/layouts.json data/maps/RustboroCity_DevonCorp_2F
tools/mapjson/mapjson map emerald data/maps/RustboroCity_DevonCorp_3F/map.json data/layouts/layouts.json data/maps/RustboroCity_DevonCorp_3F
tools/mapjson/mapjson map emerald data/maps/RustboroCity_Flat1_1F/map.json data/layouts/layouts.json data/maps/RustboroCity_Flat1_1F
tools/mapjson/mapjson map emerald data/maps/RustboroCity_Flat1_2F/map.json data/layouts/layouts.json data/maps/RustboroCity_Flat1_2F
tools/mapjson/mapjson map emerald data/maps/RustboroCity_Flat2_1F/map.json data/layouts/layouts.json data/maps/RustboroCity_Flat2_1F
tools/mapjson/mapjson map emerald data/maps/RustboroCity_Flat2_2F/map.json data/layouts/layouts.json data/maps/RustboroCity_Flat2_2F
tools/mapjson/mapjson map emerald data/maps/RustboroCity_Flat2_3F/map.json data/layouts/layouts.json data/maps/RustboroCity_Flat2_3F
tools/mapjson/mapjson map emerald data/maps/RustboroCity_Gym/map.json data/layouts/layouts.json data/maps/RustboroCity_Gym
tools/mapjson/mapjson map emerald data/maps/RustboroCity_House1/map.json data/layouts/layouts.json data/maps/RustboroCity_House1
tools/mapjson/mapjson map emerald data/maps/RustboroCity_House2/map.json data/layouts/layouts.json data/maps/RustboroCity_House2
tools/mapjson/mapjson map emerald data/maps/RustboroCity_House3/map.json data/layouts/layouts.json data/maps/RustboroCity_House3
tools/mapjson/mapjson map emerald data/maps/RustboroCity_Mart/map.json data/layouts/layouts.json data/maps/RustboroCity_Mart
tools/mapjson/mapjson map emerald data/maps/RustboroCity_PokemonCenter_1F/map.json data/layouts/layouts.json data/maps/RustboroCity_PokemonCenter_1F
tools/mapjson/mapjson map emerald data/maps/RustboroCity_PokemonCenter_2F/map.json data/layouts/layouts.json data/maps/RustboroCity_PokemonCenter_2F
tools/mapjson/mapjson map emerald data/maps/RustboroCity_PokemonSchool/map.json data/layouts/layouts.json data/maps/RustboroCity_PokemonSchool
tools/mapjson/mapjson map emerald data/maps/RusturfTunnel/map.json data/layouts/layouts.json data/maps/RusturfTunnel
tools/mapjson/mapjson map emerald data/maps/SSTidalCorridor/map.json data/layouts/layouts.json data/maps/SSTidalCorridor
tools/mapjson/mapjson map emerald data/maps/SSTidalLowerDeck/map.json data/layouts/layouts.json data/maps/SSTidalLowerDeck
tools/mapjson/mapjson map emerald data/maps/SSTidalRooms/map.json data/layouts/layouts.json data/maps/SSTidalRooms
tools/mapjson/mapjson map emerald data/maps/SafariZone_North/map.json data/layouts/layouts.json data/maps/SafariZone_North
tools/mapjson/mapjson map emerald data/maps/SafariZone_Northeast/map.json data/layouts/layouts.json data/maps/SafariZone_Northeast
tools/mapjson/mapjson map emerald data/maps/SafariZone_Northwest/map.json data/layouts/layouts.json data/maps/SafariZone_Northwest
tools/mapjson/mapjson map emerald data/maps/SafariZone_RestHouse/map.json data/layouts/layouts.json data/maps/SafariZone_RestHouse
tools/mapjson/mapjson map emerald data/maps/SafariZone_South/map.json data/layouts/layouts.json data/maps/SafariZone_South
tools/mapjson/mapjson map emerald data/maps/SafariZone_Southeast/map.json data/layouts/layouts.json data/maps/SafariZone_Southeast
tools/mapjson/mapjson map emerald data/maps/SafariZone_Southwest/map.json data/layouts/layouts.json data/maps/SafariZone_Southwest
tools/mapjson/mapjson map emerald data/maps/SandstrewnRuins/map.json data/layouts/layouts.json data/maps/SandstrewnRuins
tools/mapjson/mapjson map emerald data/maps/SandstrewnRuins_2F/map.json data/layouts/layouts.json data/maps/SandstrewnRuins_2F
tools/mapjson/mapjson map emerald data/maps/SandstrewnRuins_3F/map.json data/layouts/layouts.json data/maps/SandstrewnRuins_3F
tools/mapjson/mapjson map emerald data/maps/SandstrewnRuins_B1F/map.json data/layouts/layouts.json data/maps/SandstrewnRuins_B1F
tools/mapjson/mapjson map emerald data/maps/ScorchedSlab/map.json data/layouts/layouts.json data/maps/ScorchedSlab
tools/mapjson/mapjson map emerald data/maps/ScorchedSlab_B1F/map.json data/layouts/layouts.json data/maps/ScorchedSlab_B1F
tools/mapjson/mapjson map emerald data/maps/ScorchedSlab_B2F/map.json data/layouts/layouts.json data/maps/ScorchedSlab_B2F
tools/mapjson/mapjson map emerald data/maps/ScorchedSlab_HeatransRoom/map.json data/layouts/layouts.json data/maps/ScorchedSlab_HeatransRoom
tools/mapjson/mapjson map emerald data/maps/SeafloorCavern_Entrance/map.json data/layouts/layouts.json data/maps/SeafloorCavern_Entrance
tools/mapjson/mapjson map emerald data/maps/SeafloorCavern_Room1/map.json data/layouts/layouts.json data/maps/SeafloorCavern_Room1
tools/mapjson/mapjson map emerald data/maps/SeafloorCavern_Room2/map.json data/layouts/layouts.json data/maps/SeafloorCavern_Room2
tools/mapjson/mapjson map emerald data/maps/SeafloorCavern_Room3/map.json data/layouts/layouts.json data/maps/SeafloorCavern_Room3
tools/mapjson/mapjson map emerald data/maps/SeafloorCavern_Room4/map.json data/layouts/layouts.json data/maps/SeafloorCavern_Room4
tools/mapjson/mapjson map emerald data/maps/SeafloorCavern_Room5/map.json data/layouts/layouts.json data/maps/SeafloorCavern_Room5
tools/mapjson/mapjson map emerald data/maps/SeafloorCavern_Room6/map.json data/layouts/layouts.json data/maps/SeafloorCavern_Room6
tools/mapjson/mapjson map emerald data/maps/SeafloorCavern_Room7/map.json data/layouts/layouts.json data/maps/SeafloorCavern_Room7
tools/mapjson/mapjson map emerald data/maps/SeafloorCavern_Room8/map.json data/layouts/layouts.json data/maps/SeafloorCavern_Room8
tools/mapjson/mapjson map emerald data/maps/SeafloorCavern_Room9/map.json data/layouts/layouts.json data/maps/SeafloorCavern_Room9
tools/mapjson/mapjson map emerald data/maps/SealedChamber_InnerRoom/map.json data/layouts/layouts.json data/maps/SealedChamber_InnerRoom
tools/mapjson/mapjson map emerald data/maps/SealedChamber_OuterRoom/map.json data/layouts/layouts.json data/maps/SealedChamber_OuterRoom
tools/mapjson/mapjson map emerald data/maps/Seaspray_Cave/map.json data/layouts/layouts.json data/maps/Seaspray_Cave
tools/mapjson/mapjson map emerald data/maps/Seaspray_Cave_B1F/map.json data/layouts/layouts.json data/maps/Seaspray_Cave_B1F
tools/mapjson/mapjson map emerald data/maps/SecretBase_BlueCave1/map.json data/layouts/layouts.json data/maps/SecretBase_BlueCave1
tools/mapjson/mapjson map emerald data/maps/SecretBase_BlueCave2/map.json data/layouts/layouts.json data/maps/SecretBase_BlueCave2
tools/mapjson/mapjson map emerald data/maps/SecretBase_BlueCave3/map.json data/layouts/layouts.json data/maps/SecretBase_BlueCave3
tools/mapjson/mapjson map emerald data/maps/SecretBase_BlueCave4/map.json data/layouts/layouts.json data/maps/SecretBase_BlueCave4
tools/mapjson/mapjson map emerald data/maps/SecretBase_BrownCave1/map.json data/layouts/layouts.json data/maps/SecretBase_BrownCave1
tools/mapjson/mapjson map emerald data/maps/SecretBase_BrownCave2/map.json data/layouts/layouts.json data/maps/SecretBase_BrownCave2
tools/mapjson/mapjson map emerald data/maps/SecretBase_BrownCave3/map.json data/layouts/layouts.json data/maps/SecretBase_BrownCave3
tools/mapjson/mapjson map emerald data/maps/SecretBase_BrownCave4/map.json data/layouts/layouts.json data/maps/SecretBase_BrownCave4
tools/mapjson/mapjson map emerald data/maps/SecretBase_RedCave1/map.json data/layouts/layouts.json data/maps/SecretBase_RedCave1
tools/mapjson/mapjson map emerald data/maps/SecretBase_RedCave2/map.json data/layouts/layouts.json data/maps/SecretBase_RedCave2
tools/mapjson/mapjson map emerald data/maps/SecretBase_RedCave3/map.json data/layouts/layouts.json data/maps/SecretBase_RedCave3
tools/mapjson/mapjson map emerald data/maps/SecretBase_RedCave4/map.json data/layouts/layouts.json data/maps/SecretBase_RedCave4
tools/mapjson/mapjson map emerald data/maps/SecretBase_Shrub1/map.json data/layouts/layouts.json data/maps/SecretBase_Shrub1
tools/mapjson/mapjson map emerald data/maps/SecretBase_Shrub2/map.json data/layouts/layouts.json data/maps/SecretBase_Shrub2
tools/mapjson/mapjson map emerald data/maps/SecretBase_Shrub3/map.json data/layouts/layouts.json data/maps/SecretBase_Shrub3
tools/mapjson/mapjson map emerald data/maps/SecretBase_Shrub4/map.json data/layouts/layouts.json data/maps/SecretBase_Shrub4
tools/mapjson/mapjson map emerald data/maps/SecretBase_Tree1/map.json data/layouts/layouts.json data/maps/SecretBase_Tree1
tools/mapjson/mapjson map emerald data/maps/SecretBase_Tree2/map.json data/layouts/layouts.json data/maps/SecretBase_Tree2
tools/mapjson/mapjson map emerald data/maps/SecretBase_Tree3/map.json data/layouts/layouts.json data/maps/SecretBase_Tree3
tools/mapjson/mapjson map emerald data/maps/SecretBase_Tree4/map.json data/layouts/layouts.json data/maps/SecretBase_Tree4
tools/mapjson/mapjson map emerald data/maps/SecretBase_YellowCave1/map.json data/layouts/layouts.json data/maps/SecretBase_YellowCave1
tools/mapjson/mapjson map emerald data/maps/SecretBase_YellowCave2/map.json data/layouts/layouts.json data/maps/SecretBase_YellowCave2
tools/mapjson/mapjson map emerald data/maps/SecretBase_YellowCave3/map.json data/layouts/layouts.json data/maps/SecretBase_YellowCave3
tools/mapjson/mapjson map emerald data/maps/SecretBase_YellowCave4/map.json data/layouts/layouts.json data/maps/SecretBase_YellowCave4
tools/mapjson/mapjson map emerald data/maps/ShoalCave_HighTideEntranceRoom/map.json data/layouts/layouts.json data/maps/ShoalCave_HighTideEntranceRoom
tools/mapjson/mapjson map emerald data/maps/ShoalCave_HighTideInnerRoom/map.json data/layouts/layouts.json data/maps/ShoalCave_HighTideInnerRoom
tools/mapjson/mapjson map emerald data/maps/ShoalCave_LowTideEntranceRoom/map.json data/layouts/layouts.json data/maps/ShoalCave_LowTideEntranceRoom
tools/mapjson/mapjson map emerald data/maps/ShoalCave_LowTideIceRoom/map.json data/layouts/layouts.json data/maps/ShoalCave_LowTideIceRoom
tools/mapjson/mapjson map emerald data/maps/ShoalCave_LowTideInnerRoom/map.json data/layouts/layouts.json data/maps/ShoalCave_LowTideInnerRoom
tools/mapjson/mapjson map emerald data/maps/ShoalCave_LowTideLowerRoom/map.json data/layouts/layouts.json data/maps/ShoalCave_LowTideLowerRoom
tools/mapjson/mapjson map emerald data/maps/ShoalCave_LowTideStairsRoom/map.json data/layouts/layouts.json data/maps/ShoalCave_LowTideStairsRoom
tools/mapjson/mapjson map emerald data/maps/SkyPillar_1F/map.json data/layouts/layouts.json data/maps/SkyPillar_1F
tools/mapjson/mapjson map emerald data/maps/SkyPillar_2F/map.json data/layouts/layouts.json data/maps/SkyPillar_2F
tools/mapjson/mapjson map emerald data/maps/SkyPillar_3F/map.json data/layouts/layouts.json data/maps/SkyPillar_3F
tools/mapjson/mapjson map emerald data/maps/SkyPillar_4F/map.json data/layouts/layouts.json data/maps/SkyPillar_4F
tools/mapjson/mapjson map emerald data/maps/SkyPillar_5F/map.json data/layouts/layouts.json data/maps/SkyPillar_5F
tools/mapjson/mapjson map emerald data/maps/SkyPillar_Entrance/map.json data/layouts/layouts.json data/maps/SkyPillar_Entrance
tools/mapjson/mapjson map emerald data/maps/SkyPillar_Outside/map.json data/layouts/layouts.json data/maps/SkyPillar_Outside
tools/mapjson/mapjson map emerald data/maps/SkyPillar_Top/map.json data/layouts/layouts.json data/maps/SkyPillar_Top
tools/mapjson/mapjson map emerald data/maps/SlateportCity/map.json data/layouts/layouts.json data/maps/SlateportCity
tools/mapjson/mapjson map emerald data/maps/SlateportCity_BattleTentBattleRoom/map.json data/layouts/layouts.json data/maps/SlateportCity_BattleTentBattleRoom
tools/mapjson/mapjson map emerald data/maps/SlateportCity_BattleTentCorridor/map.json data/layouts/layouts.json data/maps/SlateportCity_BattleTentCorridor
tools/mapjson/mapjson map emerald data/maps/SlateportCity_BattleTentLobby/map.json data/layouts/layouts.json data/maps/SlateportCity_BattleTentLobby
tools/mapjson/mapjson map emerald data/maps/SlateportCity_Harbor/map.json data/layouts/layouts.json data/maps/SlateportCity_Harbor
tools/mapjson/mapjson map emerald data/maps/SlateportCity_House/map.json data/layouts/layouts.json data/maps/SlateportCity_House
tools/mapjson/mapjson map emerald data/maps/SlateportCity_Mart/map.json data/layouts/layouts.json data/maps/SlateportCity_Mart
tools/mapjson/mapjson map emerald data/maps/SlateportCity_NameRatersHouse/map.json data/layouts/layouts.json data/maps/SlateportCity_NameRatersHouse
tools/mapjson/mapjson map emerald data/maps/SlateportCity_OceanicMuseum_1F/map.json data/layouts/layouts.json data/maps/SlateportCity_OceanicMuseum_1F
tools/mapjson/mapjson map emerald data/maps/SlateportCity_OceanicMuseum_2F/map.json data/layouts/layouts.json data/maps/SlateportCity_OceanicMuseum_2F
tools/mapjson/mapjson map emerald data/maps/SlateportCity_PokemonCenter_1F/map.json data/layouts/layouts.json data/maps/SlateportCity_PokemonCenter_1F
tools/mapjson/mapjson map emerald data/maps/SlateportCity_PokemonCenter_2F/map.json data/layouts/layouts.json data/maps/SlateportCity_PokemonCenter_2F
tools/mapjson/mapjson map emerald data/maps/SlateportCity_PokemonFanClub/map.json data/layouts/layouts.json data/maps/SlateportCity_PokemonFanClub
tools/mapjson/mapjson map emerald data/maps/SlateportCity_SternsShipyard_1F/map.json data/layouts/layouts.json data/maps/SlateportCity_SternsShipyard_1F
tools/mapjson/mapjson map emerald data/maps/SlateportCity_SternsShipyard_2F/map.json data/layouts/layouts.json data/maps/SlateportCity_SternsShipyard_2F
tools/mapjson/mapjson map emerald data/maps/SootopolisCity/map.json data/layouts/layouts.json data/maps/SootopolisCity
tools/mapjson/mapjson map emerald data/maps/SootopolisCity_Gym_1F/map.json data/layouts/layouts.json data/maps/SootopolisCity_Gym_1F
tools/mapjson/mapjson map emerald data/maps/SootopolisCity_Gym_B1F/map.json data/layouts/layouts.json data/maps/SootopolisCity_Gym_B1F
tools/mapjson/mapjson map emerald data/maps/SootopolisCity_House1/map.json data/layouts/layouts.json data/maps/SootopolisCity_House1
tools/mapjson/mapjson map emerald data/maps/SootopolisCity_House2/map.json data/layouts/layouts.json data/maps/SootopolisCity_House2
tools/mapjson/mapjson map emerald data/maps/SootopolisCity_House3/map.json data/layouts/layouts.json data/maps/SootopolisCity_House3
tools/mapjson/mapjson map emerald data/maps/SootopolisCity_House4/map.json data/layouts/layouts.json data/maps/SootopolisCity_House4
tools/mapjson/mapjson map emerald data/maps/SootopolisCity_House5/map.json data/layouts/layouts.json data/maps/SootopolisCity_House5
tools/mapjson/mapjson map emerald data/maps/SootopolisCity_House6/map.json data/layouts/layouts.json data/maps/SootopolisCity_House6
tools/mapjson/mapjson map emerald data/maps/SootopolisCity_House7/map.json data/layouts/layouts.json data/maps/SootopolisCity_House7
tools/mapjson/mapjson map emerald data/maps/SootopolisCity_LotadAndSeedotHouse/map.json data/layouts/layouts.json data/maps/SootopolisCity_LotadAndSeedotHouse
tools/mapjson/mapjson map emerald data/maps/SootopolisCity_Mart/map.json data/layouts/layouts.json data/maps/SootopolisCity_Mart
tools/mapjson/mapjson map emerald data/maps/SootopolisCity_MysteryEventsHouse_1F/map.json data/layouts/layouts.json data/maps/SootopolisCity_MysteryEventsHouse_1F
tools/mapjson/mapjson map emerald data/maps/SootopolisCity_MysteryEventsHouse_B1F/map.json data/layouts/layouts.json data/maps/SootopolisCity_MysteryEventsHouse_B1F
tools/mapjson/mapjson map emerald data/maps/SootopolisCity_PokemonCenter_1F/map.json data/layouts/layouts.json data/maps/SootopolisCity_PokemonCenter_1F
tools/mapjson/mapjson map emerald data/maps/SootopolisCity_PokemonCenter_2F/map.json data/layouts/layouts.json data/maps/SootopolisCity_PokemonCenter_2F
tools/mapjson/mapjson map emerald data/maps/SouthernIsland_Exterior/map.json data/layouts/layouts.json data/maps/SouthernIsland_Exterior
tools/mapjson/mapjson map emerald data/maps/SouthernIsland_Interior/map.json data/layouts/layouts.json data/maps/SouthernIsland_Interior
tools/mapjson/mapjson map emerald data/maps/TerraCave_End/map.json data/layouts/layouts.json data/maps/TerraCave_End
tools/mapjson/mapjson map emerald data/maps/TerraCave_Entrance/map.json data/layouts/layouts.json data/maps/TerraCave_Entrance
tools/mapjson/mapjson map emerald data/maps/TradeCenter/map.json data/layouts/layouts.json data/maps/TradeCenter
tools/mapjson/mapjson map emerald data/maps/TrainerHill_1F/map.json data/layouts/layouts.json data/maps/TrainerHill_1F
tools/mapjson/mapjson map emerald data/maps/TrainerHill_2F/map.json data/layouts/layouts.json data/maps/TrainerHill_2F
tools/mapjson/mapjson map emerald data/maps/TrainerHill_3F/map.json data/layouts/layouts.json data/maps/TrainerHill_3F
tools/mapjson/mapjson map emerald data/maps/TrainerHill_4F/map.json data/layouts/layouts.json data/maps/TrainerHill_4F
tools/mapjson/mapjson map emerald data/maps/TrainerHill_Elevator/map.json data/layouts/layouts.json data/maps/TrainerHill_Elevator
tools/mapjson/mapjson map emerald data/maps/TrainerHill_Entrance/map.json data/layouts/layouts.json data/maps/TrainerHill_Entrance
tools/mapjson/mapjson map emerald data/maps/TrainerHill_Roof/map.json data/layouts/layouts.json data/maps/TrainerHill_Roof
tools/mapjson/mapjson map emerald data/maps/Underwater_MarineCave/map.json data/layouts/layouts.json data/maps/Underwater_MarineCave
tools/mapjson/mapjson map emerald data/maps/Underwater_Route105/map.json data/layouts/layouts.json data/maps/Underwater_Route105
tools/mapjson/mapjson map emerald data/maps/Underwater_Route124/map.json data/layouts/layouts.json data/maps/Underwater_Route124
tools/mapjson/mapjson map emerald data/maps/Underwater_Route125/map.json data/layouts/layouts.json data/maps/Underwater_Route125
tools/mapjson/mapjson map emerald data/maps/Underwater_Route126/map.json data/layouts/layouts.json data/maps/Underwater_Route126
tools/mapjson/mapjson map emerald data/maps/Underwater_Route127/map.json data/layouts/layouts.json data/maps/Underwater_Route127
tools/mapjson/mapjson map emerald data/maps/Underwater_Route128/map.json data/layouts/layouts.json data/maps/Underwater_Route128
tools/mapjson/mapjson map emerald data/maps/Underwater_Route129/map.json data/layouts/layouts.json data/maps/Underwater_Route129
tools/mapjson/mapjson map emerald data/maps/Underwater_Route134/map.json data/layouts/layouts.json data/maps/Underwater_Route134
tools/mapjson/mapjson map emerald data/maps/Underwater_SeafloorCavern/map.json data/layouts/layouts.json data/maps/Underwater_SeafloorCavern
tools/mapjson/mapjson map emerald data/maps/Underwater_SealedChamber/map.json data/layouts/layouts.json data/maps/Underwater_SealedChamber
tools/mapjson/mapjson map emerald data/maps/Underwater_SootopolisCity/map.json data/layouts/layouts.json data/maps/Underwater_SootopolisCity
tools/mapjson/mapjson map emerald data/maps/UnionRoom/map.json data/layouts/layouts.json data/maps/UnionRoom
tools/mapjson/mapjson map emerald data/maps/UnusedContestHall1/map.json data/layouts/layouts.json data/maps/UnusedContestHall1
tools/mapjson/mapjson map emerald data/maps/UnusedContestHall2/map.json data/layouts/layouts.json data/maps/UnusedContestHall2
tools/mapjson/mapjson map emerald data/maps/UnusedContestHall3/map.json data/layouts/layouts.json data/maps/UnusedContestHall3
tools/mapjson/mapjson map emerald data/maps/UnusedContestHall4/map.json data/layouts/layouts.json data/maps/UnusedContestHall4
tools/mapjson/mapjson map emerald data/maps/UnusedContestHall5/map.json data/layouts/layouts.json data/maps/UnusedContestHall5
tools/mapjson/mapjson map emerald data/maps/UnusedContestHall6/map.json data/layouts/layouts.json data/maps/UnusedContestHall6
tools/mapjson/mapjson map emerald data/maps/VerdanturfMeadow/map.json data/layouts/layouts.json data/maps/VerdanturfMeadow
tools/mapjson/mapjson map emerald data/maps/VerdanturfTown/map.json data/layouts/layouts.json data/maps/VerdanturfTown
tools/mapjson/mapjson map emerald data/maps/VerdanturfTown_BattleTentBattleRoom/map.json data/layouts/layouts.json data/maps/VerdanturfTown_BattleTentBattleRoom
tools/mapjson/mapjson map emerald data/maps/VerdanturfTown_BattleTentCorridor/map.json data/layouts/layouts.json data/maps/VerdanturfTown_BattleTentCorridor
tools/mapjson/mapjson map emerald data/maps/VerdanturfTown_BattleTentLobby/map.json data/layouts/layouts.json data/maps/VerdanturfTown_BattleTentLobby
tools/mapjson/mapjson map emerald data/maps/VerdanturfTown_FriendshipRatersHouse/map.json data/layouts/layouts.json data/maps/VerdanturfTown_FriendshipRatersHouse
tools/mapjson/mapjson map emerald data/maps/VerdanturfTown_House/map.json data/layouts/layouts.json data/maps/VerdanturfTown_House
tools/mapjson/mapjson map emerald data/maps/VerdanturfTown_Mart/map.json data/layouts/layouts.json data/maps/VerdanturfTown_Mart
tools/mapjson/mapjson map emerald data/maps/VerdanturfTown_PokemonCenter_1F/map.json data/layouts/layouts.json data/maps/VerdanturfTown_PokemonCenter_1F
tools/mapjson/mapjson map emerald data/maps/VerdanturfTown_PokemonCenter_2F/map.json data/layouts/layouts.json data/maps/VerdanturfTown_PokemonCenter_2F
tools/mapjson/mapjson map emerald data/maps/VerdanturfTown_WandasHouse/map.json data/layouts/layouts.json data/maps/VerdanturfTown_WandasHouse
tools/mapjson/mapjson map emerald data/maps/VictoryRoad_1F/map.json data/layouts/layouts.json data/maps/VictoryRoad_1F
tools/mapjson/mapjson map emerald data/maps/VictoryRoad_B1F/map.json data/layouts/layouts.json data/maps/VictoryRoad_B1F
tools/mapjson/mapjson map emerald data/maps/VictoryRoad_B2F/map.json data/layouts/layouts.json data/maps/VictoryRoad_B2F
tools/scaninc/scaninc -M build/emerald-test/data/event_scripts.d -g build/assets -I include -I "" data/event_scripts.s
tools/scaninc/scaninc -M build/emerald-test/data/battle_scripts_2.d -g build/assets -I include -I "" data/battle_scripts_2.s
tools/scaninc/scaninc -M build/emerald-test/data/battle_scripts_1.d -g build/assets -I include -I "" data/battle_scripts_1.s
tools/scaninc/scaninc -M build/emerald-test/data/battle_anim_scripts.d -g build/assets -I include -I "" data/battle_anim_scripts.s
tools/scaninc/scaninc -M build/emerald-test/test/battle/status1/paralysis.d -g build/assets -I include -I tools/agbcc/include test/battle/status1/paralysis.c
tools/scaninc/scaninc -M build/emerald-test/test/battle/status1/freeze.d -g build/assets -I include -I tools/agbcc/include test/battle/status1/freeze.c
tools/scaninc/scaninc -M build/emerald-test/test/battle/move_effect_secondary/salt_cure.d -g build/assets -I include -I tools/agbcc/include test/battle/move_effect_secondary/salt_cure.c
tools/scaninc/scaninc -M build/emerald-test/test/battle/move_effect/steal_item.d -g build/assets -I include -I tools/agbcc/include test/battle/move_effect/steal_item.c
tools/scaninc/scaninc -M build/emerald-test/test/battle/move_effect/speed_swap.d -g build/assets -I include -I tools/agbcc/include test/battle/move_effect/speed_swap.c
tools/scaninc/scaninc -M build/emerald-test/test/battle/move_effect/sleep.d -g build/assets -I include -I tools/agbcc/include test/battle/move_effect/sleep.c
tools/scaninc/scaninc -M build/emerald-test/test/battle/move_effect/rapid_spin.d -g build/assets -I include -I tools/agbcc/include test/battle/move_effect/rapid_spin.c
tools/scaninc/scaninc -M build/emerald-test/test/battle/move_effect/rage_fist.d -g build/assets -I include -I tools/agbcc/include test/battle/move_effect/rage_fist.c
tools/scaninc/scaninc -M build/emerald-test/test/battle/move_effect/last_resort.d -g build/assets -I include -I tools/agbcc/include test/battle/move_effect/last_resort.c
tools/scaninc/scaninc -M build/emerald-test/test/battle/move_effect/knock_off.d -g build/assets -I include -I tools/agbcc/include test/battle/move_effect/knock_off.c
tools/scaninc/scaninc -M build/emerald-test/test/battle/move_effect/ice_spinner.d -g build/assets -I include -I tools/agbcc/include test/battle/move_effect/ice_spinner.c
tools/scaninc/scaninc -M build/emerald-test/test/battle/move_effect/focus_punch.d -g build/assets -I include -I tools/agbcc/include test/battle/move_effect/focus_punch.c
tools/scaninc/scaninc -M build/emerald-test/test/battle/move_effect/fail_if_not_arg_type.d -g build/assets -I include -I tools/agbcc/include test/battle/move_effect/fail_if_not_arg_type.c
tools/scaninc/scaninc -M build/emerald-test/test/battle/move_effect/encore.d -g build/assets -I include -I tools/agbcc/include test/battle/move_effect/encore.c
tools/scaninc/scaninc -M build/emerald-test/test/battle/move_effect/belch.d -g build/assets -I include -I tools/agbcc/include test/battle/move_effect/belch.c
tools/scaninc/scaninc -M build/emerald-test/test/battle/move_effect/beak_blast.d -g build/assets -I include -I tools/agbcc/include test/battle/move_effect/beak_blast.c
tools/scaninc/scaninc -M build/emerald-test/test/battle/move_effect/attack_up_user_ally.d -g build/assets -I include -I tools/agbcc/include test/battle/move_effect/attack_up_user_ally.c
tools/scaninc/scaninc -M build/emerald-test/test/battle/hold_effect/restore_pct_hp.d -g build/assets -I include -I tools/agbcc/include test/battle/hold_effect/restore_pct_hp.c
tools/scaninc/scaninc -M build/emerald-test/test/battle/hold_effect/confuse_spicy.d -g build/assets -I include -I tools/agbcc/include test/battle/hold_effect/confuse_spicy.c
tools/scaninc/scaninc -M build/emerald-test/test/battle/form_change/mega_evolution.d -g build/assets -I include -I tools/agbcc/include test/battle/form_change/mega_evolution.c
tools/scaninc/scaninc -M build/emerald-test/test/battle/form_change/emerald_champions_megas.d -g build/assets -I include -I tools/agbcc/include test/battle/form_change/emerald_champions_megas.c
tools/scaninc/scaninc -M build/emerald-test/test/battle/ai/values_moves_over_splash.d -g build/assets -I include -I tools/agbcc/include test/battle/ai/values_moves_over_splash.c
tools/scaninc/scaninc -M build/emerald-test/test/battle/ai/party_knowledge.d -g build/assets -I include -I tools/agbcc/include test/battle/ai/party_knowledge.c
tools/scaninc/scaninc -M build/emerald-test/test/battle/ai/gimmick_mega.d -g build/assets -I include -I tools/agbcc/include test/battle/ai/gimmick_mega.c
tools/scaninc/scaninc -M build/emerald-test/test/battle/ai/emerald_champions_plans.d -g build/assets -I include -I tools/agbcc/include test/battle/ai/emerald_champions_plans.c
tools/scaninc/scaninc -M build/emerald-test/test/battle/ai/emerald_champions_perish.d -g build/assets -I include -I tools/agbcc/include test/battle/ai/emerald_champions_perish.c
tools/scaninc/scaninc -M build/emerald-test/test/battle/ai/check_bad_move.d -g build/assets -I include -I tools/agbcc/include test/battle/ai/check_bad_move.c
tools/scaninc/scaninc -M build/emerald-test/test/battle/ai/ai_trytofaint.d -g build/assets -I include -I tools/agbcc/include test/battle/ai/ai_trytofaint.c
tools/scaninc/scaninc -M build/emerald-test/test/battle/ai/ai_test_test_runner.d -g build/assets -I include -I tools/agbcc/include test/battle/ai/ai_test_test_runner.c
tools/scaninc/scaninc -M build/emerald-test/test/battle/ai/ai_switching.d -g build/assets -I include -I tools/agbcc/include test/battle/ai/ai_switching.c
tools/scaninc/scaninc -M build/emerald-test/test/battle/ai/ai_pp_stall_prevention.d -g build/assets -I include -I tools/agbcc/include test/battle/ai/ai_pp_stall_prevention.c
tools/scaninc/scaninc -M build/emerald-test/test/battle/ai/ai_powerful_status.d -g build/assets -I include -I tools/agbcc/include test/battle/ai/ai_powerful_status.c
tools/scaninc/scaninc -M build/emerald-test/test/battle/ai/ai_multi.d -g build/assets -I include -I tools/agbcc/include test/battle/ai/ai_multi.c
tools/scaninc/scaninc -M build/emerald-test/test/battle/ai/ai_flag_sequence_switching.d -g build/assets -I include -I tools/agbcc/include test/battle/ai/ai_flag_sequence_switching.c
tools/scaninc/scaninc -M build/emerald-test/test/battle/ai/ai_flag_risky.d -g build/assets -I include -I tools/agbcc/include test/battle/ai/ai_flag_risky.c
tools/scaninc/scaninc -M build/emerald-test/test/battle/ai/ai_flag_predict_switch.d -g build/assets -I include -I tools/agbcc/include test/battle/ai/ai_flag_predict_switch.c
tools/scaninc/scaninc -M build/emerald-test/test/battle/ai/ai_flag_predict_move.d -g build/assets -I include -I tools/agbcc/include test/battle/ai/ai_flag_predict_move.c
tools/scaninc/scaninc -M build/emerald-test/test/battle/ai/ai_flag_predict_ability.d -g build/assets -I include -I tools/agbcc/include test/battle/ai/ai_flag_predict_ability.c
tools/scaninc/scaninc -M build/emerald-test/test/battle/ai/ai_flag_attacks_partner.d -g build/assets -I include -I tools/agbcc/include test/battle/ai/ai_flag_attacks_partner.c
tools/scaninc/scaninc -M build/emerald-test/test/battle/ai/ai_doubles.d -g build/assets -I include -I tools/agbcc/include test/battle/ai/ai_doubles.c
tools/scaninc/scaninc -M build/emerald-test/test/battle/ai/ai_double_ace.d -g build/assets -I include -I tools/agbcc/include test/battle/ai/ai_double_ace.c
tools/scaninc/scaninc -M build/emerald-test/test/battle/ai/ai_combo_attack.d -g build/assets -I include -I tools/agbcc/include test/battle/ai/ai_combo_attack.c
tools/scaninc/scaninc -M build/emerald-test/test/battle/ai/ai_choice.d -g build/assets -I include -I tools/agbcc/include test/battle/ai/ai_choice.c
tools/scaninc/scaninc -M build/emerald-test/test/battle/ai/ai_check_viability.d -g build/assets -I include -I tools/agbcc/include test/battle/ai/ai_check_viability.c
tools/scaninc/scaninc -M build/emerald-test/test/battle/ai/ai_calc_best_move_score.d -g build/assets -I include -I tools/agbcc/include test/battle/ai/ai_calc_best_move_score.c
tools/scaninc/scaninc -M build/emerald-test/test/battle/ai/ai_assume_status_moves.d -g build/assets -I include -I tools/agbcc/include test/battle/ai/ai_assume_status_moves.c
tools/scaninc/scaninc -M build/emerald-test/test/battle/ai/ai_assume_stab.d -g build/assets -I include -I tools/agbcc/include test/battle/ai/ai_assume_stab.c
tools/scaninc/scaninc -M build/emerald-test/test/battle/ai/ai.d -g build/assets -I include -I tools/agbcc/include test/battle/ai/ai.c
tools/scaninc/scaninc -M build/emerald-test/test/battle/ability/unseen_fist.d -g build/assets -I include -I tools/agbcc/include test/battle/ability/unseen_fist.c
tools/scaninc/scaninc -M build/emerald-test/test/battle/ability/telepathy.d -g build/assets -I include -I tools/agbcc/include test/battle/ability/telepathy.c
tools/scaninc/scaninc -M build/emerald-test/test/battle/ability/pickpocket.d -g build/assets -I include -I tools/agbcc/include test/battle/ability/pickpocket.c
tools/scaninc/scaninc -M build/emerald-test/test/battle/ability/imposter.d -g build/assets -I include -I tools/agbcc/include test/battle/ability/imposter.c
tools/scaninc/scaninc -M build/emerald-test/test/battle/ability/healer.d -g build/assets -I include -I tools/agbcc/include test/battle/ability/healer.c
tools/scaninc/scaninc -M build/emerald-test/test/battle/ability/forecast.d -g build/assets -I include -I tools/agbcc/include test/battle/ability/forecast.c
tools/scaninc/scaninc -M build/emerald-test/test/battle/ability/flower_gift.d -g build/assets -I include -I tools/agbcc/include test/battle/ability/flower_gift.c
tools/scaninc/scaninc -M build/emerald-test/test/battle/ability/disguise.d -g build/assets -I include -I tools/agbcc/include test/battle/ability/disguise.c
tools/scaninc/scaninc -M build/emerald-test/test/battle/ability/commander.d -g build/assets -I include -I tools/agbcc/include test/battle/ability/commander.c
tools/scaninc/scaninc -M build/emerald-test/test/battle/ability/color_change.d -g build/assets -I include -I tools/agbcc/include test/battle/ability/color_change.c
tools/scaninc/scaninc -M build/emerald-test/test/battle/ability/blitz_boxer.d -g build/assets -I include -I tools/agbcc/include test/battle/ability/blitz_boxer.c
tools/scaninc/scaninc -M build/emerald-test/test/battle/ability/berserk.d -g build/assets -I include -I tools/agbcc/include test/battle/ability/berserk.c
tools/scaninc/scaninc -M build/emerald-test/test/battle/ability/anger_shell.d -g build/assets -I include -I tools/agbcc/include test/battle/ability/anger_shell.c
tools/scaninc/scaninc -M build/emerald-test/test/battle/test_runner_features.d -g build/assets -I include -I tools/agbcc/include test/battle/test_runner_features.c
tools/scaninc/scaninc -M build/emerald-test/test/battle/switch_in_abilities.d -g build/assets -I include -I tools/agbcc/include test/battle/switch_in_abilities.c
tools/scaninc/scaninc -M build/emerald-test/test/battle/spread_moves.d -g build/assets -I include -I tools/agbcc/include test/battle/spread_moves.c
tools/scaninc/scaninc -M build/emerald-test/test/battle/sleep_clause.d -g build/assets -I include -I tools/agbcc/include test/battle/sleep_clause.c
tools/scaninc/scaninc -M build/emerald-test/test/battle/frontier_circuit.d -g build/assets -I include -I tools/agbcc/include test/battle/frontier_circuit.c
tools/scaninc/scaninc -M build/emerald-test/test/upstream_critical_fixes.d -g build/assets -I include -I tools/agbcc/include test/upstream_critical_fixes.c
tools/scaninc/scaninc -M build/emerald-test/test/text.d -g build/assets -I include -I tools/agbcc/include test/text.c
tools/scaninc/scaninc -M build/emerald-test/test/test_test_runner.d -g build/assets -I include -I tools/agbcc/include test/test_test_runner.c
tools/scaninc/scaninc -M build/emerald-test/test/test_runner_battle.d -g build/assets -I include -I tools/agbcc/include test/test_runner_battle.c
tools/scaninc/scaninc -M build/emerald-test/test/test_runner_args.d -g build/assets -I include -I tools/agbcc/include test/test_runner_args.c
tools/scaninc/scaninc -M build/emerald-test/test/test_runner.d -g build/assets -I include -I tools/agbcc/include test/test_runner.c
tools/scaninc/scaninc -M build/emerald-test/test/pokemon.d -g build/assets -I include -I tools/agbcc/include test/pokemon.c
tools/scaninc/scaninc -M build/emerald-test/test/mega_stone_rewards.d -g build/assets -I include -I tools/agbcc/include test/mega_stone_rewards.c
tools/scaninc/scaninc -M build/emerald-test/test/legendary_sign_pipeline.d -g build/assets -I include -I tools/agbcc/include test/legendary_sign_pipeline.c
tools/scaninc/scaninc -M build/emerald-test/test/emerald_champions_daycare.d -g build/assets -I include -I tools/agbcc/include test/emerald_champions_daycare.c
tools/scaninc/scaninc -M build/emerald-test/test/emerald_champions.d -g build/assets -I include -I tools/agbcc/include test/emerald_champions.c
tools/scaninc/scaninc -M build/emerald-test/test/daycare.d -g build/assets -I include -I tools/agbcc/include test/daycare.c
tools/scaninc/scaninc -M build/emerald-test/test/chansey_overworld.d -g build/assets -I include -I tools/agbcc/include test/chansey_overworld.c
tools/scaninc/scaninc -M build/emerald-test/test/bag.d -g build/assets -I include -I tools/agbcc/include test/bag.c
tools/scaninc/scaninc -M build/emerald-test/src/wonder_news.d -g build/assets -I include -I tools/agbcc/include src/wonder_news.c
tools/scaninc/scaninc -M build/emerald-test/src/wireless_communication_status_screen.d -g build/assets -I include -I tools/agbcc/include src/wireless_communication_status_screen.c
tools/scaninc/scaninc -M build/emerald-test/src/window.d -g build/assets -I include -I tools/agbcc/include src/window.c
tools/scaninc/scaninc -M build/emerald-test/src/wild_encounter_ow.d -g build/assets -I include -I tools/agbcc/include src/wild_encounter_ow.c
tools/scaninc/scaninc -M build/emerald-test/src/wild_encounter.d -g build/assets -I include -I tools/agbcc/include src/wild_encounter.c
tools/scaninc/scaninc -M build/emerald-test/src/wallclock.d -g build/assets -I include -I tools/agbcc/include src/wallclock.c
tools/scaninc/scaninc -M build/emerald-test/src/walda_phrase.d -g build/assets -I include -I tools/agbcc/include src/walda_phrase.c
tools/scaninc/scaninc -M build/emerald-test/src/vs_seeker.d -g build/assets -I include -I tools/agbcc/include src/vs_seeker.c
tools/scaninc/scaninc -M build/emerald-test/src/util.d -g build/assets -I include -I tools/agbcc/include src/util.c
tools/scaninc/scaninc -M build/emerald-test/src/use_pokeblock.d -g build/assets -I include -I tools/agbcc/include src/use_pokeblock.c
tools/scaninc/scaninc -M build/emerald-test/src/union_room_player_avatar.d -g build/assets -I include -I tools/agbcc/include src/union_room_player_avatar.c
tools/scaninc/scaninc -M build/emerald-test/src/union_room_chat.d -g build/assets -I include -I tools/agbcc/include src/union_room_chat.c
tools/scaninc/scaninc -M build/emerald-test/src/union_room_battle.d -g build/assets -I include -I tools/agbcc/include src/union_room_battle.c
tools/scaninc/scaninc -M build/emerald-test/src/union_room.d -g build/assets -I include -I tools/agbcc/include src/union_room.c
tools/scaninc/scaninc -M build/emerald-test/src/type_icons.d -g build/assets -I include -I tools/agbcc/include src/type_icons.c
tools/scaninc/scaninc -M build/emerald-test/src/tv.d -g build/assets -I include -I tools/agbcc/include src/tv.c
tools/scaninc/scaninc -M build/emerald-test/src/trig.d -g build/assets -I include -I tools/agbcc/include src/trig.c
tools/scaninc/scaninc -M build/emerald-test/src/trainer_util.d -g build/assets -I include -I tools/agbcc/include src/trainer_util.c
tools/scaninc/scaninc -M build/emerald-test/src/trainer_tower_sets.d -g build/assets -I include -I tools/agbcc/include src/trainer_tower_sets.c
tools/scaninc/scaninc -M build/emerald-test/src/trainer_tower.d -g build/assets -I include -I tools/agbcc/include src/trainer_tower.c
tools/scaninc/scaninc -M build/emerald-test/src/trainer_slide.d -g build/assets -I include -I tools/agbcc/include src/trainer_slide.c
tools/scaninc/scaninc -M build/emerald-test/src/trainer_see.d -g build/assets -I include -I tools/agbcc/include src/trainer_see.c
tools/scaninc/scaninc -M build/emerald-test/src/trainer_pools.d -g build/assets -I include -I tools/agbcc/include src/trainer_pools.c
tools/scaninc/scaninc -M build/emerald-test/src/trainer_pokemon_sprites.d -g build/assets -I include -I tools/agbcc/include src/trainer_pokemon_sprites.c
tools/scaninc/scaninc -M build/emerald-test/src/trainer_hill.d -g build/assets -I include -I tools/agbcc/include src/trainer_hill.c
tools/scaninc/scaninc -M build/emerald-test/src/trainer_fan_club.d -g build/assets -I include -I tools/agbcc/include src/trainer_fan_club.c
tools/scaninc/scaninc -M build/emerald-test/src/trainer_card.d -g build/assets -I include -I tools/agbcc/include src/trainer_card.c
tools/scaninc/scaninc -M build/emerald-test/src/trainer.d -g build/assets -I include -I tools/agbcc/include src/trainer.c
tools/scaninc/scaninc -M build/emerald-test/src/trader.d -g build/assets -I include -I tools/agbcc/include src/trader.c
tools/scaninc/scaninc -M build/emerald-test/src/trade.d -g build/assets -I include -I tools/agbcc/include src/trade.c
tools/scaninc/scaninc -M build/emerald-test/src/title_screen_frlg.d -g build/assets -I include -I tools/agbcc/include src/title_screen_frlg.c
tools/scaninc/scaninc -M build/emerald-test/src/title_screen.d -g build/assets -I include -I tools/agbcc/include src/title_screen.c
tools/scaninc/scaninc -M build/emerald-test/src/time_events.d -g build/assets -I include -I tools/agbcc/include src/time_events.c
tools/scaninc/scaninc -M build/emerald-test/src/tilesets.d -g build/assets -I include -I tools/agbcc/include src/tilesets.c
tools/scaninc/scaninc -M build/emerald-test/src/tileset_anims.d -g build/assets -I include -I tools/agbcc/include src/tileset_anims.c
tools/scaninc/scaninc -M build/emerald-test/src/text_window.d -g build/assets -I include -I tools/agbcc/include src/text_window.c
tools/scaninc/scaninc -M build/emerald-test/src/text_input_strings.d -g build/assets -I include -I tools/agbcc/include src/text_input_strings.c
tools/scaninc/scaninc -M build/emerald-test/src/text.d -g build/assets -I include -I tools/agbcc/include src/text.c
tools/scaninc/scaninc -M build/emerald-test/src/test_runner_stub.d -g build/assets -I include -I tools/agbcc/include src/test_runner_stub.c
tools/scaninc/scaninc -M build/emerald-test/src/task.d -g build/assets -I include -I tools/agbcc/include src/task.c
tools/scaninc/scaninc -M build/emerald-test/src/strings.d -g build/assets -I include -I tools/agbcc/include src/strings.c
tools/scaninc/scaninc -M build/emerald-test/src/string_util.d -g build/assets -I include -I tools/agbcc/include src/string_util.c
tools/scaninc/scaninc -M build/emerald-test/src/starter_choose.d -g build/assets -I include -I tools/agbcc/include src/starter_choose.c
tools/scaninc/scaninc -M build/emerald-test/src/start_menu.d -g build/assets -I include -I tools/agbcc/include src/start_menu.c
tools/scaninc/scaninc -M build/emerald-test/src/ss_anne.d -g build/assets -I include -I tools/agbcc/include src/ss_anne.c
tools/scaninc/scaninc -M build/emerald-test/src/sprite.d -g build/assets -I include -I tools/agbcc/include src/sprite.c
tools/scaninc/scaninc -M build/emerald-test/src/sprays.d -g build/assets -I include -I tools/agbcc/include src/sprays.c
tools/scaninc/scaninc -M build/emerald-test/src/sound.d -g build/assets -I include -I tools/agbcc/include src/sound.c
tools/scaninc/scaninc -M build/emerald-test/src/slot_machine.d -g build/assets -I include -I tools/agbcc/include src/slot_machine.c
tools/scaninc/scaninc -M build/emerald-test/src/shop_criteria.d -g build/assets -I include -I tools/agbcc/include src/shop_criteria.c
tools/scaninc/scaninc -M build/emerald-test/src/shop.d -g build/assets -I include -I tools/agbcc/include src/shop.c
tools/scaninc/scaninc -M build/emerald-test/src/secret_base.d -g build/assets -I include -I tools/agbcc/include src/secret_base.c
tools/scaninc/scaninc -M build/emerald-test/src/seagallop.d -g build/assets -I include -I tools/agbcc/include src/seagallop.c
tools/scaninc/scaninc -M build/emerald-test/src/script_pokemon_util.d -g build/assets -I include -I tools/agbcc/include src/script_pokemon_util.c
tools/scaninc/scaninc -M build/emerald-test/src/script_movement.d -g build/assets -I include -I tools/agbcc/include src/script_movement.c
tools/scaninc/scaninc -M build/emerald-test/src/script_menu.d -g build/assets -I include -I tools/agbcc/include src/script_menu.c
tools/scaninc/scaninc -M build/emerald-test/src/script.d -g build/assets -I include -I tools/agbcc/include src/script.c
tools/scaninc/scaninc -M build/emerald-test/src/scrcmd.d -g build/assets -I include -I tools/agbcc/include src/scrcmd.c
tools/scaninc/scaninc -M build/emerald-test/src/scanline_effect.d -g build/assets -I include -I tools/agbcc/include src/scanline_effect.c
tools/scaninc/scaninc -M build/emerald-test/src/save_location.d -g build/assets -I include -I tools/agbcc/include src/save_location.c
tools/scaninc/scaninc -M build/emerald-test/src/save_failed_screen.d -g build/assets -I include -I tools/agbcc/include src/save_failed_screen.c
tools/scaninc/scaninc -M build/emerald-test/src/save.d -g build/assets -I include -I tools/agbcc/include src/save.c
tools/scaninc/scaninc -M build/emerald-test/src/safari_zone.d -g build/assets -I include -I tools/agbcc/include src/safari_zone.c
tools/scaninc/scaninc -M build/emerald-test/src/rtc.d -g build/assets -I include -I tools/agbcc/include src/rtc.c
tools/scaninc/scaninc -M build/emerald-test/src/roulette.d -g build/assets -I include -I tools/agbcc/include src/roulette.c
tools/scaninc/scaninc -M build/emerald-test/src/rotating_tile_puzzle.d -g build/assets -I include -I tools/agbcc/include src/rotating_tile_puzzle.c
tools/scaninc/scaninc -M build/emerald-test/src/rotating_gate.d -g build/assets -I include -I tools/agbcc/include src/rotating_gate.c
tools/scaninc/scaninc -M build/emerald-test/src/rom_header_rhh.d -g build/assets -I include -I tools/agbcc/include src/rom_header_rhh.c
tools/scaninc/scaninc -M build/emerald-test/src/rom_header_gf.d -g build/assets -I include -I tools/agbcc/include src/rom_header_gf.c
tools/scaninc/scaninc -M build/emerald-test/src/roamer.d -g build/assets -I include -I tools/agbcc/include src/roamer.c
tools/scaninc/scaninc -M build/emerald-test/src/reshow_battle_screen.d -g build/assets -I include -I tools/agbcc/include src/reshow_battle_screen.c
tools/scaninc/scaninc -M build/emerald-test/src/reset_rtc_screen.d -g build/assets -I include -I tools/agbcc/include src/reset_rtc_screen.c
tools/scaninc/scaninc -M build/emerald-test/src/reload_save.d -g build/assets -I include -I tools/agbcc/include src/reload_save.c
tools/scaninc/scaninc -M build/emerald-test/src/regions.d -g build/assets -I include -I tools/agbcc/include src/regions.c
tools/scaninc/scaninc -M build/emerald-test/src/region_map.d -g build/assets -I include -I tools/agbcc/include src/region_map.c
tools/scaninc/scaninc -M build/emerald-test/src/recorded_battle.d -g build/assets -I include -I tools/agbcc/include src/recorded_battle.c
tools/scaninc/scaninc -M build/emerald-test/src/record_mixing.d -g build/assets -I include -I tools/agbcc/include src/record_mixing.c
tools/scaninc/scaninc -M build/emerald-test/src/rayquaza_scene.d -g build/assets -I include -I tools/agbcc/include src/rayquaza_scene.c
tools/scaninc/scaninc -M build/emerald-test/src/random_mon_generation.d -g build/assets -I include -I tools/agbcc/include src/random_mon_generation.c
tools/scaninc/scaninc -M build/emerald-test/src/random.d -g build/assets -I include -I tools/agbcc/include src/random.c
tools/scaninc/scaninc -M build/emerald-test/src/quickstart.d -g build/assets -I include -I tools/agbcc/include src/quickstart.c
tools/scaninc/scaninc -M build/emerald-test/src/post_battle_event_funcs.d -g build/assets -I include -I tools/agbcc/include src/post_battle_event_funcs.c
tools/scaninc/scaninc -M build/emerald-test/src/pokerus.d -g build/assets -I include -I tools/agbcc/include src/pokerus.c
tools/scaninc/scaninc -M build/emerald-test/src/pokenav_ribbons_summary.d -g build/assets -I include -I tools/agbcc/include src/pokenav_ribbons_summary.c
tools/scaninc/scaninc -M build/emerald-test/src/pokenav_ribbons_list.d -g build/assets -I include -I tools/agbcc/include src/pokenav_ribbons_list.c
tools/scaninc/scaninc -M build/emerald-test/src/pokenav_region_map.d -g build/assets -I include -I tools/agbcc/include src/pokenav_region_map.c
tools/scaninc/scaninc -M build/emerald-test/src/pokenav_menu_handler_gfx.d -g build/assets -I include -I tools/agbcc/include src/pokenav_menu_handler_gfx.c
tools/scaninc/scaninc -M build/emerald-test/src/pokenav_menu_handler.d -g build/assets -I include -I tools/agbcc/include src/pokenav_menu_handler.c
tools/scaninc/scaninc -M build/emerald-test/src/pokenav_match_call_list.d -g build/assets -I include -I tools/agbcc/include src/pokenav_match_call_list.c
tools/scaninc/scaninc -M build/emerald-test/src/pokenav_match_call_gfx.d -g build/assets -I include -I tools/agbcc/include src/pokenav_match_call_gfx.c
tools/scaninc/scaninc -M build/emerald-test/src/pokenav_match_call_data.d -g build/assets -I include -I tools/agbcc/include src/pokenav_match_call_data.c
tools/scaninc/scaninc -M build/emerald-test/src/pokenav_main_menu.d -g build/assets -I include -I tools/agbcc/include src/pokenav_main_menu.c
tools/scaninc/scaninc -M build/emerald-test/src/pokenav_list.d -g build/assets -I include -I tools/agbcc/include src/pokenav_list.c
tools/scaninc/scaninc -M build/emerald-test/src/pokenav_conditions_search_results.d -g build/assets -I include -I tools/agbcc/include src/pokenav_conditions_search_results.c
tools/scaninc/scaninc -M build/emerald-test/src/pokenav_conditions_gfx.d -g build/assets -I include -I tools/agbcc/include src/pokenav_conditions_gfx.c
tools/scaninc/scaninc -M build/emerald-test/src/pokenav_conditions.d -g build/assets -I include -I tools/agbcc/include src/pokenav_conditions.c
tools/scaninc/scaninc -M build/emerald-test/src/pokenav.d -g build/assets -I include -I tools/agbcc/include src/pokenav.c
tools/scaninc/scaninc -M build/emerald-test/src/pokemon_summary_screen.d -g build/assets -I include -I tools/agbcc/include src/pokemon_summary_screen.c
tools/scaninc/scaninc -M build/emerald-test/src/pokemon_storage_system.d -g build/assets -I include -I tools/agbcc/include src/pokemon_storage_system.c
tools/scaninc/scaninc -M build/emerald-test/src/pokemon_sprite_visualizer.d -g build/assets -I include -I tools/agbcc/include src/pokemon_sprite_visualizer.c
tools/scaninc/scaninc -M build/emerald-test/src/pokemon_spots.d -g build/assets -I include -I tools/agbcc/include src/pokemon_spots.c
tools/scaninc/scaninc -M build/emerald-test/src/pokemon_size_record.d -g build/assets -I include -I tools/agbcc/include src/pokemon_size_record.c
tools/scaninc/scaninc -M build/emerald-test/src/pokemon_jump.d -g build/assets -I include -I tools/agbcc/include src/pokemon_jump.c
tools/scaninc/scaninc -M build/emerald-test/src/pokemon_icon.d -g build/assets -I include -I tools/agbcc/include src/pokemon_icon.c
tools/scaninc/scaninc -M build/emerald-test/src/pokemon_animation.d -g build/assets -I include -I tools/agbcc/include src/pokemon_animation.c
tools/mapjson/mapjson map emerald data/maps/SixIsland_House_Frlg/map.json data/layouts/layouts.json data/maps/SixIsland_House_Frlg
tools/mapjson/mapjson map emerald data/maps/SixIsland_DottedHole_B2F_Frlg/map.json data/layouts/layouts.json data/maps/SixIsland_DottedHole_B2F_Frlg
tools/mapjson/mapjson map emerald data/maps/Route8_WestEntrance_Frlg/map.json data/layouts/layouts.json data/maps/Route8_WestEntrance_Frlg
tools/mapjson/mapjson map emerald data/maps/SSAnne_B1F_Room1_Frlg/map.json data/layouts/layouts.json data/maps/SSAnne_B1F_Room1_Frlg
tools/mapjson/mapjson map emerald data/maps/CeruleanCity_Frlg/map.json data/layouts/layouts.json data/maps/CeruleanCity_Frlg
tools/mapjson/mapjson map emerald data/maps/MtEmber_RubyPath_B4F_Frlg/map.json data/layouts/layouts.json data/maps/MtEmber_RubyPath_B4F_Frlg
tools/mapjson/mapjson map emerald data/maps/SixIsland_PokemonCenter_2F_Frlg/map.json data/layouts/layouts.json data/maps/SixIsland_PokemonCenter_2F_Frlg
tools/mapjson/mapjson map emerald data/maps/PokemonLeague_BrunosRoom_Frlg/map.json data/layouts/layouts.json data/maps/PokemonLeague_BrunosRoom_Frlg
tools/mapjson/mapjson map emerald data/maps/Route24_Frlg/map.json data/layouts/layouts.json data/maps/Route24_Frlg
tools/mapjson/mapjson map emerald data/maps/PokemonTower_2F_Frlg/map.json data/layouts/layouts.json data/maps/PokemonTower_2F_Frlg
tools/mapjson/mapjson map emerald data/maps/CeruleanCity_House1_Frlg/map.json data/layouts/layouts.json data/maps/CeruleanCity_House1_Frlg
tools/mapjson/mapjson map emerald data/maps/Route3_Frlg/map.json data/layouts/layouts.json data/maps/Route3_Frlg
tools/mapjson/mapjson map emerald data/maps/FiveIsland_PokemonCenter_2F_Frlg/map.json data/layouts/layouts.json data/maps/FiveIsland_PokemonCenter_2F_Frlg
tools/mapjson/mapjson map emerald data/maps/SilphCo_6F_Frlg/map.json data/layouts/layouts.json data/maps/SilphCo_6F_Frlg
tools/mapjson/mapjson map emerald data/maps/PalletTown_RivalsHouse_Frlg/map.json data/layouts/layouts.json data/maps/PalletTown_RivalsHouse_Frlg
tools/mapjson/mapjson map emerald data/maps/FiveIsland_House1_Frlg/map.json data/layouts/layouts.json data/maps/FiveIsland_House1_Frlg
tools/mapjson/mapjson map emerald data/maps/SafariZone_Center_RestHouse_Frlg/map.json data/layouts/layouts.json data/maps/SafariZone_Center_RestHouse_Frlg
tools/mapjson/mapjson map emerald data/maps/CinnabarIsland_PokemonLab_ExperimentRoom_Frlg/map.json data/layouts/layouts.json data/maps/CinnabarIsland_PokemonLab_ExperimentRoom_Frlg
tools/mapjson/mapjson map emerald data/maps/FiveIsland_LostCave_Room5_Frlg/map.json data/layouts/layouts.json data/maps/FiveIsland_LostCave_Room5_Frlg
tools/mapjson/mapjson map emerald data/maps/SeafoamIslands_B1F_Frlg/map.json data/layouts/layouts.json data/maps/SeafoamIslands_B1F_Frlg
tools/mapjson/mapjson map emerald data/maps/SevenIsland_TanobyRuins_Frlg/map.json data/layouts/layouts.json data/maps/SevenIsland_TanobyRuins_Frlg
tools/mapjson/mapjson map emerald data/maps/SevenIsland_TrainerTower_Frlg/map.json data/layouts/layouts.json data/maps/SevenIsland_TrainerTower_Frlg
tools/mapjson/mapjson map emerald data/maps/ViridianCity_Mart_Frlg/map.json data/layouts/layouts.json data/maps/ViridianCity_Mart_Frlg
tools/mapjson/mapjson map emerald data/maps/CeladonCity_Condominiums_RoofRoom_Frlg/map.json data/layouts/layouts.json data/maps/CeladonCity_Condominiums_RoofRoom_Frlg
tools/mapjson/mapjson map emerald data/maps/FiveIsland_LostCave_Room11_Frlg/map.json data/layouts/layouts.json data/maps/FiveIsland_LostCave_Room11_Frlg
tools/mapjson/mapjson map emerald data/maps/CeladonCity_GameCorner_PrizeRoom_Frlg/map.json data/layouts/layouts.json data/maps/CeladonCity_GameCorner_PrizeRoom_Frlg
tools/mapjson/mapjson map emerald data/maps/SafariZone_West_RestHouse_Frlg/map.json data/layouts/layouts.json data/maps/SafariZone_West_RestHouse_Frlg
tools/mapjson/mapjson map emerald data/maps/FourIsland_House2_Frlg/map.json data/layouts/layouts.json data/maps/FourIsland_House2_Frlg
tools/mapjson/mapjson map emerald data/maps/SaffronCity_PokemonCenter_2F_Frlg/map.json data/layouts/layouts.json data/maps/SaffronCity_PokemonCenter_2F_Frlg
tools/mapjson/mapjson map emerald data/maps/CeladonCity_DepartmentStore_3F_Frlg/map.json data/layouts/layouts.json data/maps/CeladonCity_DepartmentStore_3F_Frlg
tools/mapjson/mapjson map emerald data/maps/UndergroundPath_SouthEntrance_Frlg/map.json data/layouts/layouts.json data/maps/UndergroundPath_SouthEntrance_Frlg
tools/mapjson/mapjson map emerald data/maps/LavenderTown_VolunteerPokemonHouse_Frlg/map.json data/layouts/layouts.json data/maps/LavenderTown_VolunteerPokemonHouse_Frlg
tools/mapjson/mapjson map emerald data/maps/CeladonCity_House1_Frlg/map.json data/layouts/layouts.json data/maps/CeladonCity_House1_Frlg
tools/mapjson/mapjson map emerald data/maps/SevenIsland_SevaultCanyon_Frlg/map.json data/layouts/layouts.json data/maps/SevenIsland_SevaultCanyon_Frlg
tools/mapjson/mapjson map emerald data/maps/CeladonCity_DepartmentStore_1F_Frlg/map.json data/layouts/layouts.json data/maps/CeladonCity_DepartmentStore_1F_Frlg
tools/mapjson/mapjson map emerald data/maps/PalletTown_Frlg/map.json data/layouts/layouts.json data/maps/PalletTown_Frlg
tools/mapjson/mapjson map emerald data/maps/OneIsland_Frlg/map.json data/layouts/layouts.json data/maps/OneIsland_Frlg
tools/mapjson/mapjson map emerald data/maps/SilphCo_10F_Frlg/map.json data/layouts/layouts.json data/maps/SilphCo_10F_Frlg
tools/mapjson/mapjson map emerald data/maps/TrainerTower_8F_Frlg/map.json data/layouts/layouts.json data/maps/TrainerTower_8F_Frlg
tools/mapjson/mapjson map emerald data/maps/SevenIsland_TanobyRuins_WeepthChamber_Frlg/map.json data/layouts/layouts.json data/maps/SevenIsland_TanobyRuins_WeepthChamber_Frlg
tools/mapjson/mapjson map emerald data/maps/CinnabarIsland_PokemonLab_Entrance_Frlg/map.json data/layouts/layouts.json data/maps/CinnabarIsland_PokemonLab_Entrance_Frlg
tools/mapjson/mapjson map emerald data/maps/SevenIsland_House_Room1_Frlg/map.json data/layouts/layouts.json data/maps/SevenIsland_House_Room1_Frlg
tools/mapjson/mapjson map emerald data/maps/Route21_North_Frlg/map.json data/layouts/layouts.json data/maps/Route21_North_Frlg
tools/mapjson/mapjson map emerald data/maps/SeafoamIslands_B3F_Frlg/map.json data/layouts/layouts.json data/maps/SeafoamIslands_B3F_Frlg
tools/mapjson/mapjson map emerald data/maps/SSAnne_1F_Room7_Frlg/map.json data/layouts/layouts.json data/maps/SSAnne_1F_Room7_Frlg
tools/mapjson/mapjson map emerald data/maps/FiveIsland_LostCave_Room9_Frlg/map.json data/layouts/layouts.json data/maps/FiveIsland_LostCave_Room9_Frlg
tools/mapjson/mapjson map emerald data/maps/FourIsland_PokemonCenter_1F_Frlg/map.json data/layouts/layouts.json data/maps/FourIsland_PokemonCenter_1F_Frlg
tools/mapjson/mapjson map emerald data/maps/Route11_EastEntrance_2F_Frlg/map.json data/layouts/layouts.json data/maps/Route11_EastEntrance_2F_Frlg
tools/mapjson/mapjson map emerald data/maps/TrainerTower_Lobby_Frlg/map.json data/layouts/layouts.json data/maps/TrainerTower_Lobby_Frlg
tools/mapjson/mapjson map emerald data/maps/IndigoPlateau_PokemonCenter_2F_Frlg/map.json data/layouts/layouts.json data/maps/IndigoPlateau_PokemonCenter_2F_Frlg
tools/mapjson/mapjson map emerald data/maps/SaffronCity_PokemonTrainerFanClub_Frlg/map.json data/layouts/layouts.json data/maps/SaffronCity_PokemonTrainerFanClub_Frlg
tools/mapjson/mapjson map emerald data/maps/SilphCo_4F_Frlg/map.json data/layouts/layouts.json data/maps/SilphCo_4F_Frlg
tools/mapjson/mapjson map emerald data/maps/VermilionCity_House1_Frlg/map.json data/layouts/layouts.json data/maps/VermilionCity_House1_Frlg
tools/mapjson/mapjson map emerald data/maps/VermilionCity_PokemonCenter_2F_Frlg/map.json data/layouts/layouts.json data/maps/VermilionCity_PokemonCenter_2F_Frlg
tools/mapjson/mapjson map emerald data/maps/SevenIsland_Mart_Frlg/map.json data/layouts/layouts.json data/maps/SevenIsland_Mart_Frlg
tools/mapjson/mapjson map emerald data/maps/SeafoamIslands_1F_Frlg/map.json data/layouts/layouts.json data/maps/SeafoamIslands_1F_Frlg
tools/mapjson/mapjson map emerald data/maps/SaffronCity_CopycatsHouse_2F_Frlg/map.json data/layouts/layouts.json data/maps/SaffronCity_CopycatsHouse_2F_Frlg
tools/mapjson/mapjson map emerald data/maps/Route12_Frlg/map.json data/layouts/layouts.json data/maps/Route12_Frlg
tools/mapjson/mapjson map emerald data/maps/Route13_Frlg/map.json data/layouts/layouts.json data/maps/Route13_Frlg
tools/mapjson/mapjson map emerald data/maps/LavenderTown_House2_Frlg/map.json data/layouts/layouts.json data/maps/LavenderTown_House2_Frlg
tools/mapjson/mapjson map emerald data/maps/FiveIsland_ResortGorgeous_Frlg/map.json data/layouts/layouts.json data/maps/FiveIsland_ResortGorgeous_Frlg
tools/mapjson/mapjson map emerald data/maps/FuchsiaCity_SafariZone_Entrance_Frlg/map.json data/layouts/layouts.json data/maps/FuchsiaCity_SafariZone_Entrance_Frlg
tools/mapjson/mapjson map emerald data/maps/PokemonTower_4F_Frlg/map.json data/layouts/layouts.json data/maps/PokemonTower_4F_Frlg
tools/mapjson/mapjson map emerald data/maps/FourIsland_PokemonDayCare_Frlg/map.json data/layouts/layouts.json data/maps/FourIsland_PokemonDayCare_Frlg
tools/mapjson/mapjson map emerald data/maps/DiglettsCave_B1F_Frlg/map.json data/layouts/layouts.json data/maps/DiglettsCave_B1F_Frlg
tools/mapjson/mapjson map emerald data/maps/VictoryRoad_2F_Frlg/map.json data/layouts/layouts.json data/maps/VictoryRoad_2F_Frlg
tools/mapjson/mapjson map emerald data/maps/CinnabarIsland_PokemonCenter_2F_Frlg/map.json data/layouts/layouts.json data/maps/CinnabarIsland_PokemonCenter_2F_Frlg
tools/mapjson/mapjson map emerald data/maps/MtEmber_RubyPath_B2F_Frlg/map.json data/layouts/layouts.json data/maps/MtEmber_RubyPath_B2F_Frlg
tools/mapjson/mapjson map emerald data/maps/Route4_PokemonCenter_1F_Frlg/map.json data/layouts/layouts.json data/maps/Route4_PokemonCenter_1F_Frlg
tools/mapjson/mapjson map emerald data/maps/OneIsland_Harbor_Frlg/map.json data/layouts/layouts.json data/maps/OneIsland_Harbor_Frlg
tools/mapjson/mapjson map emerald data/maps/SixIsland_DottedHole_B4F_Frlg/map.json data/layouts/layouts.json data/maps/SixIsland_DottedHole_B4F_Frlg
tools/mapjson/mapjson map emerald data/maps/SSAnne_1F_Room6_Frlg/map.json data/layouts/layouts.json data/maps/SSAnne_1F_Room6_Frlg
tools/mapjson/mapjson map emerald data/maps/Route12_NorthEntrance_2F_Frlg/map.json data/layouts/layouts.json data/maps/Route12_NorthEntrance_2F_Frlg
tools/mapjson/mapjson map emerald data/maps/FiveIsland_LostCave_Room8_Frlg/map.json data/layouts/layouts.json data/maps/FiveIsland_LostCave_Room8_Frlg
tools/mapjson/mapjson map emerald data/maps/PewterCity_Museum_2F_Frlg/map.json data/layouts/layouts.json data/maps/PewterCity_Museum_2F_Frlg
tools/mapjson/mapjson map emerald data/maps/CeladonCity_DepartmentStore_5F_Frlg/map.json data/layouts/layouts.json data/maps/CeladonCity_DepartmentStore_5F_Frlg
tools/mapjson/mapjson map emerald data/maps/TwoIsland_JoyfulGameCorner_Frlg/map.json data/layouts/layouts.json data/maps/TwoIsland_JoyfulGameCorner_Frlg
tools/mapjson/mapjson map emerald data/maps/Route10_PokemonCenter_2F_Frlg/map.json data/layouts/layouts.json data/maps/Route10_PokemonCenter_2F_Frlg
tools/mapjson/mapjson map emerald data/maps/Route19_UnusedHouse_Frlg/map.json data/layouts/layouts.json data/maps/Route19_UnusedHouse_Frlg
tools/mapjson/mapjson map emerald data/maps/NavelRock_BasePath_B9F_Frlg/map.json data/layouts/layouts.json data/maps/NavelRock_BasePath_B9F_Frlg
tools/mapjson/mapjson map emerald data/maps/PewterCity_PokemonCenter_2F_Frlg/map.json data/layouts/layouts.json data/maps/PewterCity_PokemonCenter_2F_Frlg
tools/mapjson/mapjson map emerald data/maps/MtEmber_RubyPath_B1F_Stairs_Frlg/map.json data/layouts/layouts.json data/maps/MtEmber_RubyPath_B1F_Stairs_Frlg
tools/mapjson/mapjson map emerald data/maps/FuchsiaCity_House1_Frlg/map.json data/layouts/layouts.json data/maps/FuchsiaCity_House1_Frlg
tools/mapjson/mapjson map emerald data/maps/ViridianCity_School_Frlg/map.json data/layouts/layouts.json data/maps/ViridianCity_School_Frlg
tools/mapjson/mapjson map emerald data/maps/FiveIsland_LostCave_Room10_Frlg/map.json data/layouts/layouts.json data/maps/FiveIsland_LostCave_Room10_Frlg
tools/mapjson/mapjson map emerald data/maps/FuchsiaCity_PokemonCenter_1F_Frlg/map.json data/layouts/layouts.json data/maps/FuchsiaCity_PokemonCenter_1F_Frlg
tools/mapjson/mapjson map emerald data/maps/SSAnne_2F_Room1_Frlg/map.json data/layouts/layouts.json data/maps/SSAnne_2F_Room1_Frlg
tools/mapjson/mapjson map emerald data/maps/CeruleanCity_PokemonCenter_1F_Frlg/map.json data/layouts/layouts.json data/maps/CeruleanCity_PokemonCenter_1F_Frlg
tools/mapjson/mapjson map emerald data/maps/FiveIsland_LostCave_Room4_Frlg/map.json data/layouts/layouts.json data/maps/FiveIsland_LostCave_Room4_Frlg
tools/mapjson/mapjson map emerald data/maps/Route5_PokemonDayCare_Frlg/map.json data/layouts/layouts.json data/maps/Route5_PokemonDayCare_Frlg
tools/mapjson/mapjson map emerald data/maps/CeruleanCity_Mart_Frlg/map.json data/layouts/layouts.json data/maps/CeruleanCity_Mart_Frlg
tools/mapjson/mapjson map emerald data/maps/ThreeIsland_House1_Frlg/map.json data/layouts/layouts.json data/maps/ThreeIsland_House1_Frlg
tools/mapjson/mapjson map emerald data/maps/Route12_FishingHouse_Frlg/map.json data/layouts/layouts.json data/maps/Route12_FishingHouse_Frlg
tools/mapjson/mapjson map emerald data/maps/Route2_Frlg/map.json data/layouts/layouts.json data/maps/Route2_Frlg
tools/mapjson/mapjson map emerald data/maps/Route25_Frlg/map.json data/layouts/layouts.json data/maps/Route25_Frlg
tools/mapjson/mapjson map emerald data/maps/SSAnne_B1F_Corridor_Frlg/map.json data/layouts/layouts.json data/maps/SSAnne_B1F_Corridor_Frlg
tools/mapjson/mapjson map emerald data/maps/SixIsland_GreenPath_Frlg/map.json data/layouts/layouts.json data/maps/SixIsland_GreenPath_Frlg
tools/mapjson/mapjson map emerald data/maps/Route5_SouthEntrance_Frlg/map.json data/layouts/layouts.json data/maps/Route5_SouthEntrance_Frlg
tools/mapjson/mapjson map emerald data/maps/SilphCo_2F_Frlg/map.json data/layouts/layouts.json data/maps/SilphCo_2F_Frlg
tools/mapjson/mapjson map emerald data/maps/SixIsland_PatternBush_Frlg/map.json data/layouts/layouts.json data/maps/SixIsland_PatternBush_Frlg
tools/mapjson/mapjson map emerald data/maps/LavenderTown_Frlg/map.json data/layouts/layouts.json data/maps/LavenderTown_Frlg
tools/mapjson/mapjson map emerald data/maps/SafariZone_East_Frlg/map.json data/layouts/layouts.json data/maps/SafariZone_East_Frlg
tools/mapjson/mapjson map emerald data/maps/Route15_WestEntrance_2F_Frlg/map.json data/layouts/layouts.json data/maps/Route15_WestEntrance_2F_Frlg
tools/mapjson/mapjson map emerald data/maps/Route16_NorthEntrance_1F_Frlg/map.json data/layouts/layouts.json data/maps/Route16_NorthEntrance_1F_Frlg
tools/mapjson/mapjson map emerald data/maps/FiveIsland_Meadow_Frlg/map.json data/layouts/layouts.json data/maps/FiveIsland_Meadow_Frlg
tools/mapjson/mapjson map emerald data/maps/RockTunnel_B1F_Frlg/map.json data/layouts/layouts.json data/maps/RockTunnel_B1F_Frlg
tools/mapjson/mapjson map emerald data/maps/PokemonTower_6F_Frlg/map.json data/layouts/layouts.json data/maps/PokemonTower_6F_Frlg
tools/mapjson/mapjson map emerald data/maps/SeafoamIslands_B2F_Frlg/map.json data/layouts/layouts.json data/maps/SeafoamIslands_B2F_Frlg
tools/mapjson/mapjson map emerald data/maps/FourIsland_Frlg/map.json data/layouts/layouts.json data/maps/FourIsland_Frlg
tools/mapjson/mapjson map emerald data/maps/SilphCo_11F_Frlg/map.json data/layouts/layouts.json data/maps/SilphCo_11F_Frlg
tools/mapjson/mapjson map emerald data/maps/SixIsland_WaterPath_Frlg/map.json data/layouts/layouts.json data/maps/SixIsland_WaterPath_Frlg
tools/mapjson/mapjson map emerald data/maps/VermilionCity_Frlg/map.json data/layouts/layouts.json data/maps/VermilionCity_Frlg
tools/mapjson/mapjson map emerald data/maps/Route9_Frlg/map.json data/layouts/layouts.json data/maps/Route9_Frlg
tools/mapjson/mapjson map emerald data/maps/SaffronCity_PokemonCenter_1F_Frlg/map.json data/layouts/layouts.json data/maps/SaffronCity_PokemonCenter_1F_Frlg
tools/mapjson/mapjson map emerald data/maps/Route2_ViridianForest_SouthEntrance_Frlg/map.json data/layouts/layouts.json data/maps/Route2_ViridianForest_SouthEntrance_Frlg
tools/mapjson/mapjson map emerald data/maps/TwoIsland_House_Frlg/map.json data/layouts/layouts.json data/maps/TwoIsland_House_Frlg
tools/mapjson/mapjson map emerald data/maps/SSAnne_1F_Room1_Frlg/map.json data/layouts/layouts.json data/maps/SSAnne_1F_Room1_Frlg
tools/mapjson/mapjson map emerald data/maps/SevenIsland_TanobyRuins_ViapoisChamber_Frlg/map.json data/layouts/layouts.json data/maps/SevenIsland_TanobyRuins_ViapoisChamber_Frlg
tools/mapjson/mapjson map emerald data/maps/RecordCorner_Frlg/map.json data/layouts/layouts.json data/maps/RecordCorner_Frlg
tools/mapjson/mapjson map emerald data/maps/SixIsland_DottedHole_B1F_Frlg/map.json data/layouts/layouts.json data/maps/SixIsland_DottedHole_B1F_Frlg
tools/mapjson/mapjson map emerald data/maps/FiveIsland_LostCave_Entrance_Frlg/map.json data/layouts/layouts.json data/maps/FiveIsland_LostCave_Entrance_Frlg
tools/mapjson/mapjson map emerald data/maps/SilphCo_5F_Frlg/map.json data/layouts/layouts.json data/maps/SilphCo_5F_Frlg
tools/mapjson/mapjson map emerald data/maps/FiveIsland_PokemonCenter_1F_Frlg/map.json data/layouts/layouts.json data/maps/FiveIsland_PokemonCenter_1F_Frlg
tools/mapjson/mapjson map emerald data/maps/SaffronCity_Mart_Frlg/map.json data/layouts/layouts.json data/maps/SaffronCity_Mart_Frlg
tools/mapjson/mapjson map emerald data/maps/PokemonTower_1F_Frlg/map.json data/layouts/layouts.json data/maps/PokemonTower_1F_Frlg
tools/mapjson/mapjson map emerald data/maps/Route14_Frlg/map.json data/layouts/layouts.json data/maps/Route14_Frlg
tools/mapjson/mapjson map emerald data/maps/SixIsland_PokemonCenter_1F_Frlg/map.json data/layouts/layouts.json data/maps/SixIsland_PokemonCenter_1F_Frlg
tools/mapjson/mapjson map emerald data/maps/MtEmber_RubyPath_1F_Frlg/map.json data/layouts/layouts.json data/maps/MtEmber_RubyPath_1F_Frlg
tools/mapjson/mapjson map emerald data/maps/SilphCo_7F_Frlg/map.json data/layouts/layouts.json data/maps/SilphCo_7F_Frlg
tools/mapjson/mapjson map emerald data/maps/IndigoPlateau_PokemonCenter_1F_Frlg/map.json data/layouts/layouts.json data/maps/IndigoPlateau_PokemonCenter_1F_Frlg
tools/mapjson/mapjson map emerald data/maps/SaffronCity_House_Frlg/map.json data/layouts/layouts.json data/maps/SaffronCity_House_Frlg
tools/mapjson/mapjson map emerald data/maps/SSAnne_Exterior_Frlg/map.json data/layouts/layouts.json data/maps/SSAnne_Exterior_Frlg
tools/mapjson/mapjson map emerald data/maps/Route11_EastEntrance_1F_Frlg/map.json data/layouts/layouts.json data/maps/Route11_EastEntrance_1F_Frlg
tools/mapjson/mapjson map emerald data/maps/PokemonTower_3F_Frlg/map.json data/layouts/layouts.json data/maps/PokemonTower_3F_Frlg
tools/mapjson/mapjson map emerald data/maps/UnionRoom_Frlg/map.json data/layouts/layouts.json data/maps/UnionRoom_Frlg
tools/mapjson/mapjson map emerald data/maps/FourIsland_PokemonCenter_2F_Frlg/map.json data/layouts/layouts.json data/maps/FourIsland_PokemonCenter_2F_Frlg
tools/mapjson/mapjson map emerald data/maps/Route22_Frlg/map.json data/layouts/layouts.json data/maps/Route22_Frlg
tools/mapjson/mapjson map emerald data/maps/Route5_Frlg/map.json data/layouts/layouts.json data/maps/Route5_Frlg
tools/mapjson/mapjson map emerald data/maps/SaffronCity_CopycatsHouse_1F_Frlg/map.json data/layouts/layouts.json data/maps/SaffronCity_CopycatsHouse_1F_Frlg
tools/mapjson/mapjson map emerald data/maps/FiveIsland_ResortGorgeous_House_Frlg/map.json data/layouts/layouts.json data/maps/FiveIsland_ResortGorgeous_House_Frlg
tools/mapjson/mapjson map emerald data/maps/MtEmber_RubyPath_B5F_Frlg/map.json data/layouts/layouts.json data/maps/MtEmber_RubyPath_B5F_Frlg
tools/mapjson/mapjson map emerald data/maps/VermilionCity_PokemonCenter_1F_Frlg/map.json data/layouts/layouts.json data/maps/VermilionCity_PokemonCenter_1F_Frlg
tools/mapjson/mapjson map emerald data/maps/ViridianCity_House_Frlg/map.json data/layouts/layouts.json data/maps/ViridianCity_House_Frlg
tools/mapjson/mapjson map emerald data/maps/NavelRock_1F_Frlg/map.json data/layouts/layouts.json data/maps/NavelRock_1F_Frlg
tools/mapjson/mapjson map emerald data/maps/SixIsland_DottedHole_B3F_Frlg/map.json data/layouts/layouts.json data/maps/SixIsland_DottedHole_B3F_Frlg
tools/mapjson/mapjson map emerald data/maps/FiveIsland_LostCave_Room3_Frlg/map.json data/layouts/layouts.json data/maps/FiveIsland_LostCave_Room3_Frlg
tools/mapjson/mapjson map emerald data/maps/CeladonCity_DepartmentStore_2F_Frlg/map.json data/layouts/layouts.json data/maps/CeladonCity_DepartmentStore_2F_Frlg
tools/mapjson/mapjson map emerald data/maps/CeladonCity_Restaurant_Frlg/map.json data/layouts/layouts.json data/maps/CeladonCity_Restaurant_Frlg
tools/mapjson/mapjson map emerald data/maps/SSAnne_2F_Room6_Frlg/map.json data/layouts/layouts.json data/maps/SSAnne_2F_Room6_Frlg
tools/mapjson/mapjson map emerald data/maps/FiveIsland_Harbor_Frlg/map.json data/layouts/layouts.json data/maps/FiveIsland_Harbor_Frlg
tools/mapjson/mapjson map emerald data/maps/MtEmber_Exterior_Frlg/map.json data/layouts/layouts.json data/maps/MtEmber_Exterior_Frlg
tools/mapjson/mapjson map emerald data/maps/LavenderTown_Mart_Frlg/map.json data/layouts/layouts.json data/maps/LavenderTown_Mart_Frlg
tools/mapjson/mapjson map emerald data/maps/FourIsland_IcefallCave_B1F_Frlg/map.json data/layouts/layouts.json data/maps/FourIsland_IcefallCave_B1F_Frlg
tools/mapjson/mapjson map emerald data/maps/PewterCity_Frlg/map.json data/layouts/layouts.json data/maps/PewterCity_Frlg
tools/mapjson/mapjson map emerald data/maps/Route18_Frlg/map.json data/layouts/layouts.json data/maps/Route18_Frlg
tools/mapjson/mapjson map emerald data/maps/Route21_South_Frlg/map.json data/layouts/layouts.json data/maps/Route21_South_Frlg
tools/mapjson/mapjson map emerald data/maps/Route19_Frlg/map.json data/layouts/layouts.json data/maps/Route19_Frlg
tools/mapjson/mapjson map emerald data/maps/BirthIsland_Harbor_Frlg/map.json data/layouts/layouts.json data/maps/BirthIsland_Harbor_Frlg
tools/mapjson/mapjson map emerald data/maps/SevenIsland_TanobyRuins_LiptooChamber_Frlg/map.json data/layouts/layouts.json data/maps/SevenIsland_TanobyRuins_LiptooChamber_Frlg
tools/mapjson/mapjson map emerald data/maps/PewterCity_Museum_1F_Frlg/map.json data/layouts/layouts.json data/maps/PewterCity_Museum_1F_Frlg
tools/mapjson/mapjson map emerald data/maps/PewterCity_PokemonCenter_1F_Frlg/map.json data/layouts/layouts.json data/maps/PewterCity_PokemonCenter_1F_Frlg
tools/mapjson/mapjson map emerald data/maps/ThreeIsland_Harbor_Frlg/map.json data/layouts/layouts.json data/maps/ThreeIsland_Harbor_Frlg
tools/mapjson/mapjson map emerald data/maps/FiveIsland_LostCave_Room2_Frlg/map.json data/layouts/layouts.json data/maps/FiveIsland_LostCave_Room2_Frlg
tools/mapjson/mapjson map emerald data/maps/Route10_PokemonCenter_1F_Frlg/map.json data/layouts/layouts.json data/maps/Route10_PokemonCenter_1F_Frlg
tools/mapjson/mapjson map emerald data/maps/SeafoamIslands_B4F_Frlg/map.json data/layouts/layouts.json data/maps/SeafoamIslands_B4F_Frlg
tools/mapjson/mapjson map emerald data/maps/DiglettsCave_SouthEntrance_Frlg/map.json data/layouts/layouts.json data/maps/DiglettsCave_SouthEntrance_Frlg
tools/mapjson/mapjson map emerald data/maps/PokemonTower_7F_Frlg/map.json data/layouts/layouts.json data/maps/PokemonTower_7F_Frlg
tools/mapjson/mapjson map emerald data/maps/Route4_Frlg/map.json data/layouts/layouts.json data/maps/Route4_Frlg
tools/mapjson/mapjson map emerald data/maps/SilphCo_3F_Frlg/map.json data/layouts/layouts.json data/maps/SilphCo_3F_Frlg
tools/mapjson/mapjson map emerald data/maps/Route23_Frlg/map.json data/layouts/layouts.json data/maps/Route23_Frlg
tools/mapjson/mapjson map emerald data/maps/Route12_NorthEntrance_1F_Frlg/map.json data/layouts/layouts.json data/maps/Route12_NorthEntrance_1F_Frlg
tools/mapjson/mapjson map emerald data/maps/SixIsland_WaterPath_House1_Frlg/map.json data/layouts/layouts.json data/maps/SixIsland_WaterPath_House1_Frlg
tools/mapjson/mapjson map emerald data/maps/SevenIsland_TanobyRuins_ScufibChamber_Frlg/map.json data/layouts/layouts.json data/maps/SevenIsland_TanobyRuins_ScufibChamber_Frlg
tools/mapjson/mapjson map emerald data/maps/Route4_PokemonCenter_2F_Frlg/map.json data/layouts/layouts.json data/maps/Route4_PokemonCenter_2F_Frlg
tools/mapjson/mapjson map emerald data/maps/SixIsland_DottedHole_SapphireRoom_Frlg/map.json data/layouts/layouts.json data/maps/SixIsland_DottedHole_SapphireRoom_Frlg
tools/mapjson/mapjson map emerald data/maps/CinnabarIsland_PokemonCenter_1F_Frlg/map.json data/layouts/layouts.json data/maps/CinnabarIsland_PokemonCenter_1F_Frlg
tools/mapjson/mapjson map emerald data/maps/MtEmber_RubyPath_B1F_Frlg/map.json data/layouts/layouts.json data/maps/MtEmber_RubyPath_B1F_Frlg
tools/mapjson/mapjson map emerald data/maps/VictoryRoad_1F_Frlg/map.json data/layouts/layouts.json data/maps/VictoryRoad_1F_Frlg
tools/mapjson/mapjson map emerald data/maps/CinnabarIsland_Frlg/map.json data/layouts/layouts.json data/maps/CinnabarIsland_Frlg
tools/mapjson/mapjson map emerald data/maps/Route15_Frlg/map.json data/layouts/layouts.json data/maps/Route15_Frlg
tools/mapjson/mapjson map emerald data/maps/CinnabarIsland_Mart_Frlg/map.json data/layouts/layouts.json data/maps/CinnabarIsland_Mart_Frlg
tools/mapjson/mapjson map emerald data/maps/VictoryRoad_3F_Frlg/map.json data/layouts/layouts.json data/maps/VictoryRoad_3F_Frlg
tools/mapjson/mapjson map emerald data/maps/MtEmber_RubyPath_B3F_Frlg/map.json data/layouts/layouts.json data/maps/MtEmber_RubyPath_B3F_Frlg
tools/mapjson/mapjson map emerald data/maps/SilphCo_Elevator_Frlg/map.json data/layouts/layouts.json data/maps/SilphCo_Elevator_Frlg
tools/mapjson/mapjson map emerald data/maps/PokemonTower_5F_Frlg/map.json data/layouts/layouts.json data/maps/PokemonTower_5F_Frlg
tools/mapjson/mapjson map emerald data/maps/Route15_WestEntrance_1F_Frlg/map.json data/layouts/layouts.json data/maps/Route15_WestEntrance_1F_Frlg
tools/mapjson/mapjson map emerald data/maps/Route16_NorthEntrance_2F_Frlg/map.json data/layouts/layouts.json data/maps/Route16_NorthEntrance_2F_Frlg
tools/mapjson/mapjson map emerald data/maps/TrainerTower_Roof_Frlg/map.json data/layouts/layouts.json data/maps/TrainerTower_Roof_Frlg
tools/mapjson/mapjson map emerald data/maps/VermilionCity_PokemonFanClub_Frlg/map.json data/layouts/layouts.json data/maps/VermilionCity_PokemonFanClub_Frlg
tools/mapjson/mapjson map emerald data/maps/SilphCo_1F_Frlg/map.json data/layouts/layouts.json data/maps/SilphCo_1F_Frlg
tools/mapjson/mapjson map emerald data/maps/FuchsiaCity_PokemonCenter_2F_Frlg/map.json data/layouts/layouts.json data/maps/FuchsiaCity_PokemonCenter_2F_Frlg
tools/mapjson/mapjson map emerald data/maps/CeladonCity_GameCorner_Frlg/map.json data/layouts/layouts.json data/maps/CeladonCity_GameCorner_Frlg
tools/mapjson/mapjson map emerald data/maps/SixIsland_Mart_Frlg/map.json data/layouts/layouts.json data/maps/SixIsland_Mart_Frlg
tools/mapjson/mapjson map emerald data/maps/OneIsland_House1_Frlg/map.json data/layouts/layouts.json data/maps/OneIsland_House1_Frlg
tools/mapjson/mapjson map emerald data/maps/NavelRock_BasePath_B8F_Frlg/map.json data/layouts/layouts.json data/maps/NavelRock_BasePath_B8F_Frlg
tools/mapjson/mapjson map emerald data/maps/Route8_Frlg/map.json data/layouts/layouts.json data/maps/Route8_Frlg
tools/mapjson/mapjson map emerald data/maps/PewterCity_House2_Frlg/map.json data/layouts/layouts.json data/maps/PewterCity_House2_Frlg
tools/mapjson/mapjson map emerald data/maps/OneIsland_TreasureBeach_Frlg/map.json data/layouts/layouts.json data/maps/OneIsland_TreasureBeach_Frlg
tools/mapjson/mapjson map emerald data/maps/CeruleanCity_PokemonCenter_2F_Frlg/map.json data/layouts/layouts.json data/maps/CeruleanCity_PokemonCenter_2F_Frlg
tools/mapjson/mapjson map emerald data/maps/CeladonCity_DepartmentStore_4F_Frlg/map.json data/layouts/layouts.json data/maps/CeladonCity_DepartmentStore_4F_Frlg
tools/mapjson/mapjson map emerald data/maps/CeladonCity_DepartmentStore_Elevator_Frlg/map.json data/layouts/layouts.json data/maps/CeladonCity_DepartmentStore_Elevator_Frlg
tools/mapjson/mapjson map emerald data/maps/Route16_Frlg/map.json data/layouts/layouts.json data/maps/Route16_Frlg
tools/mapjson/mapjson map emerald data/maps/MtMoon_B1F_Frlg/map.json data/layouts/layouts.json data/maps/MtMoon_B1F_Frlg
tools/mapjson/mapjson map emerald data/maps/SSAnne_2F_Corridor_Frlg/map.json data/layouts/layouts.json data/maps/SSAnne_2F_Corridor_Frlg
tools/mapjson/mapjson map emerald data/maps/FiveIsland_RocketWarehouse_Frlg/map.json data/layouts/layouts.json data/maps/FiveIsland_RocketWarehouse_Frlg
tools/mapjson/mapjson map emerald data/maps/Route22_NorthEntrance_Frlg/map.json data/layouts/layouts.json data/maps/Route22_NorthEntrance_Frlg
tools/mapjson/mapjson map emerald data/maps/TrainerTower_1F_Frlg/map.json data/layouts/layouts.json data/maps/TrainerTower_1F_Frlg
tools/mapjson/mapjson map emerald data/maps/ThreeIsland_Port_Frlg/map.json data/layouts/layouts.json data/maps/ThreeIsland_Port_Frlg
tools/mapjson/mapjson map emerald data/maps/ViridianCity_PokemonCenter_1F_Frlg/map.json data/layouts/layouts.json data/maps/ViridianCity_PokemonCenter_1F_Frlg
tools/mapjson/mapjson map emerald data/maps/Route25_SeaCottage_Frlg/map.json data/layouts/layouts.json data/maps/Route25_SeaCottage_Frlg
tools/mapjson/mapjson map emerald data/maps/NavelRock_BasePath_B4F_Frlg/map.json data/layouts/layouts.json data/maps/NavelRock_BasePath_B4F_Frlg
tools/mapjson/mapjson map emerald data/maps/SSAnne_1F_Room3_Frlg/map.json data/layouts/layouts.json data/maps/SSAnne_1F_Room3_Frlg
tools/mapjson/mapjson map emerald data/maps/PokemonLeague_HallOfFame_Frlg/map.json data/layouts/layouts.json data/maps/PokemonLeague_HallOfFame_Frlg
tools/mapjson/mapjson map emerald data/maps/OneIsland_House2_Frlg/map.json data/layouts/layouts.json data/maps/OneIsland_House2_Frlg
tools/mapjson/mapjson map emerald data/maps/PewterCity_House1_Frlg/map.json data/layouts/layouts.json data/maps/PewterCity_House1_Frlg
tools/mapjson/mapjson map emerald data/maps/PokemonLeague_ChampionsRoom_Frlg/map.json data/layouts/layouts.json data/maps/PokemonLeague_ChampionsRoom_Frlg
tools/mapjson/mapjson map emerald data/maps/CeruleanCave_1F_Frlg/map.json data/layouts/layouts.json data/maps/CeruleanCave_1F_Frlg
tools/mapjson/mapjson map emerald data/maps/FuchsiaCity_Frlg/map.json data/layouts/layouts.json data/maps/FuchsiaCity_Frlg
tools/mapjson/mapjson map emerald data/maps/SixIsland_RuinValley_Frlg/map.json data/layouts/layouts.json data/maps/SixIsland_RuinValley_Frlg
tools/mapjson/mapjson map emerald data/maps/SevenIsland_TanobyRuins_DilfordChamber_Frlg/map.json data/layouts/layouts.json data/maps/SevenIsland_TanobyRuins_DilfordChamber_Frlg
tools/mapjson/mapjson map emerald data/maps/VermilionCity_Gym_Frlg/map.json data/layouts/layouts.json data/maps/VermilionCity_Gym_Frlg
tools/mapjson/mapjson map emerald data/maps/NavelRock_BasePath_B11F_Frlg/map.json data/layouts/layouts.json data/maps/NavelRock_BasePath_B11F_Frlg
tools/mapjson/mapjson map emerald data/maps/UndergroundPath_NorthEntrance_Frlg/map.json data/layouts/layouts.json data/maps/UndergroundPath_NorthEntrance_Frlg
tools/mapjson/mapjson map emerald data/maps/OneIsland_PokemonCenter_2F_Frlg/map.json data/layouts/layouts.json data/maps/OneIsland_PokemonCenter_2F_Frlg
tools/mapjson/mapjson map emerald data/maps/SixIsland_OutcastIsland_Frlg/map.json data/layouts/layouts.json data/maps/SixIsland_OutcastIsland_Frlg
tools/mapjson/mapjson map emerald data/maps/SaffronCity_Gym_Frlg/map.json data/layouts/layouts.json data/maps/SaffronCity_Gym_Frlg
tools/mapjson/mapjson map emerald data/maps/NavelRock_Summit_Frlg/map.json data/layouts/layouts.json data/maps/NavelRock_Summit_Frlg
tools/mapjson/mapjson map emerald data/maps/NavelRock_SummitPath_2F_Frlg/map.json data/layouts/layouts.json data/maps/NavelRock_SummitPath_2F_Frlg
tools/mapjson/mapjson map emerald data/maps/SafariZone_SecretHouse_Frlg/map.json data/layouts/layouts.json data/maps/SafariZone_SecretHouse_Frlg
tools/mapjson/mapjson map emerald data/maps/OneIsland_KindleRoad_EmberSpa_Frlg/map.json data/layouts/layouts.json data/maps/OneIsland_KindleRoad_EmberSpa_Frlg
tools/mapjson/mapjson map emerald data/maps/SSAnne_2F_Room4_Frlg/map.json data/layouts/layouts.json data/maps/SSAnne_2F_Room4_Frlg
tools/mapjson/mapjson map emerald data/maps/RocketHideout_Elevator_Frlg/map.json data/layouts/layouts.json data/maps/RocketHideout_Elevator_Frlg
tools/mapjson/mapjson map emerald data/maps/FiveIsland_LostCave_Room1_Frlg/map.json data/layouts/layouts.json data/maps/FiveIsland_LostCave_Room1_Frlg
tools/mapjson/mapjson map emerald data/maps/BattleColosseum_2P_Frlg/map.json data/layouts/layouts.json data/maps/BattleColosseum_2P_Frlg
tools/mapjson/mapjson map emerald data/maps/TwoIsland_CapeBrink_House_Frlg/map.json data/layouts/layouts.json data/maps/TwoIsland_CapeBrink_House_Frlg
tools/mapjson/mapjson map emerald data/maps/RocketHideout_B4F_Frlg/map.json data/layouts/layouts.json data/maps/RocketHideout_B4F_Frlg
tools/mapjson/mapjson map emerald data/maps/ThreeIsland_Mart_Frlg/map.json data/layouts/layouts.json data/maps/ThreeIsland_Mart_Frlg
tools/mapjson/mapjson map emerald data/maps/PalletTown_PlayersHouse_1F_Frlg/map.json data/layouts/layouts.json data/maps/PalletTown_PlayersHouse_1F_Frlg
tools/mapjson/mapjson map emerald data/maps/FourIsland_LoreleisHouse_Frlg/map.json data/layouts/layouts.json data/maps/FourIsland_LoreleisHouse_Frlg
tools/mapjson/mapjson map emerald data/maps/TrainerTower_3F_Frlg/map.json data/layouts/layouts.json data/maps/TrainerTower_3F_Frlg
tools/mapjson/mapjson map emerald data/maps/Route6_NorthEntrance_Frlg/map.json data/layouts/layouts.json data/maps/Route6_NorthEntrance_Frlg
tools/mapjson/mapjson map emerald data/maps/ThreeIsland_House4_Frlg/map.json data/layouts/layouts.json data/maps/ThreeIsland_House4_Frlg
tools/mapjson/mapjson map emerald data/maps/NavelRock_BasePath_B6F_Frlg/map.json data/layouts/layouts.json data/maps/NavelRock_BasePath_B6F_Frlg
tools/mapjson/mapjson map emerald data/maps/SixIsland_DottedHole_1F_Frlg/map.json data/layouts/layouts.json data/maps/SixIsland_DottedHole_1F_Frlg
tools/mapjson/mapjson map emerald data/maps/CeladonCity_PokemonCenter_2F_Frlg/map.json data/layouts/layouts.json data/maps/CeladonCity_PokemonCenter_2F_Frlg
tools/mapjson/mapjson map emerald data/maps/CeruleanCity_House5_Frlg/map.json data/layouts/layouts.json data/maps/CeruleanCity_House5_Frlg
tools/mapjson/mapjson map emerald data/maps/Route7_Frlg/map.json data/layouts/layouts.json data/maps/Route7_Frlg
tools/mapjson/mapjson map emerald data/maps/PokemonMansion_B1F_Frlg/map.json data/layouts/layouts.json data/maps/PokemonMansion_B1F_Frlg
tools/mapjson/mapjson map emerald data/maps/CeladonCity_Condominiums_Roof_Frlg/map.json data/layouts/layouts.json data/maps/CeladonCity_Condominiums_Roof_Frlg
tools/mapjson/mapjson map emerald data/maps/Route20_Frlg/map.json data/layouts/layouts.json data/maps/Route20_Frlg
tools/mapjson/mapjson map emerald data/maps/SixIsland_WaterPath_House2_Frlg/map.json data/layouts/layouts.json data/maps/SixIsland_WaterPath_House2_Frlg
tools/mapjson/mapjson map emerald data/maps/ViridianCity_Frlg/map.json data/layouts/layouts.json data/maps/ViridianCity_Frlg
tools/mapjson/mapjson map emerald data/maps/SSAnne_B1F_Room5_Frlg/map.json data/layouts/layouts.json data/maps/SSAnne_B1F_Room5_Frlg
tools/mapjson/mapjson map emerald data/maps/FiveIsland_Frlg/map.json data/layouts/layouts.json data/maps/FiveIsland_Frlg
tools/mapjson/mapjson map emerald data/maps/CeruleanCity_Gym_Frlg/map.json data/layouts/layouts.json data/maps/CeruleanCity_Gym_Frlg
tools/mapjson/mapjson map emerald data/maps/SevenIsland_Harbor_Frlg/map.json data/layouts/layouts.json data/maps/SevenIsland_Harbor_Frlg
tools/mapjson/mapjson map emerald data/maps/PokemonMansion_3F_Frlg/map.json data/layouts/layouts.json data/maps/PokemonMansion_3F_Frlg
tools/mapjson/mapjson map emerald data/maps/BirthIsland_Exterior_Frlg/map.json data/layouts/layouts.json data/maps/BirthIsland_Exterior_Frlg
tools/mapjson/mapjson map emerald data/maps/NavelRock_BasePath_B2F_Frlg/map.json data/layouts/layouts.json data/maps/NavelRock_BasePath_B2F_Frlg
tools/mapjson/mapjson map emerald data/maps/TrainerTower_7F_Frlg/map.json data/layouts/layouts.json data/maps/TrainerTower_7F_Frlg
tools/mapjson/mapjson map emerald data/maps/ThreeIsland_DunsparceTunnel_Frlg/map.json data/layouts/layouts.json data/maps/ThreeIsland_DunsparceTunnel_Frlg
tools/mapjson/mapjson map emerald data/maps/FourIsland_Harbor_Frlg/map.json data/layouts/layouts.json data/maps/FourIsland_Harbor_Frlg
tools/mapjson/mapjson map emerald data/maps/SSAnne_B1F_Room4_Frlg/map.json data/layouts/layouts.json data/maps/SSAnne_B1F_Room4_Frlg
tools/mapjson/mapjson map emerald data/maps/MtEmber_SummitPath_1F_Frlg/map.json data/layouts/layouts.json data/maps/MtEmber_SummitPath_1F_Frlg
tools/mapjson/mapjson map emerald data/maps/FiveIsland_MemorialPillar_Frlg/map.json data/layouts/layouts.json data/maps/FiveIsland_MemorialPillar_Frlg
tools/mapjson/mapjson map emerald data/maps/CeruleanCity_House4_Frlg/map.json data/layouts/layouts.json data/maps/CeruleanCity_House4_Frlg
tools/mapjson/mapjson map emerald data/maps/Route6_Frlg/map.json data/layouts/layouts.json data/maps/Route6_Frlg
tools/mapjson/mapjson map emerald data/maps/FuchsiaCity_Gym_Frlg/map.json data/layouts/layouts.json data/maps/FuchsiaCity_Gym_Frlg
tools/mapjson/mapjson map emerald data/maps/ThreeIsland_House5_Frlg/map.json data/layouts/layouts.json data/maps/ThreeIsland_House5_Frlg
tools/mapjson/mapjson map emerald data/maps/SixIsland_Harbor_Frlg/map.json data/layouts/layouts.json data/maps/SixIsland_Harbor_Frlg
tools/mapjson/mapjson map emerald data/maps/CeladonCity_Condominiums_2F_Frlg/map.json data/layouts/layouts.json data/maps/CeladonCity_Condominiums_2F_Frlg
tools/mapjson/mapjson map emerald data/maps/SevenIsland_SevaultCanyon_Entrance_Frlg/map.json data/layouts/layouts.json data/maps/SevenIsland_SevaultCanyon_Entrance_Frlg
tools/mapjson/mapjson map emerald data/maps/SSAnne_2F_Room5_Frlg/map.json data/layouts/layouts.json data/maps/SSAnne_2F_Room5_Frlg
tools/mapjson/mapjson map emerald data/maps/PokemonLeague_AgathasRoom_Frlg/map.json data/layouts/layouts.json data/maps/PokemonLeague_AgathasRoom_Frlg
tools/mapjson/mapjson map emerald data/maps/Route2_EastBuilding_Frlg/map.json data/layouts/layouts.json data/maps/Route2_EastBuilding_Frlg
tools/mapjson/mapjson map emerald data/maps/TwoIsland_PokemonCenter_1F_Frlg/map.json data/layouts/layouts.json data/maps/TwoIsland_PokemonCenter_1F_Frlg
tools/mapjson/mapjson map emerald data/maps/CinnabarIsland_PokemonLab_Lounge_Frlg/map.json data/layouts/layouts.json data/maps/CinnabarIsland_PokemonLab_Lounge_Frlg
tools/mapjson/mapjson map emerald data/maps/FourIsland_IcefallCave_1F_Frlg/map.json data/layouts/layouts.json data/maps/FourIsland_IcefallCave_1F_Frlg
tools/mapjson/mapjson map emerald data/maps/Route2_House_Frlg/map.json data/layouts/layouts.json data/maps/Route2_House_Frlg
tools/mapjson/mapjson map emerald data/maps/FiveIsland_LostCave_Room14_Frlg/map.json data/layouts/layouts.json data/maps/FiveIsland_LostCave_Room14_Frlg
tools/mapjson/mapjson map emerald data/maps/RockTunnel_1F_Frlg/map.json data/layouts/layouts.json data/maps/RockTunnel_1F_Frlg
tools/mapjson/mapjson map emerald data/maps/TradeCenter_Frlg/map.json data/layouts/layouts.json data/maps/TradeCenter_Frlg
tools/mapjson/mapjson map emerald data/maps/SevenIsland_SevaultCanyon_TanobyKey_Frlg/map.json data/layouts/layouts.json data/maps/SevenIsland_SevaultCanyon_TanobyKey_Frlg
tools/mapjson/mapjson map emerald data/maps/BattleColosseum_4P_Frlg/map.json data/layouts/layouts.json data/maps/BattleColosseum_4P_Frlg
tools/mapjson/mapjson map emerald data/maps/ThreeIsland_BondBridge_Frlg/map.json data/layouts/layouts.json data/maps/ThreeIsland_BondBridge_Frlg
tools/mapjson/mapjson map emerald data/maps/SilphCo_9F_Frlg/map.json data/layouts/layouts.json data/maps/SilphCo_9F_Frlg
tools/mapjson/mapjson map emerald data/maps/NavelRock_Base_Frlg/map.json data/layouts/layouts.json data/maps/NavelRock_Base_Frlg
tools/mapjson/mapjson map emerald data/maps/RocketHideout_B2F_Frlg/map.json data/layouts/layouts.json data/maps/RocketHideout_B2F_Frlg
tools/mapjson/mapjson map emerald data/maps/ThreeIsland_Frlg/map.json data/layouts/layouts.json data/maps/ThreeIsland_Frlg
tools/mapjson/mapjson map emerald data/maps/IndigoPlateau_Exterior_Frlg/map.json data/layouts/layouts.json data/maps/IndigoPlateau_Exterior_Frlg
tools/mapjson/mapjson map emerald data/maps/UndergroundPath_WestEntrance_Frlg/map.json data/layouts/layouts.json data/maps/UndergroundPath_WestEntrance_Frlg
tools/mapjson/mapjson map emerald data/maps/SevenIsland_PokemonCenter_2F_Frlg/map.json data/layouts/layouts.json data/maps/SevenIsland_PokemonCenter_2F_Frlg
tools/mapjson/mapjson map emerald data/maps/NavelRock_SummitPath_4F_Frlg/map.json data/layouts/layouts.json data/maps/NavelRock_SummitPath_4F_Frlg
tools/mapjson/mapjson map emerald data/maps/LavenderTown_PokemonCenter_2F_Frlg/map.json data/layouts/layouts.json data/maps/LavenderTown_PokemonCenter_2F_Frlg
tools/mapjson/mapjson map emerald data/maps/ThreeIsland_PokemonCenter_1F_Frlg/map.json data/layouts/layouts.json data/maps/ThreeIsland_PokemonCenter_1F_Frlg
tools/mapjson/mapjson map emerald data/maps/SSAnne_1F_Room2_Frlg/map.json data/layouts/layouts.json data/maps/SSAnne_1F_Room2_Frlg
tools/mapjson/mapjson map emerald data/maps/CinnabarIsland_Gym_Frlg/map.json data/layouts/layouts.json data/maps/CinnabarIsland_Gym_Frlg
tools/mapjson/mapjson map emerald data/maps/SSAnne_3F_Corridor_Frlg/map.json data/layouts/layouts.json data/maps/SSAnne_3F_Corridor_Frlg
tools/mapjson/mapjson map emerald data/maps/FourIsland_IcefallCave_Entrance_Frlg/map.json data/layouts/layouts.json data/maps/FourIsland_IcefallCave_Entrance_Frlg
tools/mapjson/mapjson map emerald data/maps/SevenIsland_UnusedHouse/map.json data/layouts/layouts.json data/maps/SevenIsland_UnusedHouse
tools/mapjson/mapjson map emerald data/maps/Route18_EastEntrance_1F_Frlg/map.json data/layouts/layouts.json data/maps/Route18_EastEntrance_1F_Frlg
tools/mapjson/mapjson map emerald data/maps/FuchsiaCity_WardensHouse_Frlg/map.json data/layouts/layouts.json data/maps/FuchsiaCity_WardensHouse_Frlg
tools/mapjson/mapjson map emerald data/maps/PewterCity_Mart_Frlg/map.json data/layouts/layouts.json data/maps/PewterCity_Mart_Frlg
tools/mapjson/mapjson map emerald data/maps/PokemonMansion_1F_Frlg/map.json data/layouts/layouts.json data/maps/PokemonMansion_1F_Frlg
tools/mapjson/mapjson map emerald data/maps/SafariZone_Center_Frlg/map.json data/layouts/layouts.json data/maps/SafariZone_Center_Frlg
tools/mapjson/mapjson map emerald data/maps/SSAnne_Kitchen_Frlg/map.json data/layouts/layouts.json data/maps/SSAnne_Kitchen_Frlg
tools/mapjson/mapjson map emerald data/maps/ThreeIsland_BerryForest_Frlg/map.json data/layouts/layouts.json data/maps/ThreeIsland_BerryForest_Frlg
tools/mapjson/mapjson map emerald data/maps/MtEmber_SummitPath_3F_Frlg/map.json data/layouts/layouts.json data/maps/MtEmber_SummitPath_3F_Frlg
tools/mapjson/mapjson map emerald data/maps/TrainerTower_5F_Frlg/map.json data/layouts/layouts.json data/maps/TrainerTower_5F_Frlg
tools/mapjson/mapjson map emerald data/maps/Route17_Frlg/map.json data/layouts/layouts.json data/maps/Route17_Frlg
tools/mapjson/mapjson map emerald data/maps/Route23_UnusedHouse/map.json data/layouts/layouts.json data/maps/Route23_UnusedHouse
tools/mapjson/mapjson map emerald data/maps/NavelRock_Fork_Frlg/map.json data/layouts/layouts.json data/maps/NavelRock_Fork_Frlg
tools/mapjson/mapjson map emerald data/maps/FiveIsland_LostCave_Room13_Frlg/map.json data/layouts/layouts.json data/maps/FiveIsland_LostCave_Room13_Frlg
tools/mapjson/mapjson map emerald data/maps/CinnabarIsland_PokemonLab_ResearchRoom_Frlg/map.json data/layouts/layouts.json data/maps/CinnabarIsland_PokemonLab_ResearchRoom_Frlg
tools/mapjson/mapjson map emerald data/maps/NavelRock_Exterior_Frlg/map.json data/layouts/layouts.json data/maps/NavelRock_Exterior_Frlg
tools/mapjson/mapjson map emerald data/maps/SSAnne_2F_Room2_Frlg/map.json data/layouts/layouts.json data/maps/SSAnne_2F_Room2_Frlg
tools/mapjson/mapjson map emerald data/maps/NavelRock_SummitPath_3F_Frlg/map.json data/layouts/layouts.json data/maps/NavelRock_SummitPath_3F_Frlg
tools/mapjson/mapjson map emerald data/maps/FiveIsland_LostCave_Room7_Frlg/map.json data/layouts/layouts.json data/maps/FiveIsland_LostCave_Room7_Frlg
tools/mapjson/mapjson map emerald data/maps/CeruleanCave_2F_Frlg/map.json data/layouts/layouts.json data/maps/CeruleanCave_2F_Frlg
tools/mapjson/mapjson map emerald data/maps/ThreeIsland_House2_Frlg/map.json data/layouts/layouts.json data/maps/ThreeIsland_House2_Frlg
tools/mapjson/mapjson map emerald data/maps/TrainerTower_Elevator_Frlg/map.json data/layouts/layouts.json data/maps/TrainerTower_Elevator_Frlg
tools/mapjson/mapjson map emerald data/maps/CeruleanCity_House3_Frlg/map.json data/layouts/layouts.json data/maps/CeruleanCity_House3_Frlg
tools/mapjson/mapjson map emerald data/maps/Route1_Frlg/map.json data/layouts/layouts.json data/maps/Route1_Frlg
tools/mapjson/mapjson map emerald data/maps/SafariZone_West_Frlg/map.json data/layouts/layouts.json data/maps/SafariZone_West_Frlg
tools/mapjson/mapjson map emerald data/maps/MtMoon_B2F_Frlg/map.json data/layouts/layouts.json data/maps/MtMoon_B2F_Frlg
tools/mapjson/mapjson map emerald data/maps/NavelRock_BasePath_B7F_Frlg/map.json data/layouts/layouts.json data/maps/NavelRock_BasePath_B7F_Frlg
tools/mapjson/mapjson map emerald data/maps/CeruleanCave_B1F_Frlg/map.json data/layouts/layouts.json data/maps/CeruleanCave_B1F_Frlg
tools/mapjson/mapjson map emerald data/maps/TwoIsland_Harbor_Frlg/map.json data/layouts/layouts.json data/maps/TwoIsland_Harbor_Frlg
tools/mapjson/mapjson map emerald data/maps/MtMoon_1F_Frlg/map.json data/layouts/layouts.json data/maps/MtMoon_1F_Frlg
tools/mapjson/mapjson map emerald data/maps/SevenIsland_SevaultCanyon_House_Frlg/map.json data/layouts/layouts.json data/maps/SevenIsland_SevaultCanyon_House_Frlg
tools/mapjson/mapjson map emerald data/maps/SSAnne_1F_Corridor_Frlg/map.json data/layouts/layouts.json data/maps/SSAnne_1F_Corridor_Frlg
tools/mapjson/mapjson map emerald data/maps/SSAnne_B1F_Room3_Frlg/map.json data/layouts/layouts.json data/maps/SSAnne_B1F_Room3_Frlg
tools/mapjson/mapjson map emerald data/maps/ViridianCity_PokemonCenter_2F_Frlg/map.json data/layouts/layouts.json data/maps/ViridianCity_PokemonCenter_2F_Frlg
tools/mapjson/mapjson map emerald data/maps/TrainerTower_2F_Frlg/map.json data/layouts/layouts.json data/maps/TrainerTower_2F_Frlg
tools/mapjson/mapjson map emerald data/maps/PalletTown_ProfessorOaksLab_Frlg/map.json data/layouts/layouts.json data/maps/PalletTown_ProfessorOaksLab_Frlg
tools/mapjson/mapjson map emerald data/maps/Route10_Frlg/map.json data/layouts/layouts.json data/maps/Route10_Frlg
tools/mapjson/mapjson map emerald data/maps/LavenderTown_House1_Frlg/map.json data/layouts/layouts.json data/maps/LavenderTown_House1_Frlg
tools/mapjson/mapjson map emerald data/maps/CeladonCity_PokemonCenter_1F_Frlg/map.json data/layouts/layouts.json data/maps/CeladonCity_PokemonCenter_1F_Frlg
tools/mapjson/mapjson map emerald data/maps/MtEmber_Summit_Frlg/map.json data/layouts/layouts.json data/maps/MtEmber_Summit_Frlg
tools/mapjson/mapjson map emerald data/maps/NavelRock_BasePath_B5F_Frlg/map.json data/layouts/layouts.json data/maps/NavelRock_BasePath_B5F_Frlg
tools/mapjson/mapjson map emerald data/maps/VermilionCity_House3_Frlg/map.json data/layouts/layouts.json data/maps/VermilionCity_House3_Frlg
tools/mapjson/mapjson map emerald data/maps/SaffronCity_MrPsychicsHouse_Frlg/map.json data/layouts/layouts.json data/maps/SaffronCity_MrPsychicsHouse_Frlg
tools/mapjson/mapjson map emerald data/maps/UndergroundPath_NorthSouthTunnel_Frlg/map.json data/layouts/layouts.json data/maps/UndergroundPath_NorthSouthTunnel_Frlg
tools/mapjson/mapjson map emerald data/maps/VermilionCity_Mart_Frlg/map.json data/layouts/layouts.json data/maps/VermilionCity_Mart_Frlg
tools/mapjson/mapjson map emerald data/maps/OneIsland_KindleRoad_Frlg/map.json data/layouts/layouts.json data/maps/OneIsland_KindleRoad_Frlg
tools/mapjson/mapjson map emerald data/maps/SSAnne_1F_Room5_Frlg/map.json data/layouts/layouts.json data/maps/SSAnne_1F_Room5_Frlg
tools/mapjson/mapjson map emerald data/maps/SevenIsland_TanobyRuins_RixyChamber_Frlg/map.json data/layouts/layouts.json data/maps/SevenIsland_TanobyRuins_RixyChamber_Frlg
tools/mapjson/mapjson map emerald data/maps/CeladonCity_Hotel_Frlg/map.json data/layouts/layouts.json data/maps/CeladonCity_Hotel_Frlg
tools/mapjson/mapjson map emerald data/maps/SixIsland_Frlg/map.json data/layouts/layouts.json data/maps/SixIsland_Frlg
tools/mapjson/mapjson map emerald data/maps/CeladonCity_Gym_Frlg/map.json data/layouts/layouts.json data/maps/CeladonCity_Gym_Frlg
tools/mapjson/mapjson map emerald data/maps/Route2_ViridianForest_NorthEntrance_Frlg/map.json data/layouts/layouts.json data/maps/Route2_ViridianForest_NorthEntrance_Frlg
tools/mapjson/mapjson map emerald data/maps/NavelRock_BasePath_B10F_Frlg/map.json data/layouts/layouts.json data/maps/NavelRock_BasePath_B10F_Frlg
tools/mapjson/mapjson map emerald data/maps/UndergroundPath_EastEntrance_Frlg/map.json data/layouts/layouts.json data/maps/UndergroundPath_EastEntrance_Frlg
tools/mapjson/mapjson map emerald data/maps/OneIsland_PokemonCenter_1F_Frlg/map.json data/layouts/layouts.json data/maps/OneIsland_PokemonCenter_1F_Frlg
tools/mapjson/mapjson map emerald data/maps/SafariZone_East_RestHouse_Frlg/map.json data/layouts/layouts.json data/maps/SafariZone_East_RestHouse_Frlg
tools/mapjson/mapjson map emerald data/maps/PalletTown_PlayersHouse_2F_Frlg/map.json data/layouts/layouts.json data/maps/PalletTown_PlayersHouse_2F_Frlg
tools/mapjson/mapjson map emerald data/maps/PokemonLeague_LancesRoom_Frlg/map.json data/layouts/layouts.json data/maps/PokemonLeague_LancesRoom_Frlg
tools/mapjson/mapjson map emerald data/maps/SafariZone_North_RestHouse_Frlg/map.json data/layouts/layouts.json data/maps/SafariZone_North_RestHouse_Frlg
tools/mapjson/mapjson map emerald data/maps/FuchsiaCity_House2_Frlg/map.json data/layouts/layouts.json data/maps/FuchsiaCity_House2_Frlg
tools/mapjson/mapjson map emerald data/maps/FuchsiaCity_House3_Frlg/map.json data/layouts/layouts.json data/maps/FuchsiaCity_House3_Frlg
tools/mapjson/mapjson map emerald data/maps/FiveIsland_WaterLabyrinth_Frlg/map.json data/layouts/layouts.json data/maps/FiveIsland_WaterLabyrinth_Frlg
tools/mapjson/mapjson map emerald data/maps/TwoIsland_PokemonCenter_2F_Frlg/map.json data/layouts/layouts.json data/maps/TwoIsland_PokemonCenter_2F_Frlg
tools/mapjson/mapjson map emerald data/maps/SaffronCity_Connection_Frlg/map.json data/layouts/layouts.json data/maps/SaffronCity_Connection_Frlg
tools/mapjson/mapjson map emerald data/maps/SevenIsland_TanobyRuins_MoneanChamber_Frlg/map.json data/layouts/layouts.json data/maps/SevenIsland_TanobyRuins_MoneanChamber_Frlg
tools/mapjson/mapjson map emerald data/maps/MtEmber_RubyPath_B2F_Stairs_Frlg/map.json data/layouts/layouts.json data/maps/MtEmber_RubyPath_B2F_Stairs_Frlg
tools/mapjson/mapjson map emerald data/maps/NavelRock_SummitPath_5F_Frlg/map.json data/layouts/layouts.json data/maps/NavelRock_SummitPath_5F_Frlg
tools/mapjson/mapjson map emerald data/maps/SevenIsland_Frlg/map.json data/layouts/layouts.json data/maps/SevenIsland_Frlg
tools/mapjson/mapjson map emerald data/maps/TwoIsland_Frlg/map.json data/layouts/layouts.json data/maps/TwoIsland_Frlg
tools/mapjson/mapjson map emerald data/maps/ViridianCity_Gym_Frlg/map.json data/layouts/layouts.json data/maps/ViridianCity_Gym_Frlg
tools/mapjson/mapjson map emerald data/maps/ViridianForest_Frlg/map.json data/layouts/layouts.json data/maps/ViridianForest_Frlg
tools/mapjson/mapjson map emerald data/maps/PokemonLeague_LoreleisRoom_Frlg/map.json data/layouts/layouts.json data/maps/PokemonLeague_LoreleisRoom_Frlg
tools/mapjson/mapjson map emerald data/maps/SilphCo_8F_Frlg/map.json data/layouts/layouts.json data/maps/SilphCo_8F_Frlg
tools/mapjson/mapjson map emerald data/maps/RocketHideout_B3F_Frlg/map.json data/layouts/layouts.json data/maps/RocketHideout_B3F_Frlg
tools/mapjson/mapjson map emerald data/maps/SevenIsland_House_Room2_Frlg/map.json data/layouts/layouts.json data/maps/SevenIsland_House_Room2_Frlg
tools/mapjson/mapjson map emerald data/maps/SSAnne_1F_Room4_Frlg/map.json data/layouts/layouts.json data/maps/SSAnne_1F_Room4_Frlg
tools/mapjson/mapjson map emerald data/maps/FourIsland_Mart_Frlg/map.json data/layouts/layouts.json data/maps/FourIsland_Mart_Frlg
tools/mapjson/mapjson map emerald data/maps/NavelRock_B1F_Frlg/map.json data/layouts/layouts.json data/maps/NavelRock_B1F_Frlg
tools/mapjson/mapjson map emerald data/maps/MtEmber_SummitPath_2F_Frlg/map.json data/layouts/layouts.json data/maps/MtEmber_SummitPath_2F_Frlg
tools/mapjson/mapjson map emerald data/maps/TrainerTower_4F_Frlg/map.json data/layouts/layouts.json data/maps/TrainerTower_4F_Frlg
tools/mapjson/mapjson map emerald data/maps/Route7_EastEntrance_Frlg/map.json data/layouts/layouts.json data/maps/Route7_EastEntrance_Frlg
tools/mapjson/mapjson map emerald data/maps/NavelRock_BasePath_B1F_Frlg/map.json data/layouts/layouts.json data/maps/NavelRock_BasePath_B1F_Frlg
tools/mapjson/mapjson map emerald data/maps/UndergroundPath_EastWestTunnel_Frlg/map.json data/layouts/layouts.json data/maps/UndergroundPath_EastWestTunnel_Frlg
tools/mapjson/mapjson map emerald data/maps/Route16_House_Frlg/map.json data/layouts/layouts.json data/maps/Route16_House_Frlg
tools/mapjson/mapjson map emerald data/maps/VermilionCity_House2_Frlg/map.json data/layouts/layouts.json data/maps/VermilionCity_House2_Frlg
tools/mapjson/mapjson map emerald data/maps/CeladonCity_Condominiums_1F_Frlg/map.json data/layouts/layouts.json data/maps/CeladonCity_Condominiums_1F_Frlg
tools/mapjson/mapjson map emerald data/maps/PowerPlant_Frlg/map.json data/layouts/layouts.json data/maps/PowerPlant_Frlg
tools/mapjson/mapjson map emerald data/maps/Route11_Frlg/map.json data/layouts/layouts.json data/maps/Route11_Frlg
tools/mapjson/mapjson map emerald data/maps/FuchsiaCity_SafariZone_Office_Frlg/map.json data/layouts/layouts.json data/maps/FuchsiaCity_SafariZone_Office_Frlg
tools/mapjson/mapjson map emerald data/maps/SaffronCity_Dojo_Frlg/map.json data/layouts/layouts.json data/maps/SaffronCity_Dojo_Frlg
tools/mapjson/mapjson map emerald data/maps/NavelRock_Harbor_Frlg/map.json data/layouts/layouts.json data/maps/NavelRock_Harbor_Frlg
tools/mapjson/mapjson map emerald data/maps/CeladonCity_Condominiums_3F_Frlg/map.json data/layouts/layouts.json data/maps/CeladonCity_Condominiums_3F_Frlg
tools/mapjson/mapjson map emerald data/maps/SSAnne_B1F_Room2_Frlg/map.json data/layouts/layouts.json data/maps/SSAnne_B1F_Room2_Frlg
tools/mapjson/mapjson map emerald data/maps/FourIsland_IcefallCave_Back_Frlg/map.json data/layouts/layouts.json data/maps/FourIsland_IcefallCave_Back_Frlg
tools/mapjson/mapjson map emerald data/maps/FuchsiaCity_Mart_Frlg/map.json data/layouts/layouts.json data/maps/FuchsiaCity_Mart_Frlg
tools/mapjson/mapjson map emerald data/maps/TrainerTower_6F_Frlg/map.json data/layouts/layouts.json data/maps/TrainerTower_6F_Frlg
tools/mapjson/mapjson map emerald data/maps/CeladonCity_DepartmentStore_Roof_Frlg/map.json data/layouts/layouts.json data/maps/CeladonCity_DepartmentStore_Roof_Frlg
tools/mapjson/mapjson map emerald data/maps/CeruleanCity_House2_Frlg/map.json data/layouts/layouts.json data/maps/CeruleanCity_House2_Frlg
tools/mapjson/mapjson map emerald data/maps/TwoIsland_CapeBrink_Frlg/map.json data/layouts/layouts.json data/maps/TwoIsland_CapeBrink_Frlg
tools/mapjson/mapjson map emerald data/maps/PokemonMansion_2F_Frlg/map.json data/layouts/layouts.json data/maps/PokemonMansion_2F_Frlg
tools/mapjson/mapjson map emerald data/maps/ThreeIsland_House3_Frlg/map.json data/layouts/layouts.json data/maps/ThreeIsland_House3_Frlg
tools/mapjson/mapjson map emerald data/maps/FiveIsland_House2_Frlg/map.json data/layouts/layouts.json data/maps/FiveIsland_House2_Frlg
tools/mapjson/mapjson map emerald data/maps/DiglettsCave_NorthEntrance_Frlg/map.json data/layouts/layouts.json data/maps/DiglettsCave_NorthEntrance_Frlg
tools/mapjson/mapjson map emerald data/maps/NavelRock_BasePath_B3F_Frlg/map.json data/layouts/layouts.json data/maps/NavelRock_BasePath_B3F_Frlg
tools/mapjson/mapjson map emerald data/maps/Route18_EastEntrance_2F_Frlg/map.json data/layouts/layouts.json data/maps/Route18_EastEntrance_2F_Frlg
tools/mapjson/mapjson map emerald data/maps/PewterCity_Gym_Frlg/map.json data/layouts/layouts.json data/maps/PewterCity_Gym_Frlg
tools/mapjson/mapjson map emerald data/maps/FiveIsland_LostCave_Room6_Frlg/map.json data/layouts/layouts.json data/maps/FiveIsland_LostCave_Room6_Frlg
tools/mapjson/mapjson map emerald data/maps/RocketHideout_B1F_Frlg/map.json data/layouts/layouts.json data/maps/RocketHideout_B1F_Frlg
tools/mapjson/mapjson map emerald data/maps/SSAnne_2F_Room3_Frlg/map.json data/layouts/layouts.json data/maps/SSAnne_2F_Room3_Frlg
tools/mapjson/mapjson map emerald data/maps/SafariZone_North_Frlg/map.json data/layouts/layouts.json data/maps/SafariZone_North_Frlg
tools/mapjson/mapjson map emerald data/maps/ThreeIsland_PokemonCenter_2F_Frlg/map.json data/layouts/layouts.json data/maps/ThreeIsland_PokemonCenter_2F_Frlg
tools/mapjson/mapjson map emerald data/maps/FiveIsland_LostCave_Room12_Frlg/map.json data/layouts/layouts.json data/maps/FiveIsland_LostCave_Room12_Frlg
tools/mapjson/mapjson map emerald data/maps/LavenderTown_PokemonCenter_1F_Frlg/map.json data/layouts/layouts.json data/maps/LavenderTown_PokemonCenter_1F_Frlg
tools/mapjson/mapjson map emerald data/maps/Route6_UnusedHouse_Frlg/map.json data/layouts/layouts.json data/maps/Route6_UnusedHouse_Frlg
tools/mapjson/mapjson map emerald data/maps/SSAnne_Deck_Frlg/map.json data/layouts/layouts.json data/maps/SSAnne_Deck_Frlg
tools/mapjson/mapjson map emerald data/maps/CeladonCity_Frlg/map.json data/layouts/layouts.json data/maps/CeladonCity_Frlg
tools/mapjson/mapjson map emerald data/maps/SaffronCity_Frlg/map.json data/layouts/layouts.json data/maps/SaffronCity_Frlg
tools/mapjson/mapjson map emerald data/maps/FourIsland_House1_Frlg/map.json data/layouts/layouts.json data/maps/FourIsland_House1_Frlg
tools/mapjson/mapjson map emerald data/maps/SSAnne_CaptainsOffice_Frlg/map.json data/layouts/layouts.json data/maps/SSAnne_CaptainsOffice_Frlg
tools/mapjson/mapjson map emerald data/maps/SevenIsland_PokemonCenter_1F_Frlg/map.json data/layouts/layouts.json data/maps/SevenIsland_PokemonCenter_1F_Frlg
tools/mapjson/mapjson map emerald data/maps/CeruleanCity_BikeShop_Frlg/map.json data/layouts/layouts.json data/maps/CeruleanCity_BikeShop_Frlg
tools/mapjson/mapjson map emerald data/maps/SixIsland_AlteringCave_Frlg/map.json data/layouts/layouts.json data/maps/SixIsland_AlteringCave_Frlg
tools/scaninc/scaninc -M build/emerald-test/src/pokedex_plus_hgss.d -g build/assets -I include -I tools/agbcc/include src/pokedex_plus_hgss.c
tools/scaninc/scaninc -M build/emerald-test/src/pokedex_cry_screen.d -g build/assets -I include -I tools/agbcc/include src/pokedex_cry_screen.c
tools/scaninc/scaninc -M build/emerald-test/src/pokedex_area_screen.d -g build/assets -I include -I tools/agbcc/include src/pokedex_area_screen.c
tools/scaninc/scaninc -M build/emerald-test/src/pokedex_area_region_map.d -g build/assets -I include -I tools/agbcc/include src/pokedex_area_region_map.c
tools/scaninc/scaninc -M build/emerald-test/src/pokedex.d -g build/assets -I include -I tools/agbcc/include src/pokedex.c
tools/scaninc/scaninc -M build/emerald-test/src/pokeblock_feed.d -g build/assets -I include -I tools/agbcc/include src/pokeblock_feed.c
tools/scaninc/scaninc -M build/emerald-test/src/pokeblock.d -g build/assets -I include -I tools/agbcc/include src/pokeblock.c
tools/scaninc/scaninc -M build/emerald-test/src/pokeball.d -g build/assets -I include -I tools/agbcc/include src/pokeball.c
tools/scaninc/scaninc -M build/emerald-test/src/player_pc.d -g build/assets -I include -I tools/agbcc/include src/player_pc.c
tools/scaninc/scaninc -M build/emerald-test/src/play_time.d -g build/assets -I include -I tools/agbcc/include src/play_time.c
tools/scaninc/scaninc -M build/emerald-test/src/party_menu.d -g build/assets -I include -I tools/agbcc/include src/party_menu.c
tools/scaninc/scaninc -M build/emerald-test/src/palette_util.d -g build/assets -I include -I tools/agbcc/include src/palette_util.c
tools/scaninc/scaninc -M build/emerald-test/src/palette.d -g build/assets -I include -I tools/agbcc/include src/palette.c
tools/scaninc/scaninc -M build/emerald-test/src/ow_abilities.d -g build/assets -I include -I tools/agbcc/include src/ow_abilities.c
tools/scaninc/scaninc -M build/emerald-test/src/overworld.d -g build/assets -I include -I tools/agbcc/include src/overworld.c
tools/scaninc/scaninc -M build/emerald-test/src/oras_dowse.d -g build/assets -I include -I tools/agbcc/include src/oras_dowse.c
tools/scaninc/scaninc -M build/emerald-test/src/option_menu.d -g build/assets -I include -I tools/agbcc/include src/option_menu.c
tools/scaninc/scaninc -M build/emerald-test/src/oak_speech.d -g build/assets -I include -I tools/agbcc/include src/oak_speech.c
tools/scaninc/scaninc -M build/emerald-test/src/new_game.d -g build/assets -I include -I tools/agbcc/include src/new_game.c
tools/scaninc/scaninc -M build/emerald-test/src/naming_screen.d -g build/assets -I include -I tools/agbcc/include src/naming_screen.c
tools/scaninc/scaninc -M build/emerald-test/src/mystery_gift_view.d -g build/assets -I include -I tools/agbcc/include src/mystery_gift_view.c
tools/scaninc/scaninc -M build/emerald-test/src/mystery_gift_server.d -g build/assets -I include -I tools/agbcc/include src/mystery_gift_server.c
tools/scaninc/scaninc -M build/emerald-test/src/mystery_gift_scripts.d -g build/assets -I include -I tools/agbcc/include src/mystery_gift_scripts.c
tools/scaninc/scaninc -M build/emerald-test/src/mystery_gift_menu.d -g build/assets -I include -I tools/agbcc/include src/mystery_gift_menu.c
tools/scaninc/scaninc -M build/emerald-test/src/mystery_gift_link.d -g build/assets -I include -I tools/agbcc/include src/mystery_gift_link.c
tools/scaninc/scaninc -M build/emerald-test/src/mystery_gift_client.d -g build/assets -I include -I tools/agbcc/include src/mystery_gift_client.c
tools/scaninc/scaninc -M build/emerald-test/src/mystery_gift.d -g build/assets -I include -I tools/agbcc/include src/mystery_gift.c
tools/scaninc/scaninc -M build/emerald-test/src/mystery_event_script.d -g build/assets -I include -I tools/agbcc/include src/mystery_event_script.c
tools/scaninc/scaninc -M build/emerald-test/src/mystery_event_msg.d -g build/assets -I include -I tools/agbcc/include src/mystery_event_msg.c
tools/scaninc/scaninc -M build/emerald-test/src/mystery_event_menu.d -g build/assets -I include -I tools/agbcc/include src/mystery_event_menu.c
tools/scaninc/scaninc -M build/emerald-test/src/multiboot.d -g build/assets -I include -I tools/agbcc/include src/multiboot.c
tools/scaninc/scaninc -M build/emerald-test/src/move.d -g build/assets -I include -I tools/agbcc/include src/move.c
tools/scaninc/scaninc -M build/emerald-test/src/money.d -g build/assets -I include -I tools/agbcc/include src/money.c
tools/scaninc/scaninc -M build/emerald-test/src/mon_markings.d -g build/assets -I include -I tools/agbcc/include src/mon_markings.c
tools/scaninc/scaninc -M build/emerald-test/src/mirage_tower.d -g build/assets -I include -I tools/agbcc/include src/mirage_tower.c
tools/scaninc/scaninc -M build/emerald-test/src/minigame_countdown.d -g build/assets -I include -I tools/agbcc/include src/minigame_countdown.c
tools/scaninc/scaninc -M build/emerald-test/src/metatile_behavior.d -g build/assets -I include -I tools/agbcc/include src/metatile_behavior.c
tools/scaninc/scaninc -M build/emerald-test/src/menu_specialized.d -g build/assets -I include -I tools/agbcc/include src/menu_specialized.c
tools/scaninc/scaninc -M build/emerald-test/src/menu_helpers.d -g build/assets -I include -I tools/agbcc/include src/menu_helpers.c
tools/scaninc/scaninc -M build/emerald-test/src/menu.d -g build/assets -I include -I tools/agbcc/include src/menu.c
tools/scaninc/scaninc -M build/emerald-test/src/mega_stone_rewards.d -g build/assets -I include -I tools/agbcc/include src/mega_stone_rewards.c
tools/scaninc/scaninc -M build/emerald-test/src/mauville_old_man.d -g build/assets -I include -I tools/agbcc/include src/mauville_old_man.c
tools/scaninc/scaninc -M build/emerald-test/src/math_util.d -g build/assets -I include -I tools/agbcc/include src/math_util.c
tools/scaninc/scaninc -M build/emerald-test/src/match_call.d -g build/assets -I include -I tools/agbcc/include src/match_call.c
tools/scaninc/scaninc -M build/emerald-test/src/mass_outbreak.d -g build/assets -I include -I tools/agbcc/include src/mass_outbreak.c
tools/scaninc/scaninc -M build/emerald-test/src/map_preview_screen.d -g build/assets -I include -I tools/agbcc/include src/map_preview_screen.c
tools/scaninc/scaninc -M build/emerald-test/src/map_name_popup.d -g build/assets -I include -I tools/agbcc/include src/map_name_popup.c
tools/scaninc/scaninc -M build/emerald-test/src/malloc.d -g build/assets -I include -I tools/agbcc/include src/malloc.c
tools/scaninc/scaninc -M build/emerald-test/src/main_menu.d -g build/assets -I include -I tools/agbcc/include src/main_menu.c
tools/scaninc/scaninc -M build/emerald-test/src/main.d -g build/assets -I include -I tools/agbcc/include src/main.c
tools/scaninc/scaninc -M build/emerald-test/src/mail_data.d -g build/assets -I include -I tools/agbcc/include src/mail_data.c
tools/scaninc/scaninc -M build/emerald-test/src/mail.d -g build/assets -I include -I tools/agbcc/include src/mail.c
tools/scaninc/scaninc -M build/emerald-test/src/m4a.d -g build/assets -I include -I tools/agbcc/include src/m4a.c
tools/scaninc/scaninc -M build/emerald-test/src/lottery_corner.d -g build/assets -I include -I tools/agbcc/include src/lottery_corner.c
tools/scaninc/scaninc -M build/emerald-test/src/load_save.d -g build/assets -I include -I tools/agbcc/include src/load_save.c
tools/scaninc/scaninc -M build/emerald-test/src/list_menu.d -g build/assets -I include -I tools/agbcc/include src/list_menu.c
tools/scaninc/scaninc -M build/emerald-test/src/link_rfu_3.d -g build/assets -I include -I tools/agbcc/include src/link_rfu_3.c
tools/scaninc/scaninc -M build/emerald-test/src/link_rfu_2.d -g build/assets -I include -I tools/agbcc/include src/link_rfu_2.c
tools/scaninc/scaninc -M build/emerald-test/src/link.d -g build/assets -I include -I tools/agbcc/include src/link.c
tools/scaninc/scaninc -M build/emerald-test/src/line_break.d -g build/assets -I include -I tools/agbcc/include src/line_break.c
tools/scaninc/scaninc -M build/emerald-test/src/lilycove_lady.d -g build/assets -I include -I tools/agbcc/include src/lilycove_lady.c
tools/scaninc/scaninc -M build/emerald-test/src/librfu_stwi.d -g build/assets -I include -I tools/agbcc/include src/librfu_stwi.c
tools/scaninc/scaninc -M build/emerald-test/src/librfu_sio32id.d -g build/assets -I include -I tools/agbcc/include src/librfu_sio32id.c
tools/scaninc/scaninc -M build/emerald-test/src/librfu_rfu.d -g build/assets -I include -I tools/agbcc/include src/librfu_rfu.c
tools/scaninc/scaninc -M build/emerald-test/src/librfu_intr.d -g build/assets -I include -I tools/agbcc/include src/librfu_intr.c
tools/scaninc/scaninc -M build/emerald-test/src/legendary_signs.d -g build/assets -I include -I tools/agbcc/include src/legendary_signs.c
tools/scaninc/scaninc -M build/emerald-test/src/landmark.d -g build/assets -I include -I tools/agbcc/include src/landmark.c
tools/scaninc/scaninc -M build/emerald-test/src/item_use.d -g build/assets -I include -I tools/agbcc/include src/item_use.c
tools/scaninc/scaninc -M build/emerald-test/src/item_menu_icons.d -g build/assets -I include -I tools/agbcc/include src/item_menu_icons.c
tools/scaninc/scaninc -M build/emerald-test/src/item_menu.d -g build/assets -I include -I tools/agbcc/include src/item_menu.c
tools/scaninc/scaninc -M build/emerald-test/src/item_icon.d -g build/assets -I include -I tools/agbcc/include src/item_icon.c
tools/scaninc/scaninc -M build/emerald-test/src/item_ball.d -g build/assets -I include -I tools/agbcc/include src/item_ball.c
tools/scaninc/scaninc -M build/emerald-test/src/item.d -g build/assets -I include -I tools/agbcc/include src/item.c
tools/scaninc/scaninc -M build/emerald-test/src/io_reg.d -g build/assets -I include -I tools/agbcc/include src/io_reg.c
tools/scaninc/scaninc -M build/emerald-test/src/intro_frlg.d -g build/assets -I include -I tools/agbcc/include src/intro_frlg.c
tools/scaninc/scaninc -M build/emerald-test/src/intro_credits_graphics.d -g build/assets -I include -I tools/agbcc/include src/intro_credits_graphics.c
tools/scaninc/scaninc -M build/emerald-test/src/intro.d -g build/assets -I include -I tools/agbcc/include src/intro.c
tools/scaninc/scaninc -M build/emerald-test/src/international_string_util.d -g build/assets -I include -I tools/agbcc/include src/international_string_util.c
tools/scaninc/scaninc -M build/emerald-test/src/image_processing_effects.d -g build/assets -I include -I tools/agbcc/include src/image_processing_effects.c
tools/scaninc/scaninc -M build/emerald-test/src/hof_pc.d -g build/assets -I include -I tools/agbcc/include src/hof_pc.c
tools/scaninc/scaninc -M build/emerald-test/src/heal_location.d -g build/assets -I include -I tools/agbcc/include src/heal_location.c
tools/scaninc/scaninc -M build/emerald-test/src/hall_of_fame_frlg.d -g build/assets -I include -I tools/agbcc/include src/hall_of_fame_frlg.c
tools/scaninc/scaninc -M build/emerald-test/src/hall_of_fame.d -g build/assets -I include -I tools/agbcc/include src/hall_of_fame.c
tools/scaninc/scaninc -M build/emerald-test/src/gym_leader_rematch.d -g build/assets -I include -I tools/agbcc/include src/gym_leader_rematch.c
tools/scaninc/scaninc -M build/emerald-test/src/graphics.d -g build/assets -I include -I tools/agbcc/include src/graphics.c
tools/scaninc/scaninc -M build/emerald-test/src/gpu_regs.d -g build/assets -I include -I tools/agbcc/include src/gpu_regs.c
tools/scaninc/scaninc -M build/emerald-test/src/give_gift_ribbon_to_party.d -g build/assets -I include -I tools/agbcc/include src/give_gift_ribbon_to_party.c
tools/scaninc/scaninc -M build/emerald-test/src/frontier_util.d -g build/assets -I include -I tools/agbcc/include src/frontier_util.c
tools/scaninc/scaninc -M build/emerald-test/src/frontier_pass.d -g build/assets -I include -I tools/agbcc/include src/frontier_pass.c
tools/scaninc/scaninc -M build/emerald-test/src/fonts.d -g build/assets -I include -I tools/agbcc/include src/fonts.c
tools/scaninc/scaninc -M build/emerald-test/src/follower_npc.d -g build/assets -I include -I tools/agbcc/include src/follower_npc.c
tools/scaninc/scaninc -M build/emerald-test/src/follower_helper.d -g build/assets -I include -I tools/agbcc/include src/follower_helper.c
tools/scaninc/scaninc -M build/emerald-test/src/fldeff_teleport.d -g build/assets -I include -I tools/agbcc/include src/fldeff_teleport.c
tools/scaninc/scaninc -M build/emerald-test/src/fldeff_sweetscent.d -g build/assets -I include -I tools/agbcc/include src/fldeff_sweetscent.c
tools/scaninc/scaninc -M build/emerald-test/src/fldeff_strength.d -g build/assets -I include -I tools/agbcc/include src/fldeff_strength.c
tools/scaninc/scaninc -M build/emerald-test/src/fldeff_softboiled.d -g build/assets -I include -I tools/agbcc/include src/fldeff_softboiled.c
tools/scaninc/scaninc -M build/emerald-test/src/fldeff_rocksmash.d -g build/assets -I include -I tools/agbcc/include src/fldeff_rocksmash.c
tools/scaninc/scaninc -M build/emerald-test/src/fldeff_misc.d -g build/assets -I include -I tools/agbcc/include src/fldeff_misc.c
tools/scaninc/scaninc -M build/emerald-test/src/fldeff_flash.d -g build/assets -I include -I tools/agbcc/include src/fldeff_flash.c
tools/scaninc/scaninc -M build/emerald-test/src/fldeff_escalator.d -g build/assets -I include -I tools/agbcc/include src/fldeff_escalator.c
tools/scaninc/scaninc -M build/emerald-test/src/fldeff_dig.d -g build/assets -I include -I tools/agbcc/include src/fldeff_dig.c
tools/scaninc/scaninc -M build/emerald-test/src/fldeff_defog.d -g build/assets -I include -I tools/agbcc/include src/fldeff_defog.c
tools/scaninc/scaninc -M build/emerald-test/src/fldeff_cut.d -g build/assets -I include -I tools/agbcc/include src/fldeff_cut.c
tools/scaninc/scaninc -M build/emerald-test/src/fishing.d -g build/assets -I include -I tools/agbcc/include src/fishing.c
tools/scaninc/scaninc -M build/emerald-test/src/fieldmap.d -g build/assets -I include -I tools/agbcc/include src/fieldmap.c
tools/scaninc/scaninc -M build/emerald-test/src/field_weather_effect.d -g build/assets -I include -I tools/agbcc/include src/field_weather_effect.c
tools/scaninc/scaninc -M build/emerald-test/src/field_weather.d -g build/assets -I include -I tools/agbcc/include src/field_weather.c
tools/scaninc/scaninc -M build/emerald-test/src/field_tasks.d -g build/assets -I include -I tools/agbcc/include src/field_tasks.c
tools/scaninc/scaninc -M build/emerald-test/src/field_specials.d -g build/assets -I include -I tools/agbcc/include src/field_specials.c
tools/scaninc/scaninc -M build/emerald-test/src/field_special_scene.d -g build/assets -I include -I tools/agbcc/include src/field_special_scene.c
tools/scaninc/scaninc -M build/emerald-test/src/field_screen_effect.d -g build/assets -I include -I tools/agbcc/include src/field_screen_effect.c
tools/scaninc/scaninc -M build/emerald-test/src/field_region_map.d -g build/assets -I include -I tools/agbcc/include src/field_region_map.c
tools/scaninc/scaninc -M build/emerald-test/src/field_poison.d -g build/assets -I include -I tools/agbcc/include src/field_poison.c
tools/scaninc/scaninc -M build/emerald-test/src/field_player_avatar.d -g build/assets -I include -I tools/agbcc/include src/field_player_avatar.c
tools/scaninc/scaninc -M build/emerald-test/src/field_name_box.d -g build/assets -I include -I tools/agbcc/include src/field_name_box.c
tools/scaninc/scaninc -M build/emerald-test/src/field_move.d -g build/assets -I include -I tools/agbcc/include src/field_move.c
tools/scaninc/scaninc -M build/emerald-test/src/field_message_box.d -g build/assets -I include -I tools/agbcc/include src/field_message_box.c
tools/scaninc/scaninc -M build/emerald-test/src/field_effect_helpers.d -g build/assets -I include -I tools/agbcc/include src/field_effect_helpers.c
tools/scaninc/scaninc -M build/emerald-test/src/field_effect.d -g build/assets -I include -I tools/agbcc/include src/field_effect.c
tools/scaninc/scaninc -M build/emerald-test/src/field_door.d -g build/assets -I include -I tools/agbcc/include src/field_door.c
tools/scaninc/scaninc -M build/emerald-test/src/field_control_avatar.d -g build/assets -I include -I tools/agbcc/include src/field_control_avatar.c
tools/scaninc/scaninc -M build/emerald-test/src/field_camera.d -g build/assets -I include -I tools/agbcc/include src/field_camera.c
tools/scaninc/scaninc -M build/emerald-test/src/faraway_island.d -g build/assets -I include -I tools/agbcc/include src/faraway_island.c
tools/scaninc/scaninc -M build/emerald-test/src/fame_checker.d -g build/assets -I include -I tools/agbcc/include src/fame_checker.c
tools/scaninc/scaninc -M build/emerald-test/src/fake_rtc.d -g build/assets -I include -I tools/agbcc/include src/fake_rtc.c
tools/scaninc/scaninc -M build/emerald-test/src/expansion_intro.d -g build/assets -I include -I tools/agbcc/include src/expansion_intro.c
tools/scaninc/scaninc -M build/emerald-test/src/evolution_scene.d -g build/assets -I include -I tools/agbcc/include src/evolution_scene.c
tools/scaninc/scaninc -M build/emerald-test/src/evolution_graphics.d -g build/assets -I include -I tools/agbcc/include src/evolution_graphics.c
tools/scaninc/scaninc -M build/emerald-test/src/event_object_movement.d -g build/assets -I include -I tools/agbcc/include src/event_object_movement.c
tools/scaninc/scaninc -M build/emerald-test/src/event_object_lock.d -g build/assets -I include -I tools/agbcc/include src/event_object_lock.c
tools/scaninc/scaninc -M build/emerald-test/src/event_data.d -g build/assets -I include -I tools/agbcc/include src/event_data.c
tools/scaninc/scaninc -M build/emerald-test/src/ereader_screen.d -g build/assets -I include -I tools/agbcc/include src/ereader_screen.c
tools/scaninc/scaninc -M build/emerald-test/src/ereader_helpers.d -g build/assets -I include -I tools/agbcc/include src/ereader_helpers.c
tools/scaninc/scaninc -M build/emerald-test/src/emerald_champions_perish.d -g build/assets -I include -I tools/agbcc/include src/emerald_champions_perish.c
tools/scaninc/scaninc -M build/emerald-test/src/emerald_champions_opening.d -g build/assets -I include -I tools/agbcc/include src/emerald_champions_opening.c
tools/scaninc/scaninc -M build/emerald-test/src/emerald_champions_headless.d -g build/assets -I include -I tools/agbcc/include src/emerald_champions_headless.c
tools/scaninc/scaninc -M build/emerald-test/src/emerald_champions_battle_sets.d -g build/assets -I include -I tools/agbcc/include src/emerald_champions_battle_sets.c
tools/scaninc/scaninc -M build/emerald-test/src/emerald_champions_battle_plan.d -g build/assets -I include -I tools/agbcc/include src/emerald_champions_battle_plan.c
tools/scaninc/scaninc -M build/emerald-test/src/emerald_champions_agent_prep.d -g build/assets -I include -I tools/agbcc/include src/emerald_champions_agent_prep.c
tools/scaninc/scaninc -M build/emerald-test/src/egg_hatch.d -g build/assets -I include -I tools/agbcc/include src/egg_hatch.c
tools/scaninc/scaninc -M build/emerald-test/src/easy_chat.d -g build/assets -I include -I tools/agbcc/include src/easy_chat.c
tools/scaninc/scaninc -M build/emerald-test/src/dynamic_placeholder_text_util.d -g build/assets -I include -I tools/agbcc/include src/dynamic_placeholder_text_util.c
tools/scaninc/scaninc -M build/emerald-test/src/dodrio_berry_picking.d -g build/assets -I include -I tools/agbcc/include src/dodrio_berry_picking.c
tools/scaninc/scaninc -M build/emerald-test/src/dma3_manager.d -g build/assets -I include -I tools/agbcc/include src/dma3_manager.c
tools/scaninc/scaninc -M build/emerald-test/src/diploma.d -g build/assets -I include -I tools/agbcc/include src/diploma.c
tools/scaninc/scaninc -M build/emerald-test/src/digit_obj_util.d -g build/assets -I include -I tools/agbcc/include src/digit_obj_util.c
tools/scaninc/scaninc -M build/emerald-test/src/difficulty.d -g build/assets -I include -I tools/agbcc/include src/difficulty.c
tools/scaninc/scaninc -M build/emerald-test/src/dexnav.d -g build/assets -I include -I tools/agbcc/include src/dexnav.c
tools/scaninc/scaninc -M build/emerald-test/src/dewford_trend.d -g build/assets -I include -I tools/agbcc/include src/dewford_trend.c
tools/scaninc/scaninc -M build/emerald-test/src/decoration_inventory.d -g build/assets -I include -I tools/agbcc/include src/decoration_inventory.c
tools/scaninc/scaninc -M build/emerald-test/src/decoration.d -g build/assets -I include -I tools/agbcc/include src/decoration.c
tools/scaninc/scaninc -M build/emerald-test/src/decompress_error_handler.d -g build/assets -I include -I tools/agbcc/include src/decompress_error_handler.c
tools/scaninc/scaninc -M build/emerald-test/src/decompress.d -g build/assets -I include -I tools/agbcc/include src/decompress.c
tools/scaninc/scaninc -M build/emerald-test/src/debug.d -g build/assets -I include -I tools/agbcc/include src/debug.c
tools/scaninc/scaninc -M build/emerald-test/src/daycare.d -g build/assets -I include -I tools/agbcc/include src/daycare.c
tools/scaninc/scaninc -M build/emerald-test/src/datetime.d -g build/assets -I include -I tools/agbcc/include src/datetime.c
tools/scaninc/scaninc -M build/emerald-test/src/data.d -g build/assets -I include -I tools/agbcc/include src/data.c
tools/scaninc/scaninc -M build/emerald-test/src/credits_frlg.d -g build/assets -I include -I tools/agbcc/include src/credits_frlg.c
tools/scaninc/scaninc -M build/emerald-test/src/credits.d -g build/assets -I include -I tools/agbcc/include src/credits.c
tools/scaninc/scaninc -M build/emerald-test/src/coord_event_weather.d -g build/assets -I include -I tools/agbcc/include src/coord_event_weather.c
tools/scaninc/scaninc -M build/emerald-test/src/contest_util.d -g build/assets -I include -I tools/agbcc/include src/contest_util.c
tools/scaninc/scaninc -M build/emerald-test/src/contest_painting.d -g build/assets -I include -I tools/agbcc/include src/contest_painting.c
tools/scaninc/scaninc -M build/emerald-test/src/contest_link_util.d -g build/assets -I include -I tools/agbcc/include src/contest_link_util.c
tools/scaninc/scaninc -M build/emerald-test/src/contest_link.d -g build/assets -I include -I tools/agbcc/include src/contest_link.c
tools/scaninc/scaninc -M build/emerald-test/src/contest_effect.d -g build/assets -I include -I tools/agbcc/include src/contest_effect.c
tools/scaninc/scaninc -M build/emerald-test/src/contest_ai.d -g build/assets -I include -I tools/agbcc/include src/contest_ai.c
tools/scaninc/scaninc -M build/emerald-test/src/contest.d -g build/assets -I include -I tools/agbcc/include src/contest.c
tools/scaninc/scaninc -M build/emerald-test/src/config_changes.d -g build/assets -I include -I tools/agbcc/include src/config_changes.c
tools/scaninc/scaninc -M build/emerald-test/src/confetti_util.d -g build/assets -I include -I tools/agbcc/include src/confetti_util.c
tools/scaninc/scaninc -M build/emerald-test/src/coins.d -g build/assets -I include -I tools/agbcc/include src/coins.c
tools/scaninc/scaninc -M build/emerald-test/src/clock.d -g build/assets -I include -I tools/agbcc/include src/clock.c
tools/scaninc/scaninc -M build/emerald-test/src/clear_save_data_screen.d -g build/assets -I include -I tools/agbcc/include src/clear_save_data_screen.c
tools/scaninc/scaninc -M build/emerald-test/src/chooseboxmon.d -g build/assets -I include -I tools/agbcc/include src/chooseboxmon.c
tools/scaninc/scaninc -M build/emerald-test/src/champions_circuit.d -g build/assets -I include -I tools/agbcc/include src/champions_circuit.c
tools/scaninc/scaninc -M build/emerald-test/src/caps.d -g build/assets -I include -I tools/agbcc/include src/caps.c
tools/scaninc/scaninc -M build/emerald-test/src/cable_club.d -g build/assets -I include -I tools/agbcc/include src/cable_club.c
tools/scaninc/scaninc -M build/emerald-test/src/cable_car.d -g build/assets -I include -I tools/agbcc/include src/cable_car.c
tools/scaninc/scaninc -M build/emerald-test/src/braille_puzzles.d -g build/assets -I include -I tools/agbcc/include src/braille_puzzles.c
tools/scaninc/scaninc -M build/emerald-test/src/braille.d -g build/assets -I include -I tools/agbcc/include src/braille.c
tools/scaninc/scaninc -M build/emerald-test/src/blit.d -g build/assets -I include -I tools/agbcc/include src/blit.c
tools/scaninc/scaninc -M build/emerald-test/src/birch_pc.d -g build/assets -I include -I tools/agbcc/include src/birch_pc.c
tools/scaninc/scaninc -M build/emerald-test/src/bike.d -g build/assets -I include -I tools/agbcc/include src/bike.c
tools/scaninc/scaninc -M build/emerald-test/src/bg.d -g build/assets -I include -I tools/agbcc/include src/bg.c
tools/scaninc/scaninc -M build/emerald-test/src/berry_tag_screen.d -g build/assets -I include -I tools/agbcc/include src/berry_tag_screen.c
tools/scaninc/scaninc -M build/emerald-test/src/berry_powder.d -g build/assets -I include -I tools/agbcc/include src/berry_powder.c
tools/scaninc/scaninc -M build/emerald-test/src/berry_fix_program.d -g build/assets -I include -I tools/agbcc/include src/berry_fix_program.c
tools/scaninc/scaninc -M build/emerald-test/src/berry_crush.d -g build/assets -I include -I tools/agbcc/include src/berry_crush.c
tools/scaninc/scaninc -M build/emerald-test/src/berry_blender.d -g build/assets -I include -I tools/agbcc/include src/berry_blender.c
tools/scaninc/scaninc -M build/emerald-test/src/berry.d -g build/assets -I include -I tools/agbcc/include src/berry.c
tools/scaninc/scaninc -M build/emerald-test/src/battle_z_move.d -g build/assets -I include -I tools/agbcc/include src/battle_z_move.c
tools/scaninc/scaninc -M build/emerald-test/src/battle_util2.d -g build/assets -I include -I tools/agbcc/include src/battle_util2.c
tools/scaninc/scaninc -M build/emerald-test/src/battle_util.d -g build/assets -I include -I tools/agbcc/include src/battle_util.c
tools/scaninc/scaninc -M build/emerald-test/src/battle_tv.d -g build/assets -I include -I tools/agbcc/include src/battle_tv.c
tools/scaninc/scaninc -M build/emerald-test/src/battle_transition_frontier.d -g build/assets -I include -I tools/agbcc/include src/battle_transition_frontier.c
tools/scaninc/scaninc -M build/emerald-test/src/battle_transition.d -g build/assets -I include -I tools/agbcc/include src/battle_transition.c
tools/scaninc/scaninc -M build/emerald-test/src/battle_tower.d -g build/assets -I include -I tools/agbcc/include src/battle_tower.c
tools/scaninc/scaninc -M build/emerald-test/src/battle_terastal.d -g build/assets -I include -I tools/agbcc/include src/battle_terastal.c
tools/scaninc/scaninc -M build/emerald-test/src/battle_tent.d -g build/assets -I include -I tools/agbcc/include src/battle_tent.c
tools/scaninc/scaninc -M build/emerald-test/src/battle_switch_in.d -g build/assets -I include -I tools/agbcc/include src/battle_switch_in.c
tools/scaninc/scaninc -M build/emerald-test/src/battle_stat_change.d -g build/assets -I include -I tools/agbcc/include src/battle_stat_change.c
tools/scaninc/scaninc -M build/emerald-test/src/battle_special.d -g build/assets -I include -I tools/agbcc/include src/battle_special.c
tools/scaninc/scaninc -M build/emerald-test/src/battle_setup.d -g build/assets -I include -I tools/agbcc/include src/battle_setup.c
tools/scaninc/scaninc -M build/emerald-test/src/battle_set_effect.d -g build/assets -I include -I tools/agbcc/include src/battle_set_effect.c
tools/scaninc/scaninc -M build/emerald-test/src/battle_script_commands.d -g build/assets -I include -I tools/agbcc/include src/battle_script_commands.c
tools/scaninc/scaninc -M build/emerald-test/src/battle_records.d -g build/assets -I include -I tools/agbcc/include src/battle_records.c
tools/scaninc/scaninc -M build/emerald-test/src/battle_pyramid_bag.d -g build/assets -I include -I tools/agbcc/include src/battle_pyramid_bag.c
tools/scaninc/scaninc -M build/emerald-test/src/battle_pyramid.d -g build/assets -I include -I tools/agbcc/include src/battle_pyramid.c
tools/scaninc/scaninc -M build/emerald-test/src/battle_pike.d -g build/assets -I include -I tools/agbcc/include src/battle_pike.c
tools/scaninc/scaninc -M build/emerald-test/src/battle_partner.d -g build/assets -I include -I tools/agbcc/include src/battle_partner.c
tools/scaninc/scaninc -M build/emerald-test/src/battle_palace.d -g build/assets -I include -I tools/agbcc/include src/battle_palace.c
tools/scaninc/scaninc -M build/emerald-test/src/battle_move_resolution.d -g build/assets -I include -I tools/agbcc/include src/battle_move_resolution.c
tools/scaninc/scaninc -M build/emerald-test/src/battle_message.d -g build/assets -I include -I tools/agbcc/include src/battle_message.c
tools/scaninc/scaninc -M build/emerald-test/src/battle_main.d -g build/assets -I include -I tools/agbcc/include src/battle_main.c
tools/scaninc/scaninc -M build/emerald-test/src/battle_intro.d -g build/assets -I include -I tools/agbcc/include src/battle_intro.c
tools/scaninc/scaninc -M build/emerald-test/src/battle_interface.d -g build/assets -I include -I tools/agbcc/include src/battle_interface.c
tools/scaninc/scaninc -M build/emerald-test/src/battle_hold_effects.d -g build/assets -I include -I tools/agbcc/include src/battle_hold_effects.c
tools/scaninc/scaninc -M build/emerald-test/src/battle_gimmick.d -g build/assets -I include -I tools/agbcc/include src/battle_gimmick.c
tools/scaninc/scaninc -M build/emerald-test/src/battle_gfx_sfx_util.d -g build/assets -I include -I tools/agbcc/include src/battle_gfx_sfx_util.c
tools/scaninc/scaninc -M build/emerald-test/src/battle_frontier.d -g build/assets -I include -I tools/agbcc/include src/battle_frontier.c
tools/scaninc/scaninc -M build/emerald-test/src/battle_factory_screen.d -g build/assets -I include -I tools/agbcc/include src/battle_factory_screen.c
tools/scaninc/scaninc -M build/emerald-test/src/battle_factory.d -g build/assets -I include -I tools/agbcc/include src/battle_factory.c
tools/scaninc/scaninc -M build/emerald-test/src/battle_end_turn.d -g build/assets -I include -I tools/agbcc/include src/battle_end_turn.c
tools/scaninc/scaninc -M build/emerald-test/src/battle_dynamax.d -g build/assets -I include -I tools/agbcc/include src/battle_dynamax.c
tools/scaninc/scaninc -M build/emerald-test/src/battle_dome.d -g build/assets -I include -I tools/agbcc/include src/battle_dome.c
tools/scaninc/scaninc -M build/emerald-test/src/battle_debug.d -g build/assets -I include -I tools/agbcc/include src/battle_debug.c
tools/scaninc/scaninc -M build/emerald-test/src/battle_controllers.d -g build/assets -I include -I tools/agbcc/include src/battle_controllers.c
tools/scaninc/scaninc -M build/emerald-test/src/battle_controller_wally.d -g build/assets -I include -I tools/agbcc/include src/battle_controller_wally.c
tools/scaninc/scaninc -M build/emerald-test/src/battle_controller_safari.d -g build/assets -I include -I tools/agbcc/include src/battle_controller_safari.c
tools/scaninc/scaninc -M build/emerald-test/src/battle_controller_recorded_player.d -g build/assets -I include -I tools/agbcc/include src/battle_controller_recorded_player.c
tools/scaninc/scaninc -M build/emerald-test/src/battle_controller_recorded_opponent.d -g build/assets -I include -I tools/agbcc/include src/battle_controller_recorded_opponent.c
tools/scaninc/scaninc -M build/emerald-test/src/battle_controller_player.d -g build/assets -I include -I tools/agbcc/include src/battle_controller_player.c
tools/scaninc/scaninc -M build/emerald-test/src/battle_controller_partner.d -g build/assets -I include -I tools/agbcc/include src/battle_controller_partner.c
tools/scaninc/scaninc -M build/emerald-test/src/battle_controller_opponent.d -g build/assets -I include -I tools/agbcc/include src/battle_controller_opponent.c
tools/scaninc/scaninc -M build/emerald-test/src/battle_controller_oak_old_man.d -g build/assets -I include -I tools/agbcc/include src/battle_controller_oak_old_man.c
tools/scaninc/scaninc -M build/emerald-test/src/battle_controller_link_partner.d -g build/assets -I include -I tools/agbcc/include src/battle_controller_link_partner.c
tools/scaninc/scaninc -M build/emerald-test/src/battle_controller_link_opponent.d -g build/assets -I include -I tools/agbcc/include src/battle_controller_link_opponent.c
tools/scaninc/scaninc -M build/emerald-test/src/battle_bg.d -g build/assets -I include -I tools/agbcc/include src/battle_bg.c
tools/scaninc/scaninc -M build/emerald-test/src/battle_arena.d -g build/assets -I include -I tools/agbcc/include src/battle_arena.c
tools/scaninc/scaninc -M build/emerald-test/src/battle_anim_water.d -g build/assets -I include -I tools/agbcc/include src/battle_anim_water.c
tools/scaninc/scaninc -M build/emerald-test/src/battle_anim_utility_funcs.d -g build/assets -I include -I tools/agbcc/include src/battle_anim_utility_funcs.c
tools/scaninc/scaninc -M build/emerald-test/src/battle_anim_throw.d -g build/assets -I include -I tools/agbcc/include src/battle_anim_throw.c
tools/scaninc/scaninc -M build/emerald-test/src/battle_anim_status_effects.d -g build/assets -I include -I tools/agbcc/include src/battle_anim_status_effects.c
tools/scaninc/scaninc -M build/emerald-test/src/battle_anim_sound_tasks.d -g build/assets -I include -I tools/agbcc/include src/battle_anim_sound_tasks.c
tools/scaninc/scaninc -M build/emerald-test/src/battle_anim_smokescreen.d -g build/assets -I include -I tools/agbcc/include src/battle_anim_smokescreen.c
tools/scaninc/scaninc -M build/emerald-test/src/battle_anim_rock.d -g build/assets -I include -I tools/agbcc/include src/battle_anim_rock.c
tools/scaninc/scaninc -M build/emerald-test/src/battle_anim_psychic.d -g build/assets -I include -I tools/agbcc/include src/battle_anim_psychic.c
tools/scaninc/scaninc -M build/emerald-test/src/battle_anim_poison.d -g build/assets -I include -I tools/agbcc/include src/battle_anim_poison.c
tools/scaninc/scaninc -M build/emerald-test/src/battle_anim_normal.d -g build/assets -I include -I tools/agbcc/include src/battle_anim_normal.c
tools/scaninc/scaninc -M build/emerald-test/src/battle_anim_new.d -g build/assets -I include -I tools/agbcc/include src/battle_anim_new.c
tools/scaninc/scaninc -M build/emerald-test/src/battle_anim_mons.d -g build/assets -I include -I tools/agbcc/include src/battle_anim_mons.c
tools/scaninc/scaninc -M build/emerald-test/src/battle_anim_mon_movement.d -g build/assets -I include -I tools/agbcc/include src/battle_anim_mon_movement.c
tools/scaninc/scaninc -M build/emerald-test/src/battle_anim_ice.d -g build/assets -I include -I tools/agbcc/include src/battle_anim_ice.c
tools/scaninc/scaninc -M build/emerald-test/src/battle_anim_ground.d -g build/assets -I include -I tools/agbcc/include src/battle_anim_ground.c
tools/scaninc/scaninc -M build/emerald-test/src/battle_anim_ghost.d -g build/assets -I include -I tools/agbcc/include src/battle_anim_ghost.c
tools/scaninc/scaninc -M build/emerald-test/src/battle_anim_flying.d -g build/assets -I include -I tools/agbcc/include src/battle_anim_flying.c
tools/scaninc/scaninc -M build/emerald-test/src/battle_anim_fire.d -g build/assets -I include -I tools/agbcc/include src/battle_anim_fire.c
tools/scaninc/scaninc -M build/emerald-test/src/battle_anim_fight.d -g build/assets -I include -I tools/agbcc/include src/battle_anim_fight.c
tools/scaninc/scaninc -M build/emerald-test/src/battle_anim_electric.d -g build/assets -I include -I tools/agbcc/include src/battle_anim_electric.c
tools/scaninc/scaninc -M build/emerald-test/src/battle_anim_effects_3.d -g build/assets -I include -I tools/agbcc/include src/battle_anim_effects_3.c
tools/scaninc/scaninc -M build/emerald-test/src/battle_anim_effects_2.d -g build/assets -I include -I tools/agbcc/include src/battle_anim_effects_2.c
tools/scaninc/scaninc -M build/emerald-test/src/battle_anim_effects_1.d -g build/assets -I include -I tools/agbcc/include src/battle_anim_effects_1.c
tools/scaninc/scaninc -M build/emerald-test/src/battle_anim_dragon.d -g build/assets -I include -I tools/agbcc/include src/battle_anim_dragon.c
tools/scaninc/scaninc -M build/emerald-test/src/battle_anim_dark.d -g build/assets -I include -I tools/agbcc/include src/battle_anim_dark.c
tools/scaninc/scaninc -M build/emerald-test/src/battle_anim_bug.d -g build/assets -I include -I tools/agbcc/include src/battle_anim_bug.c
tools/scaninc/scaninc -M build/emerald-test/src/battle_anim.d -g build/assets -I include -I tools/agbcc/include src/battle_anim.c
tools/scaninc/scaninc -M build/emerald-test/src/battle_ai_util.d -g build/assets -I include -I tools/agbcc/include src/battle_ai_util.c
tools/scaninc/scaninc -M build/emerald-test/src/battle_ai_switch.d -g build/assets -I include -I tools/agbcc/include src/battle_ai_switch.c
tools/scaninc/scaninc -M build/emerald-test/src/battle_ai_record.d -g build/assets -I include -I tools/agbcc/include src/battle_ai_record.c
tools/scaninc/scaninc -M build/emerald-test/src/battle_ai_pair.d -g build/assets -I include -I tools/agbcc/include src/battle_ai_pair.c
tools/scaninc/scaninc -M build/emerald-test/src/battle_ai_main.d -g build/assets -I include -I tools/agbcc/include src/battle_ai_main.c
tools/scaninc/scaninc -M build/emerald-test/src/battle_ai_items.d -g build/assets -I include -I tools/agbcc/include src/battle_ai_items.c
tools/scaninc/scaninc -M build/emerald-test/src/battle_ai_field_statuses.d -g build/assets -I include -I tools/agbcc/include src/battle_ai_field_statuses.c
tools/scaninc/scaninc -M build/emerald-test/src/bard_music.d -g build/assets -I include -I tools/agbcc/include src/bard_music.c
tools/scaninc/scaninc -M build/emerald-test/src/assertf.d -g build/assets -I include -I tools/agbcc/include src/assertf.c
tools/scaninc/scaninc -M build/emerald-test/src/apricorn_tree.d -g build/assets -I include -I tools/agbcc/include src/apricorn_tree.c
tools/scaninc/scaninc -M build/emerald-test/src/apprentice.d -g build/assets -I include -I tools/agbcc/include src/apprentice.c
tools/scaninc/scaninc -M build/emerald-test/src/AgbRfu_LinkManager.d -g build/assets -I include -I tools/agbcc/include src/AgbRfu_LinkManager.c
tools/scaninc/scaninc -M build/emerald-test/data/maps.d -g build/assets -I include -I "" data/maps.s
tools/scaninc/scaninc -M build/emerald-test/data/map_events.d -g build/assets -I include -I "" data/map_events.s
python3 tools/learnset_helpers/make_tutors.py tools/learnset_helpers/build/all_tutors.json
tools/scaninc/scaninc -M build/emerald-test/src/pokemon.d -g build/assets -I include -I tools/agbcc/include src/pokemon.c
tools/scaninc/scaninc -M build/emerald-test/src/move_relearner.d -g build/assets -I include -I tools/agbcc/include src/move_relearner.c
/Users/ericguthrie/Documents/ChatGPT/Emerald/emerald-champions/work/toolchain/arm-expanded/Payload/bin/../libexec/gcc/arm-none-eabi/15.3.1/cc1 -quiet <flags> -o build/emerald-test/src/AgbRfu_LinkManager.o src/AgbRfu_LinkManager.c
/Users/ericguthrie/Documents/ChatGPT/Emerald/emerald-champions/work/toolchain/arm-expanded/Payload/bin/../libexec/gcc/arm-none-eabi/15.3.1/cc1 -quiet <flags> -o build/emerald-test/src/apprentice.o src/apprentice.c
/Users/ericguthrie/Documents/ChatGPT/Emerald/emerald-champions/work/toolchain/arm-expanded/Payload/bin/../libexec/gcc/arm-none-eabi/15.3.1/cc1 -quiet <flags> -o build/emerald-test/src/apricorn_tree.o src/apricorn_tree.c
/Users/ericguthrie/Documents/ChatGPT/Emerald/emerald-champions/work/toolchain/arm-expanded/Payload/bin/../libexec/gcc/arm-none-eabi/15.3.1/cc1 -quiet <flags> -o build/emerald-test/src/assertf.o src/assertf.c
/Users/ericguthrie/Documents/ChatGPT/Emerald/emerald-champions/work/toolchain/arm-expanded/Payload/bin/../libexec/gcc/arm-none-eabi/15.3.1/cc1 -quiet <flags> -o build/emerald-test/src/bard_music.o src/bard_music.c
/Users/ericguthrie/Documents/ChatGPT/Emerald/emerald-champions/work/toolchain/arm-expanded/Payload/bin/../libexec/gcc/arm-none-eabi/15.3.1/cc1 -quiet <flags> -o build/emerald-test/src/battle_ai_field_statuses.o src/battle_ai_field_statuses.c
/Users/ericguthrie/Documents/ChatGPT/Emerald/emerald-champions/work/toolchain/arm-expanded/Payload/bin/../libexec/gcc/arm-none-eabi/15.3.1/cc1 -quiet <flags> -o build/emerald-test/src/battle_ai_items.o src/battle_ai_items.c
/Users/ericguthrie/Documents/ChatGPT/Emerald/emerald-champions/work/toolchain/arm-expanded/Payload/bin/../libexec/gcc/arm-none-eabi/15.3.1/cc1 -quiet <flags> -o build/emerald-test/src/battle_ai_main.o src/battle_ai_main.c
/Users/ericguthrie/Documents/ChatGPT/Emerald/emerald-champions/work/toolchain/arm-expanded/Payload/bin/../libexec/gcc/arm-none-eabi/15.3.1/cc1 -quiet <flags> -o build/emerald-test/src/battle_ai_pair.o src/battle_ai_pair.c
/Users/ericguthrie/Documents/ChatGPT/Emerald/emerald-champions/work/toolchain/arm-expanded/Payload/bin/../libexec/gcc/arm-none-eabi/15.3.1/cc1 -quiet <flags> -o build/emerald-test/src/battle_ai_record.o src/battle_ai_record.c
/Users/ericguthrie/Documents/ChatGPT/Emerald/emerald-champions/work/toolchain/arm-expanded/Payload/bin/../libexec/gcc/arm-none-eabi/15.3.1/cc1 -quiet <flags> -o build/emerald-test/src/battle_ai_switch.o src/battle_ai_switch.c
/Users/ericguthrie/Documents/ChatGPT/Emerald/emerald-champions/work/toolchain/arm-expanded/Payload/bin/../libexec/gcc/arm-none-eabi/15.3.1/cc1 -quiet <flags> -o build/emerald-test/src/battle_ai_util.o src/battle_ai_util.c
/Users/ericguthrie/Documents/ChatGPT/Emerald/emerald-champions/work/toolchain/arm-expanded/Payload/bin/../libexec/gcc/arm-none-eabi/15.3.1/cc1 -quiet <flags> -o build/emerald-test/src/battle_anim.o src/battle_anim.c
/Users/ericguthrie/Documents/ChatGPT/Emerald/emerald-champions/work/toolchain/arm-expanded/Payload/bin/../libexec/gcc/arm-none-eabi/15.3.1/cc1 -quiet <flags> -o build/emerald-test/src/battle_anim_bug.o src/battle_anim_bug.c
/Users/ericguthrie/Documents/ChatGPT/Emerald/emerald-champions/work/toolchain/arm-expanded/Payload/bin/../libexec/gcc/arm-none-eabi/15.3.1/cc1 -quiet <flags> -o build/emerald-test/src/battle_anim_dark.o src/battle_anim_dark.c
/Users/ericguthrie/Documents/ChatGPT/Emerald/emerald-champions/work/toolchain/arm-expanded/Payload/bin/../libexec/gcc/arm-none-eabi/15.3.1/cc1 -quiet <flags> -o build/emerald-test/src/battle_anim_dragon.o src/battle_anim_dragon.c
/Users/ericguthrie/Documents/ChatGPT/Emerald/emerald-champions/work/toolchain/arm-expanded/Payload/bin/../libexec/gcc/arm-none-eabi/15.3.1/cc1 -quiet <flags> -o build/emerald-test/src/battle_anim_effects_1.o src/battle_anim_effects_1.c
/Users/ericguthrie/Documents/ChatGPT/Emerald/emerald-champions/work/toolchain/arm-expanded/Payload/bin/../libexec/gcc/arm-none-eabi/15.3.1/cc1 -quiet <flags> -o build/emerald-test/src/battle_anim_effects_2.o src/battle_anim_effects_2.c
/Users/ericguthrie/Documents/ChatGPT/Emerald/emerald-champions/work/toolchain/arm-expanded/Payload/bin/../libexec/gcc/arm-none-eabi/15.3.1/cc1 -quiet <flags> -o build/emerald-test/src/battle_anim_effects_3.o src/battle_anim_effects_3.c
/Users/ericguthrie/Documents/ChatGPT/Emerald/emerald-champions/work/toolchain/arm-expanded/Payload/bin/../libexec/gcc/arm-none-eabi/15.3.1/cc1 -quiet <flags> -o build/emerald-test/src/battle_anim_electric.o src/battle_anim_electric.c
/Users/ericguthrie/Documents/ChatGPT/Emerald/emerald-champions/work/toolchain/arm-expanded/Payload/bin/../libexec/gcc/arm-none-eabi/15.3.1/cc1 -quiet <flags> -o build/emerald-test/src/battle_anim_fight.o src/battle_anim_fight.c
/Users/ericguthrie/Documents/ChatGPT/Emerald/emerald-champions/work/toolchain/arm-expanded/Payload/bin/../libexec/gcc/arm-none-eabi/15.3.1/cc1 -quiet <flags> -o build/emerald-test/src/battle_anim_fire.o src/battle_anim_fire.c
/Users/ericguthrie/Documents/ChatGPT/Emerald/emerald-champions/work/toolchain/arm-expanded/Payload/bin/../libexec/gcc/arm-none-eabi/15.3.1/cc1 -quiet <flags> -o build/emerald-test/src/battle_anim_flying.o src/battle_anim_flying.c
/Users/ericguthrie/Documents/ChatGPT/Emerald/emerald-champions/work/toolchain/arm-expanded/Payload/bin/../libexec/gcc/arm-none-eabi/15.3.1/cc1 -quiet <flags> -o build/emerald-test/src/battle_anim_ghost.o src/battle_anim_ghost.c
/Users/ericguthrie/Documents/ChatGPT/Emerald/emerald-champions/work/toolchain/arm-expanded/Payload/bin/../libexec/gcc/arm-none-eabi/15.3.1/cc1 -quiet <flags> -o build/emerald-test/src/battle_anim_ground.o src/battle_anim_ground.c
/Users/ericguthrie/Documents/ChatGPT/Emerald/emerald-champions/work/toolchain/arm-expanded/Payload/bin/../libexec/gcc/arm-none-eabi/15.3.1/cc1 -quiet <flags> -o build/emerald-test/src/battle_anim_ice.o src/battle_anim_ice.c
/Users/ericguthrie/Documents/ChatGPT/Emerald/emerald-champions/work/toolchain/arm-expanded/Payload/bin/../libexec/gcc/arm-none-eabi/15.3.1/cc1 -quiet <flags> -o build/emerald-test/src/battle_anim_mon_movement.o src/battle_anim_mon_movement.c
/Users/ericguthrie/Documents/ChatGPT/Emerald/emerald-champions/work/toolchain/arm-expanded/Payload/bin/../libexec/gcc/arm-none-eabi/15.3.1/cc1 -quiet <flags> -o build/emerald-test/src/battle_anim_mons.o src/battle_anim_mons.c
/Users/ericguthrie/Documents/ChatGPT/Emerald/emerald-champions/work/toolchain/arm-expanded/Payload/bin/../libexec/gcc/arm-none-eabi/15.3.1/cc1 -quiet <flags> -o build/emerald-test/src/battle_anim_new.o src/battle_anim_new.c
/Users/ericguthrie/Documents/ChatGPT/Emerald/emerald-champions/work/toolchain/arm-expanded/Payload/bin/../libexec/gcc/arm-none-eabi/15.3.1/cc1 -quiet <flags> -o build/emerald-test/src/battle_anim_normal.o src/battle_anim_normal.c
/Users/ericguthrie/Documents/ChatGPT/Emerald/emerald-champions/work/toolchain/arm-expanded/Payload/bin/../libexec/gcc/arm-none-eabi/15.3.1/cc1 -quiet <flags> -o build/emerald-test/src/battle_anim_poison.o src/battle_anim_poison.c
/Users/ericguthrie/Documents/ChatGPT/Emerald/emerald-champions/work/toolchain/arm-expanded/Payload/bin/../libexec/gcc/arm-none-eabi/15.3.1/cc1 -quiet <flags> -o build/emerald-test/src/battle_anim_psychic.o src/battle_anim_psychic.c
/Users/ericguthrie/Documents/ChatGPT/Emerald/emerald-champions/work/toolchain/arm-expanded/Payload/bin/../libexec/gcc/arm-none-eabi/15.3.1/cc1 -quiet <flags> -o build/emerald-test/src/battle_anim_rock.o src/battle_anim_rock.c
/Users/ericguthrie/Documents/ChatGPT/Emerald/emerald-champions/work/toolchain/arm-expanded/Payload/bin/../libexec/gcc/arm-none-eabi/15.3.1/cc1 -quiet <flags> -o build/emerald-test/src/battle_anim_smokescreen.o src/battle_anim_smokescreen.c
/Users/ericguthrie/Documents/ChatGPT/Emerald/emerald-champions/work/toolchain/arm-expanded/Payload/bin/../libexec/gcc/arm-none-eabi/15.3.1/cc1 -quiet <flags> -o build/emerald-test/src/battle_anim_sound_tasks.o src/battle_anim_sound_tasks.c
/Users/ericguthrie/Documents/ChatGPT/Emerald/emerald-champions/work/toolchain/arm-expanded/Payload/bin/../libexec/gcc/arm-none-eabi/15.3.1/cc1 -quiet <flags> -o build/emerald-test/src/battle_anim_status_effects.o src/battle_anim_status_effects.c
/Users/ericguthrie/Documents/ChatGPT/Emerald/emerald-champions/work/toolchain/arm-expanded/Payload/bin/../libexec/gcc/arm-none-eabi/15.3.1/cc1 -quiet <flags> -o build/emerald-test/src/battle_anim_throw.o src/battle_anim_throw.c
/Users/ericguthrie/Documents/ChatGPT/Emerald/emerald-champions/work/toolchain/arm-expanded/Payload/bin/../libexec/gcc/arm-none-eabi/15.3.1/cc1 -quiet <flags> -o build/emerald-test/src/battle_anim_utility_funcs.o src/battle_anim_utility_funcs.c
/Users/ericguthrie/Documents/ChatGPT/Emerald/emerald-champions/work/toolchain/arm-expanded/Payload/bin/../libexec/gcc/arm-none-eabi/15.3.1/cc1 -quiet <flags> -o build/emerald-test/src/battle_anim_water.o src/battle_anim_water.c
/Users/ericguthrie/Documents/ChatGPT/Emerald/emerald-champions/work/toolchain/arm-expanded/Payload/bin/../libexec/gcc/arm-none-eabi/15.3.1/cc1 -quiet <flags> -o build/emerald-test/src/battle_arena.o src/battle_arena.c
/Users/ericguthrie/Documents/ChatGPT/Emerald/emerald-champions/work/toolchain/arm-expanded/Payload/bin/../libexec/gcc/arm-none-eabi/15.3.1/cc1 -quiet <flags> -o build/emerald-test/src/battle_bg.o src/battle_bg.c
/Users/ericguthrie/Documents/ChatGPT/Emerald/emerald-champions/work/toolchain/arm-expanded/Payload/bin/../libexec/gcc/arm-none-eabi/15.3.1/cc1 -quiet <flags> -o build/emerald-test/src/battle_controller_link_opponent.o src/battle_controller_link_opponent.c
/Users/ericguthrie/Documents/ChatGPT/Emerald/emerald-champions/work/toolchain/arm-expanded/Payload/bin/../libexec/gcc/arm-none-eabi/15.3.1/cc1 -quiet <flags> -o build/emerald-test/src/battle_controller_link_partner.o src/battle_controller_link_partner.c
/Users/ericguthrie/Documents/ChatGPT/Emerald/emerald-champions/work/toolchain/arm-expanded/Payload/bin/../libexec/gcc/arm-none-eabi/15.3.1/cc1 -quiet <flags> -o build/emerald-test/src/battle_controller_oak_old_man.o src/battle_controller_oak_old_man.c
/Users/ericguthrie/Documents/ChatGPT/Emerald/emerald-champions/work/toolchain/arm-expanded/Payload/bin/../libexec/gcc/arm-none-eabi/15.3.1/cc1 -quiet <flags> -o build/emerald-test/src/battle_controller_opponent.o src/battle_controller_opponent.c
/Users/ericguthrie/Documents/ChatGPT/Emerald/emerald-champions/work/toolchain/arm-expanded/Payload/bin/../libexec/gcc/arm-none-eabi/15.3.1/cc1 -quiet <flags> -o build/emerald-test/src/battle_controller_partner.o src/battle_controller_partner.c
/Users/ericguthrie/Documents/ChatGPT/Emerald/emerald-champions/work/toolchain/arm-expanded/Payload/bin/../libexec/gcc/arm-none-eabi/15.3.1/cc1 -quiet <flags> -o build/emerald-test/src/battle_controller_player.o src/battle_controller_player.c
/Users/ericguthrie/Documents/ChatGPT/Emerald/emerald-champions/work/toolchain/arm-expanded/Payload/bin/../libexec/gcc/arm-none-eabi/15.3.1/cc1 -quiet <flags> -o build/emerald-test/src/battle_controller_recorded_opponent.o src/battle_controller_recorded_opponent.c
/Users/ericguthrie/Documents/ChatGPT/Emerald/emerald-champions/work/toolchain/arm-expanded/Payload/bin/../libexec/gcc/arm-none-eabi/15.3.1/cc1 -quiet <flags> -o build/emerald-test/src/battle_controller_recorded_player.o src/battle_controller_recorded_player.c
/Users/ericguthrie/Documents/ChatGPT/Emerald/emerald-champions/work/toolchain/arm-expanded/Payload/bin/../libexec/gcc/arm-none-eabi/15.3.1/cc1 -quiet <flags> -o build/emerald-test/src/battle_controller_safari.o src/battle_controller_safari.c
/Users/ericguthrie/Documents/ChatGPT/Emerald/emerald-champions/work/toolchain/arm-expanded/Payload/bin/../libexec/gcc/arm-none-eabi/15.3.1/cc1 -quiet <flags> -o build/emerald-test/src/battle_controller_wally.o src/battle_controller_wally.c
/Users/ericguthrie/Documents/ChatGPT/Emerald/emerald-champions/work/toolchain/arm-expanded/Payload/bin/../libexec/gcc/arm-none-eabi/15.3.1/cc1 -quiet <flags> -o build/emerald-test/src/battle_controllers.o src/battle_controllers.c
/Users/ericguthrie/Documents/ChatGPT/Emerald/emerald-champions/work/toolchain/arm-expanded/Payload/bin/../libexec/gcc/arm-none-eabi/15.3.1/cc1 -quiet <flags> -o build/emerald-test/src/battle_debug.o src/battle_debug.c
/Users/ericguthrie/Documents/ChatGPT/Emerald/emerald-champions/work/toolchain/arm-expanded/Payload/bin/../libexec/gcc/arm-none-eabi/15.3.1/cc1 -quiet <flags> -o build/emerald-test/src/battle_dome.o src/battle_dome.c
/Users/ericguthrie/Documents/ChatGPT/Emerald/emerald-champions/work/toolchain/arm-expanded/Payload/bin/../libexec/gcc/arm-none-eabi/15.3.1/cc1 -quiet <flags> -o build/emerald-test/src/battle_dynamax.o src/battle_dynamax.c
/Users/ericguthrie/Documents/ChatGPT/Emerald/emerald-champions/work/toolchain/arm-expanded/Payload/bin/../libexec/gcc/arm-none-eabi/15.3.1/cc1 -quiet <flags> -o build/emerald-test/src/battle_end_turn.o src/battle_end_turn.c
/Users/ericguthrie/Documents/ChatGPT/Emerald/emerald-champions/work/toolchain/arm-expanded/Payload/bin/../libexec/gcc/arm-none-eabi/15.3.1/cc1 -quiet <flags> -o build/emerald-test/src/battle_factory.o src/battle_factory.c
/Users/ericguthrie/Documents/ChatGPT/Emerald/emerald-champions/work/toolchain/arm-expanded/Payload/bin/../libexec/gcc/arm-none-eabi/15.3.1/cc1 -quiet <flags> -o build/emerald-test/src/battle_factory_screen.o src/battle_factory_screen.c
/Users/ericguthrie/Documents/ChatGPT/Emerald/emerald-champions/work/toolchain/arm-expanded/Payload/bin/../libexec/gcc/arm-none-eabi/15.3.1/cc1 -quiet <flags> -o build/emerald-test/src/battle_frontier.o src/battle_frontier.c
/Users/ericguthrie/Documents/ChatGPT/Emerald/emerald-champions/work/toolchain/arm-expanded/Payload/bin/../libexec/gcc/arm-none-eabi/15.3.1/cc1 -quiet <flags> -o build/emerald-test/src/battle_gfx_sfx_util.o src/battle_gfx_sfx_util.c
/Users/ericguthrie/Documents/ChatGPT/Emerald/emerald-champions/work/toolchain/arm-expanded/Payload/bin/../libexec/gcc/arm-none-eabi/15.3.1/cc1 -quiet <flags> -o build/emerald-test/src/battle_gimmick.o src/battle_gimmick.c
/Users/ericguthrie/Documents/ChatGPT/Emerald/emerald-champions/work/toolchain/arm-expanded/Payload/bin/../libexec/gcc/arm-none-eabi/15.3.1/cc1 -quiet <flags> -o build/emerald-test/src/battle_hold_effects.o src/battle_hold_effects.c
/Users/ericguthrie/Documents/ChatGPT/Emerald/emerald-champions/work/toolchain/arm-expanded/Payload/bin/../libexec/gcc/arm-none-eabi/15.3.1/cc1 -quiet <flags> -o build/emerald-test/src/battle_interface.o src/battle_interface.c
/Users/ericguthrie/Documents/ChatGPT/Emerald/emerald-champions/work/toolchain/arm-expanded/Payload/bin/../libexec/gcc/arm-none-eabi/15.3.1/cc1 -quiet <flags> -o build/emerald-test/src/battle_intro.o src/battle_intro.c
/Users/ericguthrie/Documents/ChatGPT/Emerald/emerald-champions/work/toolchain/arm-expanded/Payload/bin/../libexec/gcc/arm-none-eabi/15.3.1/cc1 -quiet <flags> -o build/emerald-test/src/battle_main.o src/battle_main.c
/Users/ericguthrie/Documents/ChatGPT/Emerald/emerald-champions/work/toolchain/arm-expanded/Payload/bin/../libexec/gcc/arm-none-eabi/15.3.1/cc1 -quiet <flags> -o build/emerald-test/src/battle_message.o src/battle_message.c
/Users/ericguthrie/Documents/ChatGPT/Emerald/emerald-champions/work/toolchain/arm-expanded/Payload/bin/../libexec/gcc/arm-none-eabi/15.3.1/cc1 -quiet <flags> -o build/emerald-test/src/battle_move_resolution.o src/battle_move_resolution.c
/Users/ericguthrie/Documents/ChatGPT/Emerald/emerald-champions/work/toolchain/arm-expanded/Payload/bin/../libexec/gcc/arm-none-eabi/15.3.1/cc1 -quiet <flags> -o build/emerald-test/src/battle_palace.o src/battle_palace.c
/Users/ericguthrie/Documents/ChatGPT/Emerald/emerald-champions/work/toolchain/arm-expanded/Payload/bin/../libexec/gcc/arm-none-eabi/15.3.1/cc1 -quiet <flags> -o build/emerald-test/src/battle_partner.o src/battle_partner.c
/Users/ericguthrie/Documents/ChatGPT/Emerald/emerald-champions/work/toolchain/arm-expanded/Payload/bin/../libexec/gcc/arm-none-eabi/15.3.1/cc1 -quiet <flags> -o build/emerald-test/src/battle_pike.o src/battle_pike.c
/Users/ericguthrie/Documents/ChatGPT/Emerald/emerald-champions/work/toolchain/arm-expanded/Payload/bin/../libexec/gcc/arm-none-eabi/15.3.1/cc1 -quiet <flags> -o build/emerald-test/src/battle_pyramid.o src/battle_pyramid.c
/Users/ericguthrie/Documents/ChatGPT/Emerald/emerald-champions/work/toolchain/arm-expanded/Payload/bin/../libexec/gcc/arm-none-eabi/15.3.1/cc1 -quiet <flags> -o build/emerald-test/src/battle_pyramid_bag.o src/battle_pyramid_bag.c
/Users/ericguthrie/Documents/ChatGPT/Emerald/emerald-champions/work/toolchain/arm-expanded/Payload/bin/../libexec/gcc/arm-none-eabi/15.3.1/cc1 -quiet <flags> -o build/emerald-test/src/battle_records.o src/battle_records.c
/Users/ericguthrie/Documents/ChatGPT/Emerald/emerald-champions/work/toolchain/arm-expanded/Payload/bin/../libexec/gcc/arm-none-eabi/15.3.1/cc1 -quiet <flags> -o build/emerald-test/src/battle_script_commands.o src/battle_script_commands.c
/Users/ericguthrie/Documents/ChatGPT/Emerald/emerald-champions/work/toolchain/arm-expanded/Payload/bin/../libexec/gcc/arm-none-eabi/15.3.1/cc1 -quiet <flags> -o build/emerald-test/src/battle_set_effect.o src/battle_set_effect.c
/Users/ericguthrie/Documents/ChatGPT/Emerald/emerald-champions/work/toolchain/arm-expanded/Payload/bin/../libexec/gcc/arm-none-eabi/15.3.1/cc1 -quiet <flags> -o build/emerald-test/src/battle_setup.o src/battle_setup.c
/Users/ericguthrie/Documents/ChatGPT/Emerald/emerald-champions/work/toolchain/arm-expanded/Payload/bin/../libexec/gcc/arm-none-eabi/15.3.1/cc1 -quiet <flags> -o build/emerald-test/src/battle_special.o src/battle_special.c
/Users/ericguthrie/Documents/ChatGPT/Emerald/emerald-champions/work/toolchain/arm-expanded/Payload/bin/../libexec/gcc/arm-none-eabi/15.3.1/cc1 -quiet <flags> -o build/emerald-test/src/battle_stat_change.o src/battle_stat_change.c
/Users/ericguthrie/Documents/ChatGPT/Emerald/emerald-champions/work/toolchain/arm-expanded/Payload/bin/../libexec/gcc/arm-none-eabi/15.3.1/cc1 -quiet <flags> -o build/emerald-test/src/battle_switch_in.o src/battle_switch_in.c
/Users/ericguthrie/Documents/ChatGPT/Emerald/emerald-champions/work/toolchain/arm-expanded/Payload/bin/../libexec/gcc/arm-none-eabi/15.3.1/cc1 -quiet <flags> -o build/emerald-test/src/battle_tent.o src/battle_tent.c
/Users/ericguthrie/Documents/ChatGPT/Emerald/emerald-champions/work/toolchain/arm-expanded/Payload/bin/../libexec/gcc/arm-none-eabi/15.3.1/cc1 -quiet <flags> -o build/emerald-test/src/battle_terastal.o src/battle_terastal.c
/Users/ericguthrie/Documents/ChatGPT/Emerald/emerald-champions/work/toolchain/arm-expanded/Payload/bin/../libexec/gcc/arm-none-eabi/15.3.1/cc1 -quiet <flags> -o build/emerald-test/src/battle_tower.o src/battle_tower.c
/Users/ericguthrie/Documents/ChatGPT/Emerald/emerald-champions/work/toolchain/arm-expanded/Payload/bin/../libexec/gcc/arm-none-eabi/15.3.1/cc1 -quiet <flags> -o build/emerald-test/src/battle_transition.o src/battle_transition.c
/Users/ericguthrie/Documents/ChatGPT/Emerald/emerald-champions/work/toolchain/arm-expanded/Payload/bin/../libexec/gcc/arm-none-eabi/15.3.1/cc1 -quiet <flags> -o build/emerald-test/src/battle_transition_frontier.o src/battle_transition_frontier.c
/Users/ericguthrie/Documents/ChatGPT/Emerald/emerald-champions/work/toolchain/arm-expanded/Payload/bin/../libexec/gcc/arm-none-eabi/15.3.1/cc1 -quiet <flags> -o build/emerald-test/src/battle_tv.o src/battle_tv.c
/Users/ericguthrie/Documents/ChatGPT/Emerald/emerald-champions/work/toolchain/arm-expanded/Payload/bin/../libexec/gcc/arm-none-eabi/15.3.1/cc1 -quiet <flags> -o build/emerald-test/src/battle_util.o src/battle_util.c
/Users/ericguthrie/Documents/ChatGPT/Emerald/emerald-champions/work/toolchain/arm-expanded/Payload/bin/../libexec/gcc/arm-none-eabi/15.3.1/cc1 -quiet <flags> -o build/emerald-test/src/battle_util2.o src/battle_util2.c
/Users/ericguthrie/Documents/ChatGPT/Emerald/emerald-champions/work/toolchain/arm-expanded/Payload/bin/../libexec/gcc/arm-none-eabi/15.3.1/cc1 -quiet <flags> -o build/emerald-test/src/battle_z_move.o src/battle_z_move.c
/Users/ericguthrie/Documents/ChatGPT/Emerald/emerald-champions/work/toolchain/arm-expanded/Payload/bin/../libexec/gcc/arm-none-eabi/15.3.1/cc1 -quiet <flags> -o build/emerald-test/src/berry.o src/berry.c
/Users/ericguthrie/Documents/ChatGPT/Emerald/emerald-champions/work/toolchain/arm-expanded/Payload/bin/../libexec/gcc/arm-none-eabi/15.3.1/cc1 -quiet <flags> -o build/emerald-test/src/berry_blender.o src/berry_blender.c
/Users/ericguthrie/Documents/ChatGPT/Emerald/emerald-champions/work/toolchain/arm-expanded/Payload/bin/../libexec/gcc/arm-none-eabi/15.3.1/cc1 -quiet <flags> -o build/emerald-test/src/berry_crush.o src/berry_crush.c
/Users/ericguthrie/Documents/ChatGPT/Emerald/emerald-champions/work/toolchain/arm-expanded/Payload/bin/../libexec/gcc/arm-none-eabi/15.3.1/cc1 -quiet <flags> -o build/emerald-test/src/berry_fix_program.o src/berry_fix_program.c
/Users/ericguthrie/Documents/ChatGPT/Emerald/emerald-champions/work/toolchain/arm-expanded/Payload/bin/../libexec/gcc/arm-none-eabi/15.3.1/cc1 -quiet <flags> -o build/emerald-test/src/berry_powder.o src/berry_powder.c
/Users/ericguthrie/Documents/ChatGPT/Emerald/emerald-champions/work/toolchain/arm-expanded/Payload/bin/../libexec/gcc/arm-none-eabi/15.3.1/cc1 -quiet <flags> -o build/emerald-test/src/berry_tag_screen.o src/berry_tag_screen.c
/Users/ericguthrie/Documents/ChatGPT/Emerald/emerald-champions/work/toolchain/arm-expanded/Payload/bin/../libexec/gcc/arm-none-eabi/15.3.1/cc1 -quiet <flags> -o build/emerald-test/src/bg.o src/bg.c
/Users/ericguthrie/Documents/ChatGPT/Emerald/emerald-champions/work/toolchain/arm-expanded/Payload/bin/../libexec/gcc/arm-none-eabi/15.3.1/cc1 -quiet <flags> -o build/emerald-test/src/bike.o src/bike.c
/Users/ericguthrie/Documents/ChatGPT/Emerald/emerald-champions/work/toolchain/arm-expanded/Payload/bin/../libexec/gcc/arm-none-eabi/15.3.1/cc1 -quiet <flags> -o build/emerald-test/src/birch_pc.o src/birch_pc.c
/Users/ericguthrie/Documents/ChatGPT/Emerald/emerald-champions/work/toolchain/arm-expanded/Payload/bin/../libexec/gcc/arm-none-eabi/15.3.1/cc1 -quiet <flags> -o build/emerald-test/src/blit.o src/blit.c
/Users/ericguthrie/Documents/ChatGPT/Emerald/emerald-champions/work/toolchain/arm-expanded/Payload/bin/../libexec/gcc/arm-none-eabi/15.3.1/cc1 -quiet <flags> -o build/emerald-test/src/braille.o src/braille.c
/Users/ericguthrie/Documents/ChatGPT/Emerald/emerald-champions/work/toolchain/arm-expanded/Payload/bin/../libexec/gcc/arm-none-eabi/15.3.1/cc1 -quiet <flags> -o build/emerald-test/src/braille_puzzles.o src/braille_puzzles.c
/Users/ericguthrie/Documents/ChatGPT/Emerald/emerald-champions/work/toolchain/arm-expanded/Payload/bin/../libexec/gcc/arm-none-eabi/15.3.1/cc1 -quiet <flags> -o build/emerald-test/src/cable_car.o src/cable_car.c
/Users/ericguthrie/Documents/ChatGPT/Emerald/emerald-champions/work/toolchain/arm-expanded/Payload/bin/../libexec/gcc/arm-none-eabi/15.3.1/cc1 -quiet <flags> -o build/emerald-test/src/cable_club.o src/cable_club.c
/Users/ericguthrie/Documents/ChatGPT/Emerald/emerald-champions/work/toolchain/arm-expanded/Payload/bin/../libexec/gcc/arm-none-eabi/15.3.1/cc1 -quiet <flags> -o build/emerald-test/src/caps.o src/caps.c
/Users/ericguthrie/Documents/ChatGPT/Emerald/emerald-champions/work/toolchain/arm-expanded/Payload/bin/../libexec/gcc/arm-none-eabi/15.3.1/cc1 -quiet <flags> -o build/emerald-test/src/champions_circuit.o src/champions_circuit.c
/Users/ericguthrie/Documents/ChatGPT/Emerald/emerald-champions/work/toolchain/arm-expanded/Payload/bin/../libexec/gcc/arm-none-eabi/15.3.1/cc1 -quiet <flags> -o build/emerald-test/src/chooseboxmon.o src/chooseboxmon.c
/Users/ericguthrie/Documents/ChatGPT/Emerald/emerald-champions/work/toolchain/arm-expanded/Payload/bin/../libexec/gcc/arm-none-eabi/15.3.1/cc1 -quiet <flags> -o build/emerald-test/src/clear_save_data_screen.o src/clear_save_data_screen.c
/Users/ericguthrie/Documents/ChatGPT/Emerald/emerald-champions/work/toolchain/arm-expanded/Payload/bin/../libexec/gcc/arm-none-eabi/15.3.1/cc1 -quiet <flags> -o build/emerald-test/src/clock.o src/clock.c
/Users/ericguthrie/Documents/ChatGPT/Emerald/emerald-champions/work/toolchain/arm-expanded/Payload/bin/../libexec/gcc/arm-none-eabi/15.3.1/cc1 -quiet <flags> -o build/emerald-test/src/coins.o src/coins.c
/Users/ericguthrie/Documents/ChatGPT/Emerald/emerald-champions/work/toolchain/arm-expanded/Payload/bin/../libexec/gcc/arm-none-eabi/15.3.1/cc1 -quiet <flags> -o build/emerald-test/src/confetti_util.o src/confetti_util.c
/Users/ericguthrie/Documents/ChatGPT/Emerald/emerald-champions/work/toolchain/arm-expanded/Payload/bin/../libexec/gcc/arm-none-eabi/15.3.1/cc1 -quiet <flags> -o build/emerald-test/src/config_changes.o src/config_changes.c
/Users/ericguthrie/Documents/ChatGPT/Emerald/emerald-champions/work/toolchain/arm-expanded/Payload/bin/../libexec/gcc/arm-none-eabi/15.3.1/cc1 -quiet <flags> -o build/emerald-test/src/contest.o src/contest.c
/Users/ericguthrie/Documents/ChatGPT/Emerald/emerald-champions/work/toolchain/arm-expanded/Payload/bin/../libexec/gcc/arm-none-eabi/15.3.1/cc1 -quiet <flags> -o build/emerald-test/src/contest_ai.o src/contest_ai.c
/Users/ericguthrie/Documents/ChatGPT/Emerald/emerald-champions/work/toolchain/arm-expanded/Payload/bin/../libexec/gcc/arm-none-eabi/15.3.1/cc1 -quiet <flags> -o build/emerald-test/src/contest_effect.o src/contest_effect.c
/Users/ericguthrie/Documents/ChatGPT/Emerald/emerald-champions/work/toolchain/arm-expanded/Payload/bin/../libexec/gcc/arm-none-eabi/15.3.1/cc1 -quiet <flags> -o build/emerald-test/src/contest_link.o src/contest_link.c
/Users/ericguthrie/Documents/ChatGPT/Emerald/emerald-champions/work/toolchain/arm-expanded/Payload/bin/../libexec/gcc/arm-none-eabi/15.3.1/cc1 -quiet <flags> -o build/emerald-test/src/contest_link_util.o src/contest_link_util.c
/Users/ericguthrie/Documents/ChatGPT/Emerald/emerald-champions/work/toolchain/arm-expanded/Payload/bin/../libexec/gcc/arm-none-eabi/15.3.1/cc1 -quiet <flags> -o build/emerald-test/src/contest_painting.o src/contest_painting.c
/Users/ericguthrie/Documents/ChatGPT/Emerald/emerald-champions/work/toolchain/arm-expanded/Payload/bin/../libexec/gcc/arm-none-eabi/15.3.1/cc1 -quiet <flags> -o build/emerald-test/src/contest_util.o src/contest_util.c
/Users/ericguthrie/Documents/ChatGPT/Emerald/emerald-champions/work/toolchain/arm-expanded/Payload/bin/../libexec/gcc/arm-none-eabi/15.3.1/cc1 -quiet <flags> -o build/emerald-test/src/coord_event_weather.o src/coord_event_weather.c
/Users/ericguthrie/Documents/ChatGPT/Emerald/emerald-champions/work/toolchain/arm-expanded/Payload/bin/../libexec/gcc/arm-none-eabi/15.3.1/cc1 -quiet <flags> -o build/emerald-test/src/credits.o src/credits.c
/Users/ericguthrie/Documents/ChatGPT/Emerald/emerald-champions/work/toolchain/arm-expanded/Payload/bin/../libexec/gcc/arm-none-eabi/15.3.1/cc1 -quiet <flags> -o build/emerald-test/src/credits_frlg.o src/credits_frlg.c
/Users/ericguthrie/Documents/ChatGPT/Emerald/emerald-champions/work/toolchain/arm-expanded/Payload/bin/../libexec/gcc/arm-none-eabi/15.3.1/cc1 -quiet <flags> -o build/emerald-test/src/data.o src/data.c
/Users/ericguthrie/Documents/ChatGPT/Emerald/emerald-champions/work/toolchain/arm-expanded/Payload/bin/../libexec/gcc/arm-none-eabi/15.3.1/cc1 -quiet <flags> -o build/emerald-test/src/datetime.o src/datetime.c
/Users/ericguthrie/Documents/ChatGPT/Emerald/emerald-champions/work/toolchain/arm-expanded/Payload/bin/../libexec/gcc/arm-none-eabi/15.3.1/cc1 -quiet <flags> -o build/emerald-test/src/daycare.o src/daycare.c
/Users/ericguthrie/Documents/ChatGPT/Emerald/emerald-champions/work/toolchain/arm-expanded/Payload/bin/../libexec/gcc/arm-none-eabi/15.3.1/cc1 -quiet <flags> -o build/emerald-test/src/debug.o src/debug.c
/Users/ericguthrie/Documents/ChatGPT/Emerald/emerald-champions/work/toolchain/arm-expanded/Payload/bin/../libexec/gcc/arm-none-eabi/15.3.1/cc1 -quiet <flags> -o build/emerald-test/src/decompress.o src/decompress.c
/Users/ericguthrie/Documents/ChatGPT/Emerald/emerald-champions/work/toolchain/arm-expanded/Payload/bin/../libexec/gcc/arm-none-eabi/15.3.1/cc1 -quiet <flags> -o build/emerald-test/src/decompress_error_handler.o src/decompress_error_handler.c
/Users/ericguthrie/Documents/ChatGPT/Emerald/emerald-champions/work/toolchain/arm-expanded/Payload/bin/../libexec/gcc/arm-none-eabi/15.3.1/cc1 -quiet <flags> -o build/emerald-test/src/decoration.o src/decoration.c
/Users/ericguthrie/Documents/ChatGPT/Emerald/emerald-champions/work/toolchain/arm-expanded/Payload/bin/../libexec/gcc/arm-none-eabi/15.3.1/cc1 -quiet <flags> -o build/emerald-test/src/decoration_inventory.o src/decoration_inventory.c
/Users/ericguthrie/Documents/ChatGPT/Emerald/emerald-champions/work/toolchain/arm-expanded/Payload/bin/../libexec/gcc/arm-none-eabi/15.3.1/cc1 -quiet <flags> -o build/emerald-test/src/dewford_trend.o src/dewford_trend.c
/Users/ericguthrie/Documents/ChatGPT/Emerald/emerald-champions/work/toolchain/arm-expanded/Payload/bin/../libexec/gcc/arm-none-eabi/15.3.1/cc1 -quiet <flags> -o build/emerald-test/src/dexnav.o src/dexnav.c
/Users/ericguthrie/Documents/ChatGPT/Emerald/emerald-champions/work/toolchain/arm-expanded/Payload/bin/../libexec/gcc/arm-none-eabi/15.3.1/cc1 -quiet <flags> -o build/emerald-test/src/difficulty.o src/difficulty.c
/Users/ericguthrie/Documents/ChatGPT/Emerald/emerald-champions/work/toolchain/arm-expanded/Payload/bin/../libexec/gcc/arm-none-eabi/15.3.1/cc1 -quiet <flags> -o build/emerald-test/src/digit_obj_util.o src/digit_obj_util.c
/Users/ericguthrie/Documents/ChatGPT/Emerald/emerald-champions/work/toolchain/arm-expanded/Payload/bin/../libexec/gcc/arm-none-eabi/15.3.1/cc1 -quiet <flags> -o build/emerald-test/src/diploma.o src/diploma.c
/Users/ericguthrie/Documents/ChatGPT/Emerald/emerald-champions/work/toolchain/arm-expanded/Payload/bin/../libexec/gcc/arm-none-eabi/15.3.1/cc1 -quiet <flags> -o build/emerald-test/src/dma3_manager.o src/dma3_manager.c
/Users/ericguthrie/Documents/ChatGPT/Emerald/emerald-champions/work/toolchain/arm-expanded/Payload/bin/../libexec/gcc/arm-none-eabi/15.3.1/cc1 -quiet <flags> -o build/emerald-test/src/dodrio_berry_picking.o src/dodrio_berry_picking.c
/Users/ericguthrie/Documents/ChatGPT/Emerald/emerald-champions/work/toolchain/arm-expanded/Payload/bin/../libexec/gcc/arm-none-eabi/15.3.1/cc1 -quiet <flags> -o build/emerald-test/src/dynamic_placeholder_text_util.o src/dynamic_placeholder_text_util.c
/Users/ericguthrie/Documents/ChatGPT/Emerald/emerald-champions/work/toolchain/arm-expanded/Payload/bin/../libexec/gcc/arm-none-eabi/15.3.1/cc1 -quiet <flags> -o build/emerald-test/src/easy_chat.o src/easy_chat.c
/Users/ericguthrie/Documents/ChatGPT/Emerald/emerald-champions/work/toolchain/arm-expanded/Payload/bin/../libexec/gcc/arm-none-eabi/15.3.1/cc1 -quiet <flags> -o build/emerald-test/src/egg_hatch.o src/egg_hatch.c
/Users/ericguthrie/Documents/ChatGPT/Emerald/emerald-champions/work/toolchain/arm-expanded/Payload/bin/../libexec/gcc/arm-none-eabi/15.3.1/cc1 -quiet <flags> -o build/emerald-test/src/emerald_champions_agent_prep.o src/emerald_champions_agent_prep.c
/Users/ericguthrie/Documents/ChatGPT/Emerald/emerald-champions/work/toolchain/arm-expanded/Payload/bin/../libexec/gcc/arm-none-eabi/15.3.1/cc1 -quiet <flags> -o build/emerald-test/src/emerald_champions_battle_plan.o src/emerald_champions_battle_plan.c
/Users/ericguthrie/Documents/ChatGPT/Emerald/emerald-champions/work/toolchain/arm-expanded/Payload/bin/../libexec/gcc/arm-none-eabi/15.3.1/cc1 -quiet <flags> -o build/emerald-test/src/emerald_champions_battle_sets.o src/emerald_champions_battle_sets.c
/Users/ericguthrie/Documents/ChatGPT/Emerald/emerald-champions/work/toolchain/arm-expanded/Payload/bin/../libexec/gcc/arm-none-eabi/15.3.1/cc1 -quiet <flags> -o build/emerald-test/src/emerald_champions_headless.o src/emerald_champions_headless.c
/Users/ericguthrie/Documents/ChatGPT/Emerald/emerald-champions/work/toolchain/arm-expanded/Payload/bin/../libexec/gcc/arm-none-eabi/15.3.1/cc1 -quiet <flags> -o build/emerald-test/src/emerald_champions_opening.o src/emerald_champions_opening.c
/Users/ericguthrie/Documents/ChatGPT/Emerald/emerald-champions/work/toolchain/arm-expanded/Payload/bin/../libexec/gcc/arm-none-eabi/15.3.1/cc1 -quiet <flags> -o build/emerald-test/src/emerald_champions_perish.o src/emerald_champions_perish.c
/Users/ericguthrie/Documents/ChatGPT/Emerald/emerald-champions/work/toolchain/arm-expanded/Payload/bin/../libexec/gcc/arm-none-eabi/15.3.1/cc1 -quiet <flags> -o build/emerald-test/src/ereader_helpers.o src/ereader_helpers.c
/Users/ericguthrie/Documents/ChatGPT/Emerald/emerald-champions/work/toolchain/arm-expanded/Payload/bin/../libexec/gcc/arm-none-eabi/15.3.1/cc1 -quiet <flags> -o build/emerald-test/src/ereader_screen.o src/ereader_screen.c
/Users/ericguthrie/Documents/ChatGPT/Emerald/emerald-champions/work/toolchain/arm-expanded/Payload/bin/../libexec/gcc/arm-none-eabi/15.3.1/cc1 -quiet <flags> -o build/emerald-test/src/event_data.o src/event_data.c
/Users/ericguthrie/Documents/ChatGPT/Emerald/emerald-champions/work/toolchain/arm-expanded/Payload/bin/../libexec/gcc/arm-none-eabi/15.3.1/cc1 -quiet <flags> -o build/emerald-test/src/event_object_lock.o src/event_object_lock.c
/Users/ericguthrie/Documents/ChatGPT/Emerald/emerald-champions/work/toolchain/arm-expanded/Payload/bin/../libexec/gcc/arm-none-eabi/15.3.1/cc1 -quiet <flags> -o build/emerald-test/src/event_object_movement.o src/event_object_movement.c
/Users/ericguthrie/Documents/ChatGPT/Emerald/emerald-champions/work/toolchain/arm-expanded/Payload/bin/../libexec/gcc/arm-none-eabi/15.3.1/cc1 -quiet <flags> -o build/emerald-test/src/evolution_graphics.o src/evolution_graphics.c
/Users/ericguthrie/Documents/ChatGPT/Emerald/emerald-champions/work/toolchain/arm-expanded/Payload/bin/../libexec/gcc/arm-none-eabi/15.3.1/cc1 -quiet <flags> -o build/emerald-test/src/evolution_scene.o src/evolution_scene.c
/Users/ericguthrie/Documents/ChatGPT/Emerald/emerald-champions/work/toolchain/arm-expanded/Payload/bin/../libexec/gcc/arm-none-eabi/15.3.1/cc1 -quiet <flags> -o build/emerald-test/src/expansion_intro.o src/expansion_intro.c
/Users/ericguthrie/Documents/ChatGPT/Emerald/emerald-champions/work/toolchain/arm-expanded/Payload/bin/../libexec/gcc/arm-none-eabi/15.3.1/cc1 -quiet <flags> -o build/emerald-test/src/fake_rtc.o src/fake_rtc.c
/Users/ericguthrie/Documents/ChatGPT/Emerald/emerald-champions/work/toolchain/arm-expanded/Payload/bin/../libexec/gcc/arm-none-eabi/15.3.1/cc1 -quiet <flags> -o build/emerald-test/src/fame_checker.o src/fame_checker.c
/Users/ericguthrie/Documents/ChatGPT/Emerald/emerald-champions/work/toolchain/arm-expanded/Payload/bin/../libexec/gcc/arm-none-eabi/15.3.1/cc1 -quiet <flags> -o build/emerald-test/src/faraway_island.o src/faraway_island.c
/Users/ericguthrie/Documents/ChatGPT/Emerald/emerald-champions/work/toolchain/arm-expanded/Payload/bin/../libexec/gcc/arm-none-eabi/15.3.1/cc1 -quiet <flags> -o build/emerald-test/src/field_camera.o src/field_camera.c
/Users/ericguthrie/Documents/ChatGPT/Emerald/emerald-champions/work/toolchain/arm-expanded/Payload/bin/../libexec/gcc/arm-none-eabi/15.3.1/cc1 -quiet <flags> -o build/emerald-test/src/field_control_avatar.o src/field_control_avatar.c
/Users/ericguthrie/Documents/ChatGPT/Emerald/emerald-champions/work/toolchain/arm-expanded/Payload/bin/../libexec/gcc/arm-none-eabi/15.3.1/cc1 -quiet <flags> -o build/emerald-test/src/field_door.o src/field_door.c
/Users/ericguthrie/Documents/ChatGPT/Emerald/emerald-champions/work/toolchain/arm-expanded/Payload/bin/../libexec/gcc/arm-none-eabi/15.3.1/cc1 -quiet <flags> -o build/emerald-test/src/field_effect.o src/field_effect.c
/Users/ericguthrie/Documents/ChatGPT/Emerald/emerald-champions/work/toolchain/arm-expanded/Payload/bin/../libexec/gcc/arm-none-eabi/15.3.1/cc1 -quiet <flags> -o build/emerald-test/src/field_effect_helpers.o src/field_effect_helpers.c
/Users/ericguthrie/Documents/ChatGPT/Emerald/emerald-champions/work/toolchain/arm-expanded/Payload/bin/../libexec/gcc/arm-none-eabi/15.3.1/cc1 -quiet <flags> -o build/emerald-test/src/field_message_box.o src/field_message_box.c
/Users/ericguthrie/Documents/ChatGPT/Emerald/emerald-champions/work/toolchain/arm-expanded/Payload/bin/../libexec/gcc/arm-none-eabi/15.3.1/cc1 -quiet <flags> -o build/emerald-test/src/field_move.o src/field_move.c
/Users/ericguthrie/Documents/ChatGPT/Emerald/emerald-champions/work/toolchain/arm-expanded/Payload/bin/../libexec/gcc/arm-none-eabi/15.3.1/cc1 -quiet <flags> -o build/emerald-test/src/field_name_box.o src/field_name_box.c
/Users/ericguthrie/Documents/ChatGPT/Emerald/emerald-champions/work/toolchain/arm-expanded/Payload/bin/../libexec/gcc/arm-none-eabi/15.3.1/cc1 -quiet <flags> -o build/emerald-test/src/field_player_avatar.o src/field_player_avatar.c
/Users/ericguthrie/Documents/ChatGPT/Emerald/emerald-champions/work/toolchain/arm-expanded/Payload/bin/../libexec/gcc/arm-none-eabi/15.3.1/cc1 -quiet <flags> -o build/emerald-test/src/field_poison.o src/field_poison.c
/Users/ericguthrie/Documents/ChatGPT/Emerald/emerald-champions/work/toolchain/arm-expanded/Payload/bin/../libexec/gcc/arm-none-eabi/15.3.1/cc1 -quiet <flags> -o build/emerald-test/src/field_region_map.o src/field_region_map.c
/Users/ericguthrie/Documents/ChatGPT/Emerald/emerald-champions/work/toolchain/arm-expanded/Payload/bin/../libexec/gcc/arm-none-eabi/15.3.1/cc1 -quiet <flags> -o build/emerald-test/src/field_screen_effect.o src/field_screen_effect.c
/Users/ericguthrie/Documents/ChatGPT/Emerald/emerald-champions/work/toolchain/arm-expanded/Payload/bin/../libexec/gcc/arm-none-eabi/15.3.1/cc1 -quiet <flags> -o build/emerald-test/src/field_special_scene.o src/field_special_scene.c
/Users/ericguthrie/Documents/ChatGPT/Emerald/emerald-champions/work/toolchain/arm-expanded/Payload/bin/../libexec/gcc/arm-none-eabi/15.3.1/cc1 -quiet <flags> -o build/emerald-test/src/field_specials.o src/field_specials.c
/Users/ericguthrie/Documents/ChatGPT/Emerald/emerald-champions/work/toolchain/arm-expanded/Payload/bin/../libexec/gcc/arm-none-eabi/15.3.1/cc1 -quiet <flags> -o build/emerald-test/src/field_tasks.o src/field_tasks.c
/Users/ericguthrie/Documents/ChatGPT/Emerald/emerald-champions/work/toolchain/arm-expanded/Payload/bin/../libexec/gcc/arm-none-eabi/15.3.1/cc1 -quiet <flags> -o build/emerald-test/src/field_weather.o src/field_weather.c
/Users/ericguthrie/Documents/ChatGPT/Emerald/emerald-champions/work/toolchain/arm-expanded/Payload/bin/../libexec/gcc/arm-none-eabi/15.3.1/cc1 -quiet <flags> -o build/emerald-test/src/field_weather_effect.o src/field_weather_effect.c
/Users/ericguthrie/Documents/ChatGPT/Emerald/emerald-champions/work/toolchain/arm-expanded/Payload/bin/../libexec/gcc/arm-none-eabi/15.3.1/cc1 -quiet <flags> -o build/emerald-test/src/fieldmap.o src/fieldmap.c
/Users/ericguthrie/Documents/ChatGPT/Emerald/emerald-champions/work/toolchain/arm-expanded/Payload/bin/../libexec/gcc/arm-none-eabi/15.3.1/cc1 -quiet <flags> -o build/emerald-test/src/fishing.o src/fishing.c
/Users/ericguthrie/Documents/ChatGPT/Emerald/emerald-champions/work/toolchain/arm-expanded/Payload/bin/../libexec/gcc/arm-none-eabi/15.3.1/cc1 -quiet <flags> -o build/emerald-test/src/fldeff_cut.o src/fldeff_cut.c
/Users/ericguthrie/Documents/ChatGPT/Emerald/emerald-champions/work/toolchain/arm-expanded/Payload/bin/../libexec/gcc/arm-none-eabi/15.3.1/cc1 -quiet <flags> -o build/emerald-test/src/fldeff_defog.o src/fldeff_defog.c
/Users/ericguthrie/Documents/ChatGPT/Emerald/emerald-champions/work/toolchain/arm-expanded/Payload/bin/../libexec/gcc/arm-none-eabi/15.3.1/cc1 -quiet <flags> -o build/emerald-test/src/fldeff_dig.o src/fldeff_dig.c
/Users/ericguthrie/Documents/ChatGPT/Emerald/emerald-champions/work/toolchain/arm-expanded/Payload/bin/../libexec/gcc/arm-none-eabi/15.3.1/cc1 -quiet <flags> -o build/emerald-test/src/fldeff_escalator.o src/fldeff_escalator.c
/Users/ericguthrie/Documents/ChatGPT/Emerald/emerald-champions/work/toolchain/arm-expanded/Payload/bin/../libexec/gcc/arm-none-eabi/15.3.1/cc1 -quiet <flags> -o build/emerald-test/src/fldeff_flash.o src/fldeff_flash.c
/Users/ericguthrie/Documents/ChatGPT/Emerald/emerald-champions/work/toolchain/arm-expanded/Payload/bin/../libexec/gcc/arm-none-eabi/15.3.1/cc1 -quiet <flags> -o build/emerald-test/src/fldeff_misc.o src/fldeff_misc.c
/Users/ericguthrie/Documents/ChatGPT/Emerald/emerald-champions/work/toolchain/arm-expanded/Payload/bin/../libexec/gcc/arm-none-eabi/15.3.1/cc1 -quiet <flags> -o build/emerald-test/src/fldeff_rocksmash.o src/fldeff_rocksmash.c
/Users/ericguthrie/Documents/ChatGPT/Emerald/emerald-champions/work/toolchain/arm-expanded/Payload/bin/../libexec/gcc/arm-none-eabi/15.3.1/cc1 -quiet <flags> -o build/emerald-test/src/fldeff_softboiled.o src/fldeff_softboiled.c
/Users/ericguthrie/Documents/ChatGPT/Emerald/emerald-champions/work/toolchain/arm-expanded/Payload/bin/../libexec/gcc/arm-none-eabi/15.3.1/cc1 -quiet <flags> -o build/emerald-test/src/fldeff_strength.o src/fldeff_strength.c
/Users/ericguthrie/Documents/ChatGPT/Emerald/emerald-champions/work/toolchain/arm-expanded/Payload/bin/../libexec/gcc/arm-none-eabi/15.3.1/cc1 -quiet <flags> -o build/emerald-test/src/fldeff_sweetscent.o src/fldeff_sweetscent.c
/Users/ericguthrie/Documents/ChatGPT/Emerald/emerald-champions/work/toolchain/arm-expanded/Payload/bin/../libexec/gcc/arm-none-eabi/15.3.1/cc1 -quiet <flags> -o build/emerald-test/src/fldeff_teleport.o src/fldeff_teleport.c
/Users/ericguthrie/Documents/ChatGPT/Emerald/emerald-champions/work/toolchain/arm-expanded/Payload/bin/../libexec/gcc/arm-none-eabi/15.3.1/cc1 -quiet <flags> -o build/emerald-test/src/follower_helper.o src/follower_helper.c
/Users/ericguthrie/Documents/ChatGPT/Emerald/emerald-champions/work/toolchain/arm-expanded/Payload/bin/../libexec/gcc/arm-none-eabi/15.3.1/cc1 -quiet <flags> -o build/emerald-test/src/follower_npc.o src/follower_npc.c
/Users/ericguthrie/Documents/ChatGPT/Emerald/emerald-champions/work/toolchain/arm-expanded/Payload/bin/../libexec/gcc/arm-none-eabi/15.3.1/cc1 -quiet <flags> -o build/emerald-test/src/fonts.o src/fonts.c
/Users/ericguthrie/Documents/ChatGPT/Emerald/emerald-champions/work/toolchain/arm-expanded/Payload/bin/../libexec/gcc/arm-none-eabi/15.3.1/cc1 -quiet <flags> -o build/emerald-test/src/frontier_pass.o src/frontier_pass.c
/Users/ericguthrie/Documents/ChatGPT/Emerald/emerald-champions/work/toolchain/arm-expanded/Payload/bin/../libexec/gcc/arm-none-eabi/15.3.1/cc1 -quiet <flags> -o build/emerald-test/src/frontier_util.o src/frontier_util.c
/Users/ericguthrie/Documents/ChatGPT/Emerald/emerald-champions/work/toolchain/arm-expanded/Payload/bin/../libexec/gcc/arm-none-eabi/15.3.1/cc1 -quiet <flags> -o build/emerald-test/src/give_gift_ribbon_to_party.o src/give_gift_ribbon_to_party.c
/Users/ericguthrie/Documents/ChatGPT/Emerald/emerald-champions/work/toolchain/arm-expanded/Payload/bin/../libexec/gcc/arm-none-eabi/15.3.1/cc1 -quiet <flags> -o build/emerald-test/src/gpu_regs.o src/gpu_regs.c
/Users/ericguthrie/Documents/ChatGPT/Emerald/emerald-champions/work/toolchain/arm-expanded/Payload/bin/../libexec/gcc/arm-none-eabi/15.3.1/cc1 -quiet <flags> -o build/emerald-test/src/graphics.o src/graphics.c
/Users/ericguthrie/Documents/ChatGPT/Emerald/emerald-champions/work/toolchain/arm-expanded/Payload/bin/../libexec/gcc/arm-none-eabi/15.3.1/cc1 -quiet <flags> -o build/emerald-test/src/gym_leader_rematch.o src/gym_leader_rematch.c
/Users/ericguthrie/Documents/ChatGPT/Emerald/emerald-champions/work/toolchain/arm-expanded/Payload/bin/../libexec/gcc/arm-none-eabi/15.3.1/cc1 -quiet <flags> -o build/emerald-test/src/hall_of_fame.o src/hall_of_fame.c
/Users/ericguthrie/Documents/ChatGPT/Emerald/emerald-champions/work/toolchain/arm-expanded/Payload/bin/../libexec/gcc/arm-none-eabi/15.3.1/cc1 -quiet <flags> -o build/emerald-test/src/hall_of_fame_frlg.o src/hall_of_fame_frlg.c
/Users/ericguthrie/Documents/ChatGPT/Emerald/emerald-champions/work/toolchain/arm-expanded/Payload/bin/../libexec/gcc/arm-none-eabi/15.3.1/cc1 -quiet <flags> -o build/emerald-test/src/heal_location.o src/heal_location.c
/Users/ericguthrie/Documents/ChatGPT/Emerald/emerald-champions/work/toolchain/arm-expanded/Payload/bin/../libexec/gcc/arm-none-eabi/15.3.1/cc1 -quiet <flags> -o build/emerald-test/src/hof_pc.o src/hof_pc.c
/Users/ericguthrie/Documents/ChatGPT/Emerald/emerald-champions/work/toolchain/arm-expanded/Payload/bin/../libexec/gcc/arm-none-eabi/15.3.1/cc1 -quiet <flags> -o build/emerald-test/src/image_processing_effects.o src/image_processing_effects.c
/Users/ericguthrie/Documents/ChatGPT/Emerald/emerald-champions/work/toolchain/arm-expanded/Payload/bin/../libexec/gcc/arm-none-eabi/15.3.1/cc1 -quiet <flags> -o build/emerald-test/src/international_string_util.o src/international_string_util.c
/Users/ericguthrie/Documents/ChatGPT/Emerald/emerald-champions/work/toolchain/arm-expanded/Payload/bin/../libexec/gcc/arm-none-eabi/15.3.1/cc1 -quiet <flags> -o build/emerald-test/src/intro.o src/intro.c
/Users/ericguthrie/Documents/ChatGPT/Emerald/emerald-champions/work/toolchain/arm-expanded/Payload/bin/../libexec/gcc/arm-none-eabi/15.3.1/cc1 -quiet <flags> -o build/emerald-test/src/intro_credits_graphics.o src/intro_credits_graphics.c
/Users/ericguthrie/Documents/ChatGPT/Emerald/emerald-champions/work/toolchain/arm-expanded/Payload/bin/../libexec/gcc/arm-none-eabi/15.3.1/cc1 -quiet <flags> -o build/emerald-test/src/intro_frlg.o src/intro_frlg.c
/Users/ericguthrie/Documents/ChatGPT/Emerald/emerald-champions/work/toolchain/arm-expanded/Payload/bin/../libexec/gcc/arm-none-eabi/15.3.1/cc1 -quiet <flags> -o build/emerald-test/src/io_reg.o src/io_reg.c
/Users/ericguthrie/Documents/ChatGPT/Emerald/emerald-champions/work/toolchain/arm-expanded/Payload/bin/../libexec/gcc/arm-none-eabi/15.3.1/cc1 -quiet <flags> -o build/emerald-test/src/item.o src/item.c
/Users/ericguthrie/Documents/ChatGPT/Emerald/emerald-champions/work/toolchain/arm-expanded/Payload/bin/../libexec/gcc/arm-none-eabi/15.3.1/cc1 -quiet <flags> -o build/emerald-test/src/item_ball.o src/item_ball.c
/Users/ericguthrie/Documents/ChatGPT/Emerald/emerald-champions/work/toolchain/arm-expanded/Payload/bin/../libexec/gcc/arm-none-eabi/15.3.1/cc1 -quiet <flags> -o build/emerald-test/src/item_icon.o src/item_icon.c
/Users/ericguthrie/Documents/ChatGPT/Emerald/emerald-champions/work/toolchain/arm-expanded/Payload/bin/../libexec/gcc/arm-none-eabi/15.3.1/cc1 -quiet <flags> -o build/emerald-test/src/item_menu.o src/item_menu.c
/Users/ericguthrie/Documents/ChatGPT/Emerald/emerald-champions/work/toolchain/arm-expanded/Payload/bin/../libexec/gcc/arm-none-eabi/15.3.1/cc1 -quiet <flags> -o build/emerald-test/src/item_menu_icons.o src/item_menu_icons.c
/Users/ericguthrie/Documents/ChatGPT/Emerald/emerald-champions/work/toolchain/arm-expanded/Payload/bin/../libexec/gcc/arm-none-eabi/15.3.1/cc1 -quiet <flags> -o build/emerald-test/src/item_use.o src/item_use.c
/Users/ericguthrie/Documents/ChatGPT/Emerald/emerald-champions/work/toolchain/arm-expanded/Payload/bin/../libexec/gcc/arm-none-eabi/15.3.1/cc1 -quiet <flags> -o build/emerald-test/src/landmark.o src/landmark.c
/Users/ericguthrie/Documents/ChatGPT/Emerald/emerald-champions/work/toolchain/arm-expanded/Payload/bin/../libexec/gcc/arm-none-eabi/15.3.1/cc1 -quiet <flags> -o build/emerald-test/src/legendary_signs.o src/legendary_signs.c
/Users/ericguthrie/Documents/ChatGPT/Emerald/emerald-champions/work/toolchain/arm-expanded/Payload/bin/../libexec/gcc/arm-none-eabi/15.3.1/cc1 -quiet <flags> -o build/emerald-test/src/librfu_intr.o src/librfu_intr.c
/Users/ericguthrie/Documents/ChatGPT/Emerald/emerald-champions/work/toolchain/arm-expanded/Payload/bin/../libexec/gcc/arm-none-eabi/15.3.1/cc1 -quiet <flags> -o build/emerald-test/src/librfu_rfu.o src/librfu_rfu.c
/Users/ericguthrie/Documents/ChatGPT/Emerald/emerald-champions/work/toolchain/arm-expanded/Payload/bin/../libexec/gcc/arm-none-eabi/15.3.1/cc1 -quiet <flags> -o build/emerald-test/src/librfu_sio32id.o src/librfu_sio32id.c
/Users/ericguthrie/Documents/ChatGPT/Emerald/emerald-champions/work/toolchain/arm-expanded/Payload/bin/../libexec/gcc/arm-none-eabi/15.3.1/cc1 -quiet <flags> -o build/emerald-test/src/librfu_stwi.o src/librfu_stwi.c
/Users/ericguthrie/Documents/ChatGPT/Emerald/emerald-champions/work/toolchain/arm-expanded/Payload/bin/../libexec/gcc/arm-none-eabi/15.3.1/cc1 -quiet <flags> -o build/emerald-test/src/lilycove_lady.o src/lilycove_lady.c
/Users/ericguthrie/Documents/ChatGPT/Emerald/emerald-champions/work/toolchain/arm-expanded/Payload/bin/../libexec/gcc/arm-none-eabi/15.3.1/cc1 -quiet <flags> -o build/emerald-test/src/line_break.o src/line_break.c
/Users/ericguthrie/Documents/ChatGPT/Emerald/emerald-champions/work/toolchain/arm-expanded/Payload/bin/../libexec/gcc/arm-none-eabi/15.3.1/cc1 -quiet <flags> -o build/emerald-test/src/link.o src/link.c
/Users/ericguthrie/Documents/ChatGPT/Emerald/emerald-champions/work/toolchain/arm-expanded/Payload/bin/../libexec/gcc/arm-none-eabi/15.3.1/cc1 -quiet <flags> -o build/emerald-test/src/link_rfu_2.o src/link_rfu_2.c
/Users/ericguthrie/Documents/ChatGPT/Emerald/emerald-champions/work/toolchain/arm-expanded/Payload/bin/../libexec/gcc/arm-none-eabi/15.3.1/cc1 -quiet <flags> -o build/emerald-test/src/link_rfu_3.o src/link_rfu_3.c
/Users/ericguthrie/Documents/ChatGPT/Emerald/emerald-champions/work/toolchain/arm-expanded/Payload/bin/../libexec/gcc/arm-none-eabi/15.3.1/cc1 -quiet <flags> -o build/emerald-test/src/list_menu.o src/list_menu.c
/Users/ericguthrie/Documents/ChatGPT/Emerald/emerald-champions/work/toolchain/arm-expanded/Payload/bin/../libexec/gcc/arm-none-eabi/15.3.1/cc1 -quiet <flags> -o build/emerald-test/src/load_save.o src/load_save.c
/Users/ericguthrie/Documents/ChatGPT/Emerald/emerald-champions/work/toolchain/arm-expanded/Payload/bin/../libexec/gcc/arm-none-eabi/15.3.1/cc1 -quiet <flags> -o build/emerald-test/src/lottery_corner.o src/lottery_corner.c
/Users/ericguthrie/Documents/ChatGPT/Emerald/emerald-champions/work/toolchain/arm-expanded/Payload/bin/../libexec/gcc/arm-none-eabi/15.3.1/cc1 -quiet <flags> -o build/emerald-test/src/m4a.o src/m4a.c
/Users/ericguthrie/Documents/ChatGPT/Emerald/emerald-champions/work/toolchain/arm-expanded/Payload/bin/../libexec/gcc/arm-none-eabi/15.3.1/cc1 -quiet <flags> -o build/emerald-test/src/mail.o src/mail.c
/Users/ericguthrie/Documents/ChatGPT/Emerald/emerald-champions/work/toolchain/arm-expanded/Payload/bin/../libexec/gcc/arm-none-eabi/15.3.1/cc1 -quiet <flags> -o build/emerald-test/src/mail_data.o src/mail_data.c
/Users/ericguthrie/Documents/ChatGPT/Emerald/emerald-champions/work/toolchain/arm-expanded/Payload/bin/../libexec/gcc/arm-none-eabi/15.3.1/cc1 -quiet <flags> -o build/emerald-test/src/main.o src/main.c
/Users/ericguthrie/Documents/ChatGPT/Emerald/emerald-champions/work/toolchain/arm-expanded/Payload/bin/../libexec/gcc/arm-none-eabi/15.3.1/cc1 -quiet <flags> -o build/emerald-test/src/main_menu.o src/main_menu.c
/Users/ericguthrie/Documents/ChatGPT/Emerald/emerald-champions/work/toolchain/arm-expanded/Payload/bin/../libexec/gcc/arm-none-eabi/15.3.1/cc1 -quiet <flags> -o build/emerald-test/src/malloc.o src/malloc.c
/Users/ericguthrie/Documents/ChatGPT/Emerald/emerald-champions/work/toolchain/arm-expanded/Payload/bin/../libexec/gcc/arm-none-eabi/15.3.1/cc1 -quiet <flags> -o build/emerald-test/src/map_name_popup.o src/map_name_popup.c
/Users/ericguthrie/Documents/ChatGPT/Emerald/emerald-champions/work/toolchain/arm-expanded/Payload/bin/../libexec/gcc/arm-none-eabi/15.3.1/cc1 -quiet <flags> -o build/emerald-test/src/map_preview_screen.o src/map_preview_screen.c
/Users/ericguthrie/Documents/ChatGPT/Emerald/emerald-champions/work/toolchain/arm-expanded/Payload/bin/../libexec/gcc/arm-none-eabi/15.3.1/cc1 -quiet <flags> -o build/emerald-test/src/mass_outbreak.o src/mass_outbreak.c
/Users/ericguthrie/Documents/ChatGPT/Emerald/emerald-champions/work/toolchain/arm-expanded/Payload/bin/../libexec/gcc/arm-none-eabi/15.3.1/cc1 -quiet <flags> -o build/emerald-test/src/match_call.o src/match_call.c
/Users/ericguthrie/Documents/ChatGPT/Emerald/emerald-champions/work/toolchain/arm-expanded/Payload/bin/../libexec/gcc/arm-none-eabi/15.3.1/cc1 -quiet <flags> -o build/emerald-test/src/math_util.o src/math_util.c
/Users/ericguthrie/Documents/ChatGPT/Emerald/emerald-champions/work/toolchain/arm-expanded/Payload/bin/../libexec/gcc/arm-none-eabi/15.3.1/cc1 -quiet <flags> -o build/emerald-test/src/mauville_old_man.o src/mauville_old_man.c
/Users/ericguthrie/Documents/ChatGPT/Emerald/emerald-champions/work/toolchain/arm-expanded/Payload/bin/../libexec/gcc/arm-none-eabi/15.3.1/cc1 -quiet <flags> -o build/emerald-test/src/mega_stone_rewards.o src/mega_stone_rewards.c
/Users/ericguthrie/Documents/ChatGPT/Emerald/emerald-champions/work/toolchain/arm-expanded/Payload/bin/../libexec/gcc/arm-none-eabi/15.3.1/cc1 -quiet <flags> -o build/emerald-test/src/menu.o src/menu.c
/Users/ericguthrie/Documents/ChatGPT/Emerald/emerald-champions/work/toolchain/arm-expanded/Payload/bin/../libexec/gcc/arm-none-eabi/15.3.1/cc1 -quiet <flags> -o build/emerald-test/src/menu_helpers.o src/menu_helpers.c
/Users/ericguthrie/Documents/ChatGPT/Emerald/emerald-champions/work/toolchain/arm-expanded/Payload/bin/../libexec/gcc/arm-none-eabi/15.3.1/cc1 -quiet <flags> -o build/emerald-test/src/menu_specialized.o src/menu_specialized.c
/Users/ericguthrie/Documents/ChatGPT/Emerald/emerald-champions/work/toolchain/arm-expanded/Payload/bin/../libexec/gcc/arm-none-eabi/15.3.1/cc1 -quiet <flags> -o build/emerald-test/src/metatile_behavior.o src/metatile_behavior.c
/Users/ericguthrie/Documents/ChatGPT/Emerald/emerald-champions/work/toolchain/arm-expanded/Payload/bin/../libexec/gcc/arm-none-eabi/15.3.1/cc1 -quiet <flags> -o build/emerald-test/src/minigame_countdown.o src/minigame_countdown.c
/Users/ericguthrie/Documents/ChatGPT/Emerald/emerald-champions/work/toolchain/arm-expanded/Payload/bin/../libexec/gcc/arm-none-eabi/15.3.1/cc1 -quiet <flags> -o build/emerald-test/src/mirage_tower.o src/mirage_tower.c
/Users/ericguthrie/Documents/ChatGPT/Emerald/emerald-champions/work/toolchain/arm-expanded/Payload/bin/../libexec/gcc/arm-none-eabi/15.3.1/cc1 -quiet <flags> -o build/emerald-test/src/mon_markings.o src/mon_markings.c
/Users/ericguthrie/Documents/ChatGPT/Emerald/emerald-champions/work/toolchain/arm-expanded/Payload/bin/../libexec/gcc/arm-none-eabi/15.3.1/cc1 -quiet <flags> -o build/emerald-test/src/money.o src/money.c
/Users/ericguthrie/Documents/ChatGPT/Emerald/emerald-champions/work/toolchain/arm-expanded/Payload/bin/../libexec/gcc/arm-none-eabi/15.3.1/cc1 -quiet <flags> -o build/emerald-test/src/move.o src/move.c
/Users/ericguthrie/Documents/ChatGPT/Emerald/emerald-champions/work/toolchain/arm-expanded/Payload/bin/../libexec/gcc/arm-none-eabi/15.3.1/cc1 -quiet <flags> -o build/emerald-test/src/move_relearner.o src/move_relearner.c
/Users/ericguthrie/Documents/ChatGPT/Emerald/emerald-champions/work/toolchain/arm-expanded/Payload/bin/../libexec/gcc/arm-none-eabi/15.3.1/cc1 -quiet <flags> -o build/emerald-test/src/multiboot.o src/multiboot.c
/Users/ericguthrie/Documents/ChatGPT/Emerald/emerald-champions/work/toolchain/arm-expanded/Payload/bin/../libexec/gcc/arm-none-eabi/15.3.1/cc1 -quiet <flags> -o build/emerald-test/src/mystery_event_menu.o src/mystery_event_menu.c
/Users/ericguthrie/Documents/ChatGPT/Emerald/emerald-champions/work/toolchain/arm-expanded/Payload/bin/../libexec/gcc/arm-none-eabi/15.3.1/cc1 -quiet <flags> -o build/emerald-test/src/mystery_event_msg.o src/mystery_event_msg.c
/Users/ericguthrie/Documents/ChatGPT/Emerald/emerald-champions/work/toolchain/arm-expanded/Payload/bin/../libexec/gcc/arm-none-eabi/15.3.1/cc1 -quiet <flags> -o build/emerald-test/src/mystery_event_script.o src/mystery_event_script.c
/Users/ericguthrie/Documents/ChatGPT/Emerald/emerald-champions/work/toolchain/arm-expanded/Payload/bin/../libexec/gcc/arm-none-eabi/15.3.1/cc1 -quiet <flags> -o build/emerald-test/src/mystery_gift.o src/mystery_gift.c
/Users/ericguthrie/Documents/ChatGPT/Emerald/emerald-champions/work/toolchain/arm-expanded/Payload/bin/../libexec/gcc/arm-none-eabi/15.3.1/cc1 -quiet <flags> -o build/emerald-test/src/mystery_gift_client.o src/mystery_gift_client.c
/Users/ericguthrie/Documents/ChatGPT/Emerald/emerald-champions/work/toolchain/arm-expanded/Payload/bin/../libexec/gcc/arm-none-eabi/15.3.1/cc1 -quiet <flags> -o build/emerald-test/src/mystery_gift_link.o src/mystery_gift_link.c
/Users/ericguthrie/Documents/ChatGPT/Emerald/emerald-champions/work/toolchain/arm-expanded/Payload/bin/../libexec/gcc/arm-none-eabi/15.3.1/cc1 -quiet <flags> -o build/emerald-test/src/mystery_gift_menu.o src/mystery_gift_menu.c
/Users/ericguthrie/Documents/ChatGPT/Emerald/emerald-champions/work/toolchain/arm-expanded/Payload/bin/../libexec/gcc/arm-none-eabi/15.3.1/cc1 -quiet <flags> -o build/emerald-test/src/mystery_gift_scripts.o src/mystery_gift_scripts.c
/Users/ericguthrie/Documents/ChatGPT/Emerald/emerald-champions/work/toolchain/arm-expanded/Payload/bin/../libexec/gcc/arm-none-eabi/15.3.1/cc1 -quiet <flags> -o build/emerald-test/src/mystery_gift_server.o src/mystery_gift_server.c
/Users/ericguthrie/Documents/ChatGPT/Emerald/emerald-champions/work/toolchain/arm-expanded/Payload/bin/../libexec/gcc/arm-none-eabi/15.3.1/cc1 -quiet <flags> -o build/emerald-test/src/mystery_gift_view.o src/mystery_gift_view.c
/Users/ericguthrie/Documents/ChatGPT/Emerald/emerald-champions/work/toolchain/arm-expanded/Payload/bin/../libexec/gcc/arm-none-eabi/15.3.1/cc1 -quiet <flags> -o build/emerald-test/src/naming_screen.o src/naming_screen.c
/Users/ericguthrie/Documents/ChatGPT/Emerald/emerald-champions/work/toolchain/arm-expanded/Payload/bin/../libexec/gcc/arm-none-eabi/15.3.1/cc1 -quiet <flags> -o build/emerald-test/src/new_game.o src/new_game.c
/Users/ericguthrie/Documents/ChatGPT/Emerald/emerald-champions/work/toolchain/arm-expanded/Payload/bin/../libexec/gcc/arm-none-eabi/15.3.1/cc1 -quiet <flags> -o build/emerald-test/src/oak_speech.o src/oak_speech.c
/Users/ericguthrie/Documents/ChatGPT/Emerald/emerald-champions/work/toolchain/arm-expanded/Payload/bin/../libexec/gcc/arm-none-eabi/15.3.1/cc1 -quiet <flags> -o build/emerald-test/src/option_menu.o src/option_menu.c
/Users/ericguthrie/Documents/ChatGPT/Emerald/emerald-champions/work/toolchain/arm-expanded/Payload/bin/../libexec/gcc/arm-none-eabi/15.3.1/cc1 -quiet <flags> -o build/emerald-test/src/oras_dowse.o src/oras_dowse.c
/Users/ericguthrie/Documents/ChatGPT/Emerald/emerald-champions/work/toolchain/arm-expanded/Payload/bin/../libexec/gcc/arm-none-eabi/15.3.1/cc1 -quiet <flags> -o build/emerald-test/src/overworld.o src/overworld.c
/Users/ericguthrie/Documents/ChatGPT/Emerald/emerald-champions/work/toolchain/arm-expanded/Payload/bin/../libexec/gcc/arm-none-eabi/15.3.1/cc1 -quiet <flags> -o build/emerald-test/src/ow_abilities.o src/ow_abilities.c
/Users/ericguthrie/Documents/ChatGPT/Emerald/emerald-champions/work/toolchain/arm-expanded/Payload/bin/../libexec/gcc/arm-none-eabi/15.3.1/cc1 -quiet <flags> -o build/emerald-test/src/palette.o src/palette.c
/Users/ericguthrie/Documents/ChatGPT/Emerald/emerald-champions/work/toolchain/arm-expanded/Payload/bin/../libexec/gcc/arm-none-eabi/15.3.1/cc1 -quiet <flags> -o build/emerald-test/src/palette_util.o src/palette_util.c
/Users/ericguthrie/Documents/ChatGPT/Emerald/emerald-champions/work/toolchain/arm-expanded/Payload/bin/../libexec/gcc/arm-none-eabi/15.3.1/cc1 -quiet <flags> -o build/emerald-test/src/party_menu.o src/party_menu.c
/Users/ericguthrie/Documents/ChatGPT/Emerald/emerald-champions/work/toolchain/arm-expanded/Payload/bin/../libexec/gcc/arm-none-eabi/15.3.1/cc1 -quiet <flags> -o build/emerald-test/src/play_time.o src/play_time.c
/Users/ericguthrie/Documents/ChatGPT/Emerald/emerald-champions/work/toolchain/arm-expanded/Payload/bin/../libexec/gcc/arm-none-eabi/15.3.1/cc1 -quiet <flags> -o build/emerald-test/src/player_pc.o src/player_pc.c
/Users/ericguthrie/Documents/ChatGPT/Emerald/emerald-champions/work/toolchain/arm-expanded/Payload/bin/../libexec/gcc/arm-none-eabi/15.3.1/cc1 -quiet <flags> -o build/emerald-test/src/pokeball.o src/pokeball.c
/Users/ericguthrie/Documents/ChatGPT/Emerald/emerald-champions/work/toolchain/arm-expanded/Payload/bin/../libexec/gcc/arm-none-eabi/15.3.1/cc1 -quiet <flags> -o build/emerald-test/src/pokeblock.o src/pokeblock.c
/Users/ericguthrie/Documents/ChatGPT/Emerald/emerald-champions/work/toolchain/arm-expanded/Payload/bin/../libexec/gcc/arm-none-eabi/15.3.1/cc1 -quiet <flags> -o build/emerald-test/src/pokeblock_feed.o src/pokeblock_feed.c
/Users/ericguthrie/Documents/ChatGPT/Emerald/emerald-champions/work/toolchain/arm-expanded/Payload/bin/../libexec/gcc/arm-none-eabi/15.3.1/cc1 -quiet <flags> -o build/emerald-test/src/pokedex.o src/pokedex.c
/Users/ericguthrie/Documents/ChatGPT/Emerald/emerald-champions/work/toolchain/arm-expanded/Payload/bin/../libexec/gcc/arm-none-eabi/15.3.1/cc1 -quiet <flags> -o build/emerald-test/src/pokedex_area_region_map.o src/pokedex_area_region_map.c
/Users/ericguthrie/Documents/ChatGPT/Emerald/emerald-champions/work/toolchain/arm-expanded/Payload/bin/../libexec/gcc/arm-none-eabi/15.3.1/cc1 -quiet <flags> -o build/emerald-test/src/pokedex_area_screen.o src/pokedex_area_screen.c
/Users/ericguthrie/Documents/ChatGPT/Emerald/emerald-champions/work/toolchain/arm-expanded/Payload/bin/../libexec/gcc/arm-none-eabi/15.3.1/cc1 -quiet <flags> -o build/emerald-test/src/pokedex_cry_screen.o src/pokedex_cry_screen.c
/Users/ericguthrie/Documents/ChatGPT/Emerald/emerald-champions/work/toolchain/arm-expanded/Payload/bin/../libexec/gcc/arm-none-eabi/15.3.1/cc1 -quiet <flags> -o build/emerald-test/src/pokedex_plus_hgss.o src/pokedex_plus_hgss.c
/Users/ericguthrie/Documents/ChatGPT/Emerald/emerald-champions/work/toolchain/arm-expanded/Payload/bin/../libexec/gcc/arm-none-eabi/15.3.1/cc1 -quiet <flags> -o build/emerald-test/src/pokemon.o src/pokemon.c
/Users/ericguthrie/Documents/ChatGPT/Emerald/emerald-champions/work/toolchain/arm-expanded/Payload/bin/../libexec/gcc/arm-none-eabi/15.3.1/cc1 -quiet <flags> -o build/emerald-test/src/pokemon_animation.o src/pokemon_animation.c
/Users/ericguthrie/Documents/ChatGPT/Emerald/emerald-champions/work/toolchain/arm-expanded/Payload/bin/../libexec/gcc/arm-none-eabi/15.3.1/cc1 -quiet <flags> -o build/emerald-test/src/pokemon_icon.o src/pokemon_icon.c
/Users/ericguthrie/Documents/ChatGPT/Emerald/emerald-champions/work/toolchain/arm-expanded/Payload/bin/../libexec/gcc/arm-none-eabi/15.3.1/cc1 -quiet <flags> -o build/emerald-test/src/pokemon_jump.o src/pokemon_jump.c
/Users/ericguthrie/Documents/ChatGPT/Emerald/emerald-champions/work/toolchain/arm-expanded/Payload/bin/../libexec/gcc/arm-none-eabi/15.3.1/cc1 -quiet <flags> -o build/emerald-test/src/pokemon_size_record.o src/pokemon_size_record.c
/Users/ericguthrie/Documents/ChatGPT/Emerald/emerald-champions/work/toolchain/arm-expanded/Payload/bin/../libexec/gcc/arm-none-eabi/15.3.1/cc1 -quiet <flags> -o build/emerald-test/src/pokemon_spots.o src/pokemon_spots.c
/Users/ericguthrie/Documents/ChatGPT/Emerald/emerald-champions/work/toolchain/arm-expanded/Payload/bin/../libexec/gcc/arm-none-eabi/15.3.1/cc1 -quiet <flags> -o build/emerald-test/src/pokemon_sprite_visualizer.o src/pokemon_sprite_visualizer.c
/Users/ericguthrie/Documents/ChatGPT/Emerald/emerald-champions/work/toolchain/arm-expanded/Payload/bin/../libexec/gcc/arm-none-eabi/15.3.1/cc1 -quiet <flags> -o build/emerald-test/src/pokemon_storage_system.o src/pokemon_storage_system.c
/Users/ericguthrie/Documents/ChatGPT/Emerald/emerald-champions/work/toolchain/arm-expanded/Payload/bin/../libexec/gcc/arm-none-eabi/15.3.1/cc1 -quiet <flags> -o build/emerald-test/src/pokemon_summary_screen.o src/pokemon_summary_screen.c
/Users/ericguthrie/Documents/ChatGPT/Emerald/emerald-champions/work/toolchain/arm-expanded/Payload/bin/../libexec/gcc/arm-none-eabi/15.3.1/cc1 -quiet <flags> -o build/emerald-test/src/pokenav.o src/pokenav.c
/Users/ericguthrie/Documents/ChatGPT/Emerald/emerald-champions/work/toolchain/arm-expanded/Payload/bin/../libexec/gcc/arm-none-eabi/15.3.1/cc1 -quiet <flags> -o build/emerald-test/src/pokenav_conditions.o src/pokenav_conditions.c
/Users/ericguthrie/Documents/ChatGPT/Emerald/emerald-champions/work/toolchain/arm-expanded/Payload/bin/../libexec/gcc/arm-none-eabi/15.3.1/cc1 -quiet <flags> -o build/emerald-test/src/pokenav_conditions_gfx.o src/pokenav_conditions_gfx.c
/Users/ericguthrie/Documents/ChatGPT/Emerald/emerald-champions/work/toolchain/arm-expanded/Payload/bin/../libexec/gcc/arm-none-eabi/15.3.1/cc1 -quiet <flags> -o build/emerald-test/src/pokenav_conditions_search_results.o src/pokenav_conditions_search_results.c
/Users/ericguthrie/Documents/ChatGPT/Emerald/emerald-champions/work/toolchain/arm-expanded/Payload/bin/../libexec/gcc/arm-none-eabi/15.3.1/cc1 -quiet <flags> -o build/emerald-test/src/pokenav_list.o src/pokenav_list.c
/Users/ericguthrie/Documents/ChatGPT/Emerald/emerald-champions/work/toolchain/arm-expanded/Payload/bin/../libexec/gcc/arm-none-eabi/15.3.1/cc1 -quiet <flags> -o build/emerald-test/src/pokenav_main_menu.o src/pokenav_main_menu.c
/Users/ericguthrie/Documents/ChatGPT/Emerald/emerald-champions/work/toolchain/arm-expanded/Payload/bin/../libexec/gcc/arm-none-eabi/15.3.1/cc1 -quiet <flags> -o build/emerald-test/src/pokenav_match_call_data.o src/pokenav_match_call_data.c
/Users/ericguthrie/Documents/ChatGPT/Emerald/emerald-champions/work/toolchain/arm-expanded/Payload/bin/../libexec/gcc/arm-none-eabi/15.3.1/cc1 -quiet <flags> -o build/emerald-test/src/pokenav_match_call_gfx.o src/pokenav_match_call_gfx.c
/Users/ericguthrie/Documents/ChatGPT/Emerald/emerald-champions/work/toolchain/arm-expanded/Payload/bin/../libexec/gcc/arm-none-eabi/15.3.1/cc1 -quiet <flags> -o build/emerald-test/src/pokenav_match_call_list.o src/pokenav_match_call_list.c
/Users/ericguthrie/Documents/ChatGPT/Emerald/emerald-champions/work/toolchain/arm-expanded/Payload/bin/../libexec/gcc/arm-none-eabi/15.3.1/cc1 -quiet <flags> -o build/emerald-test/src/pokenav_menu_handler.o src/pokenav_menu_handler.c
/Users/ericguthrie/Documents/ChatGPT/Emerald/emerald-champions/work/toolchain/arm-expanded/Payload/bin/../libexec/gcc/arm-none-eabi/15.3.1/cc1 -quiet <flags> -o build/emerald-test/src/pokenav_menu_handler_gfx.o src/pokenav_menu_handler_gfx.c
/Users/ericguthrie/Documents/ChatGPT/Emerald/emerald-champions/work/toolchain/arm-expanded/Payload/bin/../libexec/gcc/arm-none-eabi/15.3.1/cc1 -quiet <flags> -o build/emerald-test/src/pokenav_region_map.o src/pokenav_region_map.c
/Users/ericguthrie/Documents/ChatGPT/Emerald/emerald-champions/work/toolchain/arm-expanded/Payload/bin/../libexec/gcc/arm-none-eabi/15.3.1/cc1 -quiet <flags> -o build/emerald-test/src/pokenav_ribbons_list.o src/pokenav_ribbons_list.c
/Users/ericguthrie/Documents/ChatGPT/Emerald/emerald-champions/work/toolchain/arm-expanded/Payload/bin/../libexec/gcc/arm-none-eabi/15.3.1/cc1 -quiet <flags> -o build/emerald-test/src/pokenav_ribbons_summary.o src/pokenav_ribbons_summary.c
/Users/ericguthrie/Documents/ChatGPT/Emerald/emerald-champions/work/toolchain/arm-expanded/Payload/bin/../libexec/gcc/arm-none-eabi/15.3.1/cc1 -quiet <flags> -o build/emerald-test/src/pokerus.o src/pokerus.c
/Users/ericguthrie/Documents/ChatGPT/Emerald/emerald-champions/work/toolchain/arm-expanded/Payload/bin/../libexec/gcc/arm-none-eabi/15.3.1/cc1 -quiet <flags> -o build/emerald-test/src/post_battle_event_funcs.o src/post_battle_event_funcs.c
/Users/ericguthrie/Documents/ChatGPT/Emerald/emerald-champions/work/toolchain/arm-expanded/Payload/bin/../libexec/gcc/arm-none-eabi/15.3.1/cc1 -quiet <flags> -o build/emerald-test/src/quickstart.o src/quickstart.c
/Users/ericguthrie/Documents/ChatGPT/Emerald/emerald-champions/work/toolchain/arm-expanded/Payload/bin/../libexec/gcc/arm-none-eabi/15.3.1/cc1 -quiet <flags> -o build/emerald-test/src/random.o src/random.c
/Users/ericguthrie/Documents/ChatGPT/Emerald/emerald-champions/work/toolchain/arm-expanded/Payload/bin/../libexec/gcc/arm-none-eabi/15.3.1/cc1 -quiet <flags> -o build/emerald-test/src/random_mon_generation.o src/random_mon_generation.c
/Users/ericguthrie/Documents/ChatGPT/Emerald/emerald-champions/work/toolchain/arm-expanded/Payload/bin/../libexec/gcc/arm-none-eabi/15.3.1/cc1 -quiet <flags> -o build/emerald-test/src/rayquaza_scene.o src/rayquaza_scene.c
/Users/ericguthrie/Documents/ChatGPT/Emerald/emerald-champions/work/toolchain/arm-expanded/Payload/bin/../libexec/gcc/arm-none-eabi/15.3.1/cc1 -quiet <flags> -o build/emerald-test/src/record_mixing.o src/record_mixing.c
/Users/ericguthrie/Documents/ChatGPT/Emerald/emerald-champions/work/toolchain/arm-expanded/Payload/bin/../libexec/gcc/arm-none-eabi/15.3.1/cc1 -quiet <flags> -o build/emerald-test/src/recorded_battle.o src/recorded_battle.c
/Users/ericguthrie/Documents/ChatGPT/Emerald/emerald-champions/work/toolchain/arm-expanded/Payload/bin/../libexec/gcc/arm-none-eabi/15.3.1/cc1 -quiet <flags> -o build/emerald-test/src/region_map.o src/region_map.c
/Users/ericguthrie/Documents/ChatGPT/Emerald/emerald-champions/work/toolchain/arm-expanded/Payload/bin/../libexec/gcc/arm-none-eabi/15.3.1/cc1 -quiet <flags> -o build/emerald-test/src/regions.o src/regions.c
/Users/ericguthrie/Documents/ChatGPT/Emerald/emerald-champions/work/toolchain/arm-expanded/Payload/bin/../libexec/gcc/arm-none-eabi/15.3.1/cc1 -quiet <flags> -o build/emerald-test/src/reload_save.o src/reload_save.c
/Users/ericguthrie/Documents/ChatGPT/Emerald/emerald-champions/work/toolchain/arm-expanded/Payload/bin/../libexec/gcc/arm-none-eabi/15.3.1/cc1 -quiet <flags> -o build/emerald-test/src/reset_rtc_screen.o src/reset_rtc_screen.c
/Users/ericguthrie/Documents/ChatGPT/Emerald/emerald-champions/work/toolchain/arm-expanded/Payload/bin/../libexec/gcc/arm-none-eabi/15.3.1/cc1 -quiet <flags> -o build/emerald-test/src/reshow_battle_screen.o src/reshow_battle_screen.c
/Users/ericguthrie/Documents/ChatGPT/Emerald/emerald-champions/work/toolchain/arm-expanded/Payload/bin/../libexec/gcc/arm-none-eabi/15.3.1/cc1 -quiet <flags> -o build/emerald-test/src/roamer.o src/roamer.c
/Users/ericguthrie/Documents/ChatGPT/Emerald/emerald-champions/work/toolchain/arm-expanded/Payload/bin/../libexec/gcc/arm-none-eabi/15.3.1/cc1 -quiet <flags> -o build/emerald-test/src/rom_header_gf.o src/rom_header_gf.c
/Users/ericguthrie/Documents/ChatGPT/Emerald/emerald-champions/work/toolchain/arm-expanded/Payload/bin/../libexec/gcc/arm-none-eabi/15.3.1/cc1 -quiet <flags> -o build/emerald-test/src/rom_header_rhh.o src/rom_header_rhh.c
/Users/ericguthrie/Documents/ChatGPT/Emerald/emerald-champions/work/toolchain/arm-expanded/Payload/bin/../libexec/gcc/arm-none-eabi/15.3.1/cc1 -quiet <flags> -o build/emerald-test/src/rotating_gate.o src/rotating_gate.c
/Users/ericguthrie/Documents/ChatGPT/Emerald/emerald-champions/work/toolchain/arm-expanded/Payload/bin/../libexec/gcc/arm-none-eabi/15.3.1/cc1 -quiet <flags> -o build/emerald-test/src/rotating_tile_puzzle.o src/rotating_tile_puzzle.c
/Users/ericguthrie/Documents/ChatGPT/Emerald/emerald-champions/work/toolchain/arm-expanded/Payload/bin/../libexec/gcc/arm-none-eabi/15.3.1/cc1 -quiet <flags> -o build/emerald-test/src/roulette.o src/roulette.c
/Users/ericguthrie/Documents/ChatGPT/Emerald/emerald-champions/work/toolchain/arm-expanded/Payload/bin/../libexec/gcc/arm-none-eabi/15.3.1/cc1 -quiet <flags> -o build/emerald-test/src/rtc.o src/rtc.c
/Users/ericguthrie/Documents/ChatGPT/Emerald/emerald-champions/work/toolchain/arm-expanded/Payload/bin/../libexec/gcc/arm-none-eabi/15.3.1/cc1 -quiet <flags> -o build/emerald-test/src/safari_zone.o src/safari_zone.c
/Users/ericguthrie/Documents/ChatGPT/Emerald/emerald-champions/work/toolchain/arm-expanded/Payload/bin/../libexec/gcc/arm-none-eabi/15.3.1/cc1 -quiet <flags> -o build/emerald-test/src/save.o src/save.c
/Users/ericguthrie/Documents/ChatGPT/Emerald/emerald-champions/work/toolchain/arm-expanded/Payload/bin/../libexec/gcc/arm-none-eabi/15.3.1/cc1 -quiet <flags> -o build/emerald-test/src/save_failed_screen.o src/save_failed_screen.c
/Users/ericguthrie/Documents/ChatGPT/Emerald/emerald-champions/work/toolchain/arm-expanded/Payload/bin/../libexec/gcc/arm-none-eabi/15.3.1/cc1 -quiet <flags> -o build/emerald-test/src/save_location.o src/save_location.c
/Users/ericguthrie/Documents/ChatGPT/Emerald/emerald-champions/work/toolchain/arm-expanded/Payload/bin/../libexec/gcc/arm-none-eabi/15.3.1/cc1 -quiet <flags> -o build/emerald-test/src/scanline_effect.o src/scanline_effect.c
/Users/ericguthrie/Documents/ChatGPT/Emerald/emerald-champions/work/toolchain/arm-expanded/Payload/bin/../libexec/gcc/arm-none-eabi/15.3.1/cc1 -quiet <flags> -o build/emerald-test/src/scrcmd.o src/scrcmd.c
/Users/ericguthrie/Documents/ChatGPT/Emerald/emerald-champions/work/toolchain/arm-expanded/Payload/bin/../libexec/gcc/arm-none-eabi/15.3.1/cc1 -quiet <flags> -o build/emerald-test/src/script.o src/script.c
/Users/ericguthrie/Documents/ChatGPT/Emerald/emerald-champions/work/toolchain/arm-expanded/Payload/bin/../libexec/gcc/arm-none-eabi/15.3.1/cc1 -quiet <flags> -o build/emerald-test/src/script_menu.o src/script_menu.c
/Users/ericguthrie/Documents/ChatGPT/Emerald/emerald-champions/work/toolchain/arm-expanded/Payload/bin/../libexec/gcc/arm-none-eabi/15.3.1/cc1 -quiet <flags> -o build/emerald-test/src/script_movement.o src/script_movement.c
/Users/ericguthrie/Documents/ChatGPT/Emerald/emerald-champions/work/toolchain/arm-expanded/Payload/bin/../libexec/gcc/arm-none-eabi/15.3.1/cc1 -quiet <flags> -o build/emerald-test/src/script_pokemon_util.o src/script_pokemon_util.c
/Users/ericguthrie/Documents/ChatGPT/Emerald/emerald-champions/work/toolchain/arm-expanded/Payload/bin/../libexec/gcc/arm-none-eabi/15.3.1/cc1 -quiet <flags> -o build/emerald-test/src/seagallop.o src/seagallop.c
/Users/ericguthrie/Documents/ChatGPT/Emerald/emerald-champions/work/toolchain/arm-expanded/Payload/bin/../libexec/gcc/arm-none-eabi/15.3.1/cc1 -quiet <flags> -o build/emerald-test/src/secret_base.o src/secret_base.c
/Users/ericguthrie/Documents/ChatGPT/Emerald/emerald-champions/work/toolchain/arm-expanded/Payload/bin/../libexec/gcc/arm-none-eabi/15.3.1/cc1 -quiet <flags> -o build/emerald-test/src/shop.o src/shop.c
/Users/ericguthrie/Documents/ChatGPT/Emerald/emerald-champions/work/toolchain/arm-expanded/Payload/bin/../libexec/gcc/arm-none-eabi/15.3.1/cc1 -quiet <flags> -o build/emerald-test/src/shop_criteria.o src/shop_criteria.c
/Users/ericguthrie/Documents/ChatGPT/Emerald/emerald-champions/work/toolchain/arm-expanded/Payload/bin/../libexec/gcc/arm-none-eabi/15.3.1/cc1 -quiet <flags> -o build/emerald-test/src/slot_machine.o src/slot_machine.c
/Users/ericguthrie/Documents/ChatGPT/Emerald/emerald-champions/work/toolchain/arm-expanded/Payload/bin/../libexec/gcc/arm-none-eabi/15.3.1/cc1 -quiet <flags> -o build/emerald-test/src/sound.o src/sound.c
/Users/ericguthrie/Documents/ChatGPT/Emerald/emerald-champions/work/toolchain/arm-expanded/Payload/bin/../libexec/gcc/arm-none-eabi/15.3.1/cc1 -quiet <flags> -o build/emerald-test/src/sprays.o src/sprays.c
/Users/ericguthrie/Documents/ChatGPT/Emerald/emerald-champions/work/toolchain/arm-expanded/Payload/bin/../libexec/gcc/arm-none-eabi/15.3.1/cc1 -quiet <flags> -o build/emerald-test/src/sprite.o src/sprite.c
/Users/ericguthrie/Documents/ChatGPT/Emerald/emerald-champions/work/toolchain/arm-expanded/Payload/bin/../libexec/gcc/arm-none-eabi/15.3.1/cc1 -quiet <flags> -o build/emerald-test/src/ss_anne.o src/ss_anne.c
/Users/ericguthrie/Documents/ChatGPT/Emerald/emerald-champions/work/toolchain/arm-expanded/Payload/bin/../libexec/gcc/arm-none-eabi/15.3.1/cc1 -quiet <flags> -o build/emerald-test/src/start_menu.o src/start_menu.c
/Users/ericguthrie/Documents/ChatGPT/Emerald/emerald-champions/work/toolchain/arm-expanded/Payload/bin/../libexec/gcc/arm-none-eabi/15.3.1/cc1 -quiet <flags> -o build/emerald-test/src/starter_choose.o src/starter_choose.c
/Users/ericguthrie/Documents/ChatGPT/Emerald/emerald-champions/work/toolchain/arm-expanded/Payload/bin/../libexec/gcc/arm-none-eabi/15.3.1/cc1 -quiet <flags> -o build/emerald-test/src/string_util.o src/string_util.c
/Users/ericguthrie/Documents/ChatGPT/Emerald/emerald-champions/work/toolchain/arm-expanded/Payload/bin/../libexec/gcc/arm-none-eabi/15.3.1/cc1 -quiet <flags> -o build/emerald-test/src/strings.o src/strings.c
/Users/ericguthrie/Documents/ChatGPT/Emerald/emerald-champions/work/toolchain/arm-expanded/Payload/bin/../libexec/gcc/arm-none-eabi/15.3.1/cc1 -quiet <flags> -o build/emerald-test/src/task.o src/task.c
/Users/ericguthrie/Documents/ChatGPT/Emerald/emerald-champions/work/toolchain/arm-expanded/Payload/bin/../libexec/gcc/arm-none-eabi/15.3.1/cc1 -quiet <flags> -o build/emerald-test/src/test_runner_stub.o src/test_runner_stub.c
/Users/ericguthrie/Documents/ChatGPT/Emerald/emerald-champions/work/toolchain/arm-expanded/Payload/bin/../libexec/gcc/arm-none-eabi/15.3.1/cc1 -quiet <flags> -o build/emerald-test/src/text.o src/text.c
/Users/ericguthrie/Documents/ChatGPT/Emerald/emerald-champions/work/toolchain/arm-expanded/Payload/bin/../libexec/gcc/arm-none-eabi/15.3.1/cc1 -quiet <flags> -o build/emerald-test/src/text_input_strings.o src/text_input_strings.c
/Users/ericguthrie/Documents/ChatGPT/Emerald/emerald-champions/work/toolchain/arm-expanded/Payload/bin/../libexec/gcc/arm-none-eabi/15.3.1/cc1 -quiet <flags> -o build/emerald-test/src/text_window.o src/text_window.c
/Users/ericguthrie/Documents/ChatGPT/Emerald/emerald-champions/work/toolchain/arm-expanded/Payload/bin/../libexec/gcc/arm-none-eabi/15.3.1/cc1 -quiet <flags> -o build/emerald-test/src/tileset_anims.o src/tileset_anims.c
/Users/ericguthrie/Documents/ChatGPT/Emerald/emerald-champions/work/toolchain/arm-expanded/Payload/bin/../libexec/gcc/arm-none-eabi/15.3.1/cc1 -quiet <flags> -o build/emerald-test/src/tilesets.o src/tilesets.c
/Users/ericguthrie/Documents/ChatGPT/Emerald/emerald-champions/work/toolchain/arm-expanded/Payload/bin/../libexec/gcc/arm-none-eabi/15.3.1/cc1 -quiet <flags> -o build/emerald-test/src/time_events.o src/time_events.c
/Users/ericguthrie/Documents/ChatGPT/Emerald/emerald-champions/work/toolchain/arm-expanded/Payload/bin/../libexec/gcc/arm-none-eabi/15.3.1/cc1 -quiet <flags> -o build/emerald-test/src/title_screen.o src/title_screen.c
/Users/ericguthrie/Documents/ChatGPT/Emerald/emerald-champions/work/toolchain/arm-expanded/Payload/bin/../libexec/gcc/arm-none-eabi/15.3.1/cc1 -quiet <flags> -o build/emerald-test/src/title_screen_frlg.o src/title_screen_frlg.c
/Users/ericguthrie/Documents/ChatGPT/Emerald/emerald-champions/work/toolchain/arm-expanded/Payload/bin/../libexec/gcc/arm-none-eabi/15.3.1/cc1 -quiet <flags> -o build/emerald-test/src/trade.o src/trade.c
/Users/ericguthrie/Documents/ChatGPT/Emerald/emerald-champions/work/toolchain/arm-expanded/Payload/bin/../libexec/gcc/arm-none-eabi/15.3.1/cc1 -quiet <flags> -o build/emerald-test/src/trader.o src/trader.c
/Users/ericguthrie/Documents/ChatGPT/Emerald/emerald-champions/work/toolchain/arm-expanded/Payload/bin/../libexec/gcc/arm-none-eabi/15.3.1/cc1 -quiet <flags> -o build/emerald-test/src/trainer.o src/trainer.c
/Users/ericguthrie/Documents/ChatGPT/Emerald/emerald-champions/work/toolchain/arm-expanded/Payload/bin/../libexec/gcc/arm-none-eabi/15.3.1/cc1 -quiet <flags> -o build/emerald-test/src/trainer_card.o src/trainer_card.c
/Users/ericguthrie/Documents/ChatGPT/Emerald/emerald-champions/work/toolchain/arm-expanded/Payload/bin/../libexec/gcc/arm-none-eabi/15.3.1/cc1 -quiet <flags> -o build/emerald-test/src/trainer_fan_club.o src/trainer_fan_club.c
/Users/ericguthrie/Documents/ChatGPT/Emerald/emerald-champions/work/toolchain/arm-expanded/Payload/bin/../libexec/gcc/arm-none-eabi/15.3.1/cc1 -quiet <flags> -o build/emerald-test/src/trainer_hill.o src/trainer_hill.c
/Users/ericguthrie/Documents/ChatGPT/Emerald/emerald-champions/work/toolchain/arm-expanded/Payload/bin/../libexec/gcc/arm-none-eabi/15.3.1/cc1 -quiet <flags> -o build/emerald-test/src/trainer_pokemon_sprites.o src/trainer_pokemon_sprites.c
/Users/ericguthrie/Documents/ChatGPT/Emerald/emerald-champions/work/toolchain/arm-expanded/Payload/bin/../libexec/gcc/arm-none-eabi/15.3.1/cc1 -quiet <flags> -o build/emerald-test/src/trainer_pools.o src/trainer_pools.c
/Users/ericguthrie/Documents/ChatGPT/Emerald/emerald-champions/work/toolchain/arm-expanded/Payload/bin/../libexec/gcc/arm-none-eabi/15.3.1/cc1 -quiet <flags> -o build/emerald-test/src/trainer_see.o src/trainer_see.c
/Users/ericguthrie/Documents/ChatGPT/Emerald/emerald-champions/work/toolchain/arm-expanded/Payload/bin/../libexec/gcc/arm-none-eabi/15.3.1/cc1 -quiet <flags> -o build/emerald-test/src/trainer_slide.o src/trainer_slide.c
/Users/ericguthrie/Documents/ChatGPT/Emerald/emerald-champions/work/toolchain/arm-expanded/Payload/bin/../libexec/gcc/arm-none-eabi/15.3.1/cc1 -quiet <flags> -o build/emerald-test/src/trainer_tower.o src/trainer_tower.c
/Users/ericguthrie/Documents/ChatGPT/Emerald/emerald-champions/work/toolchain/arm-expanded/Payload/bin/../libexec/gcc/arm-none-eabi/15.3.1/cc1 -quiet <flags> -o build/emerald-test/src/trainer_tower_sets.o src/trainer_tower_sets.c
/Users/ericguthrie/Documents/ChatGPT/Emerald/emerald-champions/work/toolchain/arm-expanded/Payload/bin/../libexec/gcc/arm-none-eabi/15.3.1/cc1 -quiet <flags> -o build/emerald-test/src/trainer_util.o src/trainer_util.c
/Users/ericguthrie/Documents/ChatGPT/Emerald/emerald-champions/work/toolchain/arm-expanded/Payload/bin/../libexec/gcc/arm-none-eabi/15.3.1/cc1 -quiet <flags> -o build/emerald-test/src/trig.o src/trig.c
/Users/ericguthrie/Documents/ChatGPT/Emerald/emerald-champions/work/toolchain/arm-expanded/Payload/bin/../libexec/gcc/arm-none-eabi/15.3.1/cc1 -quiet <flags> -o build/emerald-test/src/tv.o src/tv.c
/Users/ericguthrie/Documents/ChatGPT/Emerald/emerald-champions/work/toolchain/arm-expanded/Payload/bin/../libexec/gcc/arm-none-eabi/15.3.1/cc1 -quiet <flags> -o build/emerald-test/src/type_icons.o src/type_icons.c
/Users/ericguthrie/Documents/ChatGPT/Emerald/emerald-champions/work/toolchain/arm-expanded/Payload/bin/../libexec/gcc/arm-none-eabi/15.3.1/cc1 -quiet <flags> -o build/emerald-test/src/union_room.o src/union_room.c
/Users/ericguthrie/Documents/ChatGPT/Emerald/emerald-champions/work/toolchain/arm-expanded/Payload/bin/../libexec/gcc/arm-none-eabi/15.3.1/cc1 -quiet <flags> -o build/emerald-test/src/union_room_battle.o src/union_room_battle.c
/Users/ericguthrie/Documents/ChatGPT/Emerald/emerald-champions/work/toolchain/arm-expanded/Payload/bin/../libexec/gcc/arm-none-eabi/15.3.1/cc1 -quiet <flags> -o build/emerald-test/src/union_room_chat.o src/union_room_chat.c
/Users/ericguthrie/Documents/ChatGPT/Emerald/emerald-champions/work/toolchain/arm-expanded/Payload/bin/../libexec/gcc/arm-none-eabi/15.3.1/cc1 -quiet <flags> -o build/emerald-test/src/union_room_player_avatar.o src/union_room_player_avatar.c
/Users/ericguthrie/Documents/ChatGPT/Emerald/emerald-champions/work/toolchain/arm-expanded/Payload/bin/../libexec/gcc/arm-none-eabi/15.3.1/cc1 -quiet <flags> -o build/emerald-test/src/use_pokeblock.o src/use_pokeblock.c
/Users/ericguthrie/Documents/ChatGPT/Emerald/emerald-champions/work/toolchain/arm-expanded/Payload/bin/../libexec/gcc/arm-none-eabi/15.3.1/cc1 -quiet <flags> -o build/emerald-test/src/util.o src/util.c
/Users/ericguthrie/Documents/ChatGPT/Emerald/emerald-champions/work/toolchain/arm-expanded/Payload/bin/../libexec/gcc/arm-none-eabi/15.3.1/cc1 -quiet <flags> -o build/emerald-test/src/vs_seeker.o src/vs_seeker.c
/Users/ericguthrie/Documents/ChatGPT/Emerald/emerald-champions/work/toolchain/arm-expanded/Payload/bin/../libexec/gcc/arm-none-eabi/15.3.1/cc1 -quiet <flags> -o build/emerald-test/src/walda_phrase.o src/walda_phrase.c
/Users/ericguthrie/Documents/ChatGPT/Emerald/emerald-champions/work/toolchain/arm-expanded/Payload/bin/../libexec/gcc/arm-none-eabi/15.3.1/cc1 -quiet <flags> -o build/emerald-test/src/wallclock.o src/wallclock.c
/Users/ericguthrie/Documents/ChatGPT/Emerald/emerald-champions/work/toolchain/arm-expanded/Payload/bin/../libexec/gcc/arm-none-eabi/15.3.1/cc1 -quiet <flags> -o build/emerald-test/src/wild_encounter.o src/wild_encounter.c
/Users/ericguthrie/Documents/ChatGPT/Emerald/emerald-champions/work/toolchain/arm-expanded/Payload/bin/../libexec/gcc/arm-none-eabi/15.3.1/cc1 -quiet <flags> -o build/emerald-test/src/wild_encounter_ow.o src/wild_encounter_ow.c
/Users/ericguthrie/Documents/ChatGPT/Emerald/emerald-champions/work/toolchain/arm-expanded/Payload/bin/../libexec/gcc/arm-none-eabi/15.3.1/cc1 -quiet <flags> -o build/emerald-test/src/window.o src/window.c
/Users/ericguthrie/Documents/ChatGPT/Emerald/emerald-champions/work/toolchain/arm-expanded/Payload/bin/../libexec/gcc/arm-none-eabi/15.3.1/cc1 -quiet <flags> -o build/emerald-test/src/wireless_communication_status_screen.o src/wireless_communication_status_screen.c
/Users/ericguthrie/Documents/ChatGPT/Emerald/emerald-champions/work/toolchain/arm-expanded/Payload/bin/../libexec/gcc/arm-none-eabi/15.3.1/cc1 -quiet <flags> -o build/emerald-test/src/wonder_news.o src/wonder_news.c
tools/preproc/preproc -s data/battle_anim_scripts.s charmap.txt | arm-none-eabi-cpp -iquote include -Wno-trigraphs -DMODERN=1 -DTESTING=1 -DEMERALD -std=gnu17 -DEC_HEADLESS_FIXTURES=0 -I include - | tools/preproc/preproc -ie data/battle_anim_scripts.s charmap.txt | arm-none-eabi-as -mcpu=arm7tdmi -march=armv4t -meabi=5 --defsym MODERN=1 --defsym EMERALD=1 -o build/emerald-test/data/battle_anim_scripts.o
tools/preproc/preproc -s data/battle_scripts_1.s charmap.txt | arm-none-eabi-cpp -iquote include -Wno-trigraphs -DMODERN=1 -DTESTING=1 -DEMERALD -std=gnu17 -DEC_HEADLESS_FIXTURES=0 -I include - | tools/preproc/preproc -ie data/battle_scripts_1.s charmap.txt | arm-none-eabi-as -mcpu=arm7tdmi -march=armv4t -meabi=5 --defsym MODERN=1 --defsym EMERALD=1 -o build/emerald-test/data/battle_scripts_1.o
tools/preproc/preproc -s data/battle_scripts_2.s charmap.txt | arm-none-eabi-cpp -iquote include -Wno-trigraphs -DMODERN=1 -DTESTING=1 -DEMERALD -std=gnu17 -DEC_HEADLESS_FIXTURES=0 -I include - | tools/preproc/preproc -ie data/battle_scripts_2.s charmap.txt | arm-none-eabi-as -mcpu=arm7tdmi -march=armv4t -meabi=5 --defsym MODERN=1 --defsym EMERALD=1 -o build/emerald-test/data/battle_scripts_2.o
tools/preproc/preproc -s data/event_scripts.s charmap.txt | arm-none-eabi-cpp -iquote include -Wno-trigraphs -DMODERN=1 -DTESTING=1 -DEMERALD -std=gnu17 -DEC_HEADLESS_FIXTURES=0 -I include - | tools/preproc/preproc -ie data/event_scripts.s charmap.txt | arm-none-eabi-as -mcpu=arm7tdmi -march=armv4t -meabi=5 --defsym MODERN=1 --defsym EMERALD=1 -o build/emerald-test/data/event_scripts.o
tools/preproc/preproc -s data/map_events.s charmap.txt | arm-none-eabi-cpp -iquote include -Wno-trigraphs -DMODERN=1 -DTESTING=1 -DEMERALD -std=gnu17 -DEC_HEADLESS_FIXTURES=0 -I include - | tools/preproc/preproc -ie data/map_events.s charmap.txt | arm-none-eabi-as -mcpu=arm7tdmi -march=armv4t -meabi=5 --defsym MODERN=1 --defsym EMERALD=1 -o build/emerald-test/data/map_events.o
tools/preproc/preproc -s data/maps.s charmap.txt | arm-none-eabi-cpp -iquote include -Wno-trigraphs -DMODERN=1 -DTESTING=1 -DEMERALD -std=gnu17 -DEC_HEADLESS_FIXTURES=0 -I include - | tools/preproc/preproc -ie data/maps.s charmap.txt | arm-none-eabi-as -mcpu=arm7tdmi -march=armv4t -meabi=5 --defsym MODERN=1 --defsym EMERALD=1 -o build/emerald-test/data/maps.o
tools/preproc/preproc -s data/mystery_gift.s charmap.txt | arm-none-eabi-cpp -iquote include -Wno-trigraphs -DMODERN=1 -DTESTING=1 -DEMERALD -std=gnu17 -DEC_HEADLESS_FIXTURES=0 -I include - | tools/preproc/preproc -ie data/mystery_gift.s charmap.txt | arm-none-eabi-as -mcpu=arm7tdmi -march=armv4t -meabi=5 --defsym MODERN=1 --defsym EMERALD=1 -o build/emerald-test/data/mystery_gift.o
/Users/ericguthrie/Documents/ChatGPT/Emerald/emerald-champions/work/toolchain/arm-expanded/Payload/bin/../libexec/gcc/arm-none-eabi/15.3.1/cc1 -quiet <flags> -o build/emerald-test/test/bag.o test/bag.c
/Users/ericguthrie/Documents/ChatGPT/Emerald/emerald-champions/work/toolchain/arm-expanded/Payload/bin/../libexec/gcc/arm-none-eabi/15.3.1/cc1 -quiet <flags> -o build/emerald-test/test/chansey_overworld.o test/chansey_overworld.c
/Users/ericguthrie/Documents/ChatGPT/Emerald/emerald-champions/work/toolchain/arm-expanded/Payload/bin/../libexec/gcc/arm-none-eabi/15.3.1/cc1 -quiet <flags> -o build/emerald-test/test/daycare.o test/daycare.c
/Users/ericguthrie/Documents/ChatGPT/Emerald/emerald-champions/work/toolchain/arm-expanded/Payload/bin/../libexec/gcc/arm-none-eabi/15.3.1/cc1 -quiet <flags> -o build/emerald-test/test/emerald_champions.o test/emerald_champions.c
/Users/ericguthrie/Documents/ChatGPT/Emerald/emerald-champions/work/toolchain/arm-expanded/Payload/bin/../libexec/gcc/arm-none-eabi/15.3.1/cc1 -quiet <flags> -o build/emerald-test/test/emerald_champions_daycare.o test/emerald_champions_daycare.c
/Users/ericguthrie/Documents/ChatGPT/Emerald/emerald-champions/work/toolchain/arm-expanded/Payload/bin/../libexec/gcc/arm-none-eabi/15.3.1/cc1 -quiet <flags> -o build/emerald-test/test/legendary_sign_pipeline.o test/legendary_sign_pipeline.c
/Users/ericguthrie/Documents/ChatGPT/Emerald/emerald-champions/work/toolchain/arm-expanded/Payload/bin/../libexec/gcc/arm-none-eabi/15.3.1/cc1 -quiet <flags> -o build/emerald-test/test/mega_stone_rewards.o test/mega_stone_rewards.c
/Users/ericguthrie/Documents/ChatGPT/Emerald/emerald-champions/work/toolchain/arm-expanded/Payload/bin/../libexec/gcc/arm-none-eabi/15.3.1/cc1 -quiet <flags> -o build/emerald-test/test/pokemon.o test/pokemon.c
/Users/ericguthrie/Documents/ChatGPT/Emerald/emerald-champions/work/toolchain/arm-expanded/Payload/bin/../libexec/gcc/arm-none-eabi/15.3.1/cc1 -quiet <flags> -o build/emerald-test/test/test_runner.o test/test_runner.c
/Users/ericguthrie/Documents/ChatGPT/Emerald/emerald-champions/work/toolchain/arm-expanded/Payload/bin/../libexec/gcc/arm-none-eabi/15.3.1/cc1 -quiet <flags> -o build/emerald-test/test/test_runner_args.o test/test_runner_args.c
/Users/ericguthrie/Documents/ChatGPT/Emerald/emerald-champions/work/toolchain/arm-expanded/Payload/bin/../libexec/gcc/arm-none-eabi/15.3.1/cc1 -quiet <flags> -o build/emerald-test/test/test_runner_battle.o test/test_runner_battle.c
/Users/ericguthrie/Documents/ChatGPT/Emerald/emerald-champions/work/toolchain/arm-expanded/Payload/bin/../libexec/gcc/arm-none-eabi/15.3.1/cc1 -quiet <flags> -o build/emerald-test/test/test_test_runner.o test/test_test_runner.c
/Users/ericguthrie/Documents/ChatGPT/Emerald/emerald-champions/work/toolchain/arm-expanded/Payload/bin/../libexec/gcc/arm-none-eabi/15.3.1/cc1 -quiet <flags> -o build/emerald-test/test/text.o test/text.c
/Users/ericguthrie/Documents/ChatGPT/Emerald/emerald-champions/work/toolchain/arm-expanded/Payload/bin/../libexec/gcc/arm-none-eabi/15.3.1/cc1 -quiet <flags> -o build/emerald-test/test/upstream_critical_fixes.o test/upstream_critical_fixes.c
/Users/ericguthrie/Documents/ChatGPT/Emerald/emerald-champions/work/toolchain/arm-expanded/Payload/bin/../libexec/gcc/arm-none-eabi/15.3.1/cc1 -quiet <flags> -o build/emerald-test/test/battle/frontier_circuit.o test/battle/frontier_circuit.c
/Users/ericguthrie/Documents/ChatGPT/Emerald/emerald-champions/work/toolchain/arm-expanded/Payload/bin/../libexec/gcc/arm-none-eabi/15.3.1/cc1 -quiet <flags> -o build/emerald-test/test/battle/sleep_clause.o test/battle/sleep_clause.c
/Users/ericguthrie/Documents/ChatGPT/Emerald/emerald-champions/work/toolchain/arm-expanded/Payload/bin/../libexec/gcc/arm-none-eabi/15.3.1/cc1 -quiet <flags> -o build/emerald-test/test/battle/spread_moves.o test/battle/spread_moves.c
/Users/ericguthrie/Documents/ChatGPT/Emerald/emerald-champions/work/toolchain/arm-expanded/Payload/bin/../libexec/gcc/arm-none-eabi/15.3.1/cc1 -quiet <flags> -o build/emerald-test/test/battle/switch_in_abilities.o test/battle/switch_in_abilities.c
/Users/ericguthrie/Documents/ChatGPT/Emerald/emerald-champions/work/toolchain/arm-expanded/Payload/bin/../libexec/gcc/arm-none-eabi/15.3.1/cc1 -quiet <flags> -o build/emerald-test/test/battle/test_runner_features.o test/battle/test_runner_features.c
/Users/ericguthrie/Documents/ChatGPT/Emerald/emerald-champions/work/toolchain/arm-expanded/Payload/bin/../libexec/gcc/arm-none-eabi/15.3.1/cc1 -quiet <flags> -o build/emerald-test/test/battle/ability/anger_shell.o test/battle/ability/anger_shell.c
/Users/ericguthrie/Documents/ChatGPT/Emerald/emerald-champions/work/toolchain/arm-expanded/Payload/bin/../libexec/gcc/arm-none-eabi/15.3.1/cc1 -quiet <flags> -o build/emerald-test/test/battle/ability/berserk.o test/battle/ability/berserk.c
/Users/ericguthrie/Documents/ChatGPT/Emerald/emerald-champions/work/toolchain/arm-expanded/Payload/bin/../libexec/gcc/arm-none-eabi/15.3.1/cc1 -quiet <flags> -o build/emerald-test/test/battle/ability/blitz_boxer.o test/battle/ability/blitz_boxer.c
/Users/ericguthrie/Documents/ChatGPT/Emerald/emerald-champions/work/toolchain/arm-expanded/Payload/bin/../libexec/gcc/arm-none-eabi/15.3.1/cc1 -quiet <flags> -o build/emerald-test/test/battle/ability/color_change.o test/battle/ability/color_change.c
/Users/ericguthrie/Documents/ChatGPT/Emerald/emerald-champions/work/toolchain/arm-expanded/Payload/bin/../libexec/gcc/arm-none-eabi/15.3.1/cc1 -quiet <flags> -o build/emerald-test/test/battle/ability/commander.o test/battle/ability/commander.c
/Users/ericguthrie/Documents/ChatGPT/Emerald/emerald-champions/work/toolchain/arm-expanded/Payload/bin/../libexec/gcc/arm-none-eabi/15.3.1/cc1 -quiet <flags> -o build/emerald-test/test/battle/ability/disguise.o test/battle/ability/disguise.c
/Users/ericguthrie/Documents/ChatGPT/Emerald/emerald-champions/work/toolchain/arm-expanded/Payload/bin/../libexec/gcc/arm-none-eabi/15.3.1/cc1 -quiet <flags> -o build/emerald-test/test/battle/ability/flower_gift.o test/battle/ability/flower_gift.c
/Users/ericguthrie/Documents/ChatGPT/Emerald/emerald-champions/work/toolchain/arm-expanded/Payload/bin/../libexec/gcc/arm-none-eabi/15.3.1/cc1 -quiet <flags> -o build/emerald-test/test/battle/ability/forecast.o test/battle/ability/forecast.c
/Users/ericguthrie/Documents/ChatGPT/Emerald/emerald-champions/work/toolchain/arm-expanded/Payload/bin/../libexec/gcc/arm-none-eabi/15.3.1/cc1 -quiet <flags> -o build/emerald-test/test/battle/ability/healer.o test/battle/ability/healer.c
/Users/ericguthrie/Documents/ChatGPT/Emerald/emerald-champions/work/toolchain/arm-expanded/Payload/bin/../libexec/gcc/arm-none-eabi/15.3.1/cc1 -quiet <flags> -o build/emerald-test/test/battle/ability/imposter.o test/battle/ability/imposter.c
/Users/ericguthrie/Documents/ChatGPT/Emerald/emerald-champions/work/toolchain/arm-expanded/Payload/bin/../libexec/gcc/arm-none-eabi/15.3.1/cc1 -quiet <flags> -o build/emerald-test/test/battle/ability/pickpocket.o test/battle/ability/pickpocket.c
/Users/ericguthrie/Documents/ChatGPT/Emerald/emerald-champions/work/toolchain/arm-expanded/Payload/bin/../libexec/gcc/arm-none-eabi/15.3.1/cc1 -quiet <flags> -o build/emerald-test/test/battle/ability/telepathy.o test/battle/ability/telepathy.c
/Users/ericguthrie/Documents/ChatGPT/Emerald/emerald-champions/work/toolchain/arm-expanded/Payload/bin/../libexec/gcc/arm-none-eabi/15.3.1/cc1 -quiet <flags> -o build/emerald-test/test/battle/ability/unseen_fist.o test/battle/ability/unseen_fist.c
/Users/ericguthrie/Documents/ChatGPT/Emerald/emerald-champions/work/toolchain/arm-expanded/Payload/bin/../libexec/gcc/arm-none-eabi/15.3.1/cc1 -quiet <flags> -o build/emerald-test/test/battle/ai/ai.o test/battle/ai/ai.c
/Users/ericguthrie/Documents/ChatGPT/Emerald/emerald-champions/work/toolchain/arm-expanded/Payload/bin/../libexec/gcc/arm-none-eabi/15.3.1/cc1 -quiet <flags> -o build/emerald-test/test/battle/ai/ai_assume_stab.o test/battle/ai/ai_assume_stab.c
/Users/ericguthrie/Documents/ChatGPT/Emerald/emerald-champions/work/toolchain/arm-expanded/Payload/bin/../libexec/gcc/arm-none-eabi/15.3.1/cc1 -quiet <flags> -o build/emerald-test/test/battle/ai/ai_assume_status_moves.o test/battle/ai/ai_assume_status_moves.c
/Users/ericguthrie/Documents/ChatGPT/Emerald/emerald-champions/work/toolchain/arm-expanded/Payload/bin/../libexec/gcc/arm-none-eabi/15.3.1/cc1 -quiet <flags> -o build/emerald-test/test/battle/ai/ai_calc_best_move_score.o test/battle/ai/ai_calc_best_move_score.c
/Users/ericguthrie/Documents/ChatGPT/Emerald/emerald-champions/work/toolchain/arm-expanded/Payload/bin/../libexec/gcc/arm-none-eabi/15.3.1/cc1 -quiet <flags> -o build/emerald-test/test/battle/ai/ai_check_viability.o test/battle/ai/ai_check_viability.c
/Users/ericguthrie/Documents/ChatGPT/Emerald/emerald-champions/work/toolchain/arm-expanded/Payload/bin/../libexec/gcc/arm-none-eabi/15.3.1/cc1 -quiet <flags> -o build/emerald-test/test/battle/ai/ai_choice.o test/battle/ai/ai_choice.c
/Users/ericguthrie/Documents/ChatGPT/Emerald/emerald-champions/work/toolchain/arm-expanded/Payload/bin/../libexec/gcc/arm-none-eabi/15.3.1/cc1 -quiet <flags> -o build/emerald-test/test/battle/ai/ai_combo_attack.o test/battle/ai/ai_combo_attack.c
/Users/ericguthrie/Documents/ChatGPT/Emerald/emerald-champions/work/toolchain/arm-expanded/Payload/bin/../libexec/gcc/arm-none-eabi/15.3.1/cc1 -quiet <flags> -o build/emerald-test/test/battle/ai/ai_double_ace.o test/battle/ai/ai_double_ace.c
/Users/ericguthrie/Documents/ChatGPT/Emerald/emerald-champions/work/toolchain/arm-expanded/Payload/bin/../libexec/gcc/arm-none-eabi/15.3.1/cc1 -quiet <flags> -o build/emerald-test/test/battle/ai/ai_doubles.o test/battle/ai/ai_doubles.c
/Users/ericguthrie/Documents/ChatGPT/Emerald/emerald-champions/work/toolchain/arm-expanded/Payload/bin/../libexec/gcc/arm-none-eabi/15.3.1/cc1 -quiet <flags> -o build/emerald-test/test/battle/ai/ai_flag_attacks_partner.o test/battle/ai/ai_flag_attacks_partner.c
/Users/ericguthrie/Documents/ChatGPT/Emerald/emerald-champions/work/toolchain/arm-expanded/Payload/bin/../libexec/gcc/arm-none-eabi/15.3.1/cc1 -quiet <flags> -o build/emerald-test/test/battle/ai/ai_flag_predict_ability.o test/battle/ai/ai_flag_predict_ability.c
/Users/ericguthrie/Documents/ChatGPT/Emerald/emerald-champions/work/toolchain/arm-expanded/Payload/bin/../libexec/gcc/arm-none-eabi/15.3.1/cc1 -quiet <flags> -o build/emerald-test/test/battle/ai/ai_flag_predict_move.o test/battle/ai/ai_flag_predict_move.c
/Users/ericguthrie/Documents/ChatGPT/Emerald/emerald-champions/work/toolchain/arm-expanded/Payload/bin/../libexec/gcc/arm-none-eabi/15.3.1/cc1 -quiet <flags> -o build/emerald-test/test/battle/ai/ai_flag_predict_switch.o test/battle/ai/ai_flag_predict_switch.c
/Users/ericguthrie/Documents/ChatGPT/Emerald/emerald-champions/work/toolchain/arm-expanded/Payload/bin/../libexec/gcc/arm-none-eabi/15.3.1/cc1 -quiet <flags> -o build/emerald-test/test/battle/ai/ai_flag_risky.o test/battle/ai/ai_flag_risky.c
/Users/ericguthrie/Documents/ChatGPT/Emerald/emerald-champions/work/toolchain/arm-expanded/Payload/bin/../libexec/gcc/arm-none-eabi/15.3.1/cc1 -quiet <flags> -o build/emerald-test/test/battle/ai/ai_flag_sequence_switching.o test/battle/ai/ai_flag_sequence_switching.c
/Users/ericguthrie/Documents/ChatGPT/Emerald/emerald-champions/work/toolchain/arm-expanded/Payload/bin/../libexec/gcc/arm-none-eabi/15.3.1/cc1 -quiet <flags> -o build/emerald-test/test/battle/ai/ai_multi.o test/battle/ai/ai_multi.c
/Users/ericguthrie/Documents/ChatGPT/Emerald/emerald-champions/work/toolchain/arm-expanded/Payload/bin/../libexec/gcc/arm-none-eabi/15.3.1/cc1 -quiet <flags> -o build/emerald-test/test/battle/ai/ai_powerful_status.o test/battle/ai/ai_powerful_status.c
/Users/ericguthrie/Documents/ChatGPT/Emerald/emerald-champions/work/toolchain/arm-expanded/Payload/bin/../libexec/gcc/arm-none-eabi/15.3.1/cc1 -quiet <flags> -o build/emerald-test/test/battle/ai/ai_pp_stall_prevention.o test/battle/ai/ai_pp_stall_prevention.c
/Users/ericguthrie/Documents/ChatGPT/Emerald/emerald-champions/work/toolchain/arm-expanded/Payload/bin/../libexec/gcc/arm-none-eabi/15.3.1/cc1 -quiet <flags> -o build/emerald-test/test/battle/ai/ai_switching.o test/battle/ai/ai_switching.c
/Users/ericguthrie/Documents/ChatGPT/Emerald/emerald-champions/work/toolchain/arm-expanded/Payload/bin/../libexec/gcc/arm-none-eabi/15.3.1/cc1 -quiet <flags> -o build/emerald-test/test/battle/ai/ai_test_test_runner.o test/battle/ai/ai_test_test_runner.c
/Users/ericguthrie/Documents/ChatGPT/Emerald/emerald-champions/work/toolchain/arm-expanded/Payload/bin/../libexec/gcc/arm-none-eabi/15.3.1/cc1 -quiet <flags> -o build/emerald-test/test/battle/ai/ai_trytofaint.o test/battle/ai/ai_trytofaint.c
/Users/ericguthrie/Documents/ChatGPT/Emerald/emerald-champions/work/toolchain/arm-expanded/Payload/bin/../libexec/gcc/arm-none-eabi/15.3.1/cc1 -quiet <flags> -o build/emerald-test/test/battle/ai/check_bad_move.o test/battle/ai/check_bad_move.c
/Users/ericguthrie/Documents/ChatGPT/Emerald/emerald-champions/work/toolchain/arm-expanded/Payload/bin/../libexec/gcc/arm-none-eabi/15.3.1/cc1 -quiet <flags> -o build/emerald-test/test/battle/ai/emerald_champions_perish.o test/battle/ai/emerald_champions_perish.c
/Users/ericguthrie/Documents/ChatGPT/Emerald/emerald-champions/work/toolchain/arm-expanded/Payload/bin/../libexec/gcc/arm-none-eabi/15.3.1/cc1 -quiet <flags> -o build/emerald-test/test/battle/ai/emerald_champions_plans.o test/battle/ai/emerald_champions_plans.c
/Users/ericguthrie/Documents/ChatGPT/Emerald/emerald-champions/work/toolchain/arm-expanded/Payload/bin/../libexec/gcc/arm-none-eabi/15.3.1/cc1 -quiet <flags> -o build/emerald-test/test/battle/ai/gimmick_mega.o test/battle/ai/gimmick_mega.c
/Users/ericguthrie/Documents/ChatGPT/Emerald/emerald-champions/work/toolchain/arm-expanded/Payload/bin/../libexec/gcc/arm-none-eabi/15.3.1/cc1 -quiet <flags> -o build/emerald-test/test/battle/ai/party_knowledge.o test/battle/ai/party_knowledge.c
/Users/ericguthrie/Documents/ChatGPT/Emerald/emerald-champions/work/toolchain/arm-expanded/Payload/bin/../libexec/gcc/arm-none-eabi/15.3.1/cc1 -quiet <flags> -o build/emerald-test/test/battle/ai/values_moves_over_splash.o test/battle/ai/values_moves_over_splash.c
/Users/ericguthrie/Documents/ChatGPT/Emerald/emerald-champions/work/toolchain/arm-expanded/Payload/bin/../libexec/gcc/arm-none-eabi/15.3.1/cc1 -quiet <flags> -o build/emerald-test/test/battle/form_change/emerald_champions_megas.o test/battle/form_change/emerald_champions_megas.c
/Users/ericguthrie/Documents/ChatGPT/Emerald/emerald-champions/work/toolchain/arm-expanded/Payload/bin/../libexec/gcc/arm-none-eabi/15.3.1/cc1 -quiet <flags> -o build/emerald-test/test/battle/form_change/mega_evolution.o test/battle/form_change/mega_evolution.c
/Users/ericguthrie/Documents/ChatGPT/Emerald/emerald-champions/work/toolchain/arm-expanded/Payload/bin/../libexec/gcc/arm-none-eabi/15.3.1/cc1 -quiet <flags> -o build/emerald-test/test/battle/hold_effect/confuse_spicy.o test/battle/hold_effect/confuse_spicy.c
/Users/ericguthrie/Documents/ChatGPT/Emerald/emerald-champions/work/toolchain/arm-expanded/Payload/bin/../libexec/gcc/arm-none-eabi/15.3.1/cc1 -quiet <flags> -o build/emerald-test/test/battle/hold_effect/restore_pct_hp.o test/battle/hold_effect/restore_pct_hp.c
/Users/ericguthrie/Documents/ChatGPT/Emerald/emerald-champions/work/toolchain/arm-expanded/Payload/bin/../libexec/gcc/arm-none-eabi/15.3.1/cc1 -quiet <flags> -o build/emerald-test/test/battle/move_effect/attack_up_user_ally.o test/battle/move_effect/attack_up_user_ally.c
/Users/ericguthrie/Documents/ChatGPT/Emerald/emerald-champions/work/toolchain/arm-expanded/Payload/bin/../libexec/gcc/arm-none-eabi/15.3.1/cc1 -quiet <flags> -o build/emerald-test/test/battle/move_effect/beak_blast.o test/battle/move_effect/beak_blast.c
/Users/ericguthrie/Documents/ChatGPT/Emerald/emerald-champions/work/toolchain/arm-expanded/Payload/bin/../libexec/gcc/arm-none-eabi/15.3.1/cc1 -quiet <flags> -o build/emerald-test/test/battle/move_effect/belch.o test/battle/move_effect/belch.c
/Users/ericguthrie/Documents/ChatGPT/Emerald/emerald-champions/work/toolchain/arm-expanded/Payload/bin/../libexec/gcc/arm-none-eabi/15.3.1/cc1 -quiet <flags> -o build/emerald-test/test/battle/move_effect/encore.o test/battle/move_effect/encore.c
/Users/ericguthrie/Documents/ChatGPT/Emerald/emerald-champions/work/toolchain/arm-expanded/Payload/bin/../libexec/gcc/arm-none-eabi/15.3.1/cc1 -quiet <flags> -o build/emerald-test/test/battle/move_effect/fail_if_not_arg_type.o test/battle/move_effect/fail_if_not_arg_type.c
/Users/ericguthrie/Documents/ChatGPT/Emerald/emerald-champions/work/toolchain/arm-expanded/Payload/bin/../libexec/gcc/arm-none-eabi/15.3.1/cc1 -quiet <flags> -o build/emerald-test/test/battle/move_effect/focus_punch.o test/battle/move_effect/focus_punch.c
/Users/ericguthrie/Documents/ChatGPT/Emerald/emerald-champions/work/toolchain/arm-expanded/Payload/bin/../libexec/gcc/arm-none-eabi/15.3.1/cc1 -quiet <flags> -o build/emerald-test/test/battle/move_effect/ice_spinner.o test/battle/move_effect/ice_spinner.c
/Users/ericguthrie/Documents/ChatGPT/Emerald/emerald-champions/work/toolchain/arm-expanded/Payload/bin/../libexec/gcc/arm-none-eabi/15.3.1/cc1 -quiet <flags> -o build/emerald-test/test/battle/move_effect/knock_off.o test/battle/move_effect/knock_off.c
/Users/ericguthrie/Documents/ChatGPT/Emerald/emerald-champions/work/toolchain/arm-expanded/Payload/bin/../libexec/gcc/arm-none-eabi/15.3.1/cc1 -quiet <flags> -o build/emerald-test/test/battle/move_effect/last_resort.o test/battle/move_effect/last_resort.c
/Users/ericguthrie/Documents/ChatGPT/Emerald/emerald-champions/work/toolchain/arm-expanded/Payload/bin/../libexec/gcc/arm-none-eabi/15.3.1/cc1 -quiet <flags> -o build/emerald-test/test/battle/move_effect/rage_fist.o test/battle/move_effect/rage_fist.c
/Users/ericguthrie/Documents/ChatGPT/Emerald/emerald-champions/work/toolchain/arm-expanded/Payload/bin/../libexec/gcc/arm-none-eabi/15.3.1/cc1 -quiet <flags> -o build/emerald-test/test/battle/move_effect/rapid_spin.o test/battle/move_effect/rapid_spin.c
/Users/ericguthrie/Documents/ChatGPT/Emerald/emerald-champions/work/toolchain/arm-expanded/Payload/bin/../libexec/gcc/arm-none-eabi/15.3.1/cc1 -quiet <flags> -o build/emerald-test/test/battle/move_effect/sleep.o test/battle/move_effect/sleep.c
/Users/ericguthrie/Documents/ChatGPT/Emerald/emerald-champions/work/toolchain/arm-expanded/Payload/bin/../libexec/gcc/arm-none-eabi/15.3.1/cc1 -quiet <flags> -o build/emerald-test/test/battle/move_effect/speed_swap.o test/battle/move_effect/speed_swap.c
/Users/ericguthrie/Documents/ChatGPT/Emerald/emerald-champions/work/toolchain/arm-expanded/Payload/bin/../libexec/gcc/arm-none-eabi/15.3.1/cc1 -quiet <flags> -o build/emerald-test/test/battle/move_effect/steal_item.o test/battle/move_effect/steal_item.c
/Users/ericguthrie/Documents/ChatGPT/Emerald/emerald-champions/work/toolchain/arm-expanded/Payload/bin/../libexec/gcc/arm-none-eabi/15.3.1/cc1 -quiet <flags> -o build/emerald-test/test/battle/move_effect_secondary/salt_cure.o test/battle/move_effect_secondary/salt_cure.c
/Users/ericguthrie/Documents/ChatGPT/Emerald/emerald-champions/work/toolchain/arm-expanded/Payload/bin/../libexec/gcc/arm-none-eabi/15.3.1/cc1 -quiet <flags> -o build/emerald-test/test/battle/status1/freeze.o test/battle/status1/freeze.c
/Users/ericguthrie/Documents/ChatGPT/Emerald/emerald-champions/work/toolchain/arm-expanded/Payload/bin/../libexec/gcc/arm-none-eabi/15.3.1/cc1 -quiet <flags> -o build/emerald-test/test/battle/status1/paralysis.o test/battle/status1/paralysis.c
cd build/emerald-test && arm-none-eabi-ld -T ld_script_test.ld -o pokeemerald-test.elf <objects> <test-objects> <lib>
arm-none-eabi-ld: warning: pokeemerald-test.elf has a LOAD segment with RWX permissions
tools/gbafix/gbafix build/emerald-test/pokeemerald-test.elf -t"EM CHAMPIONS" -cBPEE -m01 -r0 -d0 --silent
tools/patchelf/patchelf pokeemerald-test-headless.elf gTestRunnerHeadless '\x01' gTestRunnerSkipIsFail "\x00"
tools/mgba-rom-test-hydra/mgba-rom-test-hydra tools/mgba/mgba-rom-test-mac arm-none-eabi-objcopy pokeemerald-test-headless.elf
Hydra workers: 4
[0] Emerald Champions Belly Drum normalization preserves authored sets across successive level caps: [32mPASS[0m
[1] Emerald Champions Belly Drum berry sets preserve Sitrus points and Gluttony parity at every level cap: [32mPASS[0m

- Tests [32mPASSED[0m:          2
- Tests [34mTOTAL[0m:           2

