tools/scaninc/scaninc -M build/emerald-test/data/maps.d -g build/assets -I include -I "" data/maps.s
tools/scaninc/scaninc -M build/emerald-test/data/map_events.d -g build/assets -I include -I "" data/map_events.s
tools/scaninc/scaninc -M build/emerald-test/data/event_scripts.d -g build/assets -I include -I "" data/event_scripts.s
tools/scaninc/scaninc -M build/emerald-test/data/battle_scripts_2.d -g build/assets -I include -I "" data/battle_scripts_2.s
tools/scaninc/scaninc -M build/emerald-test/data/battle_scripts_1.d -g build/assets -I include -I "" data/battle_scripts_1.s
tools/scaninc/scaninc -M build/emerald-test/data/battle_anim_scripts.d -g build/assets -I include -I "" data/battle_anim_scripts.s
tools/scaninc/scaninc -M build/emerald-test/test/battle/status1/paralysis.d -g build/assets -I include -I tools/agbcc/include test/battle/status1/paralysis.c
tools/scaninc/scaninc -M build/emerald-test/test/battle/status1/freeze.d -g build/assets -I include -I tools/agbcc/include test/battle/status1/freeze.c
tools/scaninc/scaninc -M build/emerald-test/test/battle/move_effect_secondary/salt_cure.d -g build/assets -I include -I tools/agbcc/include test/battle/move_effect_secondary/salt_cure.c
tools/scaninc/scaninc -M build/emerald-test/test/battle/move_effect/steal_item.d -g build/assets -I include -I tools/agbcc/include test/battle/move_effect/steal_item.c
tools/scaninc/scaninc -M build/emerald-test/test/battle/move_effect/speed_swap.d -g build/assets -I include -I tools/agbcc/include test/battle/move_effect/speed_swap.c
tools/scaninc/scaninc -M build/emerald-test/test/battle/move_effect/sleep.d -g build/assets -I include -I tools/agbcc/include test/battle/move_effect/sleep.c
tools/scaninc/scaninc -M build/emerald-test/test/battle/move_effect/rapid_spin.d -g build/assets -I include -I tools/agbcc/include test/battle/move_effect/rapid_spin.c
tools/scaninc/scaninc -M build/emerald-test/test/battle/move_effect/rage_fist.d -g build/assets -I include -I tools/agbcc/include test/battle/move_effect/rage_fist.c
tools/scaninc/scaninc -M build/emerald-test/test/battle/move_effect/last_resort.d -g build/assets -I include -I tools/agbcc/include test/battle/move_effect/last_resort.c
tools/scaninc/scaninc -M build/emerald-test/test/battle/move_effect/knock_off.d -g build/assets -I include -I tools/agbcc/include test/battle/move_effect/knock_off.c
tools/scaninc/scaninc -M build/emerald-test/test/battle/move_effect/ice_spinner.d -g build/assets -I include -I tools/agbcc/include test/battle/move_effect/ice_spinner.c
tools/scaninc/scaninc -M build/emerald-test/test/battle/move_effect/focus_punch.d -g build/assets -I include -I tools/agbcc/include test/battle/move_effect/focus_punch.c
tools/scaninc/scaninc -M build/emerald-test/test/battle/move_effect/fail_if_not_arg_type.d -g build/assets -I include -I tools/agbcc/include test/battle/move_effect/fail_if_not_arg_type.c
tools/scaninc/scaninc -M build/emerald-test/test/battle/move_effect/encore.d -g build/assets -I include -I tools/agbcc/include test/battle/move_effect/encore.c
tools/scaninc/scaninc -M build/emerald-test/test/battle/move_effect/belch.d -g build/assets -I include -I tools/agbcc/include test/battle/move_effect/belch.c
tools/scaninc/scaninc -M build/emerald-test/test/battle/move_effect/beak_blast.d -g build/assets -I include -I tools/agbcc/include test/battle/move_effect/beak_blast.c
tools/scaninc/scaninc -M build/emerald-test/test/battle/move_effect/attack_up_user_ally.d -g build/assets -I include -I tools/agbcc/include test/battle/move_effect/attack_up_user_ally.c
tools/scaninc/scaninc -M build/emerald-test/test/battle/hold_effect/restore_pct_hp.d -g build/assets -I include -I tools/agbcc/include test/battle/hold_effect/restore_pct_hp.c
tools/scaninc/scaninc -M build/emerald-test/test/battle/hold_effect/confuse_spicy.d -g build/assets -I include -I tools/agbcc/include test/battle/hold_effect/confuse_spicy.c
tools/scaninc/scaninc -M build/emerald-test/test/battle/form_change/mega_evolution.d -g build/assets -I include -I tools/agbcc/include test/battle/form_change/mega_evolution.c
tools/scaninc/scaninc -M build/emerald-test/test/battle/form_change/emerald_champions_megas.d -g build/assets -I include -I tools/agbcc/include test/battle/form_change/emerald_champions_megas.c
tools/scaninc/scaninc -M build/emerald-test/test/battle/ai/values_moves_over_splash.d -g build/assets -I include -I tools/agbcc/include test/battle/ai/values_moves_over_splash.c
tools/scaninc/scaninc -M build/emerald-test/test/battle/ai/party_knowledge.d -g build/assets -I include -I tools/agbcc/include test/battle/ai/party_knowledge.c
tools/scaninc/scaninc -M build/emerald-test/test/battle/ai/gimmick_mega.d -g build/assets -I include -I tools/agbcc/include test/battle/ai/gimmick_mega.c
tools/scaninc/scaninc -M build/emerald-test/test/battle/ai/emerald_champions_plans.d -g build/assets -I include -I tools/agbcc/include test/battle/ai/emerald_champions_plans.c
tools/scaninc/scaninc -M build/emerald-test/test/battle/ai/emerald_champions_perish.d -g build/assets -I include -I tools/agbcc/include test/battle/ai/emerald_champions_perish.c
tools/scaninc/scaninc -M build/emerald-test/test/battle/ai/check_bad_move.d -g build/assets -I include -I tools/agbcc/include test/battle/ai/check_bad_move.c
tools/scaninc/scaninc -M build/emerald-test/test/battle/ai/ai_trytofaint.d -g build/assets -I include -I tools/agbcc/include test/battle/ai/ai_trytofaint.c
tools/scaninc/scaninc -M build/emerald-test/test/battle/ai/ai_test_test_runner.d -g build/assets -I include -I tools/agbcc/include test/battle/ai/ai_test_test_runner.c
tools/scaninc/scaninc -M build/emerald-test/test/battle/ai/ai_switching.d -g build/assets -I include -I tools/agbcc/include test/battle/ai/ai_switching.c
tools/scaninc/scaninc -M build/emerald-test/test/battle/ai/ai_pp_stall_prevention.d -g build/assets -I include -I tools/agbcc/include test/battle/ai/ai_pp_stall_prevention.c
tools/scaninc/scaninc -M build/emerald-test/test/battle/ai/ai_powerful_status.d -g build/assets -I include -I tools/agbcc/include test/battle/ai/ai_powerful_status.c
tools/scaninc/scaninc -M build/emerald-test/test/battle/ai/ai_multi.d -g build/assets -I include -I tools/agbcc/include test/battle/ai/ai_multi.c
tools/scaninc/scaninc -M build/emerald-test/test/battle/ai/ai_flag_sequence_switching.d -g build/assets -I include -I tools/agbcc/include test/battle/ai/ai_flag_sequence_switching.c
tools/scaninc/scaninc -M build/emerald-test/test/battle/ai/ai_flag_risky.d -g build/assets -I include -I tools/agbcc/include test/battle/ai/ai_flag_risky.c
tools/scaninc/scaninc -M build/emerald-test/test/battle/ai/ai_flag_predict_switch.d -g build/assets -I include -I tools/agbcc/include test/battle/ai/ai_flag_predict_switch.c
tools/scaninc/scaninc -M build/emerald-test/test/battle/ai/ai_flag_predict_move.d -g build/assets -I include -I tools/agbcc/include test/battle/ai/ai_flag_predict_move.c
tools/scaninc/scaninc -M build/emerald-test/test/battle/ai/ai_flag_predict_ability.d -g build/assets -I include -I tools/agbcc/include test/battle/ai/ai_flag_predict_ability.c
tools/scaninc/scaninc -M build/emerald-test/test/battle/ai/ai_flag_attacks_partner.d -g build/assets -I include -I tools/agbcc/include test/battle/ai/ai_flag_attacks_partner.c
tools/scaninc/scaninc -M build/emerald-test/test/battle/ai/ai_doubles.d -g build/assets -I include -I tools/agbcc/include test/battle/ai/ai_doubles.c
tools/scaninc/scaninc -M build/emerald-test/test/battle/ai/ai_double_ace.d -g build/assets -I include -I tools/agbcc/include test/battle/ai/ai_double_ace.c
tools/scaninc/scaninc -M build/emerald-test/test/battle/ai/ai_combo_attack.d -g build/assets -I include -I tools/agbcc/include test/battle/ai/ai_combo_attack.c
tools/scaninc/scaninc -M build/emerald-test/test/battle/ai/ai_choice.d -g build/assets -I include -I tools/agbcc/include test/battle/ai/ai_choice.c
tools/scaninc/scaninc -M build/emerald-test/test/battle/ai/ai_check_viability.d -g build/assets -I include -I tools/agbcc/include test/battle/ai/ai_check_viability.c
tools/scaninc/scaninc -M build/emerald-test/test/battle/ai/ai_calc_best_move_score.d -g build/assets -I include -I tools/agbcc/include test/battle/ai/ai_calc_best_move_score.c
tools/scaninc/scaninc -M build/emerald-test/test/battle/ai/ai_assume_status_moves.d -g build/assets -I include -I tools/agbcc/include test/battle/ai/ai_assume_status_moves.c
tools/scaninc/scaninc -M build/emerald-test/test/battle/ai/ai_assume_stab.d -g build/assets -I include -I tools/agbcc/include test/battle/ai/ai_assume_stab.c
tools/scaninc/scaninc -M build/emerald-test/test/battle/ai/ai.d -g build/assets -I include -I tools/agbcc/include test/battle/ai/ai.c
tools/scaninc/scaninc -M build/emerald-test/test/battle/ability/unseen_fist.d -g build/assets -I include -I tools/agbcc/include test/battle/ability/unseen_fist.c
tools/scaninc/scaninc -M build/emerald-test/test/battle/ability/telepathy.d -g build/assets -I include -I tools/agbcc/include test/battle/ability/telepathy.c
tools/scaninc/scaninc -M build/emerald-test/test/battle/ability/pickpocket.d -g build/assets -I include -I tools/agbcc/include test/battle/ability/pickpocket.c
tools/scaninc/scaninc -M build/emerald-test/test/battle/ability/imposter.d -g build/assets -I include -I tools/agbcc/include test/battle/ability/imposter.c
tools/scaninc/scaninc -M build/emerald-test/test/battle/ability/healer.d -g build/assets -I include -I tools/agbcc/include test/battle/ability/healer.c
tools/scaninc/scaninc -M build/emerald-test/test/battle/ability/forecast.d -g build/assets -I include -I tools/agbcc/include test/battle/ability/forecast.c
tools/scaninc/scaninc -M build/emerald-test/test/battle/ability/flower_gift.d -g build/assets -I include -I tools/agbcc/include test/battle/ability/flower_gift.c
tools/scaninc/scaninc -M build/emerald-test/test/battle/ability/disguise.d -g build/assets -I include -I tools/agbcc/include test/battle/ability/disguise.c
tools/scaninc/scaninc -M build/emerald-test/test/battle/ability/commander.d -g build/assets -I include -I tools/agbcc/include test/battle/ability/commander.c
tools/scaninc/scaninc -M build/emerald-test/test/battle/ability/color_change.d -g build/assets -I include -I tools/agbcc/include test/battle/ability/color_change.c
tools/scaninc/scaninc -M build/emerald-test/test/battle/ability/blitz_boxer.d -g build/assets -I include -I tools/agbcc/include test/battle/ability/blitz_boxer.c
tools/scaninc/scaninc -M build/emerald-test/test/battle/ability/berserk.d -g build/assets -I include -I tools/agbcc/include test/battle/ability/berserk.c
tools/scaninc/scaninc -M build/emerald-test/test/battle/ability/anger_shell.d -g build/assets -I include -I tools/agbcc/include test/battle/ability/anger_shell.c
tools/scaninc/scaninc -M build/emerald-test/test/battle/test_runner_features.d -g build/assets -I include -I tools/agbcc/include test/battle/test_runner_features.c
tools/scaninc/scaninc -M build/emerald-test/test/battle/switch_in_abilities.d -g build/assets -I include -I tools/agbcc/include test/battle/switch_in_abilities.c
tools/scaninc/scaninc -M build/emerald-test/test/battle/spread_moves.d -g build/assets -I include -I tools/agbcc/include test/battle/spread_moves.c
tools/scaninc/scaninc -M build/emerald-test/test/battle/sleep_clause.d -g build/assets -I include -I tools/agbcc/include test/battle/sleep_clause.c
tools/scaninc/scaninc -M build/emerald-test/test/battle/frontier_circuit.d -g build/assets -I include -I tools/agbcc/include test/battle/frontier_circuit.c
tools/scaninc/scaninc -M build/emerald-test/test/upstream_critical_fixes.d -g build/assets -I include -I tools/agbcc/include test/upstream_critical_fixes.c
tools/scaninc/scaninc -M build/emerald-test/test/text.d -g build/assets -I include -I tools/agbcc/include test/text.c
tools/scaninc/scaninc -M build/emerald-test/test/test_test_runner.d -g build/assets -I include -I tools/agbcc/include test/test_test_runner.c
tools/scaninc/scaninc -M build/emerald-test/test/test_runner_battle.d -g build/assets -I include -I tools/agbcc/include test/test_runner_battle.c
tools/scaninc/scaninc -M build/emerald-test/test/test_runner_args.d -g build/assets -I include -I tools/agbcc/include test/test_runner_args.c
tools/scaninc/scaninc -M build/emerald-test/test/test_runner.d -g build/assets -I include -I tools/agbcc/include test/test_runner.c
tools/scaninc/scaninc -M build/emerald-test/test/pokemon.d -g build/assets -I include -I tools/agbcc/include test/pokemon.c
tools/scaninc/scaninc -M build/emerald-test/test/mega_stone_rewards.d -g build/assets -I include -I tools/agbcc/include test/mega_stone_rewards.c
tools/scaninc/scaninc -M build/emerald-test/test/legendary_sign_pipeline.d -g build/assets -I include -I tools/agbcc/include test/legendary_sign_pipeline.c
tools/scaninc/scaninc -M build/emerald-test/test/emerald_champions_daycare.d -g build/assets -I include -I tools/agbcc/include test/emerald_champions_daycare.c
tools/scaninc/scaninc -M build/emerald-test/test/emerald_champions.d -g build/assets -I include -I tools/agbcc/include test/emerald_champions.c
tools/scaninc/scaninc -M build/emerald-test/test/daycare.d -g build/assets -I include -I tools/agbcc/include test/daycare.c
tools/scaninc/scaninc -M build/emerald-test/test/chansey_overworld.d -g build/assets -I include -I tools/agbcc/include test/chansey_overworld.c
tools/scaninc/scaninc -M build/emerald-test/test/bag.d -g build/assets -I include -I tools/agbcc/include test/bag.c
tools/scaninc/scaninc -M build/emerald-test/src/wonder_news.d -g build/assets -I include -I tools/agbcc/include src/wonder_news.c
tools/scaninc/scaninc -M build/emerald-test/src/wireless_communication_status_screen.d -g build/assets -I include -I tools/agbcc/include src/wireless_communication_status_screen.c
tools/scaninc/scaninc -M build/emerald-test/src/window.d -g build/assets -I include -I tools/agbcc/include src/window.c
tools/scaninc/scaninc -M build/emerald-test/src/wild_encounter_ow.d -g build/assets -I include -I tools/agbcc/include src/wild_encounter_ow.c
tools/scaninc/scaninc -M build/emerald-test/src/wild_encounter.d -g build/assets -I include -I tools/agbcc/include src/wild_encounter.c
tools/scaninc/scaninc -M build/emerald-test/src/wallclock.d -g build/assets -I include -I tools/agbcc/include src/wallclock.c
tools/scaninc/scaninc -M build/emerald-test/src/walda_phrase.d -g build/assets -I include -I tools/agbcc/include src/walda_phrase.c
tools/scaninc/scaninc -M build/emerald-test/src/vs_seeker.d -g build/assets -I include -I tools/agbcc/include src/vs_seeker.c
tools/scaninc/scaninc -M build/emerald-test/src/util.d -g build/assets -I include -I tools/agbcc/include src/util.c
tools/scaninc/scaninc -M build/emerald-test/src/use_pokeblock.d -g build/assets -I include -I tools/agbcc/include src/use_pokeblock.c
tools/scaninc/scaninc -M build/emerald-test/src/union_room_player_avatar.d -g build/assets -I include -I tools/agbcc/include src/union_room_player_avatar.c
tools/scaninc/scaninc -M build/emerald-test/src/union_room_chat.d -g build/assets -I include -I tools/agbcc/include src/union_room_chat.c
tools/scaninc/scaninc -M build/emerald-test/src/union_room_battle.d -g build/assets -I include -I tools/agbcc/include src/union_room_battle.c
tools/scaninc/scaninc -M build/emerald-test/src/union_room.d -g build/assets -I include -I tools/agbcc/include src/union_room.c
tools/scaninc/scaninc -M build/emerald-test/src/type_icons.d -g build/assets -I include -I tools/agbcc/include src/type_icons.c
tools/scaninc/scaninc -M build/emerald-test/src/tv.d -g build/assets -I include -I tools/agbcc/include src/tv.c
tools/scaninc/scaninc -M build/emerald-test/src/trig.d -g build/assets -I include -I tools/agbcc/include src/trig.c
tools/scaninc/scaninc -M build/emerald-test/src/trainer_util.d -g build/assets -I include -I tools/agbcc/include src/trainer_util.c
tools/scaninc/scaninc -M build/emerald-test/src/trainer_tower_sets.d -g build/assets -I include -I tools/agbcc/include src/trainer_tower_sets.c
tools/scaninc/scaninc -M build/emerald-test/src/trainer_tower.d -g build/assets -I include -I tools/agbcc/include src/trainer_tower.c
tools/scaninc/scaninc -M build/emerald-test/src/trainer_slide.d -g build/assets -I include -I tools/agbcc/include src/trainer_slide.c
tools/scaninc/scaninc -M build/emerald-test/src/trainer_see.d -g build/assets -I include -I tools/agbcc/include src/trainer_see.c
tools/scaninc/scaninc -M build/emerald-test/src/trainer_pools.d -g build/assets -I include -I tools/agbcc/include src/trainer_pools.c
tools/scaninc/scaninc -M build/emerald-test/src/trainer_pokemon_sprites.d -g build/assets -I include -I tools/agbcc/include src/trainer_pokemon_sprites.c
tools/scaninc/scaninc -M build/emerald-test/src/trainer_hill.d -g build/assets -I include -I tools/agbcc/include src/trainer_hill.c
tools/scaninc/scaninc -M build/emerald-test/src/trainer_fan_club.d -g build/assets -I include -I tools/agbcc/include src/trainer_fan_club.c
tools/scaninc/scaninc -M build/emerald-test/src/trainer_card.d -g build/assets -I include -I tools/agbcc/include src/trainer_card.c
tools/scaninc/scaninc -M build/emerald-test/src/trainer.d -g build/assets -I include -I tools/agbcc/include src/trainer.c
tools/scaninc/scaninc -M build/emerald-test/src/trader.d -g build/assets -I include -I tools/agbcc/include src/trader.c
tools/scaninc/scaninc -M build/emerald-test/src/trade.d -g build/assets -I include -I tools/agbcc/include src/trade.c
tools/scaninc/scaninc -M build/emerald-test/src/title_screen_frlg.d -g build/assets -I include -I tools/agbcc/include src/title_screen_frlg.c
tools/scaninc/scaninc -M build/emerald-test/src/title_screen.d -g build/assets -I include -I tools/agbcc/include src/title_screen.c
tools/scaninc/scaninc -M build/emerald-test/src/time_events.d -g build/assets -I include -I tools/agbcc/include src/time_events.c
tools/scaninc/scaninc -M build/emerald-test/src/tilesets.d -g build/assets -I include -I tools/agbcc/include src/tilesets.c
tools/scaninc/scaninc -M build/emerald-test/src/tileset_anims.d -g build/assets -I include -I tools/agbcc/include src/tileset_anims.c
tools/scaninc/scaninc -M build/emerald-test/src/text_window.d -g build/assets -I include -I tools/agbcc/include src/text_window.c
tools/scaninc/scaninc -M build/emerald-test/src/text_input_strings.d -g build/assets -I include -I tools/agbcc/include src/text_input_strings.c
tools/scaninc/scaninc -M build/emerald-test/src/text.d -g build/assets -I include -I tools/agbcc/include src/text.c
tools/scaninc/scaninc -M build/emerald-test/src/test_runner_stub.d -g build/assets -I include -I tools/agbcc/include src/test_runner_stub.c
tools/scaninc/scaninc -M build/emerald-test/src/task.d -g build/assets -I include -I tools/agbcc/include src/task.c
tools/scaninc/scaninc -M build/emerald-test/src/strings.d -g build/assets -I include -I tools/agbcc/include src/strings.c
tools/scaninc/scaninc -M build/emerald-test/src/string_util.d -g build/assets -I include -I tools/agbcc/include src/string_util.c
tools/scaninc/scaninc -M build/emerald-test/src/starter_choose.d -g build/assets -I include -I tools/agbcc/include src/starter_choose.c
tools/scaninc/scaninc -M build/emerald-test/src/start_menu.d -g build/assets -I include -I tools/agbcc/include src/start_menu.c
tools/scaninc/scaninc -M build/emerald-test/src/ss_anne.d -g build/assets -I include -I tools/agbcc/include src/ss_anne.c
tools/scaninc/scaninc -M build/emerald-test/src/sprite.d -g build/assets -I include -I tools/agbcc/include src/sprite.c
tools/scaninc/scaninc -M build/emerald-test/src/sprays.d -g build/assets -I include -I tools/agbcc/include src/sprays.c
tools/scaninc/scaninc -M build/emerald-test/src/sound.d -g build/assets -I include -I tools/agbcc/include src/sound.c
tools/scaninc/scaninc -M build/emerald-test/src/slot_machine.d -g build/assets -I include -I tools/agbcc/include src/slot_machine.c
tools/scaninc/scaninc -M build/emerald-test/src/shop_criteria.d -g build/assets -I include -I tools/agbcc/include src/shop_criteria.c
tools/scaninc/scaninc -M build/emerald-test/src/shop.d -g build/assets -I include -I tools/agbcc/include src/shop.c
tools/scaninc/scaninc -M build/emerald-test/src/secret_base.d -g build/assets -I include -I tools/agbcc/include src/secret_base.c
tools/scaninc/scaninc -M build/emerald-test/src/seagallop.d -g build/assets -I include -I tools/agbcc/include src/seagallop.c
tools/scaninc/scaninc -M build/emerald-test/src/script_pokemon_util.d -g build/assets -I include -I tools/agbcc/include src/script_pokemon_util.c
tools/scaninc/scaninc -M build/emerald-test/src/script_movement.d -g build/assets -I include -I tools/agbcc/include src/script_movement.c
tools/scaninc/scaninc -M build/emerald-test/src/script_menu.d -g build/assets -I include -I tools/agbcc/include src/script_menu.c
tools/scaninc/scaninc -M build/emerald-test/src/script.d -g build/assets -I include -I tools/agbcc/include src/script.c
tools/scaninc/scaninc -M build/emerald-test/src/scrcmd.d -g build/assets -I include -I tools/agbcc/include src/scrcmd.c
tools/scaninc/scaninc -M build/emerald-test/src/scanline_effect.d -g build/assets -I include -I tools/agbcc/include src/scanline_effect.c
tools/scaninc/scaninc -M build/emerald-test/src/save_location.d -g build/assets -I include -I tools/agbcc/include src/save_location.c
tools/scaninc/scaninc -M build/emerald-test/src/save_failed_screen.d -g build/assets -I include -I tools/agbcc/include src/save_failed_screen.c
tools/scaninc/scaninc -M build/emerald-test/src/save.d -g build/assets -I include -I tools/agbcc/include src/save.c
tools/scaninc/scaninc -M build/emerald-test/src/safari_zone.d -g build/assets -I include -I tools/agbcc/include src/safari_zone.c
tools/scaninc/scaninc -M build/emerald-test/src/rtc.d -g build/assets -I include -I tools/agbcc/include src/rtc.c
tools/scaninc/scaninc -M build/emerald-test/src/roulette.d -g build/assets -I include -I tools/agbcc/include src/roulette.c
tools/scaninc/scaninc -M build/emerald-test/src/rotating_tile_puzzle.d -g build/assets -I include -I tools/agbcc/include src/rotating_tile_puzzle.c
tools/scaninc/scaninc -M build/emerald-test/src/rotating_gate.d -g build/assets -I include -I tools/agbcc/include src/rotating_gate.c
tools/scaninc/scaninc -M build/emerald-test/src/rom_header_rhh.d -g build/assets -I include -I tools/agbcc/include src/rom_header_rhh.c
tools/scaninc/scaninc -M build/emerald-test/src/rom_header_gf.d -g build/assets -I include -I tools/agbcc/include src/rom_header_gf.c
tools/scaninc/scaninc -M build/emerald-test/src/roamer.d -g build/assets -I include -I tools/agbcc/include src/roamer.c
tools/scaninc/scaninc -M build/emerald-test/src/reshow_battle_screen.d -g build/assets -I include -I tools/agbcc/include src/reshow_battle_screen.c
tools/scaninc/scaninc -M build/emerald-test/src/reset_rtc_screen.d -g build/assets -I include -I tools/agbcc/include src/reset_rtc_screen.c
tools/scaninc/scaninc -M build/emerald-test/src/reload_save.d -g build/assets -I include -I tools/agbcc/include src/reload_save.c
tools/scaninc/scaninc -M build/emerald-test/src/regions.d -g build/assets -I include -I tools/agbcc/include src/regions.c
tools/scaninc/scaninc -M build/emerald-test/src/region_map.d -g build/assets -I include -I tools/agbcc/include src/region_map.c
tools/scaninc/scaninc -M build/emerald-test/src/recorded_battle.d -g build/assets -I include -I tools/agbcc/include src/recorded_battle.c
tools/scaninc/scaninc -M build/emerald-test/src/record_mixing.d -g build/assets -I include -I tools/agbcc/include src/record_mixing.c
tools/scaninc/scaninc -M build/emerald-test/src/rayquaza_scene.d -g build/assets -I include -I tools/agbcc/include src/rayquaza_scene.c
tools/scaninc/scaninc -M build/emerald-test/src/random_mon_generation.d -g build/assets -I include -I tools/agbcc/include src/random_mon_generation.c
tools/scaninc/scaninc -M build/emerald-test/src/random.d -g build/assets -I include -I tools/agbcc/include src/random.c
tools/scaninc/scaninc -M build/emerald-test/src/quickstart.d -g build/assets -I include -I tools/agbcc/include src/quickstart.c
tools/scaninc/scaninc -M build/emerald-test/src/post_battle_event_funcs.d -g build/assets -I include -I tools/agbcc/include src/post_battle_event_funcs.c
tools/scaninc/scaninc -M build/emerald-test/src/pokerus.d -g build/assets -I include -I tools/agbcc/include src/pokerus.c
tools/scaninc/scaninc -M build/emerald-test/src/pokenav_ribbons_summary.d -g build/assets -I include -I tools/agbcc/include src/pokenav_ribbons_summary.c
tools/scaninc/scaninc -M build/emerald-test/src/pokenav_ribbons_list.d -g build/assets -I include -I tools/agbcc/include src/pokenav_ribbons_list.c
tools/scaninc/scaninc -M build/emerald-test/src/pokenav_region_map.d -g build/assets -I include -I tools/agbcc/include src/pokenav_region_map.c
tools/scaninc/scaninc -M build/emerald-test/src/pokenav_menu_handler_gfx.d -g build/assets -I include -I tools/agbcc/include src/pokenav_menu_handler_gfx.c
tools/scaninc/scaninc -M build/emerald-test/src/pokenav_menu_handler.d -g build/assets -I include -I tools/agbcc/include src/pokenav_menu_handler.c
tools/scaninc/scaninc -M build/emerald-test/src/pokenav_match_call_list.d -g build/assets -I include -I tools/agbcc/include src/pokenav_match_call_list.c
tools/scaninc/scaninc -M build/emerald-test/src/pokenav_match_call_gfx.d -g build/assets -I include -I tools/agbcc/include src/pokenav_match_call_gfx.c
tools/scaninc/scaninc -M build/emerald-test/src/pokenav_match_call_data.d -g build/assets -I include -I tools/agbcc/include src/pokenav_match_call_data.c
tools/scaninc/scaninc -M build/emerald-test/src/pokenav_main_menu.d -g build/assets -I include -I tools/agbcc/include src/pokenav_main_menu.c
tools/scaninc/scaninc -M build/emerald-test/src/pokenav_list.d -g build/assets -I include -I tools/agbcc/include src/pokenav_list.c
tools/scaninc/scaninc -M build/emerald-test/src/pokenav_conditions_search_results.d -g build/assets -I include -I tools/agbcc/include src/pokenav_conditions_search_results.c
tools/scaninc/scaninc -M build/emerald-test/src/pokenav_conditions_gfx.d -g build/assets -I include -I tools/agbcc/include src/pokenav_conditions_gfx.c
tools/scaninc/scaninc -M build/emerald-test/src/pokenav_conditions.d -g build/assets -I include -I tools/agbcc/include src/pokenav_conditions.c
tools/scaninc/scaninc -M build/emerald-test/src/pokenav.d -g build/assets -I include -I tools/agbcc/include src/pokenav.c
tools/scaninc/scaninc -M build/emerald-test/src/pokemon_summary_screen.d -g build/assets -I include -I tools/agbcc/include src/pokemon_summary_screen.c
tools/scaninc/scaninc -M build/emerald-test/src/pokemon_storage_system.d -g build/assets -I include -I tools/agbcc/include src/pokemon_storage_system.c
tools/scaninc/scaninc -M build/emerald-test/src/pokemon_sprite_visualizer.d -g build/assets -I include -I tools/agbcc/include src/pokemon_sprite_visualizer.c
tools/scaninc/scaninc -M build/emerald-test/src/pokemon_spots.d -g build/assets -I include -I tools/agbcc/include src/pokemon_spots.c
tools/scaninc/scaninc -M build/emerald-test/src/pokemon_size_record.d -g build/assets -I include -I tools/agbcc/include src/pokemon_size_record.c
tools/scaninc/scaninc -M build/emerald-test/src/pokemon_jump.d -g build/assets -I include -I tools/agbcc/include src/pokemon_jump.c
tools/scaninc/scaninc -M build/emerald-test/src/pokemon_icon.d -g build/assets -I include -I tools/agbcc/include src/pokemon_icon.c
tools/scaninc/scaninc -M build/emerald-test/src/pokemon_animation.d -g build/assets -I include -I tools/agbcc/include src/pokemon_animation.c
tools/scaninc/scaninc -M build/emerald-test/src/pokemon.d -g build/assets -I include -I tools/agbcc/include src/pokemon.c
tools/scaninc/scaninc -M build/emerald-test/src/pokedex_plus_hgss.d -g build/assets -I include -I tools/agbcc/include src/pokedex_plus_hgss.c
tools/scaninc/scaninc -M build/emerald-test/src/pokedex_cry_screen.d -g build/assets -I include -I tools/agbcc/include src/pokedex_cry_screen.c
tools/scaninc/scaninc -M build/emerald-test/src/pokedex_area_screen.d -g build/assets -I include -I tools/agbcc/include src/pokedex_area_screen.c
tools/scaninc/scaninc -M build/emerald-test/src/pokedex_area_region_map.d -g build/assets -I include -I tools/agbcc/include src/pokedex_area_region_map.c
tools/scaninc/scaninc -M build/emerald-test/src/pokedex.d -g build/assets -I include -I tools/agbcc/include src/pokedex.c
tools/scaninc/scaninc -M build/emerald-test/src/pokeblock_feed.d -g build/assets -I include -I tools/agbcc/include src/pokeblock_feed.c
tools/scaninc/scaninc -M build/emerald-test/src/pokeblock.d -g build/assets -I include -I tools/agbcc/include src/pokeblock.c
tools/scaninc/scaninc -M build/emerald-test/src/pokeball.d -g build/assets -I include -I tools/agbcc/include src/pokeball.c
tools/scaninc/scaninc -M build/emerald-test/src/player_pc.d -g build/assets -I include -I tools/agbcc/include src/player_pc.c
tools/scaninc/scaninc -M build/emerald-test/src/play_time.d -g build/assets -I include -I tools/agbcc/include src/play_time.c
tools/scaninc/scaninc -M build/emerald-test/src/party_menu.d -g build/assets -I include -I tools/agbcc/include src/party_menu.c
tools/scaninc/scaninc -M build/emerald-test/src/palette_util.d -g build/assets -I include -I tools/agbcc/include src/palette_util.c
tools/scaninc/scaninc -M build/emerald-test/src/palette.d -g build/assets -I include -I tools/agbcc/include src/palette.c
tools/scaninc/scaninc -M build/emerald-test/src/ow_abilities.d -g build/assets -I include -I tools/agbcc/include src/ow_abilities.c
tools/scaninc/scaninc -M build/emerald-test/src/overworld.d -g build/assets -I include -I tools/agbcc/include src/overworld.c
tools/scaninc/scaninc -M build/emerald-test/src/oras_dowse.d -g build/assets -I include -I tools/agbcc/include src/oras_dowse.c
tools/scaninc/scaninc -M build/emerald-test/src/option_menu.d -g build/assets -I include -I tools/agbcc/include src/option_menu.c
tools/scaninc/scaninc -M build/emerald-test/src/oak_speech.d -g build/assets -I include -I tools/agbcc/include src/oak_speech.c
tools/scaninc/scaninc -M build/emerald-test/src/new_game.d -g build/assets -I include -I tools/agbcc/include src/new_game.c
tools/scaninc/scaninc -M build/emerald-test/src/naming_screen.d -g build/assets -I include -I tools/agbcc/include src/naming_screen.c
tools/scaninc/scaninc -M build/emerald-test/src/mystery_gift_view.d -g build/assets -I include -I tools/agbcc/include src/mystery_gift_view.c
tools/scaninc/scaninc -M build/emerald-test/src/mystery_gift_server.d -g build/assets -I include -I tools/agbcc/include src/mystery_gift_server.c
tools/scaninc/scaninc -M build/emerald-test/src/mystery_gift_scripts.d -g build/assets -I include -I tools/agbcc/include src/mystery_gift_scripts.c
tools/scaninc/scaninc -M build/emerald-test/src/mystery_gift_menu.d -g build/assets -I include -I tools/agbcc/include src/mystery_gift_menu.c
tools/scaninc/scaninc -M build/emerald-test/src/mystery_gift_link.d -g build/assets -I include -I tools/agbcc/include src/mystery_gift_link.c
tools/scaninc/scaninc -M build/emerald-test/src/mystery_gift_client.d -g build/assets -I include -I tools/agbcc/include src/mystery_gift_client.c
tools/scaninc/scaninc -M build/emerald-test/src/mystery_gift.d -g build/assets -I include -I tools/agbcc/include src/mystery_gift.c
tools/scaninc/scaninc -M build/emerald-test/src/mystery_event_script.d -g build/assets -I include -I tools/agbcc/include src/mystery_event_script.c
tools/scaninc/scaninc -M build/emerald-test/src/mystery_event_msg.d -g build/assets -I include -I tools/agbcc/include src/mystery_event_msg.c
tools/scaninc/scaninc -M build/emerald-test/src/mystery_event_menu.d -g build/assets -I include -I tools/agbcc/include src/mystery_event_menu.c
tools/scaninc/scaninc -M build/emerald-test/src/multiboot.d -g build/assets -I include -I tools/agbcc/include src/multiboot.c
tools/scaninc/scaninc -M build/emerald-test/src/move_relearner.d -g build/assets -I include -I tools/agbcc/include src/move_relearner.c
tools/scaninc/scaninc -M build/emerald-test/src/move.d -g build/assets -I include -I tools/agbcc/include src/move.c
tools/scaninc/scaninc -M build/emerald-test/src/money.d -g build/assets -I include -I tools/agbcc/include src/money.c
tools/scaninc/scaninc -M build/emerald-test/src/mon_markings.d -g build/assets -I include -I tools/agbcc/include src/mon_markings.c
tools/scaninc/scaninc -M build/emerald-test/src/mirage_tower.d -g build/assets -I include -I tools/agbcc/include src/mirage_tower.c
tools/scaninc/scaninc -M build/emerald-test/src/minigame_countdown.d -g build/assets -I include -I tools/agbcc/include src/minigame_countdown.c
tools/scaninc/scaninc -M build/emerald-test/src/metatile_behavior.d -g build/assets -I include -I tools/agbcc/include src/metatile_behavior.c
tools/scaninc/scaninc -M build/emerald-test/src/menu_specialized.d -g build/assets -I include -I tools/agbcc/include src/menu_specialized.c
tools/scaninc/scaninc -M build/emerald-test/src/menu_helpers.d -g build/assets -I include -I tools/agbcc/include src/menu_helpers.c
tools/scaninc/scaninc -M build/emerald-test/src/menu.d -g build/assets -I include -I tools/agbcc/include src/menu.c
tools/scaninc/scaninc -M build/emerald-test/src/mega_stone_rewards.d -g build/assets -I include -I tools/agbcc/include src/mega_stone_rewards.c
tools/scaninc/scaninc -M build/emerald-test/src/mauville_old_man.d -g build/assets -I include -I tools/agbcc/include src/mauville_old_man.c
tools/scaninc/scaninc -M build/emerald-test/src/math_util.d -g build/assets -I include -I tools/agbcc/include src/math_util.c
tools/scaninc/scaninc -M build/emerald-test/src/match_call.d -g build/assets -I include -I tools/agbcc/include src/match_call.c
tools/scaninc/scaninc -M build/emerald-test/src/mass_outbreak.d -g build/assets -I include -I tools/agbcc/include src/mass_outbreak.c
tools/scaninc/scaninc -M build/emerald-test/src/map_preview_screen.d -g build/assets -I include -I tools/agbcc/include src/map_preview_screen.c
tools/scaninc/scaninc -M build/emerald-test/src/map_name_popup.d -g build/assets -I include -I tools/agbcc/include src/map_name_popup.c
tools/scaninc/scaninc -M build/emerald-test/src/malloc.d -g build/assets -I include -I tools/agbcc/include src/malloc.c
tools/scaninc/scaninc -M build/emerald-test/src/main_menu.d -g build/assets -I include -I tools/agbcc/include src/main_menu.c
tools/scaninc/scaninc -M build/emerald-test/src/main.d -g build/assets -I include -I tools/agbcc/include src/main.c
tools/scaninc/scaninc -M build/emerald-test/src/mail_data.d -g build/assets -I include -I tools/agbcc/include src/mail_data.c
tools/scaninc/scaninc -M build/emerald-test/src/mail.d -g build/assets -I include -I tools/agbcc/include src/mail.c
tools/scaninc/scaninc -M build/emerald-test/src/m4a.d -g build/assets -I include -I tools/agbcc/include src/m4a.c
tools/scaninc/scaninc -M build/emerald-test/src/lottery_corner.d -g build/assets -I include -I tools/agbcc/include src/lottery_corner.c
tools/scaninc/scaninc -M build/emerald-test/src/load_save.d -g build/assets -I include -I tools/agbcc/include src/load_save.c
tools/scaninc/scaninc -M build/emerald-test/src/list_menu.d -g build/assets -I include -I tools/agbcc/include src/list_menu.c
tools/scaninc/scaninc -M build/emerald-test/src/link_rfu_3.d -g build/assets -I include -I tools/agbcc/include src/link_rfu_3.c
tools/scaninc/scaninc -M build/emerald-test/src/link_rfu_2.d -g build/assets -I include -I tools/agbcc/include src/link_rfu_2.c
tools/scaninc/scaninc -M build/emerald-test/src/link.d -g build/assets -I include -I tools/agbcc/include src/link.c
tools/scaninc/scaninc -M build/emerald-test/src/line_break.d -g build/assets -I include -I tools/agbcc/include src/line_break.c
tools/scaninc/scaninc -M build/emerald-test/src/lilycove_lady.d -g build/assets -I include -I tools/agbcc/include src/lilycove_lady.c
tools/scaninc/scaninc -M build/emerald-test/src/librfu_stwi.d -g build/assets -I include -I tools/agbcc/include src/librfu_stwi.c
tools/scaninc/scaninc -M build/emerald-test/src/librfu_sio32id.d -g build/assets -I include -I tools/agbcc/include src/librfu_sio32id.c
tools/scaninc/scaninc -M build/emerald-test/src/librfu_rfu.d -g build/assets -I include -I tools/agbcc/include src/librfu_rfu.c
tools/scaninc/scaninc -M build/emerald-test/src/librfu_intr.d -g build/assets -I include -I tools/agbcc/include src/librfu_intr.c
tools/scaninc/scaninc -M build/emerald-test/src/legendary_signs.d -g build/assets -I include -I tools/agbcc/include src/legendary_signs.c
tools/scaninc/scaninc -M build/emerald-test/src/landmark.d -g build/assets -I include -I tools/agbcc/include src/landmark.c
tools/scaninc/scaninc -M build/emerald-test/src/item_use.d -g build/assets -I include -I tools/agbcc/include src/item_use.c
tools/scaninc/scaninc -M build/emerald-test/src/item_menu_icons.d -g build/assets -I include -I tools/agbcc/include src/item_menu_icons.c
tools/scaninc/scaninc -M build/emerald-test/src/item_menu.d -g build/assets -I include -I tools/agbcc/include src/item_menu.c
tools/scaninc/scaninc -M build/emerald-test/src/item_icon.d -g build/assets -I include -I tools/agbcc/include src/item_icon.c
tools/scaninc/scaninc -M build/emerald-test/src/item_ball.d -g build/assets -I include -I tools/agbcc/include src/item_ball.c
tools/scaninc/scaninc -M build/emerald-test/src/item.d -g build/assets -I include -I tools/agbcc/include src/item.c
tools/scaninc/scaninc -M build/emerald-test/src/io_reg.d -g build/assets -I include -I tools/agbcc/include src/io_reg.c
tools/scaninc/scaninc -M build/emerald-test/src/intro_frlg.d -g build/assets -I include -I tools/agbcc/include src/intro_frlg.c
tools/scaninc/scaninc -M build/emerald-test/src/intro_credits_graphics.d -g build/assets -I include -I tools/agbcc/include src/intro_credits_graphics.c
tools/scaninc/scaninc -M build/emerald-test/src/intro.d -g build/assets -I include -I tools/agbcc/include src/intro.c
tools/scaninc/scaninc -M build/emerald-test/src/international_string_util.d -g build/assets -I include -I tools/agbcc/include src/international_string_util.c
tools/scaninc/scaninc -M build/emerald-test/src/image_processing_effects.d -g build/assets -I include -I tools/agbcc/include src/image_processing_effects.c
tools/scaninc/scaninc -M build/emerald-test/src/hof_pc.d -g build/assets -I include -I tools/agbcc/include src/hof_pc.c
tools/scaninc/scaninc -M build/emerald-test/src/heal_location.d -g build/assets -I include -I tools/agbcc/include src/heal_location.c
tools/scaninc/scaninc -M build/emerald-test/src/hall_of_fame_frlg.d -g build/assets -I include -I tools/agbcc/include src/hall_of_fame_frlg.c
tools/scaninc/scaninc -M build/emerald-test/src/hall_of_fame.d -g build/assets -I include -I tools/agbcc/include src/hall_of_fame.c
tools/scaninc/scaninc -M build/emerald-test/src/gym_leader_rematch.d -g build/assets -I include -I tools/agbcc/include src/gym_leader_rematch.c
tools/scaninc/scaninc -M build/emerald-test/src/graphics.d -g build/assets -I include -I tools/agbcc/include src/graphics.c
tools/scaninc/scaninc -M build/emerald-test/src/gpu_regs.d -g build/assets -I include -I tools/agbcc/include src/gpu_regs.c
tools/scaninc/scaninc -M build/emerald-test/src/give_gift_ribbon_to_party.d -g build/assets -I include -I tools/agbcc/include src/give_gift_ribbon_to_party.c
tools/scaninc/scaninc -M build/emerald-test/src/frontier_util.d -g build/assets -I include -I tools/agbcc/include src/frontier_util.c
tools/scaninc/scaninc -M build/emerald-test/src/frontier_pass.d -g build/assets -I include -I tools/agbcc/include src/frontier_pass.c
tools/scaninc/scaninc -M build/emerald-test/src/fonts.d -g build/assets -I include -I tools/agbcc/include src/fonts.c
tools/scaninc/scaninc -M build/emerald-test/src/follower_npc.d -g build/assets -I include -I tools/agbcc/include src/follower_npc.c
tools/scaninc/scaninc -M build/emerald-test/src/follower_helper.d -g build/assets -I include -I tools/agbcc/include src/follower_helper.c
tools/scaninc/scaninc -M build/emerald-test/src/fldeff_teleport.d -g build/assets -I include -I tools/agbcc/include src/fldeff_teleport.c
tools/scaninc/scaninc -M build/emerald-test/src/fldeff_sweetscent.d -g build/assets -I include -I tools/agbcc/include src/fldeff_sweetscent.c
tools/scaninc/scaninc -M build/emerald-test/src/fldeff_strength.d -g build/assets -I include -I tools/agbcc/include src/fldeff_strength.c
tools/scaninc/scaninc -M build/emerald-test/src/fldeff_softboiled.d -g build/assets -I include -I tools/agbcc/include src/fldeff_softboiled.c
tools/scaninc/scaninc -M build/emerald-test/src/fldeff_rocksmash.d -g build/assets -I include -I tools/agbcc/include src/fldeff_rocksmash.c
tools/scaninc/scaninc -M build/emerald-test/src/fldeff_misc.d -g build/assets -I include -I tools/agbcc/include src/fldeff_misc.c
tools/scaninc/scaninc -M build/emerald-test/src/fldeff_flash.d -g build/assets -I include -I tools/agbcc/include src/fldeff_flash.c
tools/scaninc/scaninc -M build/emerald-test/src/fldeff_escalator.d -g build/assets -I include -I tools/agbcc/include src/fldeff_escalator.c
tools/scaninc/scaninc -M build/emerald-test/src/fldeff_dig.d -g build/assets -I include -I tools/agbcc/include src/fldeff_dig.c
tools/scaninc/scaninc -M build/emerald-test/src/fldeff_defog.d -g build/assets -I include -I tools/agbcc/include src/fldeff_defog.c
tools/scaninc/scaninc -M build/emerald-test/src/fldeff_cut.d -g build/assets -I include -I tools/agbcc/include src/fldeff_cut.c
tools/scaninc/scaninc -M build/emerald-test/src/fishing.d -g build/assets -I include -I tools/agbcc/include src/fishing.c
tools/scaninc/scaninc -M build/emerald-test/src/fieldmap.d -g build/assets -I include -I tools/agbcc/include src/fieldmap.c
tools/scaninc/scaninc -M build/emerald-test/src/field_weather_effect.d -g build/assets -I include -I tools/agbcc/include src/field_weather_effect.c
tools/scaninc/scaninc -M build/emerald-test/src/field_weather.d -g build/assets -I include -I tools/agbcc/include src/field_weather.c
tools/scaninc/scaninc -M build/emerald-test/src/field_tasks.d -g build/assets -I include -I tools/agbcc/include src/field_tasks.c
tools/scaninc/scaninc -M build/emerald-test/src/field_specials.d -g build/assets -I include -I tools/agbcc/include src/field_specials.c
tools/scaninc/scaninc -M build/emerald-test/src/field_special_scene.d -g build/assets -I include -I tools/agbcc/include src/field_special_scene.c
tools/scaninc/scaninc -M build/emerald-test/src/field_screen_effect.d -g build/assets -I include -I tools/agbcc/include src/field_screen_effect.c
tools/scaninc/scaninc -M build/emerald-test/src/field_region_map.d -g build/assets -I include -I tools/agbcc/include src/field_region_map.c
tools/scaninc/scaninc -M build/emerald-test/src/field_poison.d -g build/assets -I include -I tools/agbcc/include src/field_poison.c
tools/scaninc/scaninc -M build/emerald-test/src/field_player_avatar.d -g build/assets -I include -I tools/agbcc/include src/field_player_avatar.c
tools/scaninc/scaninc -M build/emerald-test/src/field_name_box.d -g build/assets -I include -I tools/agbcc/include src/field_name_box.c
tools/scaninc/scaninc -M build/emerald-test/src/field_move.d -g build/assets -I include -I tools/agbcc/include src/field_move.c
tools/scaninc/scaninc -M build/emerald-test/src/field_message_box.d -g build/assets -I include -I tools/agbcc/include src/field_message_box.c
tools/scaninc/scaninc -M build/emerald-test/src/field_effect_helpers.d -g build/assets -I include -I tools/agbcc/include src/field_effect_helpers.c
tools/scaninc/scaninc -M build/emerald-test/src/field_effect.d -g build/assets -I include -I tools/agbcc/include src/field_effect.c
tools/scaninc/scaninc -M build/emerald-test/src/field_door.d -g build/assets -I include -I tools/agbcc/include src/field_door.c
tools/scaninc/scaninc -M build/emerald-test/src/field_control_avatar.d -g build/assets -I include -I tools/agbcc/include src/field_control_avatar.c
tools/scaninc/scaninc -M build/emerald-test/src/field_camera.d -g build/assets -I include -I tools/agbcc/include src/field_camera.c
tools/scaninc/scaninc -M build/emerald-test/src/faraway_island.d -g build/assets -I include -I tools/agbcc/include src/faraway_island.c
tools/scaninc/scaninc -M build/emerald-test/src/fame_checker.d -g build/assets -I include -I tools/agbcc/include src/fame_checker.c
tools/scaninc/scaninc -M build/emerald-test/src/fake_rtc.d -g build/assets -I include -I tools/agbcc/include src/fake_rtc.c
tools/scaninc/scaninc -M build/emerald-test/src/expansion_intro.d -g build/assets -I include -I tools/agbcc/include src/expansion_intro.c
tools/scaninc/scaninc -M build/emerald-test/src/evolution_scene.d -g build/assets -I include -I tools/agbcc/include src/evolution_scene.c
tools/scaninc/scaninc -M build/emerald-test/src/evolution_graphics.d -g build/assets -I include -I tools/agbcc/include src/evolution_graphics.c
tools/scaninc/scaninc -M build/emerald-test/src/event_object_movement.d -g build/assets -I include -I tools/agbcc/include src/event_object_movement.c
tools/scaninc/scaninc -M build/emerald-test/src/event_object_lock.d -g build/assets -I include -I tools/agbcc/include src/event_object_lock.c
tools/scaninc/scaninc -M build/emerald-test/src/event_data.d -g build/assets -I include -I tools/agbcc/include src/event_data.c
tools/scaninc/scaninc -M build/emerald-test/src/ereader_screen.d -g build/assets -I include -I tools/agbcc/include src/ereader_screen.c
tools/scaninc/scaninc -M build/emerald-test/src/ereader_helpers.d -g build/assets -I include -I tools/agbcc/include src/ereader_helpers.c
tools/scaninc/scaninc -M build/emerald-test/src/emerald_champions_perish.d -g build/assets -I include -I tools/agbcc/include src/emerald_champions_perish.c
tools/scaninc/scaninc -M build/emerald-test/src/emerald_champions_opening.d -g build/assets -I include -I tools/agbcc/include src/emerald_champions_opening.c
tools/scaninc/scaninc -M build/emerald-test/src/emerald_champions_headless.d -g build/assets -I include -I tools/agbcc/include src/emerald_champions_headless.c
tools/scaninc/scaninc -M build/emerald-test/src/emerald_champions_battle_sets.d -g build/assets -I include -I tools/agbcc/include src/emerald_champions_battle_sets.c
tools/scaninc/scaninc -M build/emerald-test/src/emerald_champions_battle_plan.d -g build/assets -I include -I tools/agbcc/include src/emerald_champions_battle_plan.c
tools/scaninc/scaninc -M build/emerald-test/src/emerald_champions_agent_prep.d -g build/assets -I include -I tools/agbcc/include src/emerald_champions_agent_prep.c
tools/scaninc/scaninc -M build/emerald-test/src/egg_hatch.d -g build/assets -I include -I tools/agbcc/include src/egg_hatch.c
tools/scaninc/scaninc -M build/emerald-test/src/easy_chat.d -g build/assets -I include -I tools/agbcc/include src/easy_chat.c
tools/scaninc/scaninc -M build/emerald-test/src/dynamic_placeholder_text_util.d -g build/assets -I include -I tools/agbcc/include src/dynamic_placeholder_text_util.c
tools/scaninc/scaninc -M build/emerald-test/src/dodrio_berry_picking.d -g build/assets -I include -I tools/agbcc/include src/dodrio_berry_picking.c
tools/scaninc/scaninc -M build/emerald-test/src/dma3_manager.d -g build/assets -I include -I tools/agbcc/include src/dma3_manager.c
tools/scaninc/scaninc -M build/emerald-test/src/diploma.d -g build/assets -I include -I tools/agbcc/include src/diploma.c
tools/scaninc/scaninc -M build/emerald-test/src/digit_obj_util.d -g build/assets -I include -I tools/agbcc/include src/digit_obj_util.c
tools/scaninc/scaninc -M build/emerald-test/src/difficulty.d -g build/assets -I include -I tools/agbcc/include src/difficulty.c
tools/scaninc/scaninc -M build/emerald-test/src/dexnav.d -g build/assets -I include -I tools/agbcc/include src/dexnav.c
tools/scaninc/scaninc -M build/emerald-test/src/dewford_trend.d -g build/assets -I include -I tools/agbcc/include src/dewford_trend.c
tools/scaninc/scaninc -M build/emerald-test/src/decoration_inventory.d -g build/assets -I include -I tools/agbcc/include src/decoration_inventory.c
tools/scaninc/scaninc -M build/emerald-test/src/decoration.d -g build/assets -I include -I tools/agbcc/include src/decoration.c
tools/scaninc/scaninc -M build/emerald-test/src/decompress_error_handler.d -g build/assets -I include -I tools/agbcc/include src/decompress_error_handler.c
tools/scaninc/scaninc -M build/emerald-test/src/decompress.d -g build/assets -I include -I tools/agbcc/include src/decompress.c
tools/scaninc/scaninc -M build/emerald-test/src/debug.d -g build/assets -I include -I tools/agbcc/include src/debug.c
tools/scaninc/scaninc -M build/emerald-test/src/daycare.d -g build/assets -I include -I tools/agbcc/include src/daycare.c
tools/scaninc/scaninc -M build/emerald-test/src/datetime.d -g build/assets -I include -I tools/agbcc/include src/datetime.c
tools/scaninc/scaninc -M build/emerald-test/src/data.d -g build/assets -I include -I tools/agbcc/include src/data.c
tools/scaninc/scaninc -M build/emerald-test/src/credits_frlg.d -g build/assets -I include -I tools/agbcc/include src/credits_frlg.c
tools/scaninc/scaninc -M build/emerald-test/src/credits.d -g build/assets -I include -I tools/agbcc/include src/credits.c
tools/scaninc/scaninc -M build/emerald-test/src/coord_event_weather.d -g build/assets -I include -I tools/agbcc/include src/coord_event_weather.c
tools/scaninc/scaninc -M build/emerald-test/src/contest_util.d -g build/assets -I include -I tools/agbcc/include src/contest_util.c
tools/scaninc/scaninc -M build/emerald-test/src/contest_painting.d -g build/assets -I include -I tools/agbcc/include src/contest_painting.c
tools/scaninc/scaninc -M build/emerald-test/src/contest_link_util.d -g build/assets -I include -I tools/agbcc/include src/contest_link_util.c
tools/scaninc/scaninc -M build/emerald-test/src/contest_link.d -g build/assets -I include -I tools/agbcc/include src/contest_link.c
tools/scaninc/scaninc -M build/emerald-test/src/contest_effect.d -g build/assets -I include -I tools/agbcc/include src/contest_effect.c
tools/scaninc/scaninc -M build/emerald-test/src/contest_ai.d -g build/assets -I include -I tools/agbcc/include src/contest_ai.c
tools/scaninc/scaninc -M build/emerald-test/src/contest.d -g build/assets -I include -I tools/agbcc/include src/contest.c
tools/scaninc/scaninc -M build/emerald-test/src/config_changes.d -g build/assets -I include -I tools/agbcc/include src/config_changes.c
tools/scaninc/scaninc -M build/emerald-test/src/confetti_util.d -g build/assets -I include -I tools/agbcc/include src/confetti_util.c
tools/scaninc/scaninc -M build/emerald-test/src/coins.d -g build/assets -I include -I tools/agbcc/include src/coins.c
tools/scaninc/scaninc -M build/emerald-test/src/clock.d -g build/assets -I include -I tools/agbcc/include src/clock.c
tools/scaninc/scaninc -M build/emerald-test/src/clear_save_data_screen.d -g build/assets -I include -I tools/agbcc/include src/clear_save_data_screen.c
tools/scaninc/scaninc -M build/emerald-test/src/chooseboxmon.d -g build/assets -I include -I tools/agbcc/include src/chooseboxmon.c
tools/scaninc/scaninc -M build/emerald-test/src/champions_circuit.d -g build/assets -I include -I tools/agbcc/include src/champions_circuit.c
tools/scaninc/scaninc -M build/emerald-test/src/caps.d -g build/assets -I include -I tools/agbcc/include src/caps.c
tools/scaninc/scaninc -M build/emerald-test/src/cable_club.d -g build/assets -I include -I tools/agbcc/include src/cable_club.c
tools/scaninc/scaninc -M build/emerald-test/src/cable_car.d -g build/assets -I include -I tools/agbcc/include src/cable_car.c
tools/scaninc/scaninc -M build/emerald-test/src/braille_puzzles.d -g build/assets -I include -I tools/agbcc/include src/braille_puzzles.c
tools/scaninc/scaninc -M build/emerald-test/src/braille.d -g build/assets -I include -I tools/agbcc/include src/braille.c
tools/scaninc/scaninc -M build/emerald-test/src/blit.d -g build/assets -I include -I tools/agbcc/include src/blit.c
tools/scaninc/scaninc -M build/emerald-test/src/birch_pc.d -g build/assets -I include -I tools/agbcc/include src/birch_pc.c
tools/scaninc/scaninc -M build/emerald-test/src/bike.d -g build/assets -I include -I tools/agbcc/include src/bike.c
tools/scaninc/scaninc -M build/emerald-test/src/bg.d -g build/assets -I include -I tools/agbcc/include src/bg.c
tools/scaninc/scaninc -M build/emerald-test/src/berry_tag_screen.d -g build/assets -I include -I tools/agbcc/include src/berry_tag_screen.c
tools/scaninc/scaninc -M build/emerald-test/src/berry_powder.d -g build/assets -I include -I tools/agbcc/include src/berry_powder.c
tools/scaninc/scaninc -M build/emerald-test/src/berry_fix_program.d -g build/assets -I include -I tools/agbcc/include src/berry_fix_program.c
tools/scaninc/scaninc -M build/emerald-test/src/berry_crush.d -g build/assets -I include -I tools/agbcc/include src/berry_crush.c
tools/scaninc/scaninc -M build/emerald-test/src/berry_blender.d -g build/assets -I include -I tools/agbcc/include src/berry_blender.c
tools/scaninc/scaninc -M build/emerald-test/src/berry.d -g build/assets -I include -I tools/agbcc/include src/berry.c
tools/scaninc/scaninc -M build/emerald-test/src/battle_z_move.d -g build/assets -I include -I tools/agbcc/include src/battle_z_move.c
tools/scaninc/scaninc -M build/emerald-test/src/battle_util2.d -g build/assets -I include -I tools/agbcc/include src/battle_util2.c
tools/scaninc/scaninc -M build/emerald-test/src/battle_util.d -g build/assets -I include -I tools/agbcc/include src/battle_util.c
tools/scaninc/scaninc -M build/emerald-test/src/battle_tv.d -g build/assets -I include -I tools/agbcc/include src/battle_tv.c
tools/scaninc/scaninc -M build/emerald-test/src/battle_transition_frontier.d -g build/assets -I include -I tools/agbcc/include src/battle_transition_frontier.c
tools/scaninc/scaninc -M build/emerald-test/src/battle_transition.d -g build/assets -I include -I tools/agbcc/include src/battle_transition.c
tools/scaninc/scaninc -M build/emerald-test/src/battle_tower.d -g build/assets -I include -I tools/agbcc/include src/battle_tower.c
tools/scaninc/scaninc -M build/emerald-test/src/battle_terastal.d -g build/assets -I include -I tools/agbcc/include src/battle_terastal.c
tools/scaninc/scaninc -M build/emerald-test/src/battle_tent.d -g build/assets -I include -I tools/agbcc/include src/battle_tent.c
tools/scaninc/scaninc -M build/emerald-test/src/battle_switch_in.d -g build/assets -I include -I tools/agbcc/include src/battle_switch_in.c
tools/scaninc/scaninc -M build/emerald-test/src/battle_stat_change.d -g build/assets -I include -I tools/agbcc/include src/battle_stat_change.c
tools/scaninc/scaninc -M build/emerald-test/src/battle_special.d -g build/assets -I include -I tools/agbcc/include src/battle_special.c
tools/scaninc/scaninc -M build/emerald-test/src/battle_setup.d -g build/assets -I include -I tools/agbcc/include src/battle_setup.c
tools/scaninc/scaninc -M build/emerald-test/src/battle_set_effect.d -g build/assets -I include -I tools/agbcc/include src/battle_set_effect.c
tools/scaninc/scaninc -M build/emerald-test/src/battle_script_commands.d -g build/assets -I include -I tools/agbcc/include src/battle_script_commands.c
tools/scaninc/scaninc -M build/emerald-test/src/battle_records.d -g build/assets -I include -I tools/agbcc/include src/battle_records.c
tools/scaninc/scaninc -M build/emerald-test/src/battle_pyramid_bag.d -g build/assets -I include -I tools/agbcc/include src/battle_pyramid_bag.c
tools/scaninc/scaninc -M build/emerald-test/src/battle_pyramid.d -g build/assets -I include -I tools/agbcc/include src/battle_pyramid.c
tools/scaninc/scaninc -M build/emerald-test/src/battle_pike.d -g build/assets -I include -I tools/agbcc/include src/battle_pike.c
tools/scaninc/scaninc -M build/emerald-test/src/battle_partner.d -g build/assets -I include -I tools/agbcc/include src/battle_partner.c
tools/scaninc/scaninc -M build/emerald-test/src/battle_palace.d -g build/assets -I include -I tools/agbcc/include src/battle_palace.c
tools/scaninc/scaninc -M build/emerald-test/src/battle_move_resolution.d -g build/assets -I include -I tools/agbcc/include src/battle_move_resolution.c
tools/scaninc/scaninc -M build/emerald-test/src/battle_message.d -g build/assets -I include -I tools/agbcc/include src/battle_message.c
tools/scaninc/scaninc -M build/emerald-test/src/battle_main.d -g build/assets -I include -I tools/agbcc/include src/battle_main.c
tools/scaninc/scaninc -M build/emerald-test/src/battle_intro.d -g build/assets -I include -I tools/agbcc/include src/battle_intro.c
tools/scaninc/scaninc -M build/emerald-test/src/battle_interface.d -g build/assets -I include -I tools/agbcc/include src/battle_interface.c
tools/scaninc/scaninc -M build/emerald-test/src/battle_hold_effects.d -g build/assets -I include -I tools/agbcc/include src/battle_hold_effects.c
tools/scaninc/scaninc -M build/emerald-test/src/battle_gimmick.d -g build/assets -I include -I tools/agbcc/include src/battle_gimmick.c
tools/scaninc/scaninc -M build/emerald-test/src/battle_gfx_sfx_util.d -g build/assets -I include -I tools/agbcc/include src/battle_gfx_sfx_util.c
tools/scaninc/scaninc -M build/emerald-test/src/battle_frontier.d -g build/assets -I include -I tools/agbcc/include src/battle_frontier.c
tools/scaninc/scaninc -M build/emerald-test/src/battle_factory_screen.d -g build/assets -I include -I tools/agbcc/include src/battle_factory_screen.c
tools/scaninc/scaninc -M build/emerald-test/src/battle_factory.d -g build/assets -I include -I tools/agbcc/include src/battle_factory.c
tools/scaninc/scaninc -M build/emerald-test/src/battle_end_turn.d -g build/assets -I include -I tools/agbcc/include src/battle_end_turn.c
tools/scaninc/scaninc -M build/emerald-test/src/battle_dynamax.d -g build/assets -I include -I tools/agbcc/include src/battle_dynamax.c
tools/scaninc/scaninc -M build/emerald-test/src/battle_dome.d -g build/assets -I include -I tools/agbcc/include src/battle_dome.c
tools/scaninc/scaninc -M build/emerald-test/src/battle_debug.d -g build/assets -I include -I tools/agbcc/include src/battle_debug.c
tools/scaninc/scaninc -M build/emerald-test/src/battle_controllers.d -g build/assets -I include -I tools/agbcc/include src/battle_controllers.c
tools/scaninc/scaninc -M build/emerald-test/src/battle_controller_wally.d -g build/assets -I include -I tools/agbcc/include src/battle_controller_wally.c
tools/scaninc/scaninc -M build/emerald-test/src/battle_controller_safari.d -g build/assets -I include -I tools/agbcc/include src/battle_controller_safari.c
tools/scaninc/scaninc -M build/emerald-test/src/battle_controller_recorded_player.d -g build/assets -I include -I tools/agbcc/include src/battle_controller_recorded_player.c
tools/scaninc/scaninc -M build/emerald-test/src/battle_controller_recorded_opponent.d -g build/assets -I include -I tools/agbcc/include src/battle_controller_recorded_opponent.c
tools/scaninc/scaninc -M build/emerald-test/src/battle_controller_player.d -g build/assets -I include -I tools/agbcc/include src/battle_controller_player.c
tools/scaninc/scaninc -M build/emerald-test/src/battle_controller_partner.d -g build/assets -I include -I tools/agbcc/include src/battle_controller_partner.c
tools/scaninc/scaninc -M build/emerald-test/src/battle_controller_opponent.d -g build/assets -I include -I tools/agbcc/include src/battle_controller_opponent.c
tools/scaninc/scaninc -M build/emerald-test/src/battle_controller_oak_old_man.d -g build/assets -I include -I tools/agbcc/include src/battle_controller_oak_old_man.c
tools/scaninc/scaninc -M build/emerald-test/src/battle_controller_link_partner.d -g build/assets -I include -I tools/agbcc/include src/battle_controller_link_partner.c
tools/scaninc/scaninc -M build/emerald-test/src/battle_controller_link_opponent.d -g build/assets -I include -I tools/agbcc/include src/battle_controller_link_opponent.c
tools/scaninc/scaninc -M build/emerald-test/src/battle_bg.d -g build/assets -I include -I tools/agbcc/include src/battle_bg.c
tools/scaninc/scaninc -M build/emerald-test/src/battle_arena.d -g build/assets -I include -I tools/agbcc/include src/battle_arena.c
tools/scaninc/scaninc -M build/emerald-test/src/battle_anim_water.d -g build/assets -I include -I tools/agbcc/include src/battle_anim_water.c
tools/scaninc/scaninc -M build/emerald-test/src/battle_anim_utility_funcs.d -g build/assets -I include -I tools/agbcc/include src/battle_anim_utility_funcs.c
tools/scaninc/scaninc -M build/emerald-test/src/battle_anim_throw.d -g build/assets -I include -I tools/agbcc/include src/battle_anim_throw.c
tools/scaninc/scaninc -M build/emerald-test/src/battle_anim_status_effects.d -g build/assets -I include -I tools/agbcc/include src/battle_anim_status_effects.c
tools/scaninc/scaninc -M build/emerald-test/src/battle_anim_sound_tasks.d -g build/assets -I include -I tools/agbcc/include src/battle_anim_sound_tasks.c
tools/scaninc/scaninc -M build/emerald-test/src/battle_anim_smokescreen.d -g build/assets -I include -I tools/agbcc/include src/battle_anim_smokescreen.c
tools/scaninc/scaninc -M build/emerald-test/src/battle_anim_rock.d -g build/assets -I include -I tools/agbcc/include src/battle_anim_rock.c
tools/scaninc/scaninc -M build/emerald-test/src/battle_anim_psychic.d -g build/assets -I include -I tools/agbcc/include src/battle_anim_psychic.c
tools/scaninc/scaninc -M build/emerald-test/src/battle_anim_poison.d -g build/assets -I include -I tools/agbcc/include src/battle_anim_poison.c
tools/scaninc/scaninc -M build/emerald-test/src/battle_anim_normal.d -g build/assets -I include -I tools/agbcc/include src/battle_anim_normal.c
tools/scaninc/scaninc -M build/emerald-test/src/battle_anim_new.d -g build/assets -I include -I tools/agbcc/include src/battle_anim_new.c
tools/scaninc/scaninc -M build/emerald-test/src/battle_anim_mons.d -g build/assets -I include -I tools/agbcc/include src/battle_anim_mons.c
tools/scaninc/scaninc -M build/emerald-test/src/battle_anim_mon_movement.d -g build/assets -I include -I tools/agbcc/include src/battle_anim_mon_movement.c
tools/scaninc/scaninc -M build/emerald-test/src/battle_anim_ice.d -g build/assets -I include -I tools/agbcc/include src/battle_anim_ice.c
tools/scaninc/scaninc -M build/emerald-test/src/battle_anim_ground.d -g build/assets -I include -I tools/agbcc/include src/battle_anim_ground.c
tools/scaninc/scaninc -M build/emerald-test/src/battle_anim_ghost.d -g build/assets -I include -I tools/agbcc/include src/battle_anim_ghost.c
tools/scaninc/scaninc -M build/emerald-test/src/battle_anim_flying.d -g build/assets -I include -I tools/agbcc/include src/battle_anim_flying.c
tools/scaninc/scaninc -M build/emerald-test/src/battle_anim_fire.d -g build/assets -I include -I tools/agbcc/include src/battle_anim_fire.c
tools/scaninc/scaninc -M build/emerald-test/src/battle_anim_fight.d -g build/assets -I include -I tools/agbcc/include src/battle_anim_fight.c
tools/scaninc/scaninc -M build/emerald-test/src/battle_anim_electric.d -g build/assets -I include -I tools/agbcc/include src/battle_anim_electric.c
tools/scaninc/scaninc -M build/emerald-test/src/battle_anim_effects_3.d -g build/assets -I include -I tools/agbcc/include src/battle_anim_effects_3.c
tools/scaninc/scaninc -M build/emerald-test/src/battle_anim_effects_2.d -g build/assets -I include -I tools/agbcc/include src/battle_anim_effects_2.c
tools/scaninc/scaninc -M build/emerald-test/src/battle_anim_effects_1.d -g build/assets -I include -I tools/agbcc/include src/battle_anim_effects_1.c
tools/scaninc/scaninc -M build/emerald-test/src/battle_anim_dragon.d -g build/assets -I include -I tools/agbcc/include src/battle_anim_dragon.c
tools/scaninc/scaninc -M build/emerald-test/src/battle_anim_dark.d -g build/assets -I include -I tools/agbcc/include src/battle_anim_dark.c
tools/scaninc/scaninc -M build/emerald-test/src/battle_anim_bug.d -g build/assets -I include -I tools/agbcc/include src/battle_anim_bug.c
tools/scaninc/scaninc -M build/emerald-test/src/battle_anim.d -g build/assets -I include -I tools/agbcc/include src/battle_anim.c
tools/scaninc/scaninc -M build/emerald-test/src/battle_ai_util.d -g build/assets -I include -I tools/agbcc/include src/battle_ai_util.c
tools/scaninc/scaninc -M build/emerald-test/src/battle_ai_switch.d -g build/assets -I include -I tools/agbcc/include src/battle_ai_switch.c
tools/scaninc/scaninc -M build/emerald-test/src/battle_ai_record.d -g build/assets -I include -I tools/agbcc/include src/battle_ai_record.c
tools/scaninc/scaninc -M build/emerald-test/src/battle_ai_pair.d -g build/assets -I include -I tools/agbcc/include src/battle_ai_pair.c
tools/scaninc/scaninc -M build/emerald-test/src/battle_ai_main.d -g build/assets -I include -I tools/agbcc/include src/battle_ai_main.c
tools/scaninc/scaninc -M build/emerald-test/src/battle_ai_items.d -g build/assets -I include -I tools/agbcc/include src/battle_ai_items.c
tools/scaninc/scaninc -M build/emerald-test/src/battle_ai_field_statuses.d -g build/assets -I include -I tools/agbcc/include src/battle_ai_field_statuses.c
tools/scaninc/scaninc -M build/emerald-test/src/bard_music.d -g build/assets -I include -I tools/agbcc/include src/bard_music.c
tools/scaninc/scaninc -M build/emerald-test/src/assertf.d -g build/assets -I include -I tools/agbcc/include src/assertf.c
tools/scaninc/scaninc -M build/emerald-test/src/apricorn_tree.d -g build/assets -I include -I tools/agbcc/include src/apricorn_tree.c
tools/scaninc/scaninc -M build/emerald-test/src/apprentice.d -g build/assets -I include -I tools/agbcc/include src/apprentice.c
tools/scaninc/scaninc -M build/emerald-test/src/AgbRfu_LinkManager.d -g build/assets -I include -I tools/agbcc/include src/AgbRfu_LinkManager.c
/Users/ericguthrie/Documents/ChatGPT/Emerald/emerald-champions/work/toolchain/arm-expanded/Payload/bin/../libexec/gcc/arm-none-eabi/15.3.1/cc1 -quiet <flags> -o build/emerald-test/src/AgbRfu_LinkManager.o src/AgbRfu_LinkManager.c
/Users/ericguthrie/Documents/ChatGPT/Emerald/emerald-champions/work/toolchain/arm-expanded/Payload/bin/../libexec/gcc/arm-none-eabi/15.3.1/cc1 -quiet <flags> -o build/emerald-test/src/apprentice.o src/apprentice.c
/Users/ericguthrie/Documents/ChatGPT/Emerald/emerald-champions/work/toolchain/arm-expanded/Payload/bin/../libexec/gcc/arm-none-eabi/15.3.1/cc1 -quiet <flags> -o build/emerald-test/src/apricorn_tree.o src/apricorn_tree.c
/Users/ericguthrie/Documents/ChatGPT/Emerald/emerald-champions/work/toolchain/arm-expanded/Payload/bin/../libexec/gcc/arm-none-eabi/15.3.1/cc1 -quiet <flags> -o build/emerald-test/src/assertf.o src/assertf.c
/Users/ericguthrie/Documents/ChatGPT/Emerald/emerald-champions/work/toolchain/arm-expanded/Payload/bin/../libexec/gcc/arm-none-eabi/15.3.1/cc1 -quiet <flags> -o build/emerald-test/src/bard_music.o src/bard_music.c
/Users/ericguthrie/Documents/ChatGPT/Emerald/emerald-champions/work/toolchain/arm-expanded/Payload/bin/../libexec/gcc/arm-none-eabi/15.3.1/cc1 -quiet <flags> -o build/emerald-test/src/battle_ai_field_statuses.o src/battle_ai_field_statuses.c
/Users/ericguthrie/Documents/ChatGPT/Emerald/emerald-champions/work/toolchain/arm-expanded/Payload/bin/../libexec/gcc/arm-none-eabi/15.3.1/cc1 -quiet <flags> -o build/emerald-test/src/battle_ai_items.o src/battle_ai_items.c
/Users/ericguthrie/Documents/ChatGPT/Emerald/emerald-champions/work/toolchain/arm-expanded/Payload/bin/../libexec/gcc/arm-none-eabi/15.3.1/cc1 -quiet <flags> -o build/emerald-test/src/battle_ai_main.o src/battle_ai_main.c
/Users/ericguthrie/Documents/ChatGPT/Emerald/emerald-champions/work/toolchain/arm-expanded/Payload/bin/../libexec/gcc/arm-none-eabi/15.3.1/cc1 -quiet <flags> -o build/emerald-test/src/battle_ai_pair.o src/battle_ai_pair.c
/Users/ericguthrie/Documents/ChatGPT/Emerald/emerald-champions/work/toolchain/arm-expanded/Payload/bin/../libexec/gcc/arm-none-eabi/15.3.1/cc1 -quiet <flags> -o build/emerald-test/src/battle_ai_record.o src/battle_ai_record.c
/Users/ericguthrie/Documents/ChatGPT/Emerald/emerald-champions/work/toolchain/arm-expanded/Payload/bin/../libexec/gcc/arm-none-eabi/15.3.1/cc1 -quiet <flags> -o build/emerald-test/src/battle_ai_switch.o src/battle_ai_switch.c
/Users/ericguthrie/Documents/ChatGPT/Emerald/emerald-champions/work/toolchain/arm-expanded/Payload/bin/../libexec/gcc/arm-none-eabi/15.3.1/cc1 -quiet <flags> -o build/emerald-test/src/battle_ai_util.o src/battle_ai_util.c
/Users/ericguthrie/Documents/ChatGPT/Emerald/emerald-champions/work/toolchain/arm-expanded/Payload/bin/../libexec/gcc/arm-none-eabi/15.3.1/cc1 -quiet <flags> -o build/emerald-test/src/battle_anim.o src/battle_anim.c
/Users/ericguthrie/Documents/ChatGPT/Emerald/emerald-champions/work/toolchain/arm-expanded/Payload/bin/../libexec/gcc/arm-none-eabi/15.3.1/cc1 -quiet <flags> -o build/emerald-test/src/battle_anim_bug.o src/battle_anim_bug.c
/Users/ericguthrie/Documents/ChatGPT/Emerald/emerald-champions/work/toolchain/arm-expanded/Payload/bin/../libexec/gcc/arm-none-eabi/15.3.1/cc1 -quiet <flags> -o build/emerald-test/src/battle_anim_dark.o src/battle_anim_dark.c
/Users/ericguthrie/Documents/ChatGPT/Emerald/emerald-champions/work/toolchain/arm-expanded/Payload/bin/../libexec/gcc/arm-none-eabi/15.3.1/cc1 -quiet <flags> -o build/emerald-test/src/battle_anim_dragon.o src/battle_anim_dragon.c
/Users/ericguthrie/Documents/ChatGPT/Emerald/emerald-champions/work/toolchain/arm-expanded/Payload/bin/../libexec/gcc/arm-none-eabi/15.3.1/cc1 -quiet <flags> -o build/emerald-test/src/battle_anim_effects_1.o src/battle_anim_effects_1.c
/Users/ericguthrie/Documents/ChatGPT/Emerald/emerald-champions/work/toolchain/arm-expanded/Payload/bin/../libexec/gcc/arm-none-eabi/15.3.1/cc1 -quiet <flags> -o build/emerald-test/src/battle_anim_effects_2.o src/battle_anim_effects_2.c
/Users/ericguthrie/Documents/ChatGPT/Emerald/emerald-champions/work/toolchain/arm-expanded/Payload/bin/../libexec/gcc/arm-none-eabi/15.3.1/cc1 -quiet <flags> -o build/emerald-test/src/battle_anim_effects_3.o src/battle_anim_effects_3.c
/Users/ericguthrie/Documents/ChatGPT/Emerald/emerald-champions/work/toolchain/arm-expanded/Payload/bin/../libexec/gcc/arm-none-eabi/15.3.1/cc1 -quiet <flags> -o build/emerald-test/src/battle_anim_electric.o src/battle_anim_electric.c
/Users/ericguthrie/Documents/ChatGPT/Emerald/emerald-champions/work/toolchain/arm-expanded/Payload/bin/../libexec/gcc/arm-none-eabi/15.3.1/cc1 -quiet <flags> -o build/emerald-test/src/battle_anim_fight.o src/battle_anim_fight.c
/Users/ericguthrie/Documents/ChatGPT/Emerald/emerald-champions/work/toolchain/arm-expanded/Payload/bin/../libexec/gcc/arm-none-eabi/15.3.1/cc1 -quiet <flags> -o build/emerald-test/src/battle_anim_fire.o src/battle_anim_fire.c
/Users/ericguthrie/Documents/ChatGPT/Emerald/emerald-champions/work/toolchain/arm-expanded/Payload/bin/../libexec/gcc/arm-none-eabi/15.3.1/cc1 -quiet <flags> -o build/emerald-test/src/battle_anim_flying.o src/battle_anim_flying.c
/Users/ericguthrie/Documents/ChatGPT/Emerald/emerald-champions/work/toolchain/arm-expanded/Payload/bin/../libexec/gcc/arm-none-eabi/15.3.1/cc1 -quiet <flags> -o build/emerald-test/src/battle_anim_ghost.o src/battle_anim_ghost.c
/Users/ericguthrie/Documents/ChatGPT/Emerald/emerald-champions/work/toolchain/arm-expanded/Payload/bin/../libexec/gcc/arm-none-eabi/15.3.1/cc1 -quiet <flags> -o build/emerald-test/src/battle_anim_ground.o src/battle_anim_ground.c
/Users/ericguthrie/Documents/ChatGPT/Emerald/emerald-champions/work/toolchain/arm-expanded/Payload/bin/../libexec/gcc/arm-none-eabi/15.3.1/cc1 -quiet <flags> -o build/emerald-test/src/battle_anim_ice.o src/battle_anim_ice.c
/Users/ericguthrie/Documents/ChatGPT/Emerald/emerald-champions/work/toolchain/arm-expanded/Payload/bin/../libexec/gcc/arm-none-eabi/15.3.1/cc1 -quiet <flags> -o build/emerald-test/src/battle_anim_mon_movement.o src/battle_anim_mon_movement.c
/Users/ericguthrie/Documents/ChatGPT/Emerald/emerald-champions/work/toolchain/arm-expanded/Payload/bin/../libexec/gcc/arm-none-eabi/15.3.1/cc1 -quiet <flags> -o build/emerald-test/src/battle_anim_mons.o src/battle_anim_mons.c
/Users/ericguthrie/Documents/ChatGPT/Emerald/emerald-champions/work/toolchain/arm-expanded/Payload/bin/../libexec/gcc/arm-none-eabi/15.3.1/cc1 -quiet <flags> -o build/emerald-test/src/battle_anim_new.o src/battle_anim_new.c
/Users/ericguthrie/Documents/ChatGPT/Emerald/emerald-champions/work/toolchain/arm-expanded/Payload/bin/../libexec/gcc/arm-none-eabi/15.3.1/cc1 -quiet <flags> -o build/emerald-test/src/battle_anim_normal.o src/battle_anim_normal.c
/Users/ericguthrie/Documents/ChatGPT/Emerald/emerald-champions/work/toolchain/arm-expanded/Payload/bin/../libexec/gcc/arm-none-eabi/15.3.1/cc1 -quiet <flags> -o build/emerald-test/src/battle_anim_poison.o src/battle_anim_poison.c
/Users/ericguthrie/Documents/ChatGPT/Emerald/emerald-champions/work/toolchain/arm-expanded/Payload/bin/../libexec/gcc/arm-none-eabi/15.3.1/cc1 -quiet <flags> -o build/emerald-test/src/battle_anim_psychic.o src/battle_anim_psychic.c
/Users/ericguthrie/Documents/ChatGPT/Emerald/emerald-champions/work/toolchain/arm-expanded/Payload/bin/../libexec/gcc/arm-none-eabi/15.3.1/cc1 -quiet <flags> -o build/emerald-test/src/battle_anim_rock.o src/battle_anim_rock.c
/Users/ericguthrie/Documents/ChatGPT/Emerald/emerald-champions/work/toolchain/arm-expanded/Payload/bin/../libexec/gcc/arm-none-eabi/15.3.1/cc1 -quiet <flags> -o build/emerald-test/src/battle_anim_smokescreen.o src/battle_anim_smokescreen.c
/Users/ericguthrie/Documents/ChatGPT/Emerald/emerald-champions/work/toolchain/arm-expanded/Payload/bin/../libexec/gcc/arm-none-eabi/15.3.1/cc1 -quiet <flags> -o build/emerald-test/src/battle_anim_sound_tasks.o src/battle_anim_sound_tasks.c
/Users/ericguthrie/Documents/ChatGPT/Emerald/emerald-champions/work/toolchain/arm-expanded/Payload/bin/../libexec/gcc/arm-none-eabi/15.3.1/cc1 -quiet <flags> -o build/emerald-test/src/battle_anim_status_effects.o src/battle_anim_status_effects.c
/Users/ericguthrie/Documents/ChatGPT/Emerald/emerald-champions/work/toolchain/arm-expanded/Payload/bin/../libexec/gcc/arm-none-eabi/15.3.1/cc1 -quiet <flags> -o build/emerald-test/src/battle_anim_throw.o src/battle_anim_throw.c
/Users/ericguthrie/Documents/ChatGPT/Emerald/emerald-champions/work/toolchain/arm-expanded/Payload/bin/../libexec/gcc/arm-none-eabi/15.3.1/cc1 -quiet <flags> -o build/emerald-test/src/battle_anim_utility_funcs.o src/battle_anim_utility_funcs.c
/Users/ericguthrie/Documents/ChatGPT/Emerald/emerald-champions/work/toolchain/arm-expanded/Payload/bin/../libexec/gcc/arm-none-eabi/15.3.1/cc1 -quiet <flags> -o build/emerald-test/src/battle_anim_water.o src/battle_anim_water.c
/Users/ericguthrie/Documents/ChatGPT/Emerald/emerald-champions/work/toolchain/arm-expanded/Payload/bin/../libexec/gcc/arm-none-eabi/15.3.1/cc1 -quiet <flags> -o build/emerald-test/src/battle_arena.o src/battle_arena.c
/Users/ericguthrie/Documents/ChatGPT/Emerald/emerald-champions/work/toolchain/arm-expanded/Payload/bin/../libexec/gcc/arm-none-eabi/15.3.1/cc1 -quiet <flags> -o build/emerald-test/src/battle_bg.o src/battle_bg.c
/Users/ericguthrie/Documents/ChatGPT/Emerald/emerald-champions/work/toolchain/arm-expanded/Payload/bin/../libexec/gcc/arm-none-eabi/15.3.1/cc1 -quiet <flags> -o build/emerald-test/src/battle_controller_link_opponent.o src/battle_controller_link_opponent.c
/Users/ericguthrie/Documents/ChatGPT/Emerald/emerald-champions/work/toolchain/arm-expanded/Payload/bin/../libexec/gcc/arm-none-eabi/15.3.1/cc1 -quiet <flags> -o build/emerald-test/src/battle_controller_link_partner.o src/battle_controller_link_partner.c
/Users/ericguthrie/Documents/ChatGPT/Emerald/emerald-champions/work/toolchain/arm-expanded/Payload/bin/../libexec/gcc/arm-none-eabi/15.3.1/cc1 -quiet <flags> -o build/emerald-test/src/battle_controller_oak_old_man.o src/battle_controller_oak_old_man.c
/Users/ericguthrie/Documents/ChatGPT/Emerald/emerald-champions/work/toolchain/arm-expanded/Payload/bin/../libexec/gcc/arm-none-eabi/15.3.1/cc1 -quiet <flags> -o build/emerald-test/src/battle_controller_opponent.o src/battle_controller_opponent.c
/Users/ericguthrie/Documents/ChatGPT/Emerald/emerald-champions/work/toolchain/arm-expanded/Payload/bin/../libexec/gcc/arm-none-eabi/15.3.1/cc1 -quiet <flags> -o build/emerald-test/src/battle_controller_partner.o src/battle_controller_partner.c
/Users/ericguthrie/Documents/ChatGPT/Emerald/emerald-champions/work/toolchain/arm-expanded/Payload/bin/../libexec/gcc/arm-none-eabi/15.3.1/cc1 -quiet <flags> -o build/emerald-test/src/battle_controller_player.o src/battle_controller_player.c
/Users/ericguthrie/Documents/ChatGPT/Emerald/emerald-champions/work/toolchain/arm-expanded/Payload/bin/../libexec/gcc/arm-none-eabi/15.3.1/cc1 -quiet <flags> -o build/emerald-test/src/battle_controller_recorded_opponent.o src/battle_controller_recorded_opponent.c
/Users/ericguthrie/Documents/ChatGPT/Emerald/emerald-champions/work/toolchain/arm-expanded/Payload/bin/../libexec/gcc/arm-none-eabi/15.3.1/cc1 -quiet <flags> -o build/emerald-test/src/battle_controller_recorded_player.o src/battle_controller_recorded_player.c
/Users/ericguthrie/Documents/ChatGPT/Emerald/emerald-champions/work/toolchain/arm-expanded/Payload/bin/../libexec/gcc/arm-none-eabi/15.3.1/cc1 -quiet <flags> -o build/emerald-test/src/battle_controller_safari.o src/battle_controller_safari.c
/Users/ericguthrie/Documents/ChatGPT/Emerald/emerald-champions/work/toolchain/arm-expanded/Payload/bin/../libexec/gcc/arm-none-eabi/15.3.1/cc1 -quiet <flags> -o build/emerald-test/src/battle_controller_wally.o src/battle_controller_wally.c
/Users/ericguthrie/Documents/ChatGPT/Emerald/emerald-champions/work/toolchain/arm-expanded/Payload/bin/../libexec/gcc/arm-none-eabi/15.3.1/cc1 -quiet <flags> -o build/emerald-test/src/battle_controllers.o src/battle_controllers.c
/Users/ericguthrie/Documents/ChatGPT/Emerald/emerald-champions/work/toolchain/arm-expanded/Payload/bin/../libexec/gcc/arm-none-eabi/15.3.1/cc1 -quiet <flags> -o build/emerald-test/src/battle_debug.o src/battle_debug.c
/Users/ericguthrie/Documents/ChatGPT/Emerald/emerald-champions/work/toolchain/arm-expanded/Payload/bin/../libexec/gcc/arm-none-eabi/15.3.1/cc1 -quiet <flags> -o build/emerald-test/src/battle_dome.o src/battle_dome.c
/Users/ericguthrie/Documents/ChatGPT/Emerald/emerald-champions/work/toolchain/arm-expanded/Payload/bin/../libexec/gcc/arm-none-eabi/15.3.1/cc1 -quiet <flags> -o build/emerald-test/src/battle_dynamax.o src/battle_dynamax.c
/Users/ericguthrie/Documents/ChatGPT/Emerald/emerald-champions/work/toolchain/arm-expanded/Payload/bin/../libexec/gcc/arm-none-eabi/15.3.1/cc1 -quiet <flags> -o build/emerald-test/src/battle_end_turn.o src/battle_end_turn.c
/Users/ericguthrie/Documents/ChatGPT/Emerald/emerald-champions/work/toolchain/arm-expanded/Payload/bin/../libexec/gcc/arm-none-eabi/15.3.1/cc1 -quiet <flags> -o build/emerald-test/src/battle_factory.o src/battle_factory.c
/Users/ericguthrie/Documents/ChatGPT/Emerald/emerald-champions/work/toolchain/arm-expanded/Payload/bin/../libexec/gcc/arm-none-eabi/15.3.1/cc1 -quiet <flags> -o build/emerald-test/src/battle_factory_screen.o src/battle_factory_screen.c
/Users/ericguthrie/Documents/ChatGPT/Emerald/emerald-champions/work/toolchain/arm-expanded/Payload/bin/../libexec/gcc/arm-none-eabi/15.3.1/cc1 -quiet <flags> -o build/emerald-test/src/battle_frontier.o src/battle_frontier.c
/Users/ericguthrie/Documents/ChatGPT/Emerald/emerald-champions/work/toolchain/arm-expanded/Payload/bin/../libexec/gcc/arm-none-eabi/15.3.1/cc1 -quiet <flags> -o build/emerald-test/src/battle_gfx_sfx_util.o src/battle_gfx_sfx_util.c
/Users/ericguthrie/Documents/ChatGPT/Emerald/emerald-champions/work/toolchain/arm-expanded/Payload/bin/../libexec/gcc/arm-none-eabi/15.3.1/cc1 -quiet <flags> -o build/emerald-test/src/battle_gimmick.o src/battle_gimmick.c
/Users/ericguthrie/Documents/ChatGPT/Emerald/emerald-champions/work/toolchain/arm-expanded/Payload/bin/../libexec/gcc/arm-none-eabi/15.3.1/cc1 -quiet <flags> -o build/emerald-test/src/battle_hold_effects.o src/battle_hold_effects.c
/Users/ericguthrie/Documents/ChatGPT/Emerald/emerald-champions/work/toolchain/arm-expanded/Payload/bin/../libexec/gcc/arm-none-eabi/15.3.1/cc1 -quiet <flags> -o build/emerald-test/src/battle_interface.o src/battle_interface.c
/Users/ericguthrie/Documents/ChatGPT/Emerald/emerald-champions/work/toolchain/arm-expanded/Payload/bin/../libexec/gcc/arm-none-eabi/15.3.1/cc1 -quiet <flags> -o build/emerald-test/src/battle_intro.o src/battle_intro.c
/Users/ericguthrie/Documents/ChatGPT/Emerald/emerald-champions/work/toolchain/arm-expanded/Payload/bin/../libexec/gcc/arm-none-eabi/15.3.1/cc1 -quiet <flags> -o build/emerald-test/src/battle_main.o src/battle_main.c
/Users/ericguthrie/Documents/ChatGPT/Emerald/emerald-champions/work/toolchain/arm-expanded/Payload/bin/../libexec/gcc/arm-none-eabi/15.3.1/cc1 -quiet <flags> -o build/emerald-test/src/battle_message.o src/battle_message.c
/Users/ericguthrie/Documents/ChatGPT/Emerald/emerald-champions/work/toolchain/arm-expanded/Payload/bin/../libexec/gcc/arm-none-eabi/15.3.1/cc1 -quiet <flags> -o build/emerald-test/src/battle_move_resolution.o src/battle_move_resolution.c
/Users/ericguthrie/Documents/ChatGPT/Emerald/emerald-champions/work/toolchain/arm-expanded/Payload/bin/../libexec/gcc/arm-none-eabi/15.3.1/cc1 -quiet <flags> -o build/emerald-test/src/battle_palace.o src/battle_palace.c
/Users/ericguthrie/Documents/ChatGPT/Emerald/emerald-champions/work/toolchain/arm-expanded/Payload/bin/../libexec/gcc/arm-none-eabi/15.3.1/cc1 -quiet <flags> -o build/emerald-test/src/battle_partner.o src/battle_partner.c
/Users/ericguthrie/Documents/ChatGPT/Emerald/emerald-champions/work/toolchain/arm-expanded/Payload/bin/../libexec/gcc/arm-none-eabi/15.3.1/cc1 -quiet <flags> -o build/emerald-test/src/battle_pike.o src/battle_pike.c
/Users/ericguthrie/Documents/ChatGPT/Emerald/emerald-champions/work/toolchain/arm-expanded/Payload/bin/../libexec/gcc/arm-none-eabi/15.3.1/cc1 -quiet <flags> -o build/emerald-test/src/battle_pyramid.o src/battle_pyramid.c
/Users/ericguthrie/Documents/ChatGPT/Emerald/emerald-champions/work/toolchain/arm-expanded/Payload/bin/../libexec/gcc/arm-none-eabi/15.3.1/cc1 -quiet <flags> -o build/emerald-test/src/battle_pyramid_bag.o src/battle_pyramid_bag.c
/Users/ericguthrie/Documents/ChatGPT/Emerald/emerald-champions/work/toolchain/arm-expanded/Payload/bin/../libexec/gcc/arm-none-eabi/15.3.1/cc1 -quiet <flags> -o build/emerald-test/src/battle_records.o src/battle_records.c
/Users/ericguthrie/Documents/ChatGPT/Emerald/emerald-champions/work/toolchain/arm-expanded/Payload/bin/../libexec/gcc/arm-none-eabi/15.3.1/cc1 -quiet <flags> -o build/emerald-test/src/battle_script_commands.o src/battle_script_commands.c
/Users/ericguthrie/Documents/ChatGPT/Emerald/emerald-champions/work/toolchain/arm-expanded/Payload/bin/../libexec/gcc/arm-none-eabi/15.3.1/cc1 -quiet <flags> -o build/emerald-test/src/battle_set_effect.o src/battle_set_effect.c
/Users/ericguthrie/Documents/ChatGPT/Emerald/emerald-champions/work/toolchain/arm-expanded/Payload/bin/../libexec/gcc/arm-none-eabi/15.3.1/cc1 -quiet <flags> -o build/emerald-test/src/battle_setup.o src/battle_setup.c
/Users/ericguthrie/Documents/ChatGPT/Emerald/emerald-champions/work/toolchain/arm-expanded/Payload/bin/../libexec/gcc/arm-none-eabi/15.3.1/cc1 -quiet <flags> -o build/emerald-test/src/battle_special.o src/battle_special.c
/Users/ericguthrie/Documents/ChatGPT/Emerald/emerald-champions/work/toolchain/arm-expanded/Payload/bin/../libexec/gcc/arm-none-eabi/15.3.1/cc1 -quiet <flags> -o build/emerald-test/src/battle_stat_change.o src/battle_stat_change.c
/Users/ericguthrie/Documents/ChatGPT/Emerald/emerald-champions/work/toolchain/arm-expanded/Payload/bin/../libexec/gcc/arm-none-eabi/15.3.1/cc1 -quiet <flags> -o build/emerald-test/src/battle_switch_in.o src/battle_switch_in.c
/Users/ericguthrie/Documents/ChatGPT/Emerald/emerald-champions/work/toolchain/arm-expanded/Payload/bin/../libexec/gcc/arm-none-eabi/15.3.1/cc1 -quiet <flags> -o build/emerald-test/src/battle_tent.o src/battle_tent.c
/Users/ericguthrie/Documents/ChatGPT/Emerald/emerald-champions/work/toolchain/arm-expanded/Payload/bin/../libexec/gcc/arm-none-eabi/15.3.1/cc1 -quiet <flags> -o build/emerald-test/src/battle_terastal.o src/battle_terastal.c
/Users/ericguthrie/Documents/ChatGPT/Emerald/emerald-champions/work/toolchain/arm-expanded/Payload/bin/../libexec/gcc/arm-none-eabi/15.3.1/cc1 -quiet <flags> -o build/emerald-test/src/battle_tower.o src/battle_tower.c
/Users/ericguthrie/Documents/ChatGPT/Emerald/emerald-champions/work/toolchain/arm-expanded/Payload/bin/../libexec/gcc/arm-none-eabi/15.3.1/cc1 -quiet <flags> -o build/emerald-test/src/battle_transition.o src/battle_transition.c
/Users/ericguthrie/Documents/ChatGPT/Emerald/emerald-champions/work/toolchain/arm-expanded/Payload/bin/../libexec/gcc/arm-none-eabi/15.3.1/cc1 -quiet <flags> -o build/emerald-test/src/battle_transition_frontier.o src/battle_transition_frontier.c
/Users/ericguthrie/Documents/ChatGPT/Emerald/emerald-champions/work/toolchain/arm-expanded/Payload/bin/../libexec/gcc/arm-none-eabi/15.3.1/cc1 -quiet <flags> -o build/emerald-test/src/battle_tv.o src/battle_tv.c
/Users/ericguthrie/Documents/ChatGPT/Emerald/emerald-champions/work/toolchain/arm-expanded/Payload/bin/../libexec/gcc/arm-none-eabi/15.3.1/cc1 -quiet <flags> -o build/emerald-test/src/battle_util.o src/battle_util.c
/Users/ericguthrie/Documents/ChatGPT/Emerald/emerald-champions/work/toolchain/arm-expanded/Payload/bin/../libexec/gcc/arm-none-eabi/15.3.1/cc1 -quiet <flags> -o build/emerald-test/src/battle_util2.o src/battle_util2.c
/Users/ericguthrie/Documents/ChatGPT/Emerald/emerald-champions/work/toolchain/arm-expanded/Payload/bin/../libexec/gcc/arm-none-eabi/15.3.1/cc1 -quiet <flags> -o build/emerald-test/src/battle_z_move.o src/battle_z_move.c
/Users/ericguthrie/Documents/ChatGPT/Emerald/emerald-champions/work/toolchain/arm-expanded/Payload/bin/../libexec/gcc/arm-none-eabi/15.3.1/cc1 -quiet <flags> -o build/emerald-test/src/berry.o src/berry.c
/Users/ericguthrie/Documents/ChatGPT/Emerald/emerald-champions/work/toolchain/arm-expanded/Payload/bin/../libexec/gcc/arm-none-eabi/15.3.1/cc1 -quiet <flags> -o build/emerald-test/src/berry_blender.o src/berry_blender.c
/Users/ericguthrie/Documents/ChatGPT/Emerald/emerald-champions/work/toolchain/arm-expanded/Payload/bin/../libexec/gcc/arm-none-eabi/15.3.1/cc1 -quiet <flags> -o build/emerald-test/src/berry_crush.o src/berry_crush.c
/Users/ericguthrie/Documents/ChatGPT/Emerald/emerald-champions/work/toolchain/arm-expanded/Payload/bin/../libexec/gcc/arm-none-eabi/15.3.1/cc1 -quiet <flags> -o build/emerald-test/src/berry_fix_program.o src/berry_fix_program.c
/Users/ericguthrie/Documents/ChatGPT/Emerald/emerald-champions/work/toolchain/arm-expanded/Payload/bin/../libexec/gcc/arm-none-eabi/15.3.1/cc1 -quiet <flags> -o build/emerald-test/src/berry_powder.o src/berry_powder.c
/Users/ericguthrie/Documents/ChatGPT/Emerald/emerald-champions/work/toolchain/arm-expanded/Payload/bin/../libexec/gcc/arm-none-eabi/15.3.1/cc1 -quiet <flags> -o build/emerald-test/src/berry_tag_screen.o src/berry_tag_screen.c
/Users/ericguthrie/Documents/ChatGPT/Emerald/emerald-champions/work/toolchain/arm-expanded/Payload/bin/../libexec/gcc/arm-none-eabi/15.3.1/cc1 -quiet <flags> -o build/emerald-test/src/bg.o src/bg.c
/Users/ericguthrie/Documents/ChatGPT/Emerald/emerald-champions/work/toolchain/arm-expanded/Payload/bin/../libexec/gcc/arm-none-eabi/15.3.1/cc1 -quiet <flags> -o build/emerald-test/src/bike.o src/bike.c
/Users/ericguthrie/Documents/ChatGPT/Emerald/emerald-champions/work/toolchain/arm-expanded/Payload/bin/../libexec/gcc/arm-none-eabi/15.3.1/cc1 -quiet <flags> -o build/emerald-test/src/birch_pc.o src/birch_pc.c
/Users/ericguthrie/Documents/ChatGPT/Emerald/emerald-champions/work/toolchain/arm-expanded/Payload/bin/../libexec/gcc/arm-none-eabi/15.3.1/cc1 -quiet <flags> -o build/emerald-test/src/blit.o src/blit.c
/Users/ericguthrie/Documents/ChatGPT/Emerald/emerald-champions/work/toolchain/arm-expanded/Payload/bin/../libexec/gcc/arm-none-eabi/15.3.1/cc1 -quiet <flags> -o build/emerald-test/src/braille.o src/braille.c
/Users/ericguthrie/Documents/ChatGPT/Emerald/emerald-champions/work/toolchain/arm-expanded/Payload/bin/../libexec/gcc/arm-none-eabi/15.3.1/cc1 -quiet <flags> -o build/emerald-test/src/braille_puzzles.o src/braille_puzzles.c
/Users/ericguthrie/Documents/ChatGPT/Emerald/emerald-champions/work/toolchain/arm-expanded/Payload/bin/../libexec/gcc/arm-none-eabi/15.3.1/cc1 -quiet <flags> -o build/emerald-test/src/cable_car.o src/cable_car.c
/Users/ericguthrie/Documents/ChatGPT/Emerald/emerald-champions/work/toolchain/arm-expanded/Payload/bin/../libexec/gcc/arm-none-eabi/15.3.1/cc1 -quiet <flags> -o build/emerald-test/src/cable_club.o src/cable_club.c
/Users/ericguthrie/Documents/ChatGPT/Emerald/emerald-champions/work/toolchain/arm-expanded/Payload/bin/../libexec/gcc/arm-none-eabi/15.3.1/cc1 -quiet <flags> -o build/emerald-test/src/caps.o src/caps.c
/Users/ericguthrie/Documents/ChatGPT/Emerald/emerald-champions/work/toolchain/arm-expanded/Payload/bin/../libexec/gcc/arm-none-eabi/15.3.1/cc1 -quiet <flags> -o build/emerald-test/src/champions_circuit.o src/champions_circuit.c
/Users/ericguthrie/Documents/ChatGPT/Emerald/emerald-champions/work/toolchain/arm-expanded/Payload/bin/../libexec/gcc/arm-none-eabi/15.3.1/cc1 -quiet <flags> -o build/emerald-test/src/chooseboxmon.o src/chooseboxmon.c
/Users/ericguthrie/Documents/ChatGPT/Emerald/emerald-champions/work/toolchain/arm-expanded/Payload/bin/../libexec/gcc/arm-none-eabi/15.3.1/cc1 -quiet <flags> -o build/emerald-test/src/clear_save_data_screen.o src/clear_save_data_screen.c
/Users/ericguthrie/Documents/ChatGPT/Emerald/emerald-champions/work/toolchain/arm-expanded/Payload/bin/../libexec/gcc/arm-none-eabi/15.3.1/cc1 -quiet <flags> -o build/emerald-test/src/clock.o src/clock.c
/Users/ericguthrie/Documents/ChatGPT/Emerald/emerald-champions/work/toolchain/arm-expanded/Payload/bin/../libexec/gcc/arm-none-eabi/15.3.1/cc1 -quiet <flags> -o build/emerald-test/src/coins.o src/coins.c
/Users/ericguthrie/Documents/ChatGPT/Emerald/emerald-champions/work/toolchain/arm-expanded/Payload/bin/../libexec/gcc/arm-none-eabi/15.3.1/cc1 -quiet <flags> -o build/emerald-test/src/confetti_util.o src/confetti_util.c
/Users/ericguthrie/Documents/ChatGPT/Emerald/emerald-champions/work/toolchain/arm-expanded/Payload/bin/../libexec/gcc/arm-none-eabi/15.3.1/cc1 -quiet <flags> -o build/emerald-test/src/config_changes.o src/config_changes.c
/Users/ericguthrie/Documents/ChatGPT/Emerald/emerald-champions/work/toolchain/arm-expanded/Payload/bin/../libexec/gcc/arm-none-eabi/15.3.1/cc1 -quiet <flags> -o build/emerald-test/src/contest.o src/contest.c
/Users/ericguthrie/Documents/ChatGPT/Emerald/emerald-champions/work/toolchain/arm-expanded/Payload/bin/../libexec/gcc/arm-none-eabi/15.3.1/cc1 -quiet <flags> -o build/emerald-test/src/contest_ai.o src/contest_ai.c
/Users/ericguthrie/Documents/ChatGPT/Emerald/emerald-champions/work/toolchain/arm-expanded/Payload/bin/../libexec/gcc/arm-none-eabi/15.3.1/cc1 -quiet <flags> -o build/emerald-test/src/contest_effect.o src/contest_effect.c
/Users/ericguthrie/Documents/ChatGPT/Emerald/emerald-champions/work/toolchain/arm-expanded/Payload/bin/../libexec/gcc/arm-none-eabi/15.3.1/cc1 -quiet <flags> -o build/emerald-test/src/contest_link.o src/contest_link.c
/Users/ericguthrie/Documents/ChatGPT/Emerald/emerald-champions/work/toolchain/arm-expanded/Payload/bin/../libexec/gcc/arm-none-eabi/15.3.1/cc1 -quiet <flags> -o build/emerald-test/src/contest_link_util.o src/contest_link_util.c
/Users/ericguthrie/Documents/ChatGPT/Emerald/emerald-champions/work/toolchain/arm-expanded/Payload/bin/../libexec/gcc/arm-none-eabi/15.3.1/cc1 -quiet <flags> -o build/emerald-test/src/contest_painting.o src/contest_painting.c
/Users/ericguthrie/Documents/ChatGPT/Emerald/emerald-champions/work/toolchain/arm-expanded/Payload/bin/../libexec/gcc/arm-none-eabi/15.3.1/cc1 -quiet <flags> -o build/emerald-test/src/contest_util.o src/contest_util.c
/Users/ericguthrie/Documents/ChatGPT/Emerald/emerald-champions/work/toolchain/arm-expanded/Payload/bin/../libexec/gcc/arm-none-eabi/15.3.1/cc1 -quiet <flags> -o build/emerald-test/src/coord_event_weather.o src/coord_event_weather.c
/Users/ericguthrie/Documents/ChatGPT/Emerald/emerald-champions/work/toolchain/arm-expanded/Payload/bin/../libexec/gcc/arm-none-eabi/15.3.1/cc1 -quiet <flags> -o build/emerald-test/src/credits.o src/credits.c
/Users/ericguthrie/Documents/ChatGPT/Emerald/emerald-champions/work/toolchain/arm-expanded/Payload/bin/../libexec/gcc/arm-none-eabi/15.3.1/cc1 -quiet <flags> -o build/emerald-test/src/credits_frlg.o src/credits_frlg.c
/Users/ericguthrie/Documents/ChatGPT/Emerald/emerald-champions/work/toolchain/arm-expanded/Payload/bin/../libexec/gcc/arm-none-eabi/15.3.1/cc1 -quiet <flags> -o build/emerald-test/src/data.o src/data.c
/Users/ericguthrie/Documents/ChatGPT/Emerald/emerald-champions/work/toolchain/arm-expanded/Payload/bin/../libexec/gcc/arm-none-eabi/15.3.1/cc1 -quiet <flags> -o build/emerald-test/src/datetime.o src/datetime.c
/Users/ericguthrie/Documents/ChatGPT/Emerald/emerald-champions/work/toolchain/arm-expanded/Payload/bin/../libexec/gcc/arm-none-eabi/15.3.1/cc1 -quiet <flags> -o build/emerald-test/src/daycare.o src/daycare.c
/Users/ericguthrie/Documents/ChatGPT/Emerald/emerald-champions/work/toolchain/arm-expanded/Payload/bin/../libexec/gcc/arm-none-eabi/15.3.1/cc1 -quiet <flags> -o build/emerald-test/src/debug.o src/debug.c
/Users/ericguthrie/Documents/ChatGPT/Emerald/emerald-champions/work/toolchain/arm-expanded/Payload/bin/../libexec/gcc/arm-none-eabi/15.3.1/cc1 -quiet <flags> -o build/emerald-test/src/decompress.o src/decompress.c
/Users/ericguthrie/Documents/ChatGPT/Emerald/emerald-champions/work/toolchain/arm-expanded/Payload/bin/../libexec/gcc/arm-none-eabi/15.3.1/cc1 -quiet <flags> -o build/emerald-test/src/decompress_error_handler.o src/decompress_error_handler.c
/Users/ericguthrie/Documents/ChatGPT/Emerald/emerald-champions/work/toolchain/arm-expanded/Payload/bin/../libexec/gcc/arm-none-eabi/15.3.1/cc1 -quiet <flags> -o build/emerald-test/src/decoration.o src/decoration.c
/Users/ericguthrie/Documents/ChatGPT/Emerald/emerald-champions/work/toolchain/arm-expanded/Payload/bin/../libexec/gcc/arm-none-eabi/15.3.1/cc1 -quiet <flags> -o build/emerald-test/src/decoration_inventory.o src/decoration_inventory.c
/Users/ericguthrie/Documents/ChatGPT/Emerald/emerald-champions/work/toolchain/arm-expanded/Payload/bin/../libexec/gcc/arm-none-eabi/15.3.1/cc1 -quiet <flags> -o build/emerald-test/src/dewford_trend.o src/dewford_trend.c
/Users/ericguthrie/Documents/ChatGPT/Emerald/emerald-champions/work/toolchain/arm-expanded/Payload/bin/../libexec/gcc/arm-none-eabi/15.3.1/cc1 -quiet <flags> -o build/emerald-test/src/dexnav.o src/dexnav.c
/Users/ericguthrie/Documents/ChatGPT/Emerald/emerald-champions/work/toolchain/arm-expanded/Payload/bin/../libexec/gcc/arm-none-eabi/15.3.1/cc1 -quiet <flags> -o build/emerald-test/src/difficulty.o src/difficulty.c
/Users/ericguthrie/Documents/ChatGPT/Emerald/emerald-champions/work/toolchain/arm-expanded/Payload/bin/../libexec/gcc/arm-none-eabi/15.3.1/cc1 -quiet <flags> -o build/emerald-test/src/digit_obj_util.o src/digit_obj_util.c
/Users/ericguthrie/Documents/ChatGPT/Emerald/emerald-champions/work/toolchain/arm-expanded/Payload/bin/../libexec/gcc/arm-none-eabi/15.3.1/cc1 -quiet <flags> -o build/emerald-test/src/diploma.o src/diploma.c
/Users/ericguthrie/Documents/ChatGPT/Emerald/emerald-champions/work/toolchain/arm-expanded/Payload/bin/../libexec/gcc/arm-none-eabi/15.3.1/cc1 -quiet <flags> -o build/emerald-test/src/dma3_manager.o src/dma3_manager.c
/Users/ericguthrie/Documents/ChatGPT/Emerald/emerald-champions/work/toolchain/arm-expanded/Payload/bin/../libexec/gcc/arm-none-eabi/15.3.1/cc1 -quiet <flags> -o build/emerald-test/src/dodrio_berry_picking.o src/dodrio_berry_picking.c
/Users/ericguthrie/Documents/ChatGPT/Emerald/emerald-champions/work/toolchain/arm-expanded/Payload/bin/../libexec/gcc/arm-none-eabi/15.3.1/cc1 -quiet <flags> -o build/emerald-test/src/dynamic_placeholder_text_util.o src/dynamic_placeholder_text_util.c
/Users/ericguthrie/Documents/ChatGPT/Emerald/emerald-champions/work/toolchain/arm-expanded/Payload/bin/../libexec/gcc/arm-none-eabi/15.3.1/cc1 -quiet <flags> -o build/emerald-test/src/easy_chat.o src/easy_chat.c
/Users/ericguthrie/Documents/ChatGPT/Emerald/emerald-champions/work/toolchain/arm-expanded/Payload/bin/../libexec/gcc/arm-none-eabi/15.3.1/cc1 -quiet <flags> -o build/emerald-test/src/egg_hatch.o src/egg_hatch.c
/Users/ericguthrie/Documents/ChatGPT/Emerald/emerald-champions/work/toolchain/arm-expanded/Payload/bin/../libexec/gcc/arm-none-eabi/15.3.1/cc1 -quiet <flags> -o build/emerald-test/src/emerald_champions_agent_prep.o src/emerald_champions_agent_prep.c
/Users/ericguthrie/Documents/ChatGPT/Emerald/emerald-champions/work/toolchain/arm-expanded/Payload/bin/../libexec/gcc/arm-none-eabi/15.3.1/cc1 -quiet <flags> -o build/emerald-test/src/emerald_champions_battle_plan.o src/emerald_champions_battle_plan.c
/Users/ericguthrie/Documents/ChatGPT/Emerald/emerald-champions/work/toolchain/arm-expanded/Payload/bin/../libexec/gcc/arm-none-eabi/15.3.1/cc1 -quiet <flags> -o build/emerald-test/src/emerald_champions_battle_sets.o src/emerald_champions_battle_sets.c
/Users/ericguthrie/Documents/ChatGPT/Emerald/emerald-champions/work/toolchain/arm-expanded/Payload/bin/../libexec/gcc/arm-none-eabi/15.3.1/cc1 -quiet <flags> -o build/emerald-test/src/emerald_champions_headless.o src/emerald_champions_headless.c
/Users/ericguthrie/Documents/ChatGPT/Emerald/emerald-champions/work/toolchain/arm-expanded/Payload/bin/../libexec/gcc/arm-none-eabi/15.3.1/cc1 -quiet <flags> -o build/emerald-test/src/emerald_champions_opening.o src/emerald_champions_opening.c
/Users/ericguthrie/Documents/ChatGPT/Emerald/emerald-champions/work/toolchain/arm-expanded/Payload/bin/../libexec/gcc/arm-none-eabi/15.3.1/cc1 -quiet <flags> -o build/emerald-test/src/emerald_champions_perish.o src/emerald_champions_perish.c
/Users/ericguthrie/Documents/ChatGPT/Emerald/emerald-champions/work/toolchain/arm-expanded/Payload/bin/../libexec/gcc/arm-none-eabi/15.3.1/cc1 -quiet <flags> -o build/emerald-test/src/ereader_helpers.o src/ereader_helpers.c
/Users/ericguthrie/Documents/ChatGPT/Emerald/emerald-champions/work/toolchain/arm-expanded/Payload/bin/../libexec/gcc/arm-none-eabi/15.3.1/cc1 -quiet <flags> -o build/emerald-test/src/ereader_screen.o src/ereader_screen.c
/Users/ericguthrie/Documents/ChatGPT/Emerald/emerald-champions/work/toolchain/arm-expanded/Payload/bin/../libexec/gcc/arm-none-eabi/15.3.1/cc1 -quiet <flags> -o build/emerald-test/src/event_data.o src/event_data.c
/Users/ericguthrie/Documents/ChatGPT/Emerald/emerald-champions/work/toolchain/arm-expanded/Payload/bin/../libexec/gcc/arm-none-eabi/15.3.1/cc1 -quiet <flags> -o build/emerald-test/src/event_object_lock.o src/event_object_lock.c
/Users/ericguthrie/Documents/ChatGPT/Emerald/emerald-champions/work/toolchain/arm-expanded/Payload/bin/../libexec/gcc/arm-none-eabi/15.3.1/cc1 -quiet <flags> -o build/emerald-test/src/event_object_movement.o src/event_object_movement.c
/Users/ericguthrie/Documents/ChatGPT/Emerald/emerald-champions/work/toolchain/arm-expanded/Payload/bin/../libexec/gcc/arm-none-eabi/15.3.1/cc1 -quiet <flags> -o build/emerald-test/src/evolution_graphics.o src/evolution_graphics.c
/Users/ericguthrie/Documents/ChatGPT/Emerald/emerald-champions/work/toolchain/arm-expanded/Payload/bin/../libexec/gcc/arm-none-eabi/15.3.1/cc1 -quiet <flags> -o build/emerald-test/src/evolution_scene.o src/evolution_scene.c
/Users/ericguthrie/Documents/ChatGPT/Emerald/emerald-champions/work/toolchain/arm-expanded/Payload/bin/../libexec/gcc/arm-none-eabi/15.3.1/cc1 -quiet <flags> -o build/emerald-test/src/expansion_intro.o src/expansion_intro.c
/Users/ericguthrie/Documents/ChatGPT/Emerald/emerald-champions/work/toolchain/arm-expanded/Payload/bin/../libexec/gcc/arm-none-eabi/15.3.1/cc1 -quiet <flags> -o build/emerald-test/src/fake_rtc.o src/fake_rtc.c
/Users/ericguthrie/Documents/ChatGPT/Emerald/emerald-champions/work/toolchain/arm-expanded/Payload/bin/../libexec/gcc/arm-none-eabi/15.3.1/cc1 -quiet <flags> -o build/emerald-test/src/fame_checker.o src/fame_checker.c
/Users/ericguthrie/Documents/ChatGPT/Emerald/emerald-champions/work/toolchain/arm-expanded/Payload/bin/../libexec/gcc/arm-none-eabi/15.3.1/cc1 -quiet <flags> -o build/emerald-test/src/faraway_island.o src/faraway_island.c
/Users/ericguthrie/Documents/ChatGPT/Emerald/emerald-champions/work/toolchain/arm-expanded/Payload/bin/../libexec/gcc/arm-none-eabi/15.3.1/cc1 -quiet <flags> -o build/emerald-test/src/field_camera.o src/field_camera.c
/Users/ericguthrie/Documents/ChatGPT/Emerald/emerald-champions/work/toolchain/arm-expanded/Payload/bin/../libexec/gcc/arm-none-eabi/15.3.1/cc1 -quiet <flags> -o build/emerald-test/src/field_control_avatar.o src/field_control_avatar.c
/Users/ericguthrie/Documents/ChatGPT/Emerald/emerald-champions/work/toolchain/arm-expanded/Payload/bin/../libexec/gcc/arm-none-eabi/15.3.1/cc1 -quiet <flags> -o build/emerald-test/src/field_door.o src/field_door.c
/Users/ericguthrie/Documents/ChatGPT/Emerald/emerald-champions/work/toolchain/arm-expanded/Payload/bin/../libexec/gcc/arm-none-eabi/15.3.1/cc1 -quiet <flags> -o build/emerald-test/src/field_effect.o src/field_effect.c
/Users/ericguthrie/Documents/ChatGPT/Emerald/emerald-champions/work/toolchain/arm-expanded/Payload/bin/../libexec/gcc/arm-none-eabi/15.3.1/cc1 -quiet <flags> -o build/emerald-test/src/field_effect_helpers.o src/field_effect_helpers.c
/Users/ericguthrie/Documents/ChatGPT/Emerald/emerald-champions/work/toolchain/arm-expanded/Payload/bin/../libexec/gcc/arm-none-eabi/15.3.1/cc1 -quiet <flags> -o build/emerald-test/src/field_message_box.o src/field_message_box.c
/Users/ericguthrie/Documents/ChatGPT/Emerald/emerald-champions/work/toolchain/arm-expanded/Payload/bin/../libexec/gcc/arm-none-eabi/15.3.1/cc1 -quiet <flags> -o build/emerald-test/src/field_move.o src/field_move.c
/Users/ericguthrie/Documents/ChatGPT/Emerald/emerald-champions/work/toolchain/arm-expanded/Payload/bin/../libexec/gcc/arm-none-eabi/15.3.1/cc1 -quiet <flags> -o build/emerald-test/src/field_name_box.o src/field_name_box.c
/Users/ericguthrie/Documents/ChatGPT/Emerald/emerald-champions/work/toolchain/arm-expanded/Payload/bin/../libexec/gcc/arm-none-eabi/15.3.1/cc1 -quiet <flags> -o build/emerald-test/src/field_player_avatar.o src/field_player_avatar.c
/Users/ericguthrie/Documents/ChatGPT/Emerald/emerald-champions/work/toolchain/arm-expanded/Payload/bin/../libexec/gcc/arm-none-eabi/15.3.1/cc1 -quiet <flags> -o build/emerald-test/src/field_poison.o src/field_poison.c
/Users/ericguthrie/Documents/ChatGPT/Emerald/emerald-champions/work/toolchain/arm-expanded/Payload/bin/../libexec/gcc/arm-none-eabi/15.3.1/cc1 -quiet <flags> -o build/emerald-test/src/field_region_map.o src/field_region_map.c
/Users/ericguthrie/Documents/ChatGPT/Emerald/emerald-champions/work/toolchain/arm-expanded/Payload/bin/../libexec/gcc/arm-none-eabi/15.3.1/cc1 -quiet <flags> -o build/emerald-test/src/field_screen_effect.o src/field_screen_effect.c
/Users/ericguthrie/Documents/ChatGPT/Emerald/emerald-champions/work/toolchain/arm-expanded/Payload/bin/../libexec/gcc/arm-none-eabi/15.3.1/cc1 -quiet <flags> -o build/emerald-test/src/field_special_scene.o src/field_special_scene.c
/Users/ericguthrie/Documents/ChatGPT/Emerald/emerald-champions/work/toolchain/arm-expanded/Payload/bin/../libexec/gcc/arm-none-eabi/15.3.1/cc1 -quiet <flags> -o build/emerald-test/src/field_specials.o src/field_specials.c
/Users/ericguthrie/Documents/ChatGPT/Emerald/emerald-champions/work/toolchain/arm-expanded/Payload/bin/../libexec/gcc/arm-none-eabi/15.3.1/cc1 -quiet <flags> -o build/emerald-test/src/field_tasks.o src/field_tasks.c
/Users/ericguthrie/Documents/ChatGPT/Emerald/emerald-champions/work/toolchain/arm-expanded/Payload/bin/../libexec/gcc/arm-none-eabi/15.3.1/cc1 -quiet <flags> -o build/emerald-test/src/field_weather.o src/field_weather.c
/Users/ericguthrie/Documents/ChatGPT/Emerald/emerald-champions/work/toolchain/arm-expanded/Payload/bin/../libexec/gcc/arm-none-eabi/15.3.1/cc1 -quiet <flags> -o build/emerald-test/src/field_weather_effect.o src/field_weather_effect.c
/Users/ericguthrie/Documents/ChatGPT/Emerald/emerald-champions/work/toolchain/arm-expanded/Payload/bin/../libexec/gcc/arm-none-eabi/15.3.1/cc1 -quiet <flags> -o build/emerald-test/src/fieldmap.o src/fieldmap.c
/Users/ericguthrie/Documents/ChatGPT/Emerald/emerald-champions/work/toolchain/arm-expanded/Payload/bin/../libexec/gcc/arm-none-eabi/15.3.1/cc1 -quiet <flags> -o build/emerald-test/src/fishing.o src/fishing.c
/Users/ericguthrie/Documents/ChatGPT/Emerald/emerald-champions/work/toolchain/arm-expanded/Payload/bin/../libexec/gcc/arm-none-eabi/15.3.1/cc1 -quiet <flags> -o build/emerald-test/src/fldeff_cut.o src/fldeff_cut.c
/Users/ericguthrie/Documents/ChatGPT/Emerald/emerald-champions/work/toolchain/arm-expanded/Payload/bin/../libexec/gcc/arm-none-eabi/15.3.1/cc1 -quiet <flags> -o build/emerald-test/src/fldeff_defog.o src/fldeff_defog.c
/Users/ericguthrie/Documents/ChatGPT/Emerald/emerald-champions/work/toolchain/arm-expanded/Payload/bin/../libexec/gcc/arm-none-eabi/15.3.1/cc1 -quiet <flags> -o build/emerald-test/src/fldeff_dig.o src/fldeff_dig.c
/Users/ericguthrie/Documents/ChatGPT/Emerald/emerald-champions/work/toolchain/arm-expanded/Payload/bin/../libexec/gcc/arm-none-eabi/15.3.1/cc1 -quiet <flags> -o build/emerald-test/src/fldeff_escalator.o src/fldeff_escalator.c
/Users/ericguthrie/Documents/ChatGPT/Emerald/emerald-champions/work/toolchain/arm-expanded/Payload/bin/../libexec/gcc/arm-none-eabi/15.3.1/cc1 -quiet <flags> -o build/emerald-test/src/fldeff_flash.o src/fldeff_flash.c
/Users/ericguthrie/Documents/ChatGPT/Emerald/emerald-champions/work/toolchain/arm-expanded/Payload/bin/../libexec/gcc/arm-none-eabi/15.3.1/cc1 -quiet <flags> -o build/emerald-test/src/fldeff_misc.o src/fldeff_misc.c
/Users/ericguthrie/Documents/ChatGPT/Emerald/emerald-champions/work/toolchain/arm-expanded/Payload/bin/../libexec/gcc/arm-none-eabi/15.3.1/cc1 -quiet <flags> -o build/emerald-test/src/fldeff_rocksmash.o src/fldeff_rocksmash.c
/Users/ericguthrie/Documents/ChatGPT/Emerald/emerald-champions/work/toolchain/arm-expanded/Payload/bin/../libexec/gcc/arm-none-eabi/15.3.1/cc1 -quiet <flags> -o build/emerald-test/src/fldeff_softboiled.o src/fldeff_softboiled.c
/Users/ericguthrie/Documents/ChatGPT/Emerald/emerald-champions/work/toolchain/arm-expanded/Payload/bin/../libexec/gcc/arm-none-eabi/15.3.1/cc1 -quiet <flags> -o build/emerald-test/src/fldeff_strength.o src/fldeff_strength.c
/Users/ericguthrie/Documents/ChatGPT/Emerald/emerald-champions/work/toolchain/arm-expanded/Payload/bin/../libexec/gcc/arm-none-eabi/15.3.1/cc1 -quiet <flags> -o build/emerald-test/src/fldeff_sweetscent.o src/fldeff_sweetscent.c
/Users/ericguthrie/Documents/ChatGPT/Emerald/emerald-champions/work/toolchain/arm-expanded/Payload/bin/../libexec/gcc/arm-none-eabi/15.3.1/cc1 -quiet <flags> -o build/emerald-test/src/fldeff_teleport.o src/fldeff_teleport.c
/Users/ericguthrie/Documents/ChatGPT/Emerald/emerald-champions/work/toolchain/arm-expanded/Payload/bin/../libexec/gcc/arm-none-eabi/15.3.1/cc1 -quiet <flags> -o build/emerald-test/src/follower_helper.o src/follower_helper.c
/Users/ericguthrie/Documents/ChatGPT/Emerald/emerald-champions/work/toolchain/arm-expanded/Payload/bin/../libexec/gcc/arm-none-eabi/15.3.1/cc1 -quiet <flags> -o build/emerald-test/src/follower_npc.o src/follower_npc.c
/Users/ericguthrie/Documents/ChatGPT/Emerald/emerald-champions/work/toolchain/arm-expanded/Payload/bin/../libexec/gcc/arm-none-eabi/15.3.1/cc1 -quiet <flags> -o build/emerald-test/src/fonts.o src/fonts.c
/Users/ericguthrie/Documents/ChatGPT/Emerald/emerald-champions/work/toolchain/arm-expanded/Payload/bin/../libexec/gcc/arm-none-eabi/15.3.1/cc1 -quiet <flags> -o build/emerald-test/src/frontier_pass.o src/frontier_pass.c
/Users/ericguthrie/Documents/ChatGPT/Emerald/emerald-champions/work/toolchain/arm-expanded/Payload/bin/../libexec/gcc/arm-none-eabi/15.3.1/cc1 -quiet <flags> -o build/emerald-test/src/frontier_util.o src/frontier_util.c
/Users/ericguthrie/Documents/ChatGPT/Emerald/emerald-champions/work/toolchain/arm-expanded/Payload/bin/../libexec/gcc/arm-none-eabi/15.3.1/cc1 -quiet <flags> -o build/emerald-test/src/give_gift_ribbon_to_party.o src/give_gift_ribbon_to_party.c
/Users/ericguthrie/Documents/ChatGPT/Emerald/emerald-champions/work/toolchain/arm-expanded/Payload/bin/../libexec/gcc/arm-none-eabi/15.3.1/cc1 -quiet <flags> -o build/emerald-test/src/gpu_regs.o src/gpu_regs.c
/Users/ericguthrie/Documents/ChatGPT/Emerald/emerald-champions/work/toolchain/arm-expanded/Payload/bin/../libexec/gcc/arm-none-eabi/15.3.1/cc1 -quiet <flags> -o build/emerald-test/src/graphics.o src/graphics.c
/Users/ericguthrie/Documents/ChatGPT/Emerald/emerald-champions/work/toolchain/arm-expanded/Payload/bin/../libexec/gcc/arm-none-eabi/15.3.1/cc1 -quiet <flags> -o build/emerald-test/src/gym_leader_rematch.o src/gym_leader_rematch.c
/Users/ericguthrie/Documents/ChatGPT/Emerald/emerald-champions/work/toolchain/arm-expanded/Payload/bin/../libexec/gcc/arm-none-eabi/15.3.1/cc1 -quiet <flags> -o build/emerald-test/src/hall_of_fame.o src/hall_of_fame.c
/Users/ericguthrie/Documents/ChatGPT/Emerald/emerald-champions/work/toolchain/arm-expanded/Payload/bin/../libexec/gcc/arm-none-eabi/15.3.1/cc1 -quiet <flags> -o build/emerald-test/src/hall_of_fame_frlg.o src/hall_of_fame_frlg.c
/Users/ericguthrie/Documents/ChatGPT/Emerald/emerald-champions/work/toolchain/arm-expanded/Payload/bin/../libexec/gcc/arm-none-eabi/15.3.1/cc1 -quiet <flags> -o build/emerald-test/src/heal_location.o src/heal_location.c
/Users/ericguthrie/Documents/ChatGPT/Emerald/emerald-champions/work/toolchain/arm-expanded/Payload/bin/../libexec/gcc/arm-none-eabi/15.3.1/cc1 -quiet <flags> -o build/emerald-test/src/hof_pc.o src/hof_pc.c
/Users/ericguthrie/Documents/ChatGPT/Emerald/emerald-champions/work/toolchain/arm-expanded/Payload/bin/../libexec/gcc/arm-none-eabi/15.3.1/cc1 -quiet <flags> -o build/emerald-test/src/image_processing_effects.o src/image_processing_effects.c
/Users/ericguthrie/Documents/ChatGPT/Emerald/emerald-champions/work/toolchain/arm-expanded/Payload/bin/../libexec/gcc/arm-none-eabi/15.3.1/cc1 -quiet <flags> -o build/emerald-test/src/international_string_util.o src/international_string_util.c
/Users/ericguthrie/Documents/ChatGPT/Emerald/emerald-champions/work/toolchain/arm-expanded/Payload/bin/../libexec/gcc/arm-none-eabi/15.3.1/cc1 -quiet <flags> -o build/emerald-test/src/intro.o src/intro.c
/Users/ericguthrie/Documents/ChatGPT/Emerald/emerald-champions/work/toolchain/arm-expanded/Payload/bin/../libexec/gcc/arm-none-eabi/15.3.1/cc1 -quiet <flags> -o build/emerald-test/src/intro_credits_graphics.o src/intro_credits_graphics.c
/Users/ericguthrie/Documents/ChatGPT/Emerald/emerald-champions/work/toolchain/arm-expanded/Payload/bin/../libexec/gcc/arm-none-eabi/15.3.1/cc1 -quiet <flags> -o build/emerald-test/src/intro_frlg.o src/intro_frlg.c
/Users/ericguthrie/Documents/ChatGPT/Emerald/emerald-champions/work/toolchain/arm-expanded/Payload/bin/../libexec/gcc/arm-none-eabi/15.3.1/cc1 -quiet <flags> -o build/emerald-test/src/io_reg.o src/io_reg.c
/Users/ericguthrie/Documents/ChatGPT/Emerald/emerald-champions/work/toolchain/arm-expanded/Payload/bin/../libexec/gcc/arm-none-eabi/15.3.1/cc1 -quiet <flags> -o build/emerald-test/src/item.o src/item.c
/Users/ericguthrie/Documents/ChatGPT/Emerald/emerald-champions/work/toolchain/arm-expanded/Payload/bin/../libexec/gcc/arm-none-eabi/15.3.1/cc1 -quiet <flags> -o build/emerald-test/src/item_ball.o src/item_ball.c
/Users/ericguthrie/Documents/ChatGPT/Emerald/emerald-champions/work/toolchain/arm-expanded/Payload/bin/../libexec/gcc/arm-none-eabi/15.3.1/cc1 -quiet <flags> -o build/emerald-test/src/item_icon.o src/item_icon.c
/Users/ericguthrie/Documents/ChatGPT/Emerald/emerald-champions/work/toolchain/arm-expanded/Payload/bin/../libexec/gcc/arm-none-eabi/15.3.1/cc1 -quiet <flags> -o build/emerald-test/src/item_menu.o src/item_menu.c
/Users/ericguthrie/Documents/ChatGPT/Emerald/emerald-champions/work/toolchain/arm-expanded/Payload/bin/../libexec/gcc/arm-none-eabi/15.3.1/cc1 -quiet <flags> -o build/emerald-test/src/item_menu_icons.o src/item_menu_icons.c
/Users/ericguthrie/Documents/ChatGPT/Emerald/emerald-champions/work/toolchain/arm-expanded/Payload/bin/../libexec/gcc/arm-none-eabi/15.3.1/cc1 -quiet <flags> -o build/emerald-test/src/item_use.o src/item_use.c
/Users/ericguthrie/Documents/ChatGPT/Emerald/emerald-champions/work/toolchain/arm-expanded/Payload/bin/../libexec/gcc/arm-none-eabi/15.3.1/cc1 -quiet <flags> -o build/emerald-test/src/landmark.o src/landmark.c
/Users/ericguthrie/Documents/ChatGPT/Emerald/emerald-champions/work/toolchain/arm-expanded/Payload/bin/../libexec/gcc/arm-none-eabi/15.3.1/cc1 -quiet <flags> -o build/emerald-test/src/legendary_signs.o src/legendary_signs.c
/Users/ericguthrie/Documents/ChatGPT/Emerald/emerald-champions/work/toolchain/arm-expanded/Payload/bin/../libexec/gcc/arm-none-eabi/15.3.1/cc1 -quiet <flags> -o build/emerald-test/src/librfu_intr.o src/librfu_intr.c
/Users/ericguthrie/Documents/ChatGPT/Emerald/emerald-champions/work/toolchain/arm-expanded/Payload/bin/../libexec/gcc/arm-none-eabi/15.3.1/cc1 -quiet <flags> -o build/emerald-test/src/librfu_rfu.o src/librfu_rfu.c
/Users/ericguthrie/Documents/ChatGPT/Emerald/emerald-champions/work/toolchain/arm-expanded/Payload/bin/../libexec/gcc/arm-none-eabi/15.3.1/cc1 -quiet <flags> -o build/emerald-test/src/librfu_sio32id.o src/librfu_sio32id.c
/Users/ericguthrie/Documents/ChatGPT/Emerald/emerald-champions/work/toolchain/arm-expanded/Payload/bin/../libexec/gcc/arm-none-eabi/15.3.1/cc1 -quiet <flags> -o build/emerald-test/src/librfu_stwi.o src/librfu_stwi.c
/Users/ericguthrie/Documents/ChatGPT/Emerald/emerald-champions/work/toolchain/arm-expanded/Payload/bin/../libexec/gcc/arm-none-eabi/15.3.1/cc1 -quiet <flags> -o build/emerald-test/src/lilycove_lady.o src/lilycove_lady.c
/Users/ericguthrie/Documents/ChatGPT/Emerald/emerald-champions/work/toolchain/arm-expanded/Payload/bin/../libexec/gcc/arm-none-eabi/15.3.1/cc1 -quiet <flags> -o build/emerald-test/src/line_break.o src/line_break.c
/Users/ericguthrie/Documents/ChatGPT/Emerald/emerald-champions/work/toolchain/arm-expanded/Payload/bin/../libexec/gcc/arm-none-eabi/15.3.1/cc1 -quiet <flags> -o build/emerald-test/src/link.o src/link.c
/Users/ericguthrie/Documents/ChatGPT/Emerald/emerald-champions/work/toolchain/arm-expanded/Payload/bin/../libexec/gcc/arm-none-eabi/15.3.1/cc1 -quiet <flags> -o build/emerald-test/src/link_rfu_2.o src/link_rfu_2.c
/Users/ericguthrie/Documents/ChatGPT/Emerald/emerald-champions/work/toolchain/arm-expanded/Payload/bin/../libexec/gcc/arm-none-eabi/15.3.1/cc1 -quiet <flags> -o build/emerald-test/src/link_rfu_3.o src/link_rfu_3.c
/Users/ericguthrie/Documents/ChatGPT/Emerald/emerald-champions/work/toolchain/arm-expanded/Payload/bin/../libexec/gcc/arm-none-eabi/15.3.1/cc1 -quiet <flags> -o build/emerald-test/src/list_menu.o src/list_menu.c
/Users/ericguthrie/Documents/ChatGPT/Emerald/emerald-champions/work/toolchain/arm-expanded/Payload/bin/../libexec/gcc/arm-none-eabi/15.3.1/cc1 -quiet <flags> -o build/emerald-test/src/load_save.o src/load_save.c
/Users/ericguthrie/Documents/ChatGPT/Emerald/emerald-champions/work/toolchain/arm-expanded/Payload/bin/../libexec/gcc/arm-none-eabi/15.3.1/cc1 -quiet <flags> -o build/emerald-test/src/lottery_corner.o src/lottery_corner.c
/Users/ericguthrie/Documents/ChatGPT/Emerald/emerald-champions/work/toolchain/arm-expanded/Payload/bin/../libexec/gcc/arm-none-eabi/15.3.1/cc1 -quiet <flags> -o build/emerald-test/src/m4a.o src/m4a.c
/Users/ericguthrie/Documents/ChatGPT/Emerald/emerald-champions/work/toolchain/arm-expanded/Payload/bin/../libexec/gcc/arm-none-eabi/15.3.1/cc1 -quiet <flags> -o build/emerald-test/src/mail.o src/mail.c
/Users/ericguthrie/Documents/ChatGPT/Emerald/emerald-champions/work/toolchain/arm-expanded/Payload/bin/../libexec/gcc/arm-none-eabi/15.3.1/cc1 -quiet <flags> -o build/emerald-test/src/mail_data.o src/mail_data.c
/Users/ericguthrie/Documents/ChatGPT/Emerald/emerald-champions/work/toolchain/arm-expanded/Payload/bin/../libexec/gcc/arm-none-eabi/15.3.1/cc1 -quiet <flags> -o build/emerald-test/src/main.o src/main.c
/Users/ericguthrie/Documents/ChatGPT/Emerald/emerald-champions/work/toolchain/arm-expanded/Payload/bin/../libexec/gcc/arm-none-eabi/15.3.1/cc1 -quiet <flags> -o build/emerald-test/src/main_menu.o src/main_menu.c
/Users/ericguthrie/Documents/ChatGPT/Emerald/emerald-champions/work/toolchain/arm-expanded/Payload/bin/../libexec/gcc/arm-none-eabi/15.3.1/cc1 -quiet <flags> -o build/emerald-test/src/malloc.o src/malloc.c
/Users/ericguthrie/Documents/ChatGPT/Emerald/emerald-champions/work/toolchain/arm-expanded/Payload/bin/../libexec/gcc/arm-none-eabi/15.3.1/cc1 -quiet <flags> -o build/emerald-test/src/map_name_popup.o src/map_name_popup.c
/Users/ericguthrie/Documents/ChatGPT/Emerald/emerald-champions/work/toolchain/arm-expanded/Payload/bin/../libexec/gcc/arm-none-eabi/15.3.1/cc1 -quiet <flags> -o build/emerald-test/src/map_preview_screen.o src/map_preview_screen.c
/Users/ericguthrie/Documents/ChatGPT/Emerald/emerald-champions/work/toolchain/arm-expanded/Payload/bin/../libexec/gcc/arm-none-eabi/15.3.1/cc1 -quiet <flags> -o build/emerald-test/src/mass_outbreak.o src/mass_outbreak.c
/Users/ericguthrie/Documents/ChatGPT/Emerald/emerald-champions/work/toolchain/arm-expanded/Payload/bin/../libexec/gcc/arm-none-eabi/15.3.1/cc1 -quiet <flags> -o build/emerald-test/src/match_call.o src/match_call.c
/Users/ericguthrie/Documents/ChatGPT/Emerald/emerald-champions/work/toolchain/arm-expanded/Payload/bin/../libexec/gcc/arm-none-eabi/15.3.1/cc1 -quiet <flags> -o build/emerald-test/src/math_util.o src/math_util.c
/Users/ericguthrie/Documents/ChatGPT/Emerald/emerald-champions/work/toolchain/arm-expanded/Payload/bin/../libexec/gcc/arm-none-eabi/15.3.1/cc1 -quiet <flags> -o build/emerald-test/src/mauville_old_man.o src/mauville_old_man.c
/Users/ericguthrie/Documents/ChatGPT/Emerald/emerald-champions/work/toolchain/arm-expanded/Payload/bin/../libexec/gcc/arm-none-eabi/15.3.1/cc1 -quiet <flags> -o build/emerald-test/src/mega_stone_rewards.o src/mega_stone_rewards.c
/Users/ericguthrie/Documents/ChatGPT/Emerald/emerald-champions/work/toolchain/arm-expanded/Payload/bin/../libexec/gcc/arm-none-eabi/15.3.1/cc1 -quiet <flags> -o build/emerald-test/src/menu.o src/menu.c
/Users/ericguthrie/Documents/ChatGPT/Emerald/emerald-champions/work/toolchain/arm-expanded/Payload/bin/../libexec/gcc/arm-none-eabi/15.3.1/cc1 -quiet <flags> -o build/emerald-test/src/menu_helpers.o src/menu_helpers.c
/Users/ericguthrie/Documents/ChatGPT/Emerald/emerald-champions/work/toolchain/arm-expanded/Payload/bin/../libexec/gcc/arm-none-eabi/15.3.1/cc1 -quiet <flags> -o build/emerald-test/src/menu_specialized.o src/menu_specialized.c
/Users/ericguthrie/Documents/ChatGPT/Emerald/emerald-champions/work/toolchain/arm-expanded/Payload/bin/../libexec/gcc/arm-none-eabi/15.3.1/cc1 -quiet <flags> -o build/emerald-test/src/metatile_behavior.o src/metatile_behavior.c
/Users/ericguthrie/Documents/ChatGPT/Emerald/emerald-champions/work/toolchain/arm-expanded/Payload/bin/../libexec/gcc/arm-none-eabi/15.3.1/cc1 -quiet <flags> -o build/emerald-test/src/minigame_countdown.o src/minigame_countdown.c
/Users/ericguthrie/Documents/ChatGPT/Emerald/emerald-champions/work/toolchain/arm-expanded/Payload/bin/../libexec/gcc/arm-none-eabi/15.3.1/cc1 -quiet <flags> -o build/emerald-test/src/mirage_tower.o src/mirage_tower.c
/Users/ericguthrie/Documents/ChatGPT/Emerald/emerald-champions/work/toolchain/arm-expanded/Payload/bin/../libexec/gcc/arm-none-eabi/15.3.1/cc1 -quiet <flags> -o build/emerald-test/src/mon_markings.o src/mon_markings.c
/Users/ericguthrie/Documents/ChatGPT/Emerald/emerald-champions/work/toolchain/arm-expanded/Payload/bin/../libexec/gcc/arm-none-eabi/15.3.1/cc1 -quiet <flags> -o build/emerald-test/src/money.o src/money.c
/Users/ericguthrie/Documents/ChatGPT/Emerald/emerald-champions/work/toolchain/arm-expanded/Payload/bin/../libexec/gcc/arm-none-eabi/15.3.1/cc1 -quiet <flags> -o build/emerald-test/src/move.o src/move.c
/Users/ericguthrie/Documents/ChatGPT/Emerald/emerald-champions/work/toolchain/arm-expanded/Payload/bin/../libexec/gcc/arm-none-eabi/15.3.1/cc1 -quiet <flags> -o build/emerald-test/src/move_relearner.o src/move_relearner.c
/Users/ericguthrie/Documents/ChatGPT/Emerald/emerald-champions/work/toolchain/arm-expanded/Payload/bin/../libexec/gcc/arm-none-eabi/15.3.1/cc1 -quiet <flags> -o build/emerald-test/src/multiboot.o src/multiboot.c
/Users/ericguthrie/Documents/ChatGPT/Emerald/emerald-champions/work/toolchain/arm-expanded/Payload/bin/../libexec/gcc/arm-none-eabi/15.3.1/cc1 -quiet <flags> -o build/emerald-test/src/mystery_event_menu.o src/mystery_event_menu.c
/Users/ericguthrie/Documents/ChatGPT/Emerald/emerald-champions/work/toolchain/arm-expanded/Payload/bin/../libexec/gcc/arm-none-eabi/15.3.1/cc1 -quiet <flags> -o build/emerald-test/src/mystery_event_msg.o src/mystery_event_msg.c
/Users/ericguthrie/Documents/ChatGPT/Emerald/emerald-champions/work/toolchain/arm-expanded/Payload/bin/../libexec/gcc/arm-none-eabi/15.3.1/cc1 -quiet <flags> -o build/emerald-test/src/mystery_event_script.o src/mystery_event_script.c
/Users/ericguthrie/Documents/ChatGPT/Emerald/emerald-champions/work/toolchain/arm-expanded/Payload/bin/../libexec/gcc/arm-none-eabi/15.3.1/cc1 -quiet <flags> -o build/emerald-test/src/mystery_gift.o src/mystery_gift.c
/Users/ericguthrie/Documents/ChatGPT/Emerald/emerald-champions/work/toolchain/arm-expanded/Payload/bin/../libexec/gcc/arm-none-eabi/15.3.1/cc1 -quiet <flags> -o build/emerald-test/src/mystery_gift_client.o src/mystery_gift_client.c
/Users/ericguthrie/Documents/ChatGPT/Emerald/emerald-champions/work/toolchain/arm-expanded/Payload/bin/../libexec/gcc/arm-none-eabi/15.3.1/cc1 -quiet <flags> -o build/emerald-test/src/mystery_gift_link.o src/mystery_gift_link.c
/Users/ericguthrie/Documents/ChatGPT/Emerald/emerald-champions/work/toolchain/arm-expanded/Payload/bin/../libexec/gcc/arm-none-eabi/15.3.1/cc1 -quiet <flags> -o build/emerald-test/src/mystery_gift_menu.o src/mystery_gift_menu.c
/Users/ericguthrie/Documents/ChatGPT/Emerald/emerald-champions/work/toolchain/arm-expanded/Payload/bin/../libexec/gcc/arm-none-eabi/15.3.1/cc1 -quiet <flags> -o build/emerald-test/src/mystery_gift_scripts.o src/mystery_gift_scripts.c
/Users/ericguthrie/Documents/ChatGPT/Emerald/emerald-champions/work/toolchain/arm-expanded/Payload/bin/../libexec/gcc/arm-none-eabi/15.3.1/cc1 -quiet <flags> -o build/emerald-test/src/mystery_gift_server.o src/mystery_gift_server.c
/Users/ericguthrie/Documents/ChatGPT/Emerald/emerald-champions/work/toolchain/arm-expanded/Payload/bin/../libexec/gcc/arm-none-eabi/15.3.1/cc1 -quiet <flags> -o build/emerald-test/src/mystery_gift_view.o src/mystery_gift_view.c
/Users/ericguthrie/Documents/ChatGPT/Emerald/emerald-champions/work/toolchain/arm-expanded/Payload/bin/../libexec/gcc/arm-none-eabi/15.3.1/cc1 -quiet <flags> -o build/emerald-test/src/naming_screen.o src/naming_screen.c
/Users/ericguthrie/Documents/ChatGPT/Emerald/emerald-champions/work/toolchain/arm-expanded/Payload/bin/../libexec/gcc/arm-none-eabi/15.3.1/cc1 -quiet <flags> -o build/emerald-test/src/new_game.o src/new_game.c
/Users/ericguthrie/Documents/ChatGPT/Emerald/emerald-champions/work/toolchain/arm-expanded/Payload/bin/../libexec/gcc/arm-none-eabi/15.3.1/cc1 -quiet <flags> -o build/emerald-test/src/oak_speech.o src/oak_speech.c
/Users/ericguthrie/Documents/ChatGPT/Emerald/emerald-champions/work/toolchain/arm-expanded/Payload/bin/../libexec/gcc/arm-none-eabi/15.3.1/cc1 -quiet <flags> -o build/emerald-test/src/option_menu.o src/option_menu.c
/Users/ericguthrie/Documents/ChatGPT/Emerald/emerald-champions/work/toolchain/arm-expanded/Payload/bin/../libexec/gcc/arm-none-eabi/15.3.1/cc1 -quiet <flags> -o build/emerald-test/src/oras_dowse.o src/oras_dowse.c
/Users/ericguthrie/Documents/ChatGPT/Emerald/emerald-champions/work/toolchain/arm-expanded/Payload/bin/../libexec/gcc/arm-none-eabi/15.3.1/cc1 -quiet <flags> -o build/emerald-test/src/overworld.o src/overworld.c
/Users/ericguthrie/Documents/ChatGPT/Emerald/emerald-champions/work/toolchain/arm-expanded/Payload/bin/../libexec/gcc/arm-none-eabi/15.3.1/cc1 -quiet <flags> -o build/emerald-test/src/ow_abilities.o src/ow_abilities.c
/Users/ericguthrie/Documents/ChatGPT/Emerald/emerald-champions/work/toolchain/arm-expanded/Payload/bin/../libexec/gcc/arm-none-eabi/15.3.1/cc1 -quiet <flags> -o build/emerald-test/src/palette.o src/palette.c
/Users/ericguthrie/Documents/ChatGPT/Emerald/emerald-champions/work/toolchain/arm-expanded/Payload/bin/../libexec/gcc/arm-none-eabi/15.3.1/cc1 -quiet <flags> -o build/emerald-test/src/palette_util.o src/palette_util.c
/Users/ericguthrie/Documents/ChatGPT/Emerald/emerald-champions/work/toolchain/arm-expanded/Payload/bin/../libexec/gcc/arm-none-eabi/15.3.1/cc1 -quiet <flags> -o build/emerald-test/src/party_menu.o src/party_menu.c
/Users/ericguthrie/Documents/ChatGPT/Emerald/emerald-champions/work/toolchain/arm-expanded/Payload/bin/../libexec/gcc/arm-none-eabi/15.3.1/cc1 -quiet <flags> -o build/emerald-test/src/play_time.o src/play_time.c
/Users/ericguthrie/Documents/ChatGPT/Emerald/emerald-champions/work/toolchain/arm-expanded/Payload/bin/../libexec/gcc/arm-none-eabi/15.3.1/cc1 -quiet <flags> -o build/emerald-test/src/player_pc.o src/player_pc.c
/Users/ericguthrie/Documents/ChatGPT/Emerald/emerald-champions/work/toolchain/arm-expanded/Payload/bin/../libexec/gcc/arm-none-eabi/15.3.1/cc1 -quiet <flags> -o build/emerald-test/src/pokeball.o src/pokeball.c
/Users/ericguthrie/Documents/ChatGPT/Emerald/emerald-champions/work/toolchain/arm-expanded/Payload/bin/../libexec/gcc/arm-none-eabi/15.3.1/cc1 -quiet <flags> -o build/emerald-test/src/pokeblock.o src/pokeblock.c
/Users/ericguthrie/Documents/ChatGPT/Emerald/emerald-champions/work/toolchain/arm-expanded/Payload/bin/../libexec/gcc/arm-none-eabi/15.3.1/cc1 -quiet <flags> -o build/emerald-test/src/pokeblock_feed.o src/pokeblock_feed.c
/Users/ericguthrie/Documents/ChatGPT/Emerald/emerald-champions/work/toolchain/arm-expanded/Payload/bin/../libexec/gcc/arm-none-eabi/15.3.1/cc1 -quiet <flags> -o build/emerald-test/src/pokedex.o src/pokedex.c
/Users/ericguthrie/Documents/ChatGPT/Emerald/emerald-champions/work/toolchain/arm-expanded/Payload/bin/../libexec/gcc/arm-none-eabi/15.3.1/cc1 -quiet <flags> -o build/emerald-test/src/pokedex_area_region_map.o src/pokedex_area_region_map.c
/Users/ericguthrie/Documents/ChatGPT/Emerald/emerald-champions/work/toolchain/arm-expanded/Payload/bin/../libexec/gcc/arm-none-eabi/15.3.1/cc1 -quiet <flags> -o build/emerald-test/src/pokedex_area_screen.o src/pokedex_area_screen.c
/Users/ericguthrie/Documents/ChatGPT/Emerald/emerald-champions/work/toolchain/arm-expanded/Payload/bin/../libexec/gcc/arm-none-eabi/15.3.1/cc1 -quiet <flags> -o build/emerald-test/src/pokedex_cry_screen.o src/pokedex_cry_screen.c
/Users/ericguthrie/Documents/ChatGPT/Emerald/emerald-champions/work/toolchain/arm-expanded/Payload/bin/../libexec/gcc/arm-none-eabi/15.3.1/cc1 -quiet <flags> -o build/emerald-test/src/pokedex_plus_hgss.o src/pokedex_plus_hgss.c
/Users/ericguthrie/Documents/ChatGPT/Emerald/emerald-champions/work/toolchain/arm-expanded/Payload/bin/../libexec/gcc/arm-none-eabi/15.3.1/cc1 -quiet <flags> -o build/emerald-test/src/pokemon.o src/pokemon.c
/Users/ericguthrie/Documents/ChatGPT/Emerald/emerald-champions/work/toolchain/arm-expanded/Payload/bin/../libexec/gcc/arm-none-eabi/15.3.1/cc1 -quiet <flags> -o build/emerald-test/src/pokemon_animation.o src/pokemon_animation.c
/Users/ericguthrie/Documents/ChatGPT/Emerald/emerald-champions/work/toolchain/arm-expanded/Payload/bin/../libexec/gcc/arm-none-eabi/15.3.1/cc1 -quiet <flags> -o build/emerald-test/src/pokemon_icon.o src/pokemon_icon.c
/Users/ericguthrie/Documents/ChatGPT/Emerald/emerald-champions/work/toolchain/arm-expanded/Payload/bin/../libexec/gcc/arm-none-eabi/15.3.1/cc1 -quiet <flags> -o build/emerald-test/src/pokemon_jump.o src/pokemon_jump.c
/Users/ericguthrie/Documents/ChatGPT/Emerald/emerald-champions/work/toolchain/arm-expanded/Payload/bin/../libexec/gcc/arm-none-eabi/15.3.1/cc1 -quiet <flags> -o build/emerald-test/src/pokemon_size_record.o src/pokemon_size_record.c
/Users/ericguthrie/Documents/ChatGPT/Emerald/emerald-champions/work/toolchain/arm-expanded/Payload/bin/../libexec/gcc/arm-none-eabi/15.3.1/cc1 -quiet <flags> -o build/emerald-test/src/pokemon_spots.o src/pokemon_spots.c
/Users/ericguthrie/Documents/ChatGPT/Emerald/emerald-champions/work/toolchain/arm-expanded/Payload/bin/../libexec/gcc/arm-none-eabi/15.3.1/cc1 -quiet <flags> -o build/emerald-test/src/pokemon_sprite_visualizer.o src/pokemon_sprite_visualizer.c
/Users/ericguthrie/Documents/ChatGPT/Emerald/emerald-champions/work/toolchain/arm-expanded/Payload/bin/../libexec/gcc/arm-none-eabi/15.3.1/cc1 -quiet <flags> -o build/emerald-test/src/pokemon_storage_system.o src/pokemon_storage_system.c
/Users/ericguthrie/Documents/ChatGPT/Emerald/emerald-champions/work/toolchain/arm-expanded/Payload/bin/../libexec/gcc/arm-none-eabi/15.3.1/cc1 -quiet <flags> -o build/emerald-test/src/pokemon_summary_screen.o src/pokemon_summary_screen.c
/Users/ericguthrie/Documents/ChatGPT/Emerald/emerald-champions/work/toolchain/arm-expanded/Payload/bin/../libexec/gcc/arm-none-eabi/15.3.1/cc1 -quiet <flags> -o build/emerald-test/src/pokenav.o src/pokenav.c
/Users/ericguthrie/Documents/ChatGPT/Emerald/emerald-champions/work/toolchain/arm-expanded/Payload/bin/../libexec/gcc/arm-none-eabi/15.3.1/cc1 -quiet <flags> -o build/emerald-test/src/pokenav_conditions.o src/pokenav_conditions.c
/Users/ericguthrie/Documents/ChatGPT/Emerald/emerald-champions/work/toolchain/arm-expanded/Payload/bin/../libexec/gcc/arm-none-eabi/15.3.1/cc1 -quiet <flags> -o build/emerald-test/src/pokenav_conditions_gfx.o src/pokenav_conditions_gfx.c
/Users/ericguthrie/Documents/ChatGPT/Emerald/emerald-champions/work/toolchain/arm-expanded/Payload/bin/../libexec/gcc/arm-none-eabi/15.3.1/cc1 -quiet <flags> -o build/emerald-test/src/pokenav_conditions_search_results.o src/pokenav_conditions_search_results.c
/Users/ericguthrie/Documents/ChatGPT/Emerald/emerald-champions/work/toolchain/arm-expanded/Payload/bin/../libexec/gcc/arm-none-eabi/15.3.1/cc1 -quiet <flags> -o build/emerald-test/src/pokenav_list.o src/pokenav_list.c
/Users/ericguthrie/Documents/ChatGPT/Emerald/emerald-champions/work/toolchain/arm-expanded/Payload/bin/../libexec/gcc/arm-none-eabi/15.3.1/cc1 -quiet <flags> -o build/emerald-test/src/pokenav_main_menu.o src/pokenav_main_menu.c
/Users/ericguthrie/Documents/ChatGPT/Emerald/emerald-champions/work/toolchain/arm-expanded/Payload/bin/../libexec/gcc/arm-none-eabi/15.3.1/cc1 -quiet <flags> -o build/emerald-test/src/pokenav_match_call_data.o src/pokenav_match_call_data.c
/Users/ericguthrie/Documents/ChatGPT/Emerald/emerald-champions/work/toolchain/arm-expanded/Payload/bin/../libexec/gcc/arm-none-eabi/15.3.1/cc1 -quiet <flags> -o build/emerald-test/src/pokenav_match_call_gfx.o src/pokenav_match_call_gfx.c
/Users/ericguthrie/Documents/ChatGPT/Emerald/emerald-champions/work/toolchain/arm-expanded/Payload/bin/../libexec/gcc/arm-none-eabi/15.3.1/cc1 -quiet <flags> -o build/emerald-test/src/pokenav_match_call_list.o src/pokenav_match_call_list.c
/Users/ericguthrie/Documents/ChatGPT/Emerald/emerald-champions/work/toolchain/arm-expanded/Payload/bin/../libexec/gcc/arm-none-eabi/15.3.1/cc1 -quiet <flags> -o build/emerald-test/src/pokenav_menu_handler.o src/pokenav_menu_handler.c
/Users/ericguthrie/Documents/ChatGPT/Emerald/emerald-champions/work/toolchain/arm-expanded/Payload/bin/../libexec/gcc/arm-none-eabi/15.3.1/cc1 -quiet <flags> -o build/emerald-test/src/pokenav_menu_handler_gfx.o src/pokenav_menu_handler_gfx.c
/Users/ericguthrie/Documents/ChatGPT/Emerald/emerald-champions/work/toolchain/arm-expanded/Payload/bin/../libexec/gcc/arm-none-eabi/15.3.1/cc1 -quiet <flags> -o build/emerald-test/src/pokenav_region_map.o src/pokenav_region_map.c
/Users/ericguthrie/Documents/ChatGPT/Emerald/emerald-champions/work/toolchain/arm-expanded/Payload/bin/../libexec/gcc/arm-none-eabi/15.3.1/cc1 -quiet <flags> -o build/emerald-test/src/pokenav_ribbons_list.o src/pokenav_ribbons_list.c
/Users/ericguthrie/Documents/ChatGPT/Emerald/emerald-champions/work/toolchain/arm-expanded/Payload/bin/../libexec/gcc/arm-none-eabi/15.3.1/cc1 -quiet <flags> -o build/emerald-test/src/pokenav_ribbons_summary.o src/pokenav_ribbons_summary.c
/Users/ericguthrie/Documents/ChatGPT/Emerald/emerald-champions/work/toolchain/arm-expanded/Payload/bin/../libexec/gcc/arm-none-eabi/15.3.1/cc1 -quiet <flags> -o build/emerald-test/src/pokerus.o src/pokerus.c
/Users/ericguthrie/Documents/ChatGPT/Emerald/emerald-champions/work/toolchain/arm-expanded/Payload/bin/../libexec/gcc/arm-none-eabi/15.3.1/cc1 -quiet <flags> -o build/emerald-test/src/post_battle_event_funcs.o src/post_battle_event_funcs.c
/Users/ericguthrie/Documents/ChatGPT/Emerald/emerald-champions/work/toolchain/arm-expanded/Payload/bin/../libexec/gcc/arm-none-eabi/15.3.1/cc1 -quiet <flags> -o build/emerald-test/src/quickstart.o src/quickstart.c
/Users/ericguthrie/Documents/ChatGPT/Emerald/emerald-champions/work/toolchain/arm-expanded/Payload/bin/../libexec/gcc/arm-none-eabi/15.3.1/cc1 -quiet <flags> -o build/emerald-test/src/random.o src/random.c
/Users/ericguthrie/Documents/ChatGPT/Emerald/emerald-champions/work/toolchain/arm-expanded/Payload/bin/../libexec/gcc/arm-none-eabi/15.3.1/cc1 -quiet <flags> -o build/emerald-test/src/random_mon_generation.o src/random_mon_generation.c
/Users/ericguthrie/Documents/ChatGPT/Emerald/emerald-champions/work/toolchain/arm-expanded/Payload/bin/../libexec/gcc/arm-none-eabi/15.3.1/cc1 -quiet <flags> -o build/emerald-test/src/rayquaza_scene.o src/rayquaza_scene.c
/Users/ericguthrie/Documents/ChatGPT/Emerald/emerald-champions/work/toolchain/arm-expanded/Payload/bin/../libexec/gcc/arm-none-eabi/15.3.1/cc1 -quiet <flags> -o build/emerald-test/src/record_mixing.o src/record_mixing.c
/Users/ericguthrie/Documents/ChatGPT/Emerald/emerald-champions/work/toolchain/arm-expanded/Payload/bin/../libexec/gcc/arm-none-eabi/15.3.1/cc1 -quiet <flags> -o build/emerald-test/src/recorded_battle.o src/recorded_battle.c
/Users/ericguthrie/Documents/ChatGPT/Emerald/emerald-champions/work/toolchain/arm-expanded/Payload/bin/../libexec/gcc/arm-none-eabi/15.3.1/cc1 -quiet <flags> -o build/emerald-test/src/region_map.o src/region_map.c
/Users/ericguthrie/Documents/ChatGPT/Emerald/emerald-champions/work/toolchain/arm-expanded/Payload/bin/../libexec/gcc/arm-none-eabi/15.3.1/cc1 -quiet <flags> -o build/emerald-test/src/regions.o src/regions.c
/Users/ericguthrie/Documents/ChatGPT/Emerald/emerald-champions/work/toolchain/arm-expanded/Payload/bin/../libexec/gcc/arm-none-eabi/15.3.1/cc1 -quiet <flags> -o build/emerald-test/src/reload_save.o src/reload_save.c
/Users/ericguthrie/Documents/ChatGPT/Emerald/emerald-champions/work/toolchain/arm-expanded/Payload/bin/../libexec/gcc/arm-none-eabi/15.3.1/cc1 -quiet <flags> -o build/emerald-test/src/reset_rtc_screen.o src/reset_rtc_screen.c
/Users/ericguthrie/Documents/ChatGPT/Emerald/emerald-champions/work/toolchain/arm-expanded/Payload/bin/../libexec/gcc/arm-none-eabi/15.3.1/cc1 -quiet <flags> -o build/emerald-test/src/reshow_battle_screen.o src/reshow_battle_screen.c
/Users/ericguthrie/Documents/ChatGPT/Emerald/emerald-champions/work/toolchain/arm-expanded/Payload/bin/../libexec/gcc/arm-none-eabi/15.3.1/cc1 -quiet <flags> -o build/emerald-test/src/roamer.o src/roamer.c
/Users/ericguthrie/Documents/ChatGPT/Emerald/emerald-champions/work/toolchain/arm-expanded/Payload/bin/../libexec/gcc/arm-none-eabi/15.3.1/cc1 -quiet <flags> -o build/emerald-test/src/rom_header_gf.o src/rom_header_gf.c
/Users/ericguthrie/Documents/ChatGPT/Emerald/emerald-champions/work/toolchain/arm-expanded/Payload/bin/../libexec/gcc/arm-none-eabi/15.3.1/cc1 -quiet <flags> -o build/emerald-test/src/rom_header_rhh.o src/rom_header_rhh.c
/Users/ericguthrie/Documents/ChatGPT/Emerald/emerald-champions/work/toolchain/arm-expanded/Payload/bin/../libexec/gcc/arm-none-eabi/15.3.1/cc1 -quiet <flags> -o build/emerald-test/src/rotating_gate.o src/rotating_gate.c
/Users/ericguthrie/Documents/ChatGPT/Emerald/emerald-champions/work/toolchain/arm-expanded/Payload/bin/../libexec/gcc/arm-none-eabi/15.3.1/cc1 -quiet <flags> -o build/emerald-test/src/rotating_tile_puzzle.o src/rotating_tile_puzzle.c
/Users/ericguthrie/Documents/ChatGPT/Emerald/emerald-champions/work/toolchain/arm-expanded/Payload/bin/../libexec/gcc/arm-none-eabi/15.3.1/cc1 -quiet <flags> -o build/emerald-test/src/roulette.o src/roulette.c
/Users/ericguthrie/Documents/ChatGPT/Emerald/emerald-champions/work/toolchain/arm-expanded/Payload/bin/../libexec/gcc/arm-none-eabi/15.3.1/cc1 -quiet <flags> -o build/emerald-test/src/rtc.o src/rtc.c
/Users/ericguthrie/Documents/ChatGPT/Emerald/emerald-champions/work/toolchain/arm-expanded/Payload/bin/../libexec/gcc/arm-none-eabi/15.3.1/cc1 -quiet <flags> -o build/emerald-test/src/safari_zone.o src/safari_zone.c
/Users/ericguthrie/Documents/ChatGPT/Emerald/emerald-champions/work/toolchain/arm-expanded/Payload/bin/../libexec/gcc/arm-none-eabi/15.3.1/cc1 -quiet <flags> -o build/emerald-test/src/save.o src/save.c
/Users/ericguthrie/Documents/ChatGPT/Emerald/emerald-champions/work/toolchain/arm-expanded/Payload/bin/../libexec/gcc/arm-none-eabi/15.3.1/cc1 -quiet <flags> -o build/emerald-test/src/save_failed_screen.o src/save_failed_screen.c
/Users/ericguthrie/Documents/ChatGPT/Emerald/emerald-champions/work/toolchain/arm-expanded/Payload/bin/../libexec/gcc/arm-none-eabi/15.3.1/cc1 -quiet <flags> -o build/emerald-test/src/save_location.o src/save_location.c
/Users/ericguthrie/Documents/ChatGPT/Emerald/emerald-champions/work/toolchain/arm-expanded/Payload/bin/../libexec/gcc/arm-none-eabi/15.3.1/cc1 -quiet <flags> -o build/emerald-test/src/scanline_effect.o src/scanline_effect.c
/Users/ericguthrie/Documents/ChatGPT/Emerald/emerald-champions/work/toolchain/arm-expanded/Payload/bin/../libexec/gcc/arm-none-eabi/15.3.1/cc1 -quiet <flags> -o build/emerald-test/src/scrcmd.o src/scrcmd.c
/Users/ericguthrie/Documents/ChatGPT/Emerald/emerald-champions/work/toolchain/arm-expanded/Payload/bin/../libexec/gcc/arm-none-eabi/15.3.1/cc1 -quiet <flags> -o build/emerald-test/src/script.o src/script.c
/Users/ericguthrie/Documents/ChatGPT/Emerald/emerald-champions/work/toolchain/arm-expanded/Payload/bin/../libexec/gcc/arm-none-eabi/15.3.1/cc1 -quiet <flags> -o build/emerald-test/src/script_menu.o src/script_menu.c
/Users/ericguthrie/Documents/ChatGPT/Emerald/emerald-champions/work/toolchain/arm-expanded/Payload/bin/../libexec/gcc/arm-none-eabi/15.3.1/cc1 -quiet <flags> -o build/emerald-test/src/script_movement.o src/script_movement.c
/Users/ericguthrie/Documents/ChatGPT/Emerald/emerald-champions/work/toolchain/arm-expanded/Payload/bin/../libexec/gcc/arm-none-eabi/15.3.1/cc1 -quiet <flags> -o build/emerald-test/src/script_pokemon_util.o src/script_pokemon_util.c
/Users/ericguthrie/Documents/ChatGPT/Emerald/emerald-champions/work/toolchain/arm-expanded/Payload/bin/../libexec/gcc/arm-none-eabi/15.3.1/cc1 -quiet <flags> -o build/emerald-test/src/seagallop.o src/seagallop.c
/Users/ericguthrie/Documents/ChatGPT/Emerald/emerald-champions/work/toolchain/arm-expanded/Payload/bin/../libexec/gcc/arm-none-eabi/15.3.1/cc1 -quiet <flags> -o build/emerald-test/src/secret_base.o src/secret_base.c
/Users/ericguthrie/Documents/ChatGPT/Emerald/emerald-champions/work/toolchain/arm-expanded/Payload/bin/../libexec/gcc/arm-none-eabi/15.3.1/cc1 -quiet <flags> -o build/emerald-test/src/shop.o src/shop.c
/Users/ericguthrie/Documents/ChatGPT/Emerald/emerald-champions/work/toolchain/arm-expanded/Payload/bin/../libexec/gcc/arm-none-eabi/15.3.1/cc1 -quiet <flags> -o build/emerald-test/src/shop_criteria.o src/shop_criteria.c
/Users/ericguthrie/Documents/ChatGPT/Emerald/emerald-champions/work/toolchain/arm-expanded/Payload/bin/../libexec/gcc/arm-none-eabi/15.3.1/cc1 -quiet <flags> -o build/emerald-test/src/slot_machine.o src/slot_machine.c
/Users/ericguthrie/Documents/ChatGPT/Emerald/emerald-champions/work/toolchain/arm-expanded/Payload/bin/../libexec/gcc/arm-none-eabi/15.3.1/cc1 -quiet <flags> -o build/emerald-test/src/sound.o src/sound.c
/Users/ericguthrie/Documents/ChatGPT/Emerald/emerald-champions/work/toolchain/arm-expanded/Payload/bin/../libexec/gcc/arm-none-eabi/15.3.1/cc1 -quiet <flags> -o build/emerald-test/src/sprays.o src/sprays.c
/Users/ericguthrie/Documents/ChatGPT/Emerald/emerald-champions/work/toolchain/arm-expanded/Payload/bin/../libexec/gcc/arm-none-eabi/15.3.1/cc1 -quiet <flags> -o build/emerald-test/src/sprite.o src/sprite.c
/Users/ericguthrie/Documents/ChatGPT/Emerald/emerald-champions/work/toolchain/arm-expanded/Payload/bin/../libexec/gcc/arm-none-eabi/15.3.1/cc1 -quiet <flags> -o build/emerald-test/src/ss_anne.o src/ss_anne.c
/Users/ericguthrie/Documents/ChatGPT/Emerald/emerald-champions/work/toolchain/arm-expanded/Payload/bin/../libexec/gcc/arm-none-eabi/15.3.1/cc1 -quiet <flags> -o build/emerald-test/src/start_menu.o src/start_menu.c
/Users/ericguthrie/Documents/ChatGPT/Emerald/emerald-champions/work/toolchain/arm-expanded/Payload/bin/../libexec/gcc/arm-none-eabi/15.3.1/cc1 -quiet <flags> -o build/emerald-test/src/starter_choose.o src/starter_choose.c
/Users/ericguthrie/Documents/ChatGPT/Emerald/emerald-champions/work/toolchain/arm-expanded/Payload/bin/../libexec/gcc/arm-none-eabi/15.3.1/cc1 -quiet <flags> -o build/emerald-test/src/string_util.o src/string_util.c
/Users/ericguthrie/Documents/ChatGPT/Emerald/emerald-champions/work/toolchain/arm-expanded/Payload/bin/../libexec/gcc/arm-none-eabi/15.3.1/cc1 -quiet <flags> -o build/emerald-test/src/strings.o src/strings.c
/Users/ericguthrie/Documents/ChatGPT/Emerald/emerald-champions/work/toolchain/arm-expanded/Payload/bin/../libexec/gcc/arm-none-eabi/15.3.1/cc1 -quiet <flags> -o build/emerald-test/src/task.o src/task.c
/Users/ericguthrie/Documents/ChatGPT/Emerald/emerald-champions/work/toolchain/arm-expanded/Payload/bin/../libexec/gcc/arm-none-eabi/15.3.1/cc1 -quiet <flags> -o build/emerald-test/src/test_runner_stub.o src/test_runner_stub.c
/Users/ericguthrie/Documents/ChatGPT/Emerald/emerald-champions/work/toolchain/arm-expanded/Payload/bin/../libexec/gcc/arm-none-eabi/15.3.1/cc1 -quiet <flags> -o build/emerald-test/src/text.o src/text.c
/Users/ericguthrie/Documents/ChatGPT/Emerald/emerald-champions/work/toolchain/arm-expanded/Payload/bin/../libexec/gcc/arm-none-eabi/15.3.1/cc1 -quiet <flags> -o build/emerald-test/src/text_input_strings.o src/text_input_strings.c
/Users/ericguthrie/Documents/ChatGPT/Emerald/emerald-champions/work/toolchain/arm-expanded/Payload/bin/../libexec/gcc/arm-none-eabi/15.3.1/cc1 -quiet <flags> -o build/emerald-test/src/text_window.o src/text_window.c
/Users/ericguthrie/Documents/ChatGPT/Emerald/emerald-champions/work/toolchain/arm-expanded/Payload/bin/../libexec/gcc/arm-none-eabi/15.3.1/cc1 -quiet <flags> -o build/emerald-test/src/tileset_anims.o src/tileset_anims.c
/Users/ericguthrie/Documents/ChatGPT/Emerald/emerald-champions/work/toolchain/arm-expanded/Payload/bin/../libexec/gcc/arm-none-eabi/15.3.1/cc1 -quiet <flags> -o build/emerald-test/src/tilesets.o src/tilesets.c
/Users/ericguthrie/Documents/ChatGPT/Emerald/emerald-champions/work/toolchain/arm-expanded/Payload/bin/../libexec/gcc/arm-none-eabi/15.3.1/cc1 -quiet <flags> -o build/emerald-test/src/time_events.o src/time_events.c
/Users/ericguthrie/Documents/ChatGPT/Emerald/emerald-champions/work/toolchain/arm-expanded/Payload/bin/../libexec/gcc/arm-none-eabi/15.3.1/cc1 -quiet <flags> -o build/emerald-test/src/title_screen.o src/title_screen.c
/Users/ericguthrie/Documents/ChatGPT/Emerald/emerald-champions/work/toolchain/arm-expanded/Payload/bin/../libexec/gcc/arm-none-eabi/15.3.1/cc1 -quiet <flags> -o build/emerald-test/src/title_screen_frlg.o src/title_screen_frlg.c
/Users/ericguthrie/Documents/ChatGPT/Emerald/emerald-champions/work/toolchain/arm-expanded/Payload/bin/../libexec/gcc/arm-none-eabi/15.3.1/cc1 -quiet <flags> -o build/emerald-test/src/trade.o src/trade.c
/Users/ericguthrie/Documents/ChatGPT/Emerald/emerald-champions/work/toolchain/arm-expanded/Payload/bin/../libexec/gcc/arm-none-eabi/15.3.1/cc1 -quiet <flags> -o build/emerald-test/src/trader.o src/trader.c
/Users/ericguthrie/Documents/ChatGPT/Emerald/emerald-champions/work/toolchain/arm-expanded/Payload/bin/../libexec/gcc/arm-none-eabi/15.3.1/cc1 -quiet <flags> -o build/emerald-test/src/trainer.o src/trainer.c
/Users/ericguthrie/Documents/ChatGPT/Emerald/emerald-champions/work/toolchain/arm-expanded/Payload/bin/../libexec/gcc/arm-none-eabi/15.3.1/cc1 -quiet <flags> -o build/emerald-test/src/trainer_card.o src/trainer_card.c
/Users/ericguthrie/Documents/ChatGPT/Emerald/emerald-champions/work/toolchain/arm-expanded/Payload/bin/../libexec/gcc/arm-none-eabi/15.3.1/cc1 -quiet <flags> -o build/emerald-test/src/trainer_fan_club.o src/trainer_fan_club.c
/Users/ericguthrie/Documents/ChatGPT/Emerald/emerald-champions/work/toolchain/arm-expanded/Payload/bin/../libexec/gcc/arm-none-eabi/15.3.1/cc1 -quiet <flags> -o build/emerald-test/src/trainer_hill.o src/trainer_hill.c
/Users/ericguthrie/Documents/ChatGPT/Emerald/emerald-champions/work/toolchain/arm-expanded/Payload/bin/../libexec/gcc/arm-none-eabi/15.3.1/cc1 -quiet <flags> -o build/emerald-test/src/trainer_pokemon_sprites.o src/trainer_pokemon_sprites.c
/Users/ericguthrie/Documents/ChatGPT/Emerald/emerald-champions/work/toolchain/arm-expanded/Payload/bin/../libexec/gcc/arm-none-eabi/15.3.1/cc1 -quiet <flags> -o build/emerald-test/src/trainer_pools.o src/trainer_pools.c
/Users/ericguthrie/Documents/ChatGPT/Emerald/emerald-champions/work/toolchain/arm-expanded/Payload/bin/../libexec/gcc/arm-none-eabi/15.3.1/cc1 -quiet <flags> -o build/emerald-test/src/trainer_see.o src/trainer_see.c
/Users/ericguthrie/Documents/ChatGPT/Emerald/emerald-champions/work/toolchain/arm-expanded/Payload/bin/../libexec/gcc/arm-none-eabi/15.3.1/cc1 -quiet <flags> -o build/emerald-test/src/trainer_slide.o src/trainer_slide.c
/Users/ericguthrie/Documents/ChatGPT/Emerald/emerald-champions/work/toolchain/arm-expanded/Payload/bin/../libexec/gcc/arm-none-eabi/15.3.1/cc1 -quiet <flags> -o build/emerald-test/src/trainer_tower.o src/trainer_tower.c
/Users/ericguthrie/Documents/ChatGPT/Emerald/emerald-champions/work/toolchain/arm-expanded/Payload/bin/../libexec/gcc/arm-none-eabi/15.3.1/cc1 -quiet <flags> -o build/emerald-test/src/trainer_tower_sets.o src/trainer_tower_sets.c
/Users/ericguthrie/Documents/ChatGPT/Emerald/emerald-champions/work/toolchain/arm-expanded/Payload/bin/../libexec/gcc/arm-none-eabi/15.3.1/cc1 -quiet <flags> -o build/emerald-test/src/trainer_util.o src/trainer_util.c
/Users/ericguthrie/Documents/ChatGPT/Emerald/emerald-champions/work/toolchain/arm-expanded/Payload/bin/../libexec/gcc/arm-none-eabi/15.3.1/cc1 -quiet <flags> -o build/emerald-test/src/trig.o src/trig.c
/Users/ericguthrie/Documents/ChatGPT/Emerald/emerald-champions/work/toolchain/arm-expanded/Payload/bin/../libexec/gcc/arm-none-eabi/15.3.1/cc1 -quiet <flags> -o build/emerald-test/src/tv.o src/tv.c
/Users/ericguthrie/Documents/ChatGPT/Emerald/emerald-champions/work/toolchain/arm-expanded/Payload/bin/../libexec/gcc/arm-none-eabi/15.3.1/cc1 -quiet <flags> -o build/emerald-test/src/type_icons.o src/type_icons.c
/Users/ericguthrie/Documents/ChatGPT/Emerald/emerald-champions/work/toolchain/arm-expanded/Payload/bin/../libexec/gcc/arm-none-eabi/15.3.1/cc1 -quiet <flags> -o build/emerald-test/src/union_room.o src/union_room.c
/Users/ericguthrie/Documents/ChatGPT/Emerald/emerald-champions/work/toolchain/arm-expanded/Payload/bin/../libexec/gcc/arm-none-eabi/15.3.1/cc1 -quiet <flags> -o build/emerald-test/src/union_room_battle.o src/union_room_battle.c
/Users/ericguthrie/Documents/ChatGPT/Emerald/emerald-champions/work/toolchain/arm-expanded/Payload/bin/../libexec/gcc/arm-none-eabi/15.3.1/cc1 -quiet <flags> -o build/emerald-test/src/union_room_chat.o src/union_room_chat.c
/Users/ericguthrie/Documents/ChatGPT/Emerald/emerald-champions/work/toolchain/arm-expanded/Payload/bin/../libexec/gcc/arm-none-eabi/15.3.1/cc1 -quiet <flags> -o build/emerald-test/src/union_room_player_avatar.o src/union_room_player_avatar.c
/Users/ericguthrie/Documents/ChatGPT/Emerald/emerald-champions/work/toolchain/arm-expanded/Payload/bin/../libexec/gcc/arm-none-eabi/15.3.1/cc1 -quiet <flags> -o build/emerald-test/src/use_pokeblock.o src/use_pokeblock.c
/Users/ericguthrie/Documents/ChatGPT/Emerald/emerald-champions/work/toolchain/arm-expanded/Payload/bin/../libexec/gcc/arm-none-eabi/15.3.1/cc1 -quiet <flags> -o build/emerald-test/src/util.o src/util.c
/Users/ericguthrie/Documents/ChatGPT/Emerald/emerald-champions/work/toolchain/arm-expanded/Payload/bin/../libexec/gcc/arm-none-eabi/15.3.1/cc1 -quiet <flags> -o build/emerald-test/src/vs_seeker.o src/vs_seeker.c
/Users/ericguthrie/Documents/ChatGPT/Emerald/emerald-champions/work/toolchain/arm-expanded/Payload/bin/../libexec/gcc/arm-none-eabi/15.3.1/cc1 -quiet <flags> -o build/emerald-test/src/walda_phrase.o src/walda_phrase.c
/Users/ericguthrie/Documents/ChatGPT/Emerald/emerald-champions/work/toolchain/arm-expanded/Payload/bin/../libexec/gcc/arm-none-eabi/15.3.1/cc1 -quiet <flags> -o build/emerald-test/src/wallclock.o src/wallclock.c
/Users/ericguthrie/Documents/ChatGPT/Emerald/emerald-champions/work/toolchain/arm-expanded/Payload/bin/../libexec/gcc/arm-none-eabi/15.3.1/cc1 -quiet <flags> -o build/emerald-test/src/wild_encounter.o src/wild_encounter.c
/Users/ericguthrie/Documents/ChatGPT/Emerald/emerald-champions/work/toolchain/arm-expanded/Payload/bin/../libexec/gcc/arm-none-eabi/15.3.1/cc1 -quiet <flags> -o build/emerald-test/src/wild_encounter_ow.o src/wild_encounter_ow.c
/Users/ericguthrie/Documents/ChatGPT/Emerald/emerald-champions/work/toolchain/arm-expanded/Payload/bin/../libexec/gcc/arm-none-eabi/15.3.1/cc1 -quiet <flags> -o build/emerald-test/src/window.o src/window.c
/Users/ericguthrie/Documents/ChatGPT/Emerald/emerald-champions/work/toolchain/arm-expanded/Payload/bin/../libexec/gcc/arm-none-eabi/15.3.1/cc1 -quiet <flags> -o build/emerald-test/src/wireless_communication_status_screen.o src/wireless_communication_status_screen.c
/Users/ericguthrie/Documents/ChatGPT/Emerald/emerald-champions/work/toolchain/arm-expanded/Payload/bin/../libexec/gcc/arm-none-eabi/15.3.1/cc1 -quiet <flags> -o build/emerald-test/src/wonder_news.o src/wonder_news.c
tools/preproc/preproc -s data/battle_anim_scripts.s charmap.txt | arm-none-eabi-cpp -iquote include -Wno-trigraphs -DMODERN=1 -DTESTING=1 -DEMERALD -std=gnu17 -DEC_HEADLESS_FIXTURES=0 -I include - | tools/preproc/preproc -ie data/battle_anim_scripts.s charmap.txt | arm-none-eabi-as -mcpu=arm7tdmi -march=armv4t -meabi=5 --defsym MODERN=1 --defsym EMERALD=1 -o build/emerald-test/data/battle_anim_scripts.o
tools/preproc/preproc -s data/battle_scripts_1.s charmap.txt | arm-none-eabi-cpp -iquote include -Wno-trigraphs -DMODERN=1 -DTESTING=1 -DEMERALD -std=gnu17 -DEC_HEADLESS_FIXTURES=0 -I include - | tools/preproc/preproc -ie data/battle_scripts_1.s charmap.txt | arm-none-eabi-as -mcpu=arm7tdmi -march=armv4t -meabi=5 --defsym MODERN=1 --defsym EMERALD=1 -o build/emerald-test/data/battle_scripts_1.o
tools/preproc/preproc -s data/battle_scripts_2.s charmap.txt | arm-none-eabi-cpp -iquote include -Wno-trigraphs -DMODERN=1 -DTESTING=1 -DEMERALD -std=gnu17 -DEC_HEADLESS_FIXTURES=0 -I include - | tools/preproc/preproc -ie data/battle_scripts_2.s charmap.txt | arm-none-eabi-as -mcpu=arm7tdmi -march=armv4t -meabi=5 --defsym MODERN=1 --defsym EMERALD=1 -o build/emerald-test/data/battle_scripts_2.o
tools/preproc/preproc -s data/event_scripts.s charmap.txt | arm-none-eabi-cpp -iquote include -Wno-trigraphs -DMODERN=1 -DTESTING=1 -DEMERALD -std=gnu17 -DEC_HEADLESS_FIXTURES=0 -I include - | tools/preproc/preproc -ie data/event_scripts.s charmap.txt | arm-none-eabi-as -mcpu=arm7tdmi -march=armv4t -meabi=5 --defsym MODERN=1 --defsym EMERALD=1 -o build/emerald-test/data/event_scripts.o
tools/preproc/preproc -s data/map_events.s charmap.txt | arm-none-eabi-cpp -iquote include -Wno-trigraphs -DMODERN=1 -DTESTING=1 -DEMERALD -std=gnu17 -DEC_HEADLESS_FIXTURES=0 -I include - | tools/preproc/preproc -ie data/map_events.s charmap.txt | arm-none-eabi-as -mcpu=arm7tdmi -march=armv4t -meabi=5 --defsym MODERN=1 --defsym EMERALD=1 -o build/emerald-test/data/map_events.o
tools/preproc/preproc -s data/maps.s charmap.txt | arm-none-eabi-cpp -iquote include -Wno-trigraphs -DMODERN=1 -DTESTING=1 -DEMERALD -std=gnu17 -DEC_HEADLESS_FIXTURES=0 -I include - | tools/preproc/preproc -ie data/maps.s charmap.txt | arm-none-eabi-as -mcpu=arm7tdmi -march=armv4t -meabi=5 --defsym MODERN=1 --defsym EMERALD=1 -o build/emerald-test/data/maps.o
/Users/ericguthrie/Documents/ChatGPT/Emerald/emerald-champions/work/toolchain/arm-expanded/Payload/bin/../libexec/gcc/arm-none-eabi/15.3.1/cc1 -quiet <flags> -o build/emerald-test/test/bag.o test/bag.c
/Users/ericguthrie/Documents/ChatGPT/Emerald/emerald-champions/work/toolchain/arm-expanded/Payload/bin/../libexec/gcc/arm-none-eabi/15.3.1/cc1 -quiet <flags> -o build/emerald-test/test/chansey_overworld.o test/chansey_overworld.c
/Users/ericguthrie/Documents/ChatGPT/Emerald/emerald-champions/work/toolchain/arm-expanded/Payload/bin/../libexec/gcc/arm-none-eabi/15.3.1/cc1 -quiet <flags> -o build/emerald-test/test/daycare.o test/daycare.c
/Users/ericguthrie/Documents/ChatGPT/Emerald/emerald-champions/work/toolchain/arm-expanded/Payload/bin/../libexec/gcc/arm-none-eabi/15.3.1/cc1 -quiet <flags> -o build/emerald-test/test/emerald_champions.o test/emerald_champions.c
/Users/ericguthrie/Documents/ChatGPT/Emerald/emerald-champions/work/toolchain/arm-expanded/Payload/bin/../libexec/gcc/arm-none-eabi/15.3.1/cc1 -quiet <flags> -o build/emerald-test/test/emerald_champions_daycare.o test/emerald_champions_daycare.c
/Users/ericguthrie/Documents/ChatGPT/Emerald/emerald-champions/work/toolchain/arm-expanded/Payload/bin/../libexec/gcc/arm-none-eabi/15.3.1/cc1 -quiet <flags> -o build/emerald-test/test/legendary_sign_pipeline.o test/legendary_sign_pipeline.c
/Users/ericguthrie/Documents/ChatGPT/Emerald/emerald-champions/work/toolchain/arm-expanded/Payload/bin/../libexec/gcc/arm-none-eabi/15.3.1/cc1 -quiet <flags> -o build/emerald-test/test/mega_stone_rewards.o test/mega_stone_rewards.c
/Users/ericguthrie/Documents/ChatGPT/Emerald/emerald-champions/work/toolchain/arm-expanded/Payload/bin/../libexec/gcc/arm-none-eabi/15.3.1/cc1 -quiet <flags> -o build/emerald-test/test/pokemon.o test/pokemon.c
/Users/ericguthrie/Documents/ChatGPT/Emerald/emerald-champions/work/toolchain/arm-expanded/Payload/bin/../libexec/gcc/arm-none-eabi/15.3.1/cc1 -quiet <flags> -o build/emerald-test/test/test_runner.o test/test_runner.c
/Users/ericguthrie/Documents/ChatGPT/Emerald/emerald-champions/work/toolchain/arm-expanded/Payload/bin/../libexec/gcc/arm-none-eabi/15.3.1/cc1 -quiet <flags> -o build/emerald-test/test/test_runner_args.o test/test_runner_args.c
/Users/ericguthrie/Documents/ChatGPT/Emerald/emerald-champions/work/toolchain/arm-expanded/Payload/bin/../libexec/gcc/arm-none-eabi/15.3.1/cc1 -quiet <flags> -o build/emerald-test/test/test_runner_battle.o test/test_runner_battle.c
/Users/ericguthrie/Documents/ChatGPT/Emerald/emerald-champions/work/toolchain/arm-expanded/Payload/bin/../libexec/gcc/arm-none-eabi/15.3.1/cc1 -quiet <flags> -o build/emerald-test/test/test_test_runner.o test/test_test_runner.c
/Users/ericguthrie/Documents/ChatGPT/Emerald/emerald-champions/work/toolchain/arm-expanded/Payload/bin/../libexec/gcc/arm-none-eabi/15.3.1/cc1 -quiet <flags> -o build/emerald-test/test/text.o test/text.c
/Users/ericguthrie/Documents/ChatGPT/Emerald/emerald-champions/work/toolchain/arm-expanded/Payload/bin/../libexec/gcc/arm-none-eabi/15.3.1/cc1 -quiet <flags> -o build/emerald-test/test/upstream_critical_fixes.o test/upstream_critical_fixes.c
/Users/ericguthrie/Documents/ChatGPT/Emerald/emerald-champions/work/toolchain/arm-expanded/Payload/bin/../libexec/gcc/arm-none-eabi/15.3.1/cc1 -quiet <flags> -o build/emerald-test/test/battle/frontier_circuit.o test/battle/frontier_circuit.c
/Users/ericguthrie/Documents/ChatGPT/Emerald/emerald-champions/work/toolchain/arm-expanded/Payload/bin/../libexec/gcc/arm-none-eabi/15.3.1/cc1 -quiet <flags> -o build/emerald-test/test/battle/sleep_clause.o test/battle/sleep_clause.c
/Users/ericguthrie/Documents/ChatGPT/Emerald/emerald-champions/work/toolchain/arm-expanded/Payload/bin/../libexec/gcc/arm-none-eabi/15.3.1/cc1 -quiet <flags> -o build/emerald-test/test/battle/spread_moves.o test/battle/spread_moves.c
/Users/ericguthrie/Documents/ChatGPT/Emerald/emerald-champions/work/toolchain/arm-expanded/Payload/bin/../libexec/gcc/arm-none-eabi/15.3.1/cc1 -quiet <flags> -o build/emerald-test/test/battle/switch_in_abilities.o test/battle/switch_in_abilities.c
/Users/ericguthrie/Documents/ChatGPT/Emerald/emerald-champions/work/toolchain/arm-expanded/Payload/bin/../libexec/gcc/arm-none-eabi/15.3.1/cc1 -quiet <flags> -o build/emerald-test/test/battle/test_runner_features.o test/battle/test_runner_features.c
/Users/ericguthrie/Documents/ChatGPT/Emerald/emerald-champions/work/toolchain/arm-expanded/Payload/bin/../libexec/gcc/arm-none-eabi/15.3.1/cc1 -quiet <flags> -o build/emerald-test/test/battle/ability/anger_shell.o test/battle/ability/anger_shell.c
/Users/ericguthrie/Documents/ChatGPT/Emerald/emerald-champions/work/toolchain/arm-expanded/Payload/bin/../libexec/gcc/arm-none-eabi/15.3.1/cc1 -quiet <flags> -o build/emerald-test/test/battle/ability/berserk.o test/battle/ability/berserk.c
/Users/ericguthrie/Documents/ChatGPT/Emerald/emerald-champions/work/toolchain/arm-expanded/Payload/bin/../libexec/gcc/arm-none-eabi/15.3.1/cc1 -quiet <flags> -o build/emerald-test/test/battle/ability/blitz_boxer.o test/battle/ability/blitz_boxer.c
/Users/ericguthrie/Documents/ChatGPT/Emerald/emerald-champions/work/toolchain/arm-expanded/Payload/bin/../libexec/gcc/arm-none-eabi/15.3.1/cc1 -quiet <flags> -o build/emerald-test/test/battle/ability/color_change.o test/battle/ability/color_change.c
/Users/ericguthrie/Documents/ChatGPT/Emerald/emerald-champions/work/toolchain/arm-expanded/Payload/bin/../libexec/gcc/arm-none-eabi/15.3.1/cc1 -quiet <flags> -o build/emerald-test/test/battle/ability/commander.o test/battle/ability/commander.c
/Users/ericguthrie/Documents/ChatGPT/Emerald/emerald-champions/work/toolchain/arm-expanded/Payload/bin/../libexec/gcc/arm-none-eabi/15.3.1/cc1 -quiet <flags> -o build/emerald-test/test/battle/ability/disguise.o test/battle/ability/disguise.c
/Users/ericguthrie/Documents/ChatGPT/Emerald/emerald-champions/work/toolchain/arm-expanded/Payload/bin/../libexec/gcc/arm-none-eabi/15.3.1/cc1 -quiet <flags> -o build/emerald-test/test/battle/ability/flower_gift.o test/battle/ability/flower_gift.c
/Users/ericguthrie/Documents/ChatGPT/Emerald/emerald-champions/work/toolchain/arm-expanded/Payload/bin/../libexec/gcc/arm-none-eabi/15.3.1/cc1 -quiet <flags> -o build/emerald-test/test/battle/ability/forecast.o test/battle/ability/forecast.c
/Users/ericguthrie/Documents/ChatGPT/Emerald/emerald-champions/work/toolchain/arm-expanded/Payload/bin/../libexec/gcc/arm-none-eabi/15.3.1/cc1 -quiet <flags> -o build/emerald-test/test/battle/ability/healer.o test/battle/ability/healer.c
/Users/ericguthrie/Documents/ChatGPT/Emerald/emerald-champions/work/toolchain/arm-expanded/Payload/bin/../libexec/gcc/arm-none-eabi/15.3.1/cc1 -quiet <flags> -o build/emerald-test/test/battle/ability/imposter.o test/battle/ability/imposter.c
/Users/ericguthrie/Documents/ChatGPT/Emerald/emerald-champions/work/toolchain/arm-expanded/Payload/bin/../libexec/gcc/arm-none-eabi/15.3.1/cc1 -quiet <flags> -o build/emerald-test/test/battle/ability/pickpocket.o test/battle/ability/pickpocket.c
/Users/ericguthrie/Documents/ChatGPT/Emerald/emerald-champions/work/toolchain/arm-expanded/Payload/bin/../libexec/gcc/arm-none-eabi/15.3.1/cc1 -quiet <flags> -o build/emerald-test/test/battle/ability/telepathy.o test/battle/ability/telepathy.c
/Users/ericguthrie/Documents/ChatGPT/Emerald/emerald-champions/work/toolchain/arm-expanded/Payload/bin/../libexec/gcc/arm-none-eabi/15.3.1/cc1 -quiet <flags> -o build/emerald-test/test/battle/ability/unseen_fist.o test/battle/ability/unseen_fist.c
/Users/ericguthrie/Documents/ChatGPT/Emerald/emerald-champions/work/toolchain/arm-expanded/Payload/bin/../libexec/gcc/arm-none-eabi/15.3.1/cc1 -quiet <flags> -o build/emerald-test/test/battle/ai/ai.o test/battle/ai/ai.c
/Users/ericguthrie/Documents/ChatGPT/Emerald/emerald-champions/work/toolchain/arm-expanded/Payload/bin/../libexec/gcc/arm-none-eabi/15.3.1/cc1 -quiet <flags> -o build/emerald-test/test/battle/ai/ai_assume_stab.o test/battle/ai/ai_assume_stab.c
/Users/ericguthrie/Documents/ChatGPT/Emerald/emerald-champions/work/toolchain/arm-expanded/Payload/bin/../libexec/gcc/arm-none-eabi/15.3.1/cc1 -quiet <flags> -o build/emerald-test/test/battle/ai/ai_assume_status_moves.o test/battle/ai/ai_assume_status_moves.c
/Users/ericguthrie/Documents/ChatGPT/Emerald/emerald-champions/work/toolchain/arm-expanded/Payload/bin/../libexec/gcc/arm-none-eabi/15.3.1/cc1 -quiet <flags> -o build/emerald-test/test/battle/ai/ai_calc_best_move_score.o test/battle/ai/ai_calc_best_move_score.c
/Users/ericguthrie/Documents/ChatGPT/Emerald/emerald-champions/work/toolchain/arm-expanded/Payload/bin/../libexec/gcc/arm-none-eabi/15.3.1/cc1 -quiet <flags> -o build/emerald-test/test/battle/ai/ai_check_viability.o test/battle/ai/ai_check_viability.c
/Users/ericguthrie/Documents/ChatGPT/Emerald/emerald-champions/work/toolchain/arm-expanded/Payload/bin/../libexec/gcc/arm-none-eabi/15.3.1/cc1 -quiet <flags> -o build/emerald-test/test/battle/ai/ai_choice.o test/battle/ai/ai_choice.c
/Users/ericguthrie/Documents/ChatGPT/Emerald/emerald-champions/work/toolchain/arm-expanded/Payload/bin/../libexec/gcc/arm-none-eabi/15.3.1/cc1 -quiet <flags> -o build/emerald-test/test/battle/ai/ai_combo_attack.o test/battle/ai/ai_combo_attack.c
/Users/ericguthrie/Documents/ChatGPT/Emerald/emerald-champions/work/toolchain/arm-expanded/Payload/bin/../libexec/gcc/arm-none-eabi/15.3.1/cc1 -quiet <flags> -o build/emerald-test/test/battle/ai/ai_double_ace.o test/battle/ai/ai_double_ace.c
/Users/ericguthrie/Documents/ChatGPT/Emerald/emerald-champions/work/toolchain/arm-expanded/Payload/bin/../libexec/gcc/arm-none-eabi/15.3.1/cc1 -quiet <flags> -o build/emerald-test/test/battle/ai/ai_doubles.o test/battle/ai/ai_doubles.c
/Users/ericguthrie/Documents/ChatGPT/Emerald/emerald-champions/work/toolchain/arm-expanded/Payload/bin/../libexec/gcc/arm-none-eabi/15.3.1/cc1 -quiet <flags> -o build/emerald-test/test/battle/ai/ai_flag_attacks_partner.o test/battle/ai/ai_flag_attacks_partner.c
/Users/ericguthrie/Documents/ChatGPT/Emerald/emerald-champions/work/toolchain/arm-expanded/Payload/bin/../libexec/gcc/arm-none-eabi/15.3.1/cc1 -quiet <flags> -o build/emerald-test/test/battle/ai/ai_flag_predict_ability.o test/battle/ai/ai_flag_predict_ability.c
/Users/ericguthrie/Documents/ChatGPT/Emerald/emerald-champions/work/toolchain/arm-expanded/Payload/bin/../libexec/gcc/arm-none-eabi/15.3.1/cc1 -quiet <flags> -o build/emerald-test/test/battle/ai/ai_flag_predict_move.o test/battle/ai/ai_flag_predict_move.c
/Users/ericguthrie/Documents/ChatGPT/Emerald/emerald-champions/work/toolchain/arm-expanded/Payload/bin/../libexec/gcc/arm-none-eabi/15.3.1/cc1 -quiet <flags> -o build/emerald-test/test/battle/ai/ai_flag_predict_switch.o test/battle/ai/ai_flag_predict_switch.c
/Users/ericguthrie/Documents/ChatGPT/Emerald/emerald-champions/work/toolchain/arm-expanded/Payload/bin/../libexec/gcc/arm-none-eabi/15.3.1/cc1 -quiet <flags> -o build/emerald-test/test/battle/ai/ai_flag_risky.o test/battle/ai/ai_flag_risky.c
/Users/ericguthrie/Documents/ChatGPT/Emerald/emerald-champions/work/toolchain/arm-expanded/Payload/bin/../libexec/gcc/arm-none-eabi/15.3.1/cc1 -quiet <flags> -o build/emerald-test/test/battle/ai/ai_flag_sequence_switching.o test/battle/ai/ai_flag_sequence_switching.c
/Users/ericguthrie/Documents/ChatGPT/Emerald/emerald-champions/work/toolchain/arm-expanded/Payload/bin/../libexec/gcc/arm-none-eabi/15.3.1/cc1 -quiet <flags> -o build/emerald-test/test/battle/ai/ai_multi.o test/battle/ai/ai_multi.c
/Users/ericguthrie/Documents/ChatGPT/Emerald/emerald-champions/work/toolchain/arm-expanded/Payload/bin/../libexec/gcc/arm-none-eabi/15.3.1/cc1 -quiet <flags> -o build/emerald-test/test/battle/ai/ai_powerful_status.o test/battle/ai/ai_powerful_status.c
/Users/ericguthrie/Documents/ChatGPT/Emerald/emerald-champions/work/toolchain/arm-expanded/Payload/bin/../libexec/gcc/arm-none-eabi/15.3.1/cc1 -quiet <flags> -o build/emerald-test/test/battle/ai/ai_pp_stall_prevention.o test/battle/ai/ai_pp_stall_prevention.c
/Users/ericguthrie/Documents/ChatGPT/Emerald/emerald-champions/work/toolchain/arm-expanded/Payload/bin/../libexec/gcc/arm-none-eabi/15.3.1/cc1 -quiet <flags> -o build/emerald-test/test/battle/ai/ai_switching.o test/battle/ai/ai_switching.c
/Users/ericguthrie/Documents/ChatGPT/Emerald/emerald-champions/work/toolchain/arm-expanded/Payload/bin/../libexec/gcc/arm-none-eabi/15.3.1/cc1 -quiet <flags> -o build/emerald-test/test/battle/ai/ai_test_test_runner.o test/battle/ai/ai_test_test_runner.c
/Users/ericguthrie/Documents/ChatGPT/Emerald/emerald-champions/work/toolchain/arm-expanded/Payload/bin/../libexec/gcc/arm-none-eabi/15.3.1/cc1 -quiet <flags> -o build/emerald-test/test/battle/ai/ai_trytofaint.o test/battle/ai/ai_trytofaint.c
/Users/ericguthrie/Documents/ChatGPT/Emerald/emerald-champions/work/toolchain/arm-expanded/Payload/bin/../libexec/gcc/arm-none-eabi/15.3.1/cc1 -quiet <flags> -o build/emerald-test/test/battle/ai/check_bad_move.o test/battle/ai/check_bad_move.c
/Users/ericguthrie/Documents/ChatGPT/Emerald/emerald-champions/work/toolchain/arm-expanded/Payload/bin/../libexec/gcc/arm-none-eabi/15.3.1/cc1 -quiet <flags> -o build/emerald-test/test/battle/ai/emerald_champions_perish.o test/battle/ai/emerald_champions_perish.c
/Users/ericguthrie/Documents/ChatGPT/Emerald/emerald-champions/work/toolchain/arm-expanded/Payload/bin/../libexec/gcc/arm-none-eabi/15.3.1/cc1 -quiet <flags> -o build/emerald-test/test/battle/ai/emerald_champions_plans.o test/battle/ai/emerald_champions_plans.c
/Users/ericguthrie/Documents/ChatGPT/Emerald/emerald-champions/work/toolchain/arm-expanded/Payload/bin/../libexec/gcc/arm-none-eabi/15.3.1/cc1 -quiet <flags> -o build/emerald-test/test/battle/ai/gimmick_mega.o test/battle/ai/gimmick_mega.c
/Users/ericguthrie/Documents/ChatGPT/Emerald/emerald-champions/work/toolchain/arm-expanded/Payload/bin/../libexec/gcc/arm-none-eabi/15.3.1/cc1 -quiet <flags> -o build/emerald-test/test/battle/ai/party_knowledge.o test/battle/ai/party_knowledge.c
/Users/ericguthrie/Documents/ChatGPT/Emerald/emerald-champions/work/toolchain/arm-expanded/Payload/bin/../libexec/gcc/arm-none-eabi/15.3.1/cc1 -quiet <flags> -o build/emerald-test/test/battle/ai/values_moves_over_splash.o test/battle/ai/values_moves_over_splash.c
/Users/ericguthrie/Documents/ChatGPT/Emerald/emerald-champions/work/toolchain/arm-expanded/Payload/bin/../libexec/gcc/arm-none-eabi/15.3.1/cc1 -quiet <flags> -o build/emerald-test/test/battle/form_change/emerald_champions_megas.o test/battle/form_change/emerald_champions_megas.c
/Users/ericguthrie/Documents/ChatGPT/Emerald/emerald-champions/work/toolchain/arm-expanded/Payload/bin/../libexec/gcc/arm-none-eabi/15.3.1/cc1 -quiet <flags> -o build/emerald-test/test/battle/form_change/mega_evolution.o test/battle/form_change/mega_evolution.c
/Users/ericguthrie/Documents/ChatGPT/Emerald/emerald-champions/work/toolchain/arm-expanded/Payload/bin/../libexec/gcc/arm-none-eabi/15.3.1/cc1 -quiet <flags> -o build/emerald-test/test/battle/hold_effect/confuse_spicy.o test/battle/hold_effect/confuse_spicy.c
/Users/ericguthrie/Documents/ChatGPT/Emerald/emerald-champions/work/toolchain/arm-expanded/Payload/bin/../libexec/gcc/arm-none-eabi/15.3.1/cc1 -quiet <flags> -o build/emerald-test/test/battle/hold_effect/restore_pct_hp.o test/battle/hold_effect/restore_pct_hp.c
/Users/ericguthrie/Documents/ChatGPT/Emerald/emerald-champions/work/toolchain/arm-expanded/Payload/bin/../libexec/gcc/arm-none-eabi/15.3.1/cc1 -quiet <flags> -o build/emerald-test/test/battle/move_effect/attack_up_user_ally.o test/battle/move_effect/attack_up_user_ally.c
/Users/ericguthrie/Documents/ChatGPT/Emerald/emerald-champions/work/toolchain/arm-expanded/Payload/bin/../libexec/gcc/arm-none-eabi/15.3.1/cc1 -quiet <flags> -o build/emerald-test/test/battle/move_effect/beak_blast.o test/battle/move_effect/beak_blast.c
/Users/ericguthrie/Documents/ChatGPT/Emerald/emerald-champions/work/toolchain/arm-expanded/Payload/bin/../libexec/gcc/arm-none-eabi/15.3.1/cc1 -quiet <flags> -o build/emerald-test/test/battle/move_effect/belch.o test/battle/move_effect/belch.c
/Users/ericguthrie/Documents/ChatGPT/Emerald/emerald-champions/work/toolchain/arm-expanded/Payload/bin/../libexec/gcc/arm-none-eabi/15.3.1/cc1 -quiet <flags> -o build/emerald-test/test/battle/move_effect/encore.o test/battle/move_effect/encore.c
/Users/ericguthrie/Documents/ChatGPT/Emerald/emerald-champions/work/toolchain/arm-expanded/Payload/bin/../libexec/gcc/arm-none-eabi/15.3.1/cc1 -quiet <flags> -o build/emerald-test/test/battle/move_effect/fail_if_not_arg_type.o test/battle/move_effect/fail_if_not_arg_type.c
/Users/ericguthrie/Documents/ChatGPT/Emerald/emerald-champions/work/toolchain/arm-expanded/Payload/bin/../libexec/gcc/arm-none-eabi/15.3.1/cc1 -quiet <flags> -o build/emerald-test/test/battle/move_effect/focus_punch.o test/battle/move_effect/focus_punch.c
/Users/ericguthrie/Documents/ChatGPT/Emerald/emerald-champions/work/toolchain/arm-expanded/Payload/bin/../libexec/gcc/arm-none-eabi/15.3.1/cc1 -quiet <flags> -o build/emerald-test/test/battle/move_effect/ice_spinner.o test/battle/move_effect/ice_spinner.c
/Users/ericguthrie/Documents/ChatGPT/Emerald/emerald-champions/work/toolchain/arm-expanded/Payload/bin/../libexec/gcc/arm-none-eabi/15.3.1/cc1 -quiet <flags> -o build/emerald-test/test/battle/move_effect/knock_off.o test/battle/move_effect/knock_off.c
/Users/ericguthrie/Documents/ChatGPT/Emerald/emerald-champions/work/toolchain/arm-expanded/Payload/bin/../libexec/gcc/arm-none-eabi/15.3.1/cc1 -quiet <flags> -o build/emerald-test/test/battle/move_effect/last_resort.o test/battle/move_effect/last_resort.c
/Users/ericguthrie/Documents/ChatGPT/Emerald/emerald-champions/work/toolchain/arm-expanded/Payload/bin/../libexec/gcc/arm-none-eabi/15.3.1/cc1 -quiet <flags> -o build/emerald-test/test/battle/move_effect/rage_fist.o test/battle/move_effect/rage_fist.c
/Users/ericguthrie/Documents/ChatGPT/Emerald/emerald-champions/work/toolchain/arm-expanded/Payload/bin/../libexec/gcc/arm-none-eabi/15.3.1/cc1 -quiet <flags> -o build/emerald-test/test/battle/move_effect/rapid_spin.o test/battle/move_effect/rapid_spin.c
/Users/ericguthrie/Documents/ChatGPT/Emerald/emerald-champions/work/toolchain/arm-expanded/Payload/bin/../libexec/gcc/arm-none-eabi/15.3.1/cc1 -quiet <flags> -o build/emerald-test/test/battle/move_effect/sleep.o test/battle/move_effect/sleep.c
/Users/ericguthrie/Documents/ChatGPT/Emerald/emerald-champions/work/toolchain/arm-expanded/Payload/bin/../libexec/gcc/arm-none-eabi/15.3.1/cc1 -quiet <flags> -o build/emerald-test/test/battle/move_effect/speed_swap.o test/battle/move_effect/speed_swap.c
/Users/ericguthrie/Documents/ChatGPT/Emerald/emerald-champions/work/toolchain/arm-expanded/Payload/bin/../libexec/gcc/arm-none-eabi/15.3.1/cc1 -quiet <flags> -o build/emerald-test/test/battle/move_effect/steal_item.o test/battle/move_effect/steal_item.c
/Users/ericguthrie/Documents/ChatGPT/Emerald/emerald-champions/work/toolchain/arm-expanded/Payload/bin/../libexec/gcc/arm-none-eabi/15.3.1/cc1 -quiet <flags> -o build/emerald-test/test/battle/move_effect_secondary/salt_cure.o test/battle/move_effect_secondary/salt_cure.c
/Users/ericguthrie/Documents/ChatGPT/Emerald/emerald-champions/work/toolchain/arm-expanded/Payload/bin/../libexec/gcc/arm-none-eabi/15.3.1/cc1 -quiet <flags> -o build/emerald-test/test/battle/status1/freeze.o test/battle/status1/freeze.c
/Users/ericguthrie/Documents/ChatGPT/Emerald/emerald-champions/work/toolchain/arm-expanded/Payload/bin/../libexec/gcc/arm-none-eabi/15.3.1/cc1 -quiet <flags> -o build/emerald-test/test/battle/status1/paralysis.o test/battle/status1/paralysis.c
cd build/emerald-test && arm-none-eabi-ld -T ld_script_test.ld -o pokeemerald-test.elf <objects> <test-objects> <lib>
arm-none-eabi-ld: warning: pokeemerald-test.elf has a LOAD segment with RWX permissions
tools/gbafix/gbafix build/emerald-test/pokeemerald-test.elf -t"EM CHAMPIONS" -cBPEE -m01 -r0 -d0 --silent
tools/patchelf/patchelf pokeemerald-test-headless.elf gTestRunnerHeadless '\x01' gTestRunnerSkipIsFail "\x00"
tools/mgba-rom-test-hydra/mgba-rom-test-hydra tools/mgba/mgba-rom-test-mac arm-none-eabi-objcopy pokeemerald-test-headless.elf
Hydra workers: 4
[0] EC live review Larry: reserve setup opportunity and payoff 1/3: [31mINVALID[0m
REVIEW_INPUT trainer=213 slot=0 species=332 lv=38 HP=113 Atk=140 Def=62 SpA=93 SpD=62 Spe=105 item=523 ability=11
REVIEW_INPUT trainer=213 slot=1 species=71 lv=38 HP=120 Atk=86 Def=66 SpA=127 SpD=69 Spe=93 item=487 ability=34
REVIEW_INPUT trainer=213 slot=2 species=673 lv=38 HP=177 Atk=127 Def=64 SpA=68 SpD=78 Spe=88 item=472 ability=157
REVIEW_INPUT trainer=213 slot=3 species=781 lv=38 HP=136 Atk=154 Def=93 SpA=73 SpD=85 Spe=47 item=564 ability=200
AI decision turn=1 actor=0 move=Protect target=0
AI decision turn=1 actor=1 move=Bulk Up target=1
AI decision turn=1 actor=2 move=Protect target=2
AI decision turn=1 actor=3 move=Shadow Claw target=2
AI decision turn=2 actor=1 move=Horn Leech target=0
AI decision turn=2 actor=3 move=Shadow Claw target=2
REVIEW_AFTER board=81 turns=1 reserves=1 species=673/781 HP=177/136 foes=98/114 faints=0/0 initialFrames=21
REVIEW_STATE actor=1 move=Bulk Up PP=10/19/10/5 Atk=7 Def=7 SpA=6 SpD=6 Spe=6 status=0 ability=157 item=472
REVIEW_STATE actor=3 move=Shadow Claw PP=20/10/14/5 Atk=6 Def=6 SpA=6 SpD=6 Spe=6 status=0 ability=200 item=564
REVIEW_INPUT trainer=213 slot=0 species=332 lv=38 HP=113 Atk=140 Def=62 SpA=93 SpD=62 Spe=105 item=523 ability=11
REVIEW_INPUT trainer=213 slot=1 species=71 lv=38 HP=120 Atk=86 Def=66 SpA=127 SpD=69 Spe=93 item=487 ability=34
REVIEW_INPUT trainer=213 slot=2 species=673 lv=38 HP=177 Atk=127 Def=64 SpA=68 SpD=78 Spe=88 item=472 ability=157
REVIEW_INPUT trainer=213 slot=3 species=781 lv=38 HP=136 Atk=154 Def=93 SpA=73 SpD=85 Spe=47 item=564 ability=200
in <Move+0x78>
in <MoveGetIdAndSlot+0xa6>
test/battle/ai/../../../work/larry_gen9_probe.inc:84: Too many different moves for playerLeft
[1] EC live review Larry: Water Absorb and Sap Sipper control: [32mPASS[0m
REVIEW_INPUT trainer=213 slot=0 species=332 lv=38 HP=113 Atk=140 Def=62 SpA=93 SpD=62 Spe=105 item=523 ability=11
REVIEW_INPUT trainer=213 slot=1 species=71 lv=38 HP=120 Atk=86 Def=66 SpA=127 SpD=69 Spe=93 item=487 ability=34
REVIEW_INPUT trainer=213 slot=2 species=673 lv=38 HP=177 Atk=127 Def=64 SpA=68 SpD=78 Spe=88 item=472 ability=157
REVIEW_INPUT trainer=213 slot=3 species=781 lv=38 HP=136 Atk=154 Def=93 SpA=73 SpD=85 Spe=47 item=564 ability=200
AI decision turn=1 actor=0 move=Double-Edge target=1
AI decision turn=1 actor=1 move=Seed Bomb target=2
AI decision turn=1 actor=2 move=Scald target=1
AI decision turn=1 actor=3 move=Sludge Bomb target=2
AI decision turn=2 actor=1 move=Drain Punch target=0
AI decision turn=2 actor=3 move=Sludge Bomb target=0
REVIEW_AFTER board=80 turns=1 reserves=0 species=332/71 HP=67/120 foes=107/0 faints=0/1 initialFrames=51
REVIEW_STATE actor=1 move=Seed Bomb PP=14/10/5/5 Atk=6 Def=6 SpA=6 SpD=6 Spe=6 status=0 ability=11 item=0
REVIEW_STATE actor=3 move=Sludge Bomb PP=5/9/15/10 Atk=6 Def=6 SpA=6 SpD=6 Spe=6 status=0 ability=34 item=487
REVIEW_INPUT trainer=213 slot=0 species=332 lv=38 HP=113 Atk=140 Def=62 SpA=93 SpD=62 Spe=105 item=523 ability=11
REVIEW_INPUT trainer=213 slot=1 species=71 lv=38 HP=120 Atk=86 Def=66 SpA=127 SpD=69 Spe=93 item=487 ability=34
REVIEW_INPUT trainer=213 slot=2 species=673 lv=38 HP=177 Atk=127 Def=64 SpA=68 SpD=78 Spe=88 item=472 ability=157
REVIEW_INPUT trainer=213 slot=3 species=781 lv=38 HP=136 Atk=154 Def=93 SpA=73 SpD=85 Spe=47 item=564 ability=200
AI decision turn=1 actor=0 move=Bite target=3
AI decision turn=1 actor=1 move=Horn Leech target=0
AI decision turn=1 actor=2 move=Giga Drain target=1
AI decision turn=1 actor=3 move=Anchor Shot target=0
AI decision turn=2 actor=1 move=Horn Leech target=2
AI decision turn=2 actor=3 move=Shadow Claw target=2
REVIEW_AFTER board=80 turns=1 reserves=1 species=673/781 HP=177/123 foes=8/135 faints=0/0 initialFrames=19
REVIEW_STATE actor=1 move=Horn Leech PP=9/20/10/5 Atk=7 Def=6 SpA=6 SpD=6 Spe=6 status=0 ability=157 item=472
REVIEW_STATE actor=3 move=Anchor Shot PP=19/10/15/5 Atk=6 Def=6 SpA=6 SpD=6 Spe=6 status=0 ability=200 item=0
[2] EC live review Larry timing: six-player bench: [32mPASS[0m
REVIEW_INPUT trainer=213 slot=0 species=332 lv=38 HP=113 Atk=140 Def=62 SpA=93 SpD=62 Spe=105 item=523 ability=11
REVIEW_INPUT trainer=213 slot=1 species=71 lv=38 HP=120 Atk=86 Def=66 SpA=127 SpD=69 Spe=93 item=487 ability=34
REVIEW_INPUT trainer=213 slot=2 species=673 lv=38 HP=177 Atk=127 Def=64 SpA=68 SpD=78 Spe=88 item=472 ability=157
REVIEW_INPUT trainer=213 slot=3 species=781 lv=38 HP=136 Atk=154 Def=93 SpA=73 SpD=85 Spe=47 item=564 ability=200
AI decision turn=1 actor=0 move=Protect target=0
AI decision turn=1 actor=1 move=Sucker Punch target=2
AI decision turn=1 actor=2 move=Protect target=2
AI decision turn=1 actor=3 move=Leaf Storm target=0
AI decision turn=2 actor=1 move=Sucker Punch target=2
AI decision turn=2 actor=3 move=Leaf Storm target=0
REVIEW_AFTER board=99 turns=1 reserves=0 species=332/71 HP=113/120 foes=98/114 faints=0/0 initialFrames=53
REVIEW_STATE actor=1 move=Sucker Punch PP=15/10/4/5 Atk=6 Def=6 SpA=6 SpD=6 Spe=6 status=0 ability=11 item=523
REVIEW_STATE actor=3 move=Leaf Storm PP=4/10/15/10 Atk=6 Def=6 SpA=6 SpD=6 Spe=6 status=0 ability=34 item=487
REVIEW_TIMING setup=6 bothActors=51 complete=57
REVIEW_INPUT trainer=213 slot=0 species=332 lv=38 HP=113 Atk=140 Def=62 SpA=93 SpD=62 Spe=105 item=523 ability=11
REVIEW_INPUT trainer=213 slot=1 species=71 lv=38 HP=120 Atk=86 Def=66 SpA=127 SpD=69 Spe=93 item=487 ability=34
REVIEW_INPUT trainer=213 slot=2 species=673 lv=38 HP=177 Atk=127 Def=64 SpA=68 SpD=78 Spe=88 item=472 ability=157
REVIEW_INPUT trainer=213 slot=3 species=781 lv=38 HP=136 Atk=154 Def=93 SpA=73 SpD=85 Spe=47 item=564 ability=200
AI decision turn=1 actor=0 move=Protect target=0
AI decision turn=1 actor=1 move=Bulk Up target=1
AI decision turn=1 actor=2 move=Protect target=2
AI decision turn=1 actor=3 move=Shadow Claw target=2
AI decision turn=2 actor=1 move=Horn Leech target=0
AI decision turn=2 actor=3 move=Shadow Claw target=2
REVIEW_AFTER board=99 turns=1 reserves=1 species=673/781 HP=177/136 foes=98/114 faints=0/0 initialFrames=21
REVIEW_STATE actor=1 move=Bulk Up PP=10/19/10/5 Atk=7 Def=7 SpA=6 SpD=6 Spe=6 status=0 ability=157 item=472
REVIEW_STATE actor=3 move=Shadow Claw PP=20/10/14/5 Atk=6 Def=6 SpA=6 SpD=6 Spe=6 status=0 ability=200 item=564
REVIEW_TIMING setup=6 bothActors=18 complete=24
[3] EC live review Larry: physical setup and reserves: [32mPASS[0m
REVIEW_INPUT trainer=213 slot=0 species=332 lv=38 HP=113 Atk=140 Def=62 SpA=93 SpD=62 Spe=105 item=523 ability=11
REVIEW_INPUT trainer=213 slot=1 species=71 lv=38 HP=120 Atk=86 Def=66 SpA=127 SpD=69 Spe=93 item=487 ability=34
REVIEW_INPUT trainer=213 slot=2 species=673 lv=38 HP=177 Atk=127 Def=64 SpA=68 SpD=78 Spe=88 item=472 ability=157
REVIEW_INPUT trainer=213 slot=3 species=781 lv=38 HP=136 Atk=154 Def=93 SpA=73 SpD=85 Spe=47 item=564 ability=200
AI decision turn=1 actor=0 move=Double-Edge target=1
AI decision turn=1 actor=1 move=Drain Punch target=0
AI decision turn=1 actor=2 move=Ice Punch target=3
AI decision turn=1 actor=3 move=Sleep Powder target=2
AI decision turn=2 actor=1 move=Drain Punch target=0
AI decision turn=2 actor=3 move=Leaf Storm target=2
REVIEW_AFTER board=10 turns=1 reserves=0 species=332/71 HP=67/120 foes=33/155 faints=0/0 initialFrames=51
REVIEW_STATE actor=1 move=Drain Punch PP=15/9/5/5 Atk=6 Def=6 SpA=6 SpD=6 Spe=6 status=0 ability=11 item=0
REVIEW_STATE actor=3 move=Sleep Powder PP=5/10/14/10 Atk=6 Def=6 SpA=6 SpD=6 Spe=6 status=0 ability=34 item=487
REVIEW_INPUT trainer=213 slot=0 species=332 lv=38 HP=113 Atk=140 Def=62 SpA=93 SpD=62 Spe=105 item=523 ability=11
REVIEW_INPUT trainer=213 slot=1 species=71 lv=38 HP=120 Atk=86 Def=66 SpA=127 SpD=69 Spe=93 item=487 ability=34
REVIEW_INPUT trainer=213 slot=2 species=673 lv=38 HP=177 Atk=127 Def=64 SpA=68 SpD=78 Spe=88 item=472 ability=157
REVIEW_INPUT trainer=213 slot=3 species=781 lv=38 HP=136 Atk=154 Def=93 SpA=73 SpD=85 Spe=47 item=564 ability=200
AI decision turn=1 actor=0 move=Double-Edge target=1
AI decision turn=1 actor=1 move=Drain Punch target=0
AI decision turn=1 actor=2 move=Ice Punch target=3
AI decision turn=1 actor=3 move=Sleep Powder target=2
AI decision turn=2 actor=0 move=Double-Edge target=1
AI decision turn=2 actor=1 move=Drain Punch target=0
AI decision turn=2 actor=2 move=Ice Punch target=3
AI decision turn=2 actor=3 move=Leaf Storm target=2
AI decision turn=3 actor=1 move=Seed Bomb target=2
AI decision turn=3 actor=3 move=Sludge Bomb target=2
REVIEW_AFTER board=10 turns=2 reserves=0 species=332/71 HP=83/120 foes=0/70 faints=0/1 initialFrames=51
REVIEW_STATE actor=1 move=Drain Punch PP=15/8/5/5 Atk=6 Def=6 SpA=6 SpD=6 Spe=6 status=0 ability=11 item=0
REVIEW_STATE actor=3 move=Leaf Storm PP=4/10/14/10 Atk=6 Def=6 SpA=4 SpD=6 Spe=6 status=0 ability=34 item=487
REVIEW_INPUT trainer=213 slot=0 species=332 lv=38 HP=113 Atk=140 Def=62 SpA=93 SpD=62 Spe=105 item=523 ability=11
REVIEW_INPUT trainer=213 slot=1 species=71 lv=38 HP=120 Atk=86 Def=66 SpA=127 SpD=69 Spe=93 item=487 ability=34
REVIEW_INPUT trainer=213 slot=2 species=673 lv=38 HP=177 Atk=127 Def=64 SpA=68 SpD=78 Spe=88 item=472 ability=157
REVIEW_INPUT trainer=213 slot=3 species=781 lv=38 HP=136 Atk=154 Def=93 SpA=73 SpD=85 Spe=47 item=564 ability=200
AI decision turn=1 actor=0 move=Double-Edge target=1
AI decision turn=1 actor=1 move=Drain Punch target=0
AI decision turn=1 actor=2 move=Ice Punch target=3
AI decision turn=1 actor=3 move=Sleep Powder target=2
AI decision turn=2 actor=0 move=Double-Edge target=1
AI decision turn=2 actor=1 move=Drain Punch target=0
AI decision turn=2 actor=2 move=Ice Punch target=3
AI decision turn=2 actor=3 move=Leaf Storm target=2
AI decision turn=3 actor=2 move=Ice Punch target=3
AI decision turn=3 actor=1 move=Seed Bomb target=2
AI decision turn=3 actor=3 move=Sludge Bomb target=2
AI decision turn=4 actor=1 move=Drain Punch target=2
AI decision turn=4 actor=3 move=Leaf Storm target=2
REVIEW_AFTER board=10 turns=3 reserves=0 species=332/71 HP=83/29 foes=0/1 faints=0/1 initialFrames=51
REVIEW_STATE actor=1 move=Seed Bomb PP=14/8/5/5 Atk=6 Def=6 SpA=6 SpD=6 Spe=6 status=0 ability=11 item=0
REVIEW_STATE actor=3 move=Sludge Bomb PP=4/9/14/10 Atk=6 Def=6 SpA=4 SpD=6 Spe=6 status=0 ability=34 item=487
REVIEW_INPUT trainer=213 slot=0 species=332 lv=38 HP=113 Atk=140 Def=62 SpA=93 SpD=62 Spe=105 item=523 ability=11
REVIEW_INPUT trainer=213 slot=1 species=71 lv=38 HP=120 Atk=86 Def=66 SpA=127 SpD=69 Spe=93 item=487 ability=34
REVIEW_INPUT trainer=213 slot=2 species=673 lv=38 HP=177 Atk=127 Def=64 SpA=68 SpD=78 Spe=88 item=472 ability=157
REVIEW_INPUT trainer=213 slot=3 species=781 lv=38 HP=136 Atk=154 Def=93 SpA=73 SpD=85 Spe=47 item=564 ability=200
AI decision turn=1 actor=0 move=Air Slash target=1
AI decision turn=1 actor=1 move=Sucker Punch target=0
AI decision turn=1 actor=2 move=Thunderbolt target=3
AI decision turn=1 actor=3 move=Sludge Bomb target=2
AI decision turn=2 actor=1 move=Seed Bomb target=2
AI decision turn=2 actor=3 move=Sludge Bomb target=2
REVIEW_AFTER board=11 turns=1 reserves=0 species=332/71 HP=113/111 foes=0/95 faints=0/1 initialFrames=45
REVIEW_STATE actor=1 move=Sucker Punch PP=15/10/4/5 Atk=6 Def=6 SpA=6 SpD=6 Spe=6 status=0 ability=11 item=523
REVIEW_STATE actor=3 move=Sludge Bomb PP=5/9/15/10 Atk=6 Def=6 SpA=6 SpD=6 Spe=6 status=0 ability=34 item=487
REVIEW_INPUT trainer=213 slot=0 species=332 lv=38 HP=113 Atk=140 Def=62 SpA=93 SpD=62 Spe=105 item=523 ability=11
REVIEW_INPUT trainer=213 slot=1 species=71 lv=38 HP=120 Atk=86 Def=66 SpA=127 SpD=69 Spe=93 item=487 ability=34
REVIEW_INPUT trainer=213 slot=2 species=673 lv=38 HP=177 Atk=127 Def=64 SpA=68 SpD=78 Spe=88 item=472 ability=157
REVIEW_INPUT trainer=213 slot=3 species=781 lv=38 HP=136 Atk=154 Def=93 SpA=73 SpD=85 Spe=47 item=564 ability=200
AI decision turn=1 actor=0 move=Air Slash target=1
AI decision turn=1 actor=1 move=Sucker Punch target=0
AI decision turn=1 actor=2 move=Thunderbolt target=3
AI decision turn=1 actor=3 move=Sludge Bomb target=2
AI decision turn=2 actor=2 move=Thunderbolt target=3
AI decision turn=2 actor=1 move=Seed Bomb target=2
AI decision turn=2 actor=3 move=Sludge Bomb target=2
REVIEW_AFTER board=11 turns=2 reserves=0 species=332/71 HP=113/111 foes=0/0 faints=0/2 initialFrames=45
REVIEW_STATE actor=1 move=Seed Bomb PP=14/10/4/5 Atk=6 Def=6 SpA=6 SpD=6 Spe=6 status=0 ability=11 item=523
REVIEW_STATE actor=3 move=Sludge Bomb PP=5/8/15/10 Atk=6 Def=6 SpA=6 SpD=6 Spe=6 status=0 ability=34 item=487
REVIEW_INPUT trainer=213 slot=0 species=332 lv=38 HP=113 Atk=140 Def=62 SpA=93 SpD=62 Spe=105 item=523 ability=11
REVIEW_INPUT trainer=213 slot=1 species=71 lv=38 HP=120 Atk=86 Def=66 SpA=127 SpD=69 Spe=93 item=487 ability=34
REVIEW_INPUT trainer=213 slot=2 species=673 lv=38 HP=177 Atk=127 Def=64 SpA=68 SpD=78 Spe=88 item=472 ability=157
REVIEW_INPUT trainer=213 slot=3 species=781 lv=38 HP=136 Atk=154 Def=93 SpA=73 SpD=85 Spe=47 item=564 ability=200
AI decision turn=1 actor=0 move=Fake Out target=1
AI decision turn=1 actor=1 move=Seed Bomb target=2
AI decision turn=1 actor=2 move=Scald target=3
AI decision turn=1 actor=3 move=Sludge Bomb target=2
AI decision turn=2 actor=1 move=Spiky Shield target=1
AI decision turn=2 actor=3 move=Sludge Bomb target=2
REVIEW_AFTER board=12 turns=1 reserves=0 species=332/71 HP=91/100 foes=98/27 faints=0/0 initialFrames=51
REVIEW_STATE actor=1 move=- PP=15/10/5/5 Atk=6 Def=6 SpA=6 SpD=6 Spe=6 status=0 ability=11 item=523
REVIEW_STATE actor=3 move=Sludge Bomb PP=5/9/15/10 Atk=6 Def=6 SpA=6 SpD=6 Spe=6 status=0 ability=34 item=487
REVIEW_INPUT trainer=213 slot=0 species=332 lv=38 HP=113 Atk=140 Def=62 SpA=93 SpD=62 Spe=105 item=523 ability=11
REVIEW_INPUT trainer=213 slot=1 species=71 lv=38 HP=120 Atk=86 Def=66 SpA=127 SpD=69 Spe=93 item=487 ability=34
REVIEW_INPUT trainer=213 slot=2 species=673 lv=38 HP=177 Atk=127 Def=64 SpA=68 SpD=78 Spe=88 item=472 ability=157
REVIEW_INPUT trainer=213 slot=3 species=781 lv=38 HP=136 Atk=154 Def=93 SpA=73 SpD=85 Spe=47 item=564 ability=200
AI decision turn=1 actor=0 move=Fake Out target=1
AI decision turn=1 actor=1 move=Seed Bomb target=2
AI decision turn=1 actor=2 move=Scald target=3
AI decision turn=1 actor=3 move=Sludge Bomb target=2
AI decision turn=2 actor=0 move=Drain Punch target=1
AI decision turn=2 actor=1 move=Spiky Shield target=1
AI decision turn=2 actor=2 move=Scald target=3
AI decision turn=2 actor=3 move=Sludge Bomb target=2
AI decision turn=3 actor=1 move=Seed Bomb target=0
AI decision turn=3 actor=3 move=Sludge Bomb target=0
REVIEW_AFTER board=12 turns=2 reserves=0 species=332/71 HP=91/107 foes=86/0 faints=0/1 initialFrames=51
REVIEW_STATE actor=1 move=Spiky Shield PP=15/10/5/4 Atk=6 Def=6 SpA=6 SpD=6 Spe=6 status=0 ability=11 item=523
REVIEW_STATE actor=3 move=Sludge Bomb PP=5/8/15/10 Atk=6 Def=6 SpA=6 SpD=6 Spe=6 status=0 ability=34 item=487
REVIEW_INPUT trainer=213 slot=0 species=332 lv=38 HP=113 Atk=140 Def=62 SpA=93 SpD=62 Spe=105 item=523 ability=11
REVIEW_INPUT trainer=213 slot=1 species=71 lv=38 HP=120 Atk=86 Def=66 SpA=127 SpD=69 Spe=93 item=487 ability=34
REVIEW_INPUT trainer=213 slot=2 species=673 lv=38 HP=177 Atk=127 Def=64 SpA=68 SpD=78 Spe=88 item=472 ability=157
REVIEW_INPUT trainer=213 slot=3 species=781 lv=38 HP=136 Atk=154 Def=93 SpA=73 SpD=85 Spe=47 item=564 ability=200
AI decision turn=1 actor=0 move=Fake Out target=1
AI decision turn=1 actor=1 move=Seed Bomb target=2
AI decision turn=1 actor=2 move=Scald target=3
AI decision turn=1 actor=3 move=Sludge Bomb target=2
AI decision turn=2 actor=0 move=Drain Punch target=1
AI decision turn=2 actor=1 move=Spiky Shield target=1
AI decision turn=2 actor=2 move=Scald target=3
AI decision turn=2 actor=3 move=Sludge Bomb target=2
AI decision turn=3 actor=0 move=Drain Punch target=1
AI decision turn=3 actor=1 move=Seed Bomb target=0
AI decision turn=3 actor=3 move=Sludge Bomb target=0
REVIEW_AFTER board=12 turns=3 reserves=0 species=332/71 HP=0/107 foes=0/0 faints=1/2 initialFrames=51
REVIEW_STATE actor=1 move=- PP=14/10/5/4 Atk=6 Def=6 SpA=6 SpD=6 Spe=6 status=0 ability=0 item=523
REVIEW_STATE actor=3 move=Sludge Bomb PP=5/7/15/10 Atk=6 Def=6 SpA=6 SpD=6 Spe=6 status=0 ability=34 item=487
REVIEW_INPUT trainer=213 slot=0 species=332 lv=38 HP=113 Atk=140 Def=62 SpA=93 SpD=62 Spe=105 item=523 ability=11
REVIEW_INPUT trainer=213 slot=1 species=71 lv=38 HP=120 Atk=86 Def=66 SpA=127 SpD=69 Spe=93 item=487 ability=34
REVIEW_INPUT trainer=213 slot=2 species=673 lv=38 HP=177 Atk=127 Def=64 SpA=68 SpD=78 Spe=88 item=472 ability=157
REVIEW_INPUT trainer=213 slot=3 species=781 lv=38 HP=136 Atk=154 Def=93 SpA=73 SpD=85 Spe=47 item=564 ability=200
AI decision turn=1 actor=0 move=Earthquake target=1
AI decision turn=1 actor=1 move=Sucker Punch target=2
AI decision turn=1 actor=2 move=Air Slash target=3
AI decision turn=1 actor=3 move=Leaf Storm target=0
AI decision turn=2 actor=1 move=Sucker Punch target=0
AI decision turn=2 actor=3 move=Sludge Bomb target=0
REVIEW_AFTER board=13 turns=1 reserves=0 species=332/71 HP=80/63 foes=1/0 faints=0/1 initialFrames=29
REVIEW_STATE actor=1 move=Sucker Punch PP=15/10/4/5 Atk=6 Def=6 SpA=6 SpD=6 Spe=6 status=0 ability=11 item=523
REVIEW_STATE actor=3 move=Leaf Storm PP=4/10/15/10 Atk=6 Def=6 SpA=4 SpD=6 Spe=6 status=0 ability=34 item=487
REVIEW_INPUT trainer=213 slot=0 species=332 lv=38 HP=113 Atk=140 Def=62 SpA=93 SpD=62 Spe=105 item=523 ability=11
REVIEW_INPUT trainer=213 slot=1 species=71 lv=38 HP=120 Atk=86 Def=66 SpA=127 SpD=69 Spe=93 item=487 ability=34
REVIEW_INPUT trainer=213 slot=2 species=673 lv=38 HP=177 Atk=127 Def=64 SpA=68 SpD=78 Spe=88 item=472 ability=157
REVIEW_INPUT trainer=213 slot=3 species=781 lv=38 HP=136 Atk=154 Def=93 SpA=73 SpD=85 Spe=47 item=564 ability=200
AI decision turn=1 actor=0 move=Earthquake target=1
AI decision turn=1 actor=1 move=Sucker Punch target=2
AI decision turn=1 actor=2 move=Air Slash target=3
AI decision turn=1 actor=3 move=Leaf Storm target=0
AI decision turn=2 actor=0 move=Earthquake target=1
AI decision turn=2 actor=1 move=Sucker Punch target=0
AI decision turn=2 actor=3 move=Sludge Bomb target=0
REVIEW_AFTER board=13 turns=2 reserves=0 species=332/71 HP=80/63 foes=0/0 faints=0/2 initialFrames=29
REVIEW_STATE actor=1 move=Sucker Punch PP=15/10/3/5 Atk=6 Def=6 SpA=6 SpD=6 Spe=6 status=0 ability=11 item=523
REVIEW_STATE actor=3 move=Leaf Storm PP=4/10/15/10 Atk=6 Def=6 SpA=4 SpD=6 Spe=6 status=0 ability=34 item=487
REVIEW_INPUT trainer=213 slot=0 species=332 lv=38 HP=113 Atk=140 Def=62 SpA=93 SpD=62 Spe=105 item=523 ability=11
REVIEW_INPUT trainer=213 slot=1 species=71 lv=38 HP=120 Atk=86 Def=66 SpA=127 SpD=69 Spe=93 item=487 ability=34
REVIEW_INPUT trainer=213 slot=2 species=673 lv=38 HP=177 Atk=127 Def=64 SpA=68 SpD=78 Spe=88 item=472 ability=157
REVIEW_INPUT trainer=213 slot=3 species=781 lv=38 HP=136 Atk=154 Def=93 SpA=73 SpD=85 Spe=47 item=564 ability=200
AI decision turn=1 actor=0 move=Taunt target=3
AI decision turn=1 actor=1 move=Seed Bomb target=2
AI decision turn=1 actor=2 move=Giga Drain target=3
AI decision turn=1 actor=3 move=Sludge Bomb target=2
AI decision turn=2 actor=1 move=Spiky Shield target=1
AI decision turn=2 actor=3 move=Sludge Bomb target=0
REVIEW_AFTER board=14 turns=1 reserves=0 species=332/71 HP=113/120 foes=98/0 faints=0/1 initialFrames=51
REVIEW_STATE actor=1 move=Seed Bomb PP=14/10/5/5 Atk=6 Def=6 SpA=6 SpD=6 Spe=6 status=0 ability=11 item=523
REVIEW_STATE actor=3 move=Sludge Bomb PP=5/9/15/10 Atk=6 Def=6 SpA=6 SpD=6 Spe=6 status=0 ability=34 item=487
REVIEW_INPUT trainer=213 slot=0 species=332 lv=38 HP=113 Atk=140 Def=62 SpA=93 SpD=62 Spe=105 item=523 ability=11
REVIEW_INPUT trainer=213 slot=1 species=71 lv=38 HP=120 Atk=86 Def=66 SpA=127 SpD=69 Spe=93 item=487 ability=34
REVIEW_INPUT trainer=213 slot=2 species=673 lv=38 HP=177 Atk=127 Def=64 SpA=68 SpD=78 Spe=88 item=472 ability=157
REVIEW_INPUT trainer=213 slot=3 species=781 lv=38 HP=136 Atk=154 Def=93 SpA=73 SpD=85 Spe=47 item=564 ability=200
AI decision turn=1 actor=0 move=Taunt target=3
AI decision turn=1 actor=1 move=Seed Bomb target=2
AI decision turn=1 actor=2 move=Giga Drain target=3
AI decision turn=1 actor=3 move=Sludge Bomb target=2
AI decision turn=2 actor=0 move=Drain Punch target=1
AI decision turn=2 actor=1 move=Spiky Shield target=1
AI decision turn=2 actor=3 move=Sludge Bomb target=0
REVIEW_AFTER board=14 turns=2 reserves=0 species=332/71 HP=113/120 foes=0/0 faints=0/2 initialFrames=51
REVIEW_STATE actor=1 move=Spiky Shield PP=14/10/5/4 Atk=6 Def=6 SpA=6 SpD=6 Spe=6 status=0 ability=11 item=523
REVIEW_STATE actor=3 move=Sludge Bomb PP=5/8/15/10 Atk=6 Def=6 SpA=6 SpD=6 Spe=6 status=0 ability=34 item=487
REVIEW_INPUT trainer=213 slot=0 species=332 lv=38 HP=113 Atk=140 Def=62 SpA=93 SpD=62 Spe=105 item=523 ability=11
REVIEW_INPUT trainer=213 slot=1 species=71 lv=38 HP=120 Atk=86 Def=66 SpA=127 SpD=69 Spe=93 item=487 ability=34
REVIEW_INPUT trainer=213 slot=2 species=673 lv=38 HP=177 Atk=127 Def=64 SpA=68 SpD=78 Spe=88 item=472 ability=157
REVIEW_INPUT trainer=213 slot=3 species=781 lv=38 HP=136 Atk=154 Def=93 SpA=73 SpD=85 Spe=47 item=564 ability=200
AI decision turn=1 actor=0 move=Double-Edge target=1
AI decision turn=1 actor=1 move=Horn Leech target=0
AI decision turn=1 actor=2 move=Ice Punch target=3
AI decision turn=1 actor=3 move=Anchor Shot target=0
AI decision turn=2 actor=1 move=Horn Leech target=2
AI decision turn=2 actor=3 move=Protect target=3
REVIEW_AFTER board=10 turns=1 reserves=1 species=673/781 HP=116/66 foes=0/155 faints=0/1 initialFrames=21
REVIEW_STATE actor=1 move=Horn Leech PP=9/20/10/5 Atk=6 Def=6 SpA=6 SpD=6 Spe=6 status=0 ability=157 item=472
REVIEW_STATE actor=3 move=Anchor Shot PP=19/10/15/5 Atk=6 Def=6 SpA=6 SpD=6 Spe=6 status=0 ability=200 item=564
REVIEW_INPUT trainer=213 slot=0 species=332 lv=38 HP=113 Atk=140 Def=62 SpA=93 SpD=62 Spe=105 item=523 ability=11
REVIEW_INPUT trainer=213 slot=1 species=71 lv=38 HP=120 Atk=86 Def=66 SpA=127 SpD=69 Spe=93 item=487 ability=34
REVIEW_INPUT trainer=213 slot=2 species=673 lv=38 HP=177 Atk=127 Def=64 SpA=68 SpD=78 Spe=88 item=472 ability=157
REVIEW_INPUT trainer=213 slot=3 species=781 lv=38 HP=136 Atk=154 Def=93 SpA=73 SpD=85 Spe=47 item=564 ability=200
AI decision turn=1 actor=0 move=Double-Edge target=1
AI decision turn=1 actor=1 move=Horn Leech target=0
AI decision turn=1 actor=2 move=Ice Punch target=3
AI decision turn=1 actor=3 move=Anchor Shot target=0
AI decision turn=2 actor=2 move=Ice Punch target=3
AI decision turn=2 actor=1 move=Horn Leech target=2
AI decision turn=2 actor=3 move=Protect target=3
AI decision turn=3 actor=1 move=Horn Leech target=2
AI decision turn=3 actor=3 move=Anchor Shot target=2
REVIEW_AFTER board=10 turns=2 reserves=1 species=673/781 HP=143/66 foes=0/122 faints=0/1 initialFrames=21
REVIEW_STATE actor=1 move=Horn Leech PP=8/20/10/5 Atk=6 Def=6 SpA=6 SpD=6 Spe=6 status=0 ability=157 item=472
REVIEW_STATE actor=3 move=Protect PP=19/10/15/4 Atk=6 Def=6 SpA=6 SpD=6 Spe=6 status=0 ability=200 item=564
REVIEW_INPUT trainer=213 slot=0 species=332 lv=38 HP=113 Atk=140 Def=62 SpA=93 SpD=62 Spe=105 item=523 ability=11
REVIEW_INPUT trainer=213 slot=1 species=71 lv=38 HP=120 Atk=86 Def=66 SpA=127 SpD=69 Spe=93 item=487 ability=34
REVIEW_INPUT trainer=213 slot=2 species=673 lv=38 HP=177 Atk=127 Def=64 SpA=68 SpD=78 Spe=88 item=472 ability=157
REVIEW_INPUT trainer=213 slot=3 species=781 lv=38 HP=136 Atk=154 Def=93 SpA=73 SpD=85 Spe=47 item=564 ability=200
AI decision turn=1 actor=0 move=Double-Edge target=1
AI decision turn=1 actor=1 move=Horn Leech target=0
AI decision turn=1 actor=2 move=Ice Punch target=3
AI decision turn=1 actor=3 move=Anchor Shot target=0
AI decision turn=2 actor=2 move=Ice Punch target=3
AI decision turn=2 actor=1 move=Horn Leech target=2
AI decision turn=2 actor=3 move=Protect target=3
AI decision turn=3 actor=2 move=Ice Punch target=3
AI decision turn=3 actor=1 move=Horn Leech target=2
AI decision turn=3 actor=3 move=Anchor Shot target=2
AI decision turn=4 actor=1 move=Horn Leech target=2
REVIEW_AFTER board=10 turns=3 reserves=1 species=673/781 HP=170/0 foes=0/89 faints=1/1 initialFrames=21
REVIEW_STATE actor=1 move=Horn Leech PP=7/20/10/5 Atk=6 Def=6 SpA=6 SpD=6 Spe=6 status=0 ability=157 item=472
REVIEW_STATE actor=3 move=- PP=19/10/15/4 Atk=6 Def=6 SpA=6 SpD=6 Spe=6 status=0 ability=0 item=564
REVIEW_INPUT trainer=213 slot=0 species=332 lv=38 HP=113 Atk=140 Def=62 SpA=93 SpD=62 Spe=105 item=523 ability=11
REVIEW_INPUT trainer=213 slot=1 species=71 lv=38 HP=120 Atk=86 Def=66 SpA=127 SpD=69 Spe=93 item=487 ability=34
REVIEW_INPUT trainer=213 slot=2 species=673 lv=38 HP=177 Atk=127 Def=64 SpA=68 SpD=78 Spe=88 item=472 ability=157
REVIEW_INPUT trainer=213 slot=3 species=781 lv=38 HP=136 Atk=154 Def=93 SpA=73 SpD=85 Spe=47 item=564 ability=200
AI decision turn=1 actor=0 move=Double-Edge target=1
AI decision turn=1 actor=1 move=Horn Leech target=0
AI decision turn=1 actor=2 move=Ice Punch target=3
AI decision turn=1 actor=3 move=Anchor Shot target=0
AI decision turn=2 actor=2 move=Ice Punch target=3
AI decision turn=2 actor=1 move=Horn Leech target=2
AI decision turn=2 actor=3 move=Protect target=3
AI decision turn=3 actor=2 move=Ice Punch target=3
AI decision turn=3 actor=1 move=Horn Leech target=2
AI decision turn=3 actor=3 move=Anchor Shot target=2
AI decision turn=4 actor=2 move=Ice Punch target=3
AI decision turn=4 actor=1 move=Horn Leech target=2
AI decision turn=5 actor=1 move=Horn Leech target=2
REVIEW_AFTER board=10 turns=4 reserves=1 species=673/781 HP=86/0 foes=0/56 faints=1/1 initialFrames=21
REVIEW_STATE actor=1 move=Horn Leech PP=6/20/10/5 Atk=6 Def=6 SpA=6 SpD=6 Spe=6 status=0 ability=157 item=472
REVIEW_STATE actor=3 move=- PP=19/10/15/4 Atk=6 Def=6 SpA=6 SpD=6 Spe=6 status=0 ability=0 item=564
REVIEW_INPUT trainer=213 slot=0 species=332 lv=38 HP=113 Atk=140 Def=62 SpA=93 SpD=62 Spe=105 item=523 ability=11
REVIEW_INPUT trainer=213 slot=1 species=71 lv=38 HP=120 Atk=86 Def=66 SpA=127 SpD=69 Spe=93 item=487 ability=34
REVIEW_INPUT trainer=213 slot=2 species=673 lv=38 HP=177 Atk=127 Def=64 SpA=68 SpD=78 Spe=88 item=472 ability=157
REVIEW_INPUT trainer=213 slot=3 species=781 lv=38 HP=136 Atk=154 Def=93 SpA=73 SpD=85 Spe=47 item=564 ability=200
AI decision turn=1 actor=0 move=Air Slash target=1
AI decision turn=1 actor=1 move=Horn Leech target=2
AI decision turn=1 actor=2 move=Thunderbolt target=3
AI decision turn=1 actor=3 move=Shadow Claw target=0
AI decision turn=2 actor=1 move=High Horsepower target=2
AI decision turn=2 actor=3 move=Power Whip target=2
REVIEW_AFTER board=11 turns=1 reserves=1 species=673/781 HP=88/123 foes=0/95 faints=0/1 initialFrames=17
REVIEW_STATE actor=1 move=Horn Leech PP=9/20/10/5 Atk=6 Def=6 SpA=6 SpD=6 Spe=6 status=0 ability=157 item=472
REVIEW_STATE actor=3 move=Shadow Claw PP=20/10/14/5 Atk=6 Def=6 SpA=6 SpD=6 Spe=6 status=0 ability=200 item=564
REVIEW_INPUT trainer=213 slot=0 species=332 lv=38 HP=113 Atk=140 Def=62 SpA=93 SpD=62 Spe=105 item=523 ability=11
REVIEW_INPUT trainer=213 slot=1 species=71 lv=38 HP=120 Atk=86 Def=66 SpA=127 SpD=69 Spe=93 item=487 ability=34
REVIEW_INPUT trainer=213 slot=2 species=673 lv=38 HP=177 Atk=127 Def=64 SpA=68 SpD=78 Spe=88 item=472 ability=157
REVIEW_INPUT trainer=213 slot=3 species=781 lv=38 HP=136 Atk=154 Def=93 SpA=73 SpD=85 Spe=47 item=564 ability=200
AI decision turn=1 actor=0 move=Air Slash target=1
AI decision turn=1 actor=1 move=Horn Leech target=2
AI decision turn=1 actor=2 move=Thunderbolt target=3
AI decision turn=1 actor=3 move=Shadow Claw target=0
AI decision turn=2 actor=2 move=Thunderbolt target=3
AI decision turn=2 actor=1 move=High Horsepower target=2
AI decision turn=2 actor=3 move=Power Whip target=2
REVIEW_AFTER board=11 turns=2 reserves=1 species=673/781 HP=88/110 foes=0/0 faints=0/2 initialFrames=17
REVIEW_STATE actor=1 move=High Horsepower PP=9/20/9/5 Atk=6 Def=6 SpA=6 SpD=6 Spe=6 status=0 ability=157 item=472
REVIEW_STATE actor=3 move=Power Whip PP=20/9/14/5 Atk=6 Def=6 SpA=6 SpD=6 Spe=6 status=0 ability=200 item=564
REVIEW_INPUT trainer=213 slot=0 species=332 lv=38 HP=113 Atk=140 Def=62 SpA=93 SpD=62 Spe=105 item=523 ability=11
REVIEW_INPUT trainer=213 slot=1 species=71 lv=38 HP=120 Atk=86 Def=66 SpA=127 SpD=69 Spe=93 item=487 ability=34
REVIEW_INPUT trainer=213 slot=2 species=673 lv=38 HP=177 Atk=127 Def=64 SpA=68 SpD=78 Spe=88 item=472 ability=157
REVIEW_INPUT trainer=213 slot=3 species=781 lv=38 HP=136 Atk=154 Def=93 SpA=73 SpD=85 Spe=47 item=564 ability=200
AI decision turn=1 actor=0 move=Fake Out target=1
AI decision turn=1 actor=1 move=Horn Leech target=0
AI decision turn=1 actor=2 move=Scald target=3
AI decision turn=1 actor=3 move=Anchor Shot target=0
AI decision turn=2 actor=1 move=Horn Leech target=0
AI decision turn=2 actor=3 move=Protect target=3
REVIEW_AFTER board=12 turns=1 reserves=1 species=673/781 HP=166/115 foes=1/135 faints=0/0 initialFrames=20
REVIEW_STATE actor=1 move=- PP=10/20/10/5 Atk=6 Def=6 SpA=6 SpD=6 Spe=6 status=0 ability=157 item=472
REVIEW_STATE actor=3 move=Anchor Shot PP=19/10/15/5 Atk=6 Def=6 SpA=6 SpD=6 Spe=6 status=0 ability=200 item=564
REVIEW_INPUT trainer=213 slot=0 species=332 lv=38 HP=113 Atk=140 Def=62 SpA=93 SpD=62 Spe=105 item=523 ability=11
REVIEW_INPUT trainer=213 slot=1 species=71 lv=38 HP=120 Atk=86 Def=66 SpA=127 SpD=69 Spe=93 item=487 ability=34
REVIEW_INPUT trainer=213 slot=2 species=673 lv=38 HP=177 Atk=127 Def=64 SpA=68 SpD=78 Spe=88 item=472 ability=157
REVIEW_INPUT trainer=213 slot=3 species=781 lv=38 HP=136 Atk=154 Def=93 SpA=73 SpD=85 Spe=47 item=564 ability=200
AI decision turn=1 actor=0 move=Fake Out target=1
AI decision turn=1 actor=1 move=Horn Leech target=0
AI decision turn=1 actor=2 move=Scald target=3
AI decision turn=1 actor=3 move=Anchor Shot target=0
AI decision turn=2 actor=0 move=Drain Punch target=1
AI decision turn=2 actor=1 move=Horn Leech target=0
AI decision turn=2 actor=2 move=Scald target=3
AI decision turn=2 actor=3 move=Protect target=3
AI decision turn=3 actor=1 move=Horn Leech target=2
AI decision turn=3 actor=3 move=Power Whip target=2
REVIEW_AFTER board=12 turns=2 reserves=1 species=673/781 HP=132/115 foes=0/135 faints=0/1 initialFrames=20
REVIEW_STATE actor=1 move=Horn Leech PP=9/20/10/5 Atk=6 Def=6 SpA=6 SpD=6 Spe=6 status=0 ability=157 item=472
REVIEW_STATE actor=3 move=Protect PP=19/10/15/4 Atk=6 Def=6 SpA=6 SpD=6 Spe=6 status=0 ability=200 item=564
REVIEW_INPUT trainer=213 slot=0 species=332 lv=38 HP=113 Atk=140 Def=62 SpA=93 SpD=62 Spe=105 item=523 ability=11
REVIEW_INPUT trainer=213 slot=1 species=71 lv=38 HP=120 Atk=86 Def=66 SpA=127 SpD=69 Spe=93 item=487 ability=34
REVIEW_INPUT trainer=213 slot=2 species=673 lv=38 HP=177 Atk=127 Def=64 SpA=68 SpD=78 Spe=88 item=472 ability=157
REVIEW_INPUT trainer=213 slot=3 species=781 lv=38 HP=136 Atk=154 Def=93 SpA=73 SpD=85 Spe=47 item=564 ability=200
AI decision turn=1 actor=0 move=Fake Out target=1
AI decision turn=1 actor=1 move=Horn Leech target=0
AI decision turn=1 actor=2 move=Scald target=3
AI decision turn=1 actor=3 move=Anchor Shot target=0
AI decision turn=2 actor=0 move=Drain Punch target=1
AI decision turn=2 actor=1 move=Horn Leech target=0
AI decision turn=2 actor=2 move=Scald target=3
AI decision turn=2 actor=3 move=Protect target=3
AI decision turn=3 actor=2 move=Scald target=3
AI decision turn=3 actor=1 move=Horn Leech target=2
AI decision turn=3 actor=3 move=Power Whip target=2
REVIEW_AFTER board=12 turns=3 reserves=1 species=673/781 HP=157/94 foes=0/0 faints=0/2 initialFrames=20
REVIEW_STATE actor=1 move=Horn Leech PP=8/20/10/5 Atk=6 Def=6 SpA=6 SpD=6 Spe=6 status=0 ability=157 item=472
REVIEW_STATE actor=3 move=Power Whip PP=19/9/15/4 Atk=6 Def=6 SpA=6 SpD=6 Spe=6 status=0 ability=200 item=564
REVIEW_INPUT trainer=213 slot=0 species=332 lv=38 HP=113 Atk=140 Def=62 SpA=93 SpD=62 Spe=105 item=523 ability=11
REVIEW_INPUT trainer=213 slot=1 species=71 lv=38 HP=120 Atk=86 Def=66 SpA=127 SpD=69 Spe=93 item=487 ability=34
REVIEW_INPUT trainer=213 slot=2 species=673 lv=38 HP=177 Atk=127 Def=64 SpA=68 SpD=78 Spe=88 item=472 ability=157
REVIEW_INPUT trainer=213 slot=3 species=781 lv=38 HP=136 Atk=154 Def=93 SpA=73 SpD=85 Spe=47 item=564 ability=200
AI decision turn=1 actor=0 move=Earthquake target=1
AI decision turn=1 actor=1 move=Horn Leech target=0
AI decision turn=1 actor=2 move=Air Slash target=3
AI decision turn=1 actor=3 move=Protect target=3
AI decision turn=2 actor=1 move=Horn Leech target=0
AI decision turn=2 actor=3 move=Shadow Claw target=2
REVIEW_AFTER board=13 turns=1 reserves=1 species=673/781 HP=177/136 foes=1/114 faints=0/0 initialFrames=18
REVIEW_STATE actor=1 move=Horn Leech PP=9/20/10/5 Atk=6 Def=6 SpA=6 SpD=6 Spe=6 status=0 ability=157 item=472
REVIEW_STATE actor=3 move=Protect PP=20/10/15/4 Atk=6 Def=6 SpA=6 SpD=6 Spe=6 status=0 ability=200 item=564
REVIEW_INPUT trainer=213 slot=0 species=332 lv=38 HP=113 Atk=140 Def=62 SpA=93 SpD=62 Spe=105 item=523 ability=11
REVIEW_INPUT trainer=213 slot=1 species=71 lv=38 HP=120 Atk=86 Def=66 SpA=127 SpD=69 Spe=93 item=487 ability=34
REVIEW_INPUT trainer=213 slot=2 species=673 lv=38 HP=177 Atk=127 Def=64 SpA=68 SpD=78 Spe=88 item=472 ability=157
REVIEW_INPUT trainer=213 slot=3 species=781 lv=38 HP=136 Atk=154 Def=93 SpA=73 SpD=85 Spe=47 item=564 ability=200
AI decision turn=1 actor=0 move=Earthquake target=1
AI decision turn=1 actor=1 move=Horn Leech target=0
AI decision turn=1 actor=2 move=Air Slash target=3
AI decision turn=1 actor=3 move=Protect target=3
AI decision turn=2 actor=0 move=Earthquake target=1
AI decision turn=2 actor=1 move=Horn Leech target=0
AI decision turn=2 actor=2 move=Air Slash target=3
AI decision turn=2 actor=3 move=Shadow Claw target=2
REVIEW_AFTER board=13 turns=2 reserves=1 species=673/781 HP=145/3 foes=0/0 faints=0/2 initialFrames=18
REVIEW_STATE actor=1 move=Horn Leech PP=8/20/10/5 Atk=6 Def=6 SpA=6 SpD=6 Spe=6 status=0 ability=157 item=472
REVIEW_STATE actor=3 move=Shadow Claw PP=20/10/14/4 Atk=6 Def=6 SpA=6 SpD=6 Spe=6 status=0 ability=200 item=564
REVIEW_INPUT trainer=213 slot=0 species=332 lv=38 HP=113 Atk=140 Def=62 SpA=93 SpD=62 Spe=105 item=523 ability=11
REVIEW_INPUT trainer=213 slot=1 species=71 lv=38 HP=120 Atk=86 Def=66 SpA=127 SpD=69 Spe=93 item=487 ability=34
REVIEW_INPUT trainer=213 slot=2 species=673 lv=38 HP=177 Atk=127 Def=64 SpA=68 SpD=78 Spe=88 item=472 ability=157
REVIEW_INPUT trainer=213 slot=3 species=781 lv=38 HP=136 Atk=154 Def=93 SpA=73 SpD=85 Spe=47 item=564 ability=200
AI decision turn=1 actor=0 move=Taunt target=1
AI decision turn=1 actor=1 move=Horn Leech target=0
AI decision turn=1 actor=2 move=Giga Drain target=3
AI decision turn=1 actor=3 move=Anchor Shot target=0
AI decision turn=2 actor=1 move=Horn Leech target=2
AI decision turn=2 actor=3 move=Power Whip target=2
REVIEW_AFTER board=14 turns=1 reserves=1 species=673/781 HP=177/115 foes=0/135 faints=0/1 initialFrames=20
REVIEW_STATE actor=1 move=Horn Leech PP=9/20/10/5 Atk=6 Def=6 SpA=6 SpD=6 Spe=6 status=0 ability=157 item=472
REVIEW_STATE actor=3 move=Anchor Shot PP=19/10/15/5 Atk=6 Def=6 SpA=6 SpD=6 Spe=6 status=0 ability=200 item=564
REVIEW_INPUT trainer=213 slot=0 species=332 lv=38 HP=113 Atk=140 Def=62 SpA=93 SpD=62 Spe=105 item=523 ability=11
REVIEW_INPUT trainer=213 slot=1 species=71 lv=38 HP=120 Atk=86 Def=66 SpA=127 SpD=69 Spe=93 item=487 ability=34
REVIEW_INPUT trainer=213 slot=2 species=673 lv=38 HP=177 Atk=127 Def=64 SpA=68 SpD=78 Spe=88 item=472 ability=157
REVIEW_INPUT trainer=213 slot=3 species=781 lv=38 HP=136 Atk=154 Def=93 SpA=73 SpD=85 Spe=47 item=564 ability=200
AI decision turn=1 actor=0 move=Taunt target=1
AI decision turn=1 actor=1 move=Horn Leech target=0
AI decision turn=1 actor=2 move=Giga Drain target=3
AI decision turn=1 actor=3 move=Anchor Shot target=0
AI decision turn=2 actor=2 move=Giga Drain target=3
AI decision turn=2 actor=1 move=Horn Leech target=2
AI decision turn=2 actor=3 move=Power Whip target=2
REVIEW_AFTER board=14 turns=2 reserves=1 species=673/781 HP=177/94 foes=0/0 faints=0/2 initialFrames=20
REVIEW_STATE actor=1 move=Horn Leech PP=8/20/10/5 Atk=6 Def=6 SpA=6 SpD=6 Spe=6 status=0 ability=157 item=472
REVIEW_STATE actor=3 move=Power Whip PP=19/9/15/5 Atk=6 Def=6 SpA=6 SpD=6 Spe=6 status=0 ability=200 item=564

  [31mFAILED[0m tests:
  - [31mtest/battle/ai/../../../work/larry_gen9_probe.inc:72[0m: EC live review Larry: reserve setup opportunity and payoff 1/3: 84: Too many different moves for playerLeft

- Tests [31mFAILED[0m:          1    Add TESTS='X' to run tests with the defined prefix.
- Tests [32mPASSED[0m:          3
- Tests [34mTOTAL[0m:           4

make: *** [check] Error 1
