python3 tools/learnset_helpers/make_teachables.py --preparation
tools/scaninc/scaninc -M build/emerald-repair-headless-20260908/data/sound_data.d -g build/assets -I include -I "" data/sound_data.s
tools/scaninc/scaninc -M build/emerald-repair-headless-20260908/data/mystery_gift.d -g build/assets -I include -I "" data/mystery_gift.s
tools/scaninc/scaninc -M build/emerald-repair-headless-20260908/data/mystery_event_script_cmd_table.d -g build/assets -I include -I "" data/mystery_event_script_cmd_table.s
tools/scaninc/scaninc -M build/emerald-repair-headless-20260908/data/multiboot_pokemon_colosseum.d -g build/assets -I include -I "" data/multiboot_pokemon_colosseum.s
tools/scaninc/scaninc -M build/emerald-repair-headless-20260908/data/multiboot_ereader.d -g build/assets -I include -I "" data/multiboot_ereader.s
tools/scaninc/scaninc -M build/emerald-repair-headless-20260908/data/multiboot_berry_glitch_fix.d -g build/assets -I include -I "" data/multiboot_berry_glitch_fix.s
tools/scaninc/scaninc -M build/emerald-repair-headless-20260908/data/maps.d -g build/assets -I include -I "" data/maps.s
tools/scaninc/scaninc -M build/emerald-repair-headless-20260908/data/map_events.d -g build/assets -I include -I "" data/map_events.s
tools/scaninc/scaninc -M build/emerald-repair-headless-20260908/data/field_effect_scripts.d -g build/assets -I include -I "" data/field_effect_scripts.s
tools/scaninc/scaninc -M build/emerald-repair-headless-20260908/data/event_scripts.d -g build/assets -I include -I "" data/event_scripts.s
tools/scaninc/scaninc -M build/emerald-repair-headless-20260908/data/contest_ai_scripts.d -g build/assets -I include -I "" data/contest_ai_scripts.s
tools/scaninc/scaninc -M build/emerald-repair-headless-20260908/data/battle_scripts_2.d -g build/assets -I include -I "" data/battle_scripts_2.s
tools/scaninc/scaninc -M build/emerald-repair-headless-20260908/data/battle_scripts_1.d -g build/assets -I include -I "" data/battle_scripts_1.s
tools/scaninc/scaninc -M build/emerald-repair-headless-20260908/data/battle_anim_scripts.d -g build/assets -I include -I "" data/battle_anim_scripts.s
tools/scaninc/scaninc -M build/emerald-repair-headless-20260908/src/rom_header.d -g build/assets -I include -I "" src/rom_header.s
tools/scaninc/scaninc -M build/emerald-repair-headless-20260908/src/m4a_1.d -g build/assets -I include -I "" src/m4a_1.s
tools/scaninc/scaninc -M build/emerald-repair-headless-20260908/src/libgcnmultiboot.d -g build/assets -I include -I "" src/libgcnmultiboot.s
tools/scaninc/scaninc -M build/emerald-repair-headless-20260908/src/decompress_asm.d -g build/assets -I include -I "" src/decompress_asm.s
tools/scaninc/scaninc -M build/emerald-repair-headless-20260908/src/crt0.d -g build/assets -I include -I "" src/crt0.s
tools/scaninc/scaninc -M build/emerald-repair-headless-20260908/src/wonder_news.d -g build/assets -I include -I tools/agbcc/include src/wonder_news.c
tools/scaninc/scaninc -M build/emerald-repair-headless-20260908/src/wireless_communication_status_screen.d -g build/assets -I include -I tools/agbcc/include src/wireless_communication_status_screen.c
tools/scaninc/scaninc -M build/emerald-repair-headless-20260908/src/window.d -g build/assets -I include -I tools/agbcc/include src/window.c
tools/scaninc/scaninc -M build/emerald-repair-headless-20260908/src/wild_encounter_ow.d -g build/assets -I include -I tools/agbcc/include src/wild_encounter_ow.c
tools/scaninc/scaninc -M build/emerald-repair-headless-20260908/src/wild_encounter.d -g build/assets -I include -I tools/agbcc/include src/wild_encounter.c
tools/scaninc/scaninc -M build/emerald-repair-headless-20260908/src/wallclock.d -g build/assets -I include -I tools/agbcc/include src/wallclock.c
tools/scaninc/scaninc -M build/emerald-repair-headless-20260908/src/walda_phrase.d -g build/assets -I include -I tools/agbcc/include src/walda_phrase.c
tools/scaninc/scaninc -M build/emerald-repair-headless-20260908/src/vs_seeker.d -g build/assets -I include -I tools/agbcc/include src/vs_seeker.c
tools/scaninc/scaninc -M build/emerald-repair-headless-20260908/src/util.d -g build/assets -I include -I tools/agbcc/include src/util.c
tools/scaninc/scaninc -M build/emerald-repair-headless-20260908/src/use_pokeblock.d -g build/assets -I include -I tools/agbcc/include src/use_pokeblock.c
tools/scaninc/scaninc -M build/emerald-repair-headless-20260908/src/union_room_player_avatar.d -g build/assets -I include -I tools/agbcc/include src/union_room_player_avatar.c
tools/scaninc/scaninc -M build/emerald-repair-headless-20260908/src/union_room_chat.d -g build/assets -I include -I tools/agbcc/include src/union_room_chat.c
tools/scaninc/scaninc -M build/emerald-repair-headless-20260908/src/union_room_battle.d -g build/assets -I include -I tools/agbcc/include src/union_room_battle.c
tools/scaninc/scaninc -M build/emerald-repair-headless-20260908/src/union_room.d -g build/assets -I include -I tools/agbcc/include src/union_room.c
tools/scaninc/scaninc -M build/emerald-repair-headless-20260908/src/type_icons.d -g build/assets -I include -I tools/agbcc/include src/type_icons.c
tools/scaninc/scaninc -M build/emerald-repair-headless-20260908/src/tv.d -g build/assets -I include -I tools/agbcc/include src/tv.c
tools/scaninc/scaninc -M build/emerald-repair-headless-20260908/src/trig.d -g build/assets -I include -I tools/agbcc/include src/trig.c
tools/scaninc/scaninc -M build/emerald-repair-headless-20260908/src/trainer_util.d -g build/assets -I include -I tools/agbcc/include src/trainer_util.c
tools/scaninc/scaninc -M build/emerald-repair-headless-20260908/src/trainer_tower_sets.d -g build/assets -I include -I tools/agbcc/include src/trainer_tower_sets.c
tools/scaninc/scaninc -M build/emerald-repair-headless-20260908/src/trainer_tower.d -g build/assets -I include -I tools/agbcc/include src/trainer_tower.c
tools/scaninc/scaninc -M build/emerald-repair-headless-20260908/src/trainer_slide.d -g build/assets -I include -I tools/agbcc/include src/trainer_slide.c
tools/scaninc/scaninc -M build/emerald-repair-headless-20260908/src/trainer_see.d -g build/assets -I include -I tools/agbcc/include src/trainer_see.c
tools/scaninc/scaninc -M build/emerald-repair-headless-20260908/src/trainer_pools.d -g build/assets -I include -I tools/agbcc/include src/trainer_pools.c
tools/scaninc/scaninc -M build/emerald-repair-headless-20260908/src/trainer_pokemon_sprites.d -g build/assets -I include -I tools/agbcc/include src/trainer_pokemon_sprites.c
tools/scaninc/scaninc -M build/emerald-repair-headless-20260908/src/trainer_hill.d -g build/assets -I include -I tools/agbcc/include src/trainer_hill.c
tools/scaninc/scaninc -M build/emerald-repair-headless-20260908/src/trainer_fan_club.d -g build/assets -I include -I tools/agbcc/include src/trainer_fan_club.c
tools/scaninc/scaninc -M build/emerald-repair-headless-20260908/src/trainer_card.d -g build/assets -I include -I tools/agbcc/include src/trainer_card.c
tools/scaninc/scaninc -M build/emerald-repair-headless-20260908/src/trainer.d -g build/assets -I include -I tools/agbcc/include src/trainer.c
tools/scaninc/scaninc -M build/emerald-repair-headless-20260908/src/trader.d -g build/assets -I include -I tools/agbcc/include src/trader.c
tools/scaninc/scaninc -M build/emerald-repair-headless-20260908/src/trade.d -g build/assets -I include -I tools/agbcc/include src/trade.c
tools/scaninc/scaninc -M build/emerald-repair-headless-20260908/src/title_screen_frlg.d -g build/assets -I include -I tools/agbcc/include src/title_screen_frlg.c
tools/scaninc/scaninc -M build/emerald-repair-headless-20260908/src/title_screen.d -g build/assets -I include -I tools/agbcc/include src/title_screen.c
tools/scaninc/scaninc -M build/emerald-repair-headless-20260908/src/time_events.d -g build/assets -I include -I tools/agbcc/include src/time_events.c
tools/scaninc/scaninc -M build/emerald-repair-headless-20260908/src/tilesets.d -g build/assets -I include -I tools/agbcc/include src/tilesets.c
tools/scaninc/scaninc -M build/emerald-repair-headless-20260908/src/tileset_anims.d -g build/assets -I include -I tools/agbcc/include src/tileset_anims.c
tools/scaninc/scaninc -M build/emerald-repair-headless-20260908/src/text_window.d -g build/assets -I include -I tools/agbcc/include src/text_window.c
tools/scaninc/scaninc -M build/emerald-repair-headless-20260908/src/text_input_strings.d -g build/assets -I include -I tools/agbcc/include src/text_input_strings.c
tools/scaninc/scaninc -M build/emerald-repair-headless-20260908/src/text.d -g build/assets -I include -I tools/agbcc/include src/text.c
tools/scaninc/scaninc -M build/emerald-repair-headless-20260908/src/test_runner_stub.d -g build/assets -I include -I tools/agbcc/include src/test_runner_stub.c
tools/scaninc/scaninc -M build/emerald-repair-headless-20260908/src/task.d -g build/assets -I include -I tools/agbcc/include src/task.c
tools/scaninc/scaninc -M build/emerald-repair-headless-20260908/src/strings.d -g build/assets -I include -I tools/agbcc/include src/strings.c
tools/scaninc/scaninc -M build/emerald-repair-headless-20260908/src/string_util.d -g build/assets -I include -I tools/agbcc/include src/string_util.c
tools/scaninc/scaninc -M build/emerald-repair-headless-20260908/src/starter_choose.d -g build/assets -I include -I tools/agbcc/include src/starter_choose.c
tools/scaninc/scaninc -M build/emerald-repair-headless-20260908/src/start_menu.d -g build/assets -I include -I tools/agbcc/include src/start_menu.c
tools/scaninc/scaninc -M build/emerald-repair-headless-20260908/src/ss_anne.d -g build/assets -I include -I tools/agbcc/include src/ss_anne.c
tools/scaninc/scaninc -M build/emerald-repair-headless-20260908/src/sprite.d -g build/assets -I include -I tools/agbcc/include src/sprite.c
tools/scaninc/scaninc -M build/emerald-repair-headless-20260908/src/sprays.d -g build/assets -I include -I tools/agbcc/include src/sprays.c
tools/scaninc/scaninc -M build/emerald-repair-headless-20260908/src/sound.d -g build/assets -I include -I tools/agbcc/include src/sound.c
tools/scaninc/scaninc -M build/emerald-repair-headless-20260908/src/slot_machine.d -g build/assets -I include -I tools/agbcc/include src/slot_machine.c
tools/scaninc/scaninc -M build/emerald-repair-headless-20260908/src/siirtc.d -g build/assets -I include -I tools/agbcc/include src/siirtc.c
tools/scaninc/scaninc -M build/emerald-repair-headless-20260908/src/shop_criteria.d -g build/assets -I include -I tools/agbcc/include src/shop_criteria.c
tools/scaninc/scaninc -M build/emerald-repair-headless-20260908/src/shop.d -g build/assets -I include -I tools/agbcc/include src/shop.c
tools/scaninc/scaninc -M build/emerald-repair-headless-20260908/src/secret_base.d -g build/assets -I include -I tools/agbcc/include src/secret_base.c
tools/scaninc/scaninc -M build/emerald-repair-headless-20260908/src/seagallop.d -g build/assets -I include -I tools/agbcc/include src/seagallop.c
tools/scaninc/scaninc -M build/emerald-repair-headless-20260908/src/script_pokemon_util.d -g build/assets -I include -I tools/agbcc/include src/script_pokemon_util.c
tools/scaninc/scaninc -M build/emerald-repair-headless-20260908/src/script_movement.d -g build/assets -I include -I tools/agbcc/include src/script_movement.c
tools/scaninc/scaninc -M build/emerald-repair-headless-20260908/src/script_menu.d -g build/assets -I include -I tools/agbcc/include src/script_menu.c
tools/scaninc/scaninc -M build/emerald-repair-headless-20260908/src/script.d -g build/assets -I include -I tools/agbcc/include src/script.c
tools/scaninc/scaninc -M build/emerald-repair-headless-20260908/src/scrcmd.d -g build/assets -I include -I tools/agbcc/include src/scrcmd.c
tools/scaninc/scaninc -M build/emerald-repair-headless-20260908/src/scanline_effect.d -g build/assets -I include -I tools/agbcc/include src/scanline_effect.c
tools/scaninc/scaninc -M build/emerald-repair-headless-20260908/src/save_location.d -g build/assets -I include -I tools/agbcc/include src/save_location.c
tools/scaninc/scaninc -M build/emerald-repair-headless-20260908/src/save_failed_screen.d -g build/assets -I include -I tools/agbcc/include src/save_failed_screen.c
tools/scaninc/scaninc -M build/emerald-repair-headless-20260908/src/save.d -g build/assets -I include -I tools/agbcc/include src/save.c
tools/scaninc/scaninc -M build/emerald-repair-headless-20260908/src/safari_zone.d -g build/assets -I include -I tools/agbcc/include src/safari_zone.c
tools/scaninc/scaninc -M build/emerald-repair-headless-20260908/src/rtc.d -g build/assets -I include -I tools/agbcc/include src/rtc.c
tools/scaninc/scaninc -M build/emerald-repair-headless-20260908/src/roulette.d -g build/assets -I include -I tools/agbcc/include src/roulette.c
tools/scaninc/scaninc -M build/emerald-repair-headless-20260908/src/rotating_tile_puzzle.d -g build/assets -I include -I tools/agbcc/include src/rotating_tile_puzzle.c
tools/scaninc/scaninc -M build/emerald-repair-headless-20260908/src/rotating_gate.d -g build/assets -I include -I tools/agbcc/include src/rotating_gate.c
tools/scaninc/scaninc -M build/emerald-repair-headless-20260908/src/rom_header_rhh.d -g build/assets -I include -I tools/agbcc/include src/rom_header_rhh.c
tools/scaninc/scaninc -M build/emerald-repair-headless-20260908/src/rom_header_gf.d -g build/assets -I include -I tools/agbcc/include src/rom_header_gf.c
tools/scaninc/scaninc -M build/emerald-repair-headless-20260908/src/roamer.d -g build/assets -I include -I tools/agbcc/include src/roamer.c
tools/scaninc/scaninc -M build/emerald-repair-headless-20260908/src/reshow_battle_screen.d -g build/assets -I include -I tools/agbcc/include src/reshow_battle_screen.c
tools/scaninc/scaninc -M build/emerald-repair-headless-20260908/src/reset_rtc_screen.d -g build/assets -I include -I tools/agbcc/include src/reset_rtc_screen.c
tools/scaninc/scaninc -M build/emerald-repair-headless-20260908/src/reload_save.d -g build/assets -I include -I tools/agbcc/include src/reload_save.c
tools/scaninc/scaninc -M build/emerald-repair-headless-20260908/src/regions.d -g build/assets -I include -I tools/agbcc/include src/regions.c
tools/scaninc/scaninc -M build/emerald-repair-headless-20260908/src/region_map.d -g build/assets -I include -I tools/agbcc/include src/region_map.c
tools/scaninc/scaninc -M build/emerald-repair-headless-20260908/src/recorded_battle.d -g build/assets -I include -I tools/agbcc/include src/recorded_battle.c
tools/scaninc/scaninc -M build/emerald-repair-headless-20260908/src/record_mixing.d -g build/assets -I include -I tools/agbcc/include src/record_mixing.c
tools/scaninc/scaninc -M build/emerald-repair-headless-20260908/src/rayquaza_scene.d -g build/assets -I include -I tools/agbcc/include src/rayquaza_scene.c
tools/scaninc/scaninc -M build/emerald-repair-headless-20260908/src/random_mon_generation.d -g build/assets -I include -I tools/agbcc/include src/random_mon_generation.c
tools/scaninc/scaninc -M build/emerald-repair-headless-20260908/src/random.d -g build/assets -I include -I tools/agbcc/include src/random.c
tools/scaninc/scaninc -M build/emerald-repair-headless-20260908/src/quickstart.d -g build/assets -I include -I tools/agbcc/include src/quickstart.c
tools/scaninc/scaninc -M build/emerald-repair-headless-20260908/src/post_battle_event_funcs.d -g build/assets -I include -I tools/agbcc/include src/post_battle_event_funcs.c
tools/scaninc/scaninc -M build/emerald-repair-headless-20260908/src/pokerus.d -g build/assets -I include -I tools/agbcc/include src/pokerus.c
tools/scaninc/scaninc -M build/emerald-repair-headless-20260908/src/pokenav_ribbons_summary.d -g build/assets -I include -I tools/agbcc/include src/pokenav_ribbons_summary.c
tools/scaninc/scaninc -M build/emerald-repair-headless-20260908/src/pokenav_ribbons_list.d -g build/assets -I include -I tools/agbcc/include src/pokenav_ribbons_list.c
tools/scaninc/scaninc -M build/emerald-repair-headless-20260908/src/pokenav_region_map.d -g build/assets -I include -I tools/agbcc/include src/pokenav_region_map.c
tools/scaninc/scaninc -M build/emerald-repair-headless-20260908/src/pokenav_menu_handler_gfx.d -g build/assets -I include -I tools/agbcc/include src/pokenav_menu_handler_gfx.c
tools/scaninc/scaninc -M build/emerald-repair-headless-20260908/src/pokenav_menu_handler.d -g build/assets -I include -I tools/agbcc/include src/pokenav_menu_handler.c
tools/scaninc/scaninc -M build/emerald-repair-headless-20260908/src/pokenav_match_call_list.d -g build/assets -I include -I tools/agbcc/include src/pokenav_match_call_list.c
tools/scaninc/scaninc -M build/emerald-repair-headless-20260908/src/pokenav_match_call_gfx.d -g build/assets -I include -I tools/agbcc/include src/pokenav_match_call_gfx.c
tools/scaninc/scaninc -M build/emerald-repair-headless-20260908/src/pokenav_match_call_data.d -g build/assets -I include -I tools/agbcc/include src/pokenav_match_call_data.c
tools/scaninc/scaninc -M build/emerald-repair-headless-20260908/src/pokenav_main_menu.d -g build/assets -I include -I tools/agbcc/include src/pokenav_main_menu.c
tools/scaninc/scaninc -M build/emerald-repair-headless-20260908/src/pokenav_list.d -g build/assets -I include -I tools/agbcc/include src/pokenav_list.c
tools/scaninc/scaninc -M build/emerald-repair-headless-20260908/src/pokenav_conditions_search_results.d -g build/assets -I include -I tools/agbcc/include src/pokenav_conditions_search_results.c
tools/scaninc/scaninc -M build/emerald-repair-headless-20260908/src/pokenav_conditions_gfx.d -g build/assets -I include -I tools/agbcc/include src/pokenav_conditions_gfx.c
tools/scaninc/scaninc -M build/emerald-repair-headless-20260908/src/pokenav_conditions.d -g build/assets -I include -I tools/agbcc/include src/pokenav_conditions.c
tools/scaninc/scaninc -M build/emerald-repair-headless-20260908/src/pokenav.d -g build/assets -I include -I tools/agbcc/include src/pokenav.c
tools/scaninc/scaninc -M build/emerald-repair-headless-20260908/src/pokemon_summary_screen.d -g build/assets -I include -I tools/agbcc/include src/pokemon_summary_screen.c
tools/scaninc/scaninc -M build/emerald-repair-headless-20260908/src/pokemon_storage_system.d -g build/assets -I include -I tools/agbcc/include src/pokemon_storage_system.c
tools/scaninc/scaninc -M build/emerald-repair-headless-20260908/src/pokemon_sprite_visualizer.d -g build/assets -I include -I tools/agbcc/include src/pokemon_sprite_visualizer.c
tools/scaninc/scaninc -M build/emerald-repair-headless-20260908/src/pokemon_spots.d -g build/assets -I include -I tools/agbcc/include src/pokemon_spots.c
tools/scaninc/scaninc -M build/emerald-repair-headless-20260908/src/pokemon_size_record.d -g build/assets -I include -I tools/agbcc/include src/pokemon_size_record.c
tools/scaninc/scaninc -M build/emerald-repair-headless-20260908/src/pokemon_jump.d -g build/assets -I include -I tools/agbcc/include src/pokemon_jump.c
tools/scaninc/scaninc -M build/emerald-repair-headless-20260908/src/pokemon_icon.d -g build/assets -I include -I tools/agbcc/include src/pokemon_icon.c
tools/scaninc/scaninc -M build/emerald-repair-headless-20260908/src/pokemon_animation.d -g build/assets -I include -I tools/agbcc/include src/pokemon_animation.c
tools/scaninc/scaninc -M build/emerald-repair-headless-20260908/src/pokemon.d -g build/assets -I include -I tools/agbcc/include src/pokemon.c
tools/scaninc/scaninc -M build/emerald-repair-headless-20260908/src/pokedex_plus_hgss.d -g build/assets -I include -I tools/agbcc/include src/pokedex_plus_hgss.c
tools/scaninc/scaninc -M build/emerald-repair-headless-20260908/src/pokedex_cry_screen.d -g build/assets -I include -I tools/agbcc/include src/pokedex_cry_screen.c
tools/scaninc/scaninc -M build/emerald-repair-headless-20260908/src/pokedex_area_screen.d -g build/assets -I include -I tools/agbcc/include src/pokedex_area_screen.c
tools/scaninc/scaninc -M build/emerald-repair-headless-20260908/src/pokedex_area_region_map.d -g build/assets -I include -I tools/agbcc/include src/pokedex_area_region_map.c
tools/scaninc/scaninc -M build/emerald-repair-headless-20260908/src/pokedex.d -g build/assets -I include -I tools/agbcc/include src/pokedex.c
tools/scaninc/scaninc -M build/emerald-repair-headless-20260908/src/pokeblock_feed.d -g build/assets -I include -I tools/agbcc/include src/pokeblock_feed.c
tools/scaninc/scaninc -M build/emerald-repair-headless-20260908/src/pokeblock.d -g build/assets -I include -I tools/agbcc/include src/pokeblock.c
tools/scaninc/scaninc -M build/emerald-repair-headless-20260908/src/pokeball.d -g build/assets -I include -I tools/agbcc/include src/pokeball.c
tools/scaninc/scaninc -M build/emerald-repair-headless-20260908/src/player_pc.d -g build/assets -I include -I tools/agbcc/include src/player_pc.c
tools/scaninc/scaninc -M build/emerald-repair-headless-20260908/src/play_time.d -g build/assets -I include -I tools/agbcc/include src/play_time.c
tools/scaninc/scaninc -M build/emerald-repair-headless-20260908/src/party_menu.d -g build/assets -I include -I tools/agbcc/include src/party_menu.c
tools/scaninc/scaninc -M build/emerald-repair-headless-20260908/src/palette_util.d -g build/assets -I include -I tools/agbcc/include src/palette_util.c
tools/scaninc/scaninc -M build/emerald-repair-headless-20260908/src/palette.d -g build/assets -I include -I tools/agbcc/include src/palette.c
tools/scaninc/scaninc -M build/emerald-repair-headless-20260908/src/ow_abilities.d -g build/assets -I include -I tools/agbcc/include src/ow_abilities.c
tools/scaninc/scaninc -M build/emerald-repair-headless-20260908/src/overworld.d -g build/assets -I include -I tools/agbcc/include src/overworld.c
tools/scaninc/scaninc -M build/emerald-repair-headless-20260908/src/oras_dowse.d -g build/assets -I include -I tools/agbcc/include src/oras_dowse.c
tools/scaninc/scaninc -M build/emerald-repair-headless-20260908/src/option_menu.d -g build/assets -I include -I tools/agbcc/include src/option_menu.c
tools/scaninc/scaninc -M build/emerald-repair-headless-20260908/src/oak_speech.d -g build/assets -I include -I tools/agbcc/include src/oak_speech.c
tools/scaninc/scaninc -M build/emerald-repair-headless-20260908/src/new_game.d -g build/assets -I include -I tools/agbcc/include src/new_game.c
tools/scaninc/scaninc -M build/emerald-repair-headless-20260908/src/naming_screen.d -g build/assets -I include -I tools/agbcc/include src/naming_screen.c
tools/scaninc/scaninc -M build/emerald-repair-headless-20260908/src/mystery_gift_view.d -g build/assets -I include -I tools/agbcc/include src/mystery_gift_view.c
tools/scaninc/scaninc -M build/emerald-repair-headless-20260908/src/mystery_gift_server.d -g build/assets -I include -I tools/agbcc/include src/mystery_gift_server.c
tools/scaninc/scaninc -M build/emerald-repair-headless-20260908/src/mystery_gift_scripts.d -g build/assets -I include -I tools/agbcc/include src/mystery_gift_scripts.c
tools/scaninc/scaninc -M build/emerald-repair-headless-20260908/src/mystery_gift_menu.d -g build/assets -I include -I tools/agbcc/include src/mystery_gift_menu.c
tools/scaninc/scaninc -M build/emerald-repair-headless-20260908/src/mystery_gift_link.d -g build/assets -I include -I tools/agbcc/include src/mystery_gift_link.c
tools/scaninc/scaninc -M build/emerald-repair-headless-20260908/src/mystery_gift_client.d -g build/assets -I include -I tools/agbcc/include src/mystery_gift_client.c
tools/scaninc/scaninc -M build/emerald-repair-headless-20260908/src/mystery_gift.d -g build/assets -I include -I tools/agbcc/include src/mystery_gift.c
tools/scaninc/scaninc -M build/emerald-repair-headless-20260908/src/mystery_event_script.d -g build/assets -I include -I tools/agbcc/include src/mystery_event_script.c
tools/scaninc/scaninc -M build/emerald-repair-headless-20260908/src/mystery_event_msg.d -g build/assets -I include -I tools/agbcc/include src/mystery_event_msg.c
tools/scaninc/scaninc -M build/emerald-repair-headless-20260908/src/mystery_event_menu.d -g build/assets -I include -I tools/agbcc/include src/mystery_event_menu.c
tools/scaninc/scaninc -M build/emerald-repair-headless-20260908/src/multiboot.d -g build/assets -I include -I tools/agbcc/include src/multiboot.c
tools/scaninc/scaninc -M build/emerald-repair-headless-20260908/src/move_relearner.d -g build/assets -I include -I tools/agbcc/include src/move_relearner.c
tools/scaninc/scaninc -M build/emerald-repair-headless-20260908/src/move.d -g build/assets -I include -I tools/agbcc/include src/move.c
tools/scaninc/scaninc -M build/emerald-repair-headless-20260908/src/money.d -g build/assets -I include -I tools/agbcc/include src/money.c
tools/scaninc/scaninc -M build/emerald-repair-headless-20260908/src/mon_markings.d -g build/assets -I include -I tools/agbcc/include src/mon_markings.c
tools/scaninc/scaninc -M build/emerald-repair-headless-20260908/src/mirage_tower.d -g build/assets -I include -I tools/agbcc/include src/mirage_tower.c
tools/scaninc/scaninc -M build/emerald-repair-headless-20260908/src/minigame_countdown.d -g build/assets -I include -I tools/agbcc/include src/minigame_countdown.c
tools/scaninc/scaninc -M build/emerald-repair-headless-20260908/src/mini_printf.d -g build/assets -I include -I tools/agbcc/include src/mini_printf.c
tools/scaninc/scaninc -M build/emerald-repair-headless-20260908/src/metatile_behavior.d -g build/assets -I include -I tools/agbcc/include src/metatile_behavior.c
tools/scaninc/scaninc -M build/emerald-repair-headless-20260908/src/menu_specialized.d -g build/assets -I include -I tools/agbcc/include src/menu_specialized.c
tools/scaninc/scaninc -M build/emerald-repair-headless-20260908/src/menu_helpers.d -g build/assets -I include -I tools/agbcc/include src/menu_helpers.c
tools/scaninc/scaninc -M build/emerald-repair-headless-20260908/src/menu.d -g build/assets -I include -I tools/agbcc/include src/menu.c
tools/scaninc/scaninc -M build/emerald-repair-headless-20260908/src/mega_stone_rewards.d -g build/assets -I include -I tools/agbcc/include src/mega_stone_rewards.c
tools/scaninc/scaninc -M build/emerald-repair-headless-20260908/src/mauville_old_man.d -g build/assets -I include -I tools/agbcc/include src/mauville_old_man.c
tools/scaninc/scaninc -M build/emerald-repair-headless-20260908/src/math_util.d -g build/assets -I include -I tools/agbcc/include src/math_util.c
tools/scaninc/scaninc -M build/emerald-repair-headless-20260908/src/match_call.d -g build/assets -I include -I tools/agbcc/include src/match_call.c
tools/scaninc/scaninc -M build/emerald-repair-headless-20260908/src/mass_outbreak.d -g build/assets -I include -I tools/agbcc/include src/mass_outbreak.c
tools/scaninc/scaninc -M build/emerald-repair-headless-20260908/src/map_preview_screen.d -g build/assets -I include -I tools/agbcc/include src/map_preview_screen.c
tools/scaninc/scaninc -M build/emerald-repair-headless-20260908/src/map_name_popup.d -g build/assets -I include -I tools/agbcc/include src/map_name_popup.c
tools/scaninc/scaninc -M build/emerald-repair-headless-20260908/src/malloc.d -g build/assets -I include -I tools/agbcc/include src/malloc.c
tools/scaninc/scaninc -M build/emerald-repair-headless-20260908/src/main_menu.d -g build/assets -I include -I tools/agbcc/include src/main_menu.c
tools/scaninc/scaninc -M build/emerald-repair-headless-20260908/src/main.d -g build/assets -I include -I tools/agbcc/include src/main.c
tools/scaninc/scaninc -M build/emerald-repair-headless-20260908/src/mail_data.d -g build/assets -I include -I tools/agbcc/include src/mail_data.c
tools/scaninc/scaninc -M build/emerald-repair-headless-20260908/src/mail.d -g build/assets -I include -I tools/agbcc/include src/mail.c
tools/scaninc/scaninc -M build/emerald-repair-headless-20260908/src/m4a_tables.d -g build/assets -I include -I tools/agbcc/include src/m4a_tables.c
tools/scaninc/scaninc -M build/emerald-repair-headless-20260908/src/m4a.d -g build/assets -I include -I tools/agbcc/include src/m4a.c
tools/scaninc/scaninc -M build/emerald-repair-headless-20260908/src/lottery_corner.d -g build/assets -I include -I tools/agbcc/include src/lottery_corner.c
tools/scaninc/scaninc -M build/emerald-repair-headless-20260908/src/load_save.d -g build/assets -I include -I tools/agbcc/include src/load_save.c
tools/scaninc/scaninc -M build/emerald-repair-headless-20260908/src/list_menu.d -g build/assets -I include -I tools/agbcc/include src/list_menu.c
tools/scaninc/scaninc -M build/emerald-repair-headless-20260908/src/link_rfu_3.d -g build/assets -I include -I tools/agbcc/include src/link_rfu_3.c
tools/scaninc/scaninc -M build/emerald-repair-headless-20260908/src/link_rfu_2.d -g build/assets -I include -I tools/agbcc/include src/link_rfu_2.c
tools/scaninc/scaninc -M build/emerald-repair-headless-20260908/src/link.d -g build/assets -I include -I tools/agbcc/include src/link.c
tools/scaninc/scaninc -M build/emerald-repair-headless-20260908/src/line_break.d -g build/assets -I include -I tools/agbcc/include src/line_break.c
tools/scaninc/scaninc -M build/emerald-repair-headless-20260908/src/lilycove_lady.d -g build/assets -I include -I tools/agbcc/include src/lilycove_lady.c
tools/scaninc/scaninc -M build/emerald-repair-headless-20260908/src/librfu_stwi.d -g build/assets -I include -I tools/agbcc/include src/librfu_stwi.c
tools/scaninc/scaninc -M build/emerald-repair-headless-20260908/src/librfu_sio32id.d -g build/assets -I include -I tools/agbcc/include src/librfu_sio32id.c
tools/scaninc/scaninc -M build/emerald-repair-headless-20260908/src/librfu_rfu.d -g build/assets -I include -I tools/agbcc/include src/librfu_rfu.c
tools/scaninc/scaninc -M build/emerald-repair-headless-20260908/src/librfu_intr.d -g build/assets -I include -I tools/agbcc/include src/librfu_intr.c
tools/scaninc/scaninc -M build/emerald-repair-headless-20260908/src/libisagbprn.d -g build/assets -I include -I tools/agbcc/include src/libisagbprn.c
tools/scaninc/scaninc -M build/emerald-repair-headless-20260908/src/legendary_signs.d -g build/assets -I include -I tools/agbcc/include src/legendary_signs.c
tools/scaninc/scaninc -M build/emerald-repair-headless-20260908/src/landmark.d -g build/assets -I include -I tools/agbcc/include src/landmark.c
tools/scaninc/scaninc -M build/emerald-repair-headless-20260908/src/item_use.d -g build/assets -I include -I tools/agbcc/include src/item_use.c
tools/scaninc/scaninc -M build/emerald-repair-headless-20260908/src/item_menu_icons.d -g build/assets -I include -I tools/agbcc/include src/item_menu_icons.c
tools/scaninc/scaninc -M build/emerald-repair-headless-20260908/src/item_menu.d -g build/assets -I include -I tools/agbcc/include src/item_menu.c
tools/scaninc/scaninc -M build/emerald-repair-headless-20260908/src/item_icon.d -g build/assets -I include -I tools/agbcc/include src/item_icon.c
tools/scaninc/scaninc -M build/emerald-repair-headless-20260908/src/item_ball.d -g build/assets -I include -I tools/agbcc/include src/item_ball.c
tools/scaninc/scaninc -M build/emerald-repair-headless-20260908/src/item.d -g build/assets -I include -I tools/agbcc/include src/item.c
tools/scaninc/scaninc -M build/emerald-repair-headless-20260908/src/io_reg.d -g build/assets -I include -I tools/agbcc/include src/io_reg.c
tools/scaninc/scaninc -M build/emerald-repair-headless-20260908/src/intro_frlg.d -g build/assets -I include -I tools/agbcc/include src/intro_frlg.c
tools/scaninc/scaninc -M build/emerald-repair-headless-20260908/src/intro_credits_graphics.d -g build/assets -I include -I tools/agbcc/include src/intro_credits_graphics.c
tools/scaninc/scaninc -M build/emerald-repair-headless-20260908/src/intro.d -g build/assets -I include -I tools/agbcc/include src/intro.c
tools/scaninc/scaninc -M build/emerald-repair-headless-20260908/src/international_string_util.d -g build/assets -I include -I tools/agbcc/include src/international_string_util.c
tools/scaninc/scaninc -M build/emerald-repair-headless-20260908/src/image_processing_effects.d -g build/assets -I include -I tools/agbcc/include src/image_processing_effects.c
tools/scaninc/scaninc -M build/emerald-repair-headless-20260908/src/hof_pc.d -g build/assets -I include -I tools/agbcc/include src/hof_pc.c
tools/scaninc/scaninc -M build/emerald-repair-headless-20260908/src/heal_location.d -g build/assets -I include -I tools/agbcc/include src/heal_location.c
tools/scaninc/scaninc -M build/emerald-repair-headless-20260908/src/hall_of_fame_frlg.d -g build/assets -I include -I tools/agbcc/include src/hall_of_fame_frlg.c
tools/scaninc/scaninc -M build/emerald-repair-headless-20260908/src/hall_of_fame.d -g build/assets -I include -I tools/agbcc/include src/hall_of_fame.c
tools/scaninc/scaninc -M build/emerald-repair-headless-20260908/src/gym_leader_rematch.d -g build/assets -I include -I tools/agbcc/include src/gym_leader_rematch.c
tools/scaninc/scaninc -M build/emerald-repair-headless-20260908/src/graphics.d -g build/assets -I include -I tools/agbcc/include src/graphics.c
tools/scaninc/scaninc -M build/emerald-repair-headless-20260908/src/gpu_regs.d -g build/assets -I include -I tools/agbcc/include src/gpu_regs.c
tools/scaninc/scaninc -M build/emerald-repair-headless-20260908/src/give_gift_ribbon_to_party.d -g build/assets -I include -I tools/agbcc/include src/give_gift_ribbon_to_party.c
tools/scaninc/scaninc -M build/emerald-repair-headless-20260908/src/frontier_util.d -g build/assets -I include -I tools/agbcc/include src/frontier_util.c
tools/scaninc/scaninc -M build/emerald-repair-headless-20260908/src/frontier_pass.d -g build/assets -I include -I tools/agbcc/include src/frontier_pass.c
tools/scaninc/scaninc -M build/emerald-repair-headless-20260908/src/fonts.d -g build/assets -I include -I tools/agbcc/include src/fonts.c
tools/scaninc/scaninc -M build/emerald-repair-headless-20260908/src/follower_npc.d -g build/assets -I include -I tools/agbcc/include src/follower_npc.c
tools/scaninc/scaninc -M build/emerald-repair-headless-20260908/src/follower_helper.d -g build/assets -I include -I tools/agbcc/include src/follower_helper.c
tools/scaninc/scaninc -M build/emerald-repair-headless-20260908/src/fldeff_teleport.d -g build/assets -I include -I tools/agbcc/include src/fldeff_teleport.c
tools/scaninc/scaninc -M build/emerald-repair-headless-20260908/src/fldeff_sweetscent.d -g build/assets -I include -I tools/agbcc/include src/fldeff_sweetscent.c
tools/scaninc/scaninc -M build/emerald-repair-headless-20260908/src/fldeff_strength.d -g build/assets -I include -I tools/agbcc/include src/fldeff_strength.c
tools/scaninc/scaninc -M build/emerald-repair-headless-20260908/src/fldeff_softboiled.d -g build/assets -I include -I tools/agbcc/include src/fldeff_softboiled.c
tools/scaninc/scaninc -M build/emerald-repair-headless-20260908/src/fldeff_rocksmash.d -g build/assets -I include -I tools/agbcc/include src/fldeff_rocksmash.c
tools/scaninc/scaninc -M build/emerald-repair-headless-20260908/src/fldeff_misc.d -g build/assets -I include -I tools/agbcc/include src/fldeff_misc.c
tools/scaninc/scaninc -M build/emerald-repair-headless-20260908/src/fldeff_flash.d -g build/assets -I include -I tools/agbcc/include src/fldeff_flash.c
tools/scaninc/scaninc -M build/emerald-repair-headless-20260908/src/fldeff_escalator.d -g build/assets -I include -I tools/agbcc/include src/fldeff_escalator.c
tools/scaninc/scaninc -M build/emerald-repair-headless-20260908/src/fldeff_dig.d -g build/assets -I include -I tools/agbcc/include src/fldeff_dig.c
tools/scaninc/scaninc -M build/emerald-repair-headless-20260908/src/fldeff_defog.d -g build/assets -I include -I tools/agbcc/include src/fldeff_defog.c
tools/scaninc/scaninc -M build/emerald-repair-headless-20260908/src/fldeff_cut.d -g build/assets -I include -I tools/agbcc/include src/fldeff_cut.c
tools/scaninc/scaninc -M build/emerald-repair-headless-20260908/src/fishing.d -g build/assets -I include -I tools/agbcc/include src/fishing.c
tools/scaninc/scaninc -M build/emerald-repair-headless-20260908/src/fieldmap.d -g build/assets -I include -I tools/agbcc/include src/fieldmap.c
tools/scaninc/scaninc -M build/emerald-repair-headless-20260908/src/field_weather_effect.d -g build/assets -I include -I tools/agbcc/include src/field_weather_effect.c
tools/scaninc/scaninc -M build/emerald-repair-headless-20260908/src/field_weather.d -g build/assets -I include -I tools/agbcc/include src/field_weather.c
tools/scaninc/scaninc -M build/emerald-repair-headless-20260908/src/field_tasks.d -g build/assets -I include -I tools/agbcc/include src/field_tasks.c
tools/scaninc/scaninc -M build/emerald-repair-headless-20260908/src/field_specials.d -g build/assets -I include -I tools/agbcc/include src/field_specials.c
tools/scaninc/scaninc -M build/emerald-repair-headless-20260908/src/field_special_scene.d -g build/assets -I include -I tools/agbcc/include src/field_special_scene.c
tools/scaninc/scaninc -M build/emerald-repair-headless-20260908/src/field_screen_effect.d -g build/assets -I include -I tools/agbcc/include src/field_screen_effect.c
tools/scaninc/scaninc -M build/emerald-repair-headless-20260908/src/field_region_map.d -g build/assets -I include -I tools/agbcc/include src/field_region_map.c
tools/scaninc/scaninc -M build/emerald-repair-headless-20260908/src/field_poison.d -g build/assets -I include -I tools/agbcc/include src/field_poison.c
tools/scaninc/scaninc -M build/emerald-repair-headless-20260908/src/field_player_avatar.d -g build/assets -I include -I tools/agbcc/include src/field_player_avatar.c
tools/scaninc/scaninc -M build/emerald-repair-headless-20260908/src/field_name_box.d -g build/assets -I include -I tools/agbcc/include src/field_name_box.c
tools/scaninc/scaninc -M build/emerald-repair-headless-20260908/src/field_move.d -g build/assets -I include -I tools/agbcc/include src/field_move.c
tools/scaninc/scaninc -M build/emerald-repair-headless-20260908/src/field_message_box.d -g build/assets -I include -I tools/agbcc/include src/field_message_box.c
tools/scaninc/scaninc -M build/emerald-repair-headless-20260908/src/field_effect_helpers.d -g build/assets -I include -I tools/agbcc/include src/field_effect_helpers.c
tools/scaninc/scaninc -M build/emerald-repair-headless-20260908/src/field_effect.d -g build/assets -I include -I tools/agbcc/include src/field_effect.c
tools/scaninc/scaninc -M build/emerald-repair-headless-20260908/src/field_door.d -g build/assets -I include -I tools/agbcc/include src/field_door.c
tools/scaninc/scaninc -M build/emerald-repair-headless-20260908/src/field_control_avatar.d -g build/assets -I include -I tools/agbcc/include src/field_control_avatar.c
tools/scaninc/scaninc -M build/emerald-repair-headless-20260908/src/field_camera.d -g build/assets -I include -I tools/agbcc/include src/field_camera.c
tools/scaninc/scaninc -M build/emerald-repair-headless-20260908/src/faraway_island.d -g build/assets -I include -I tools/agbcc/include src/faraway_island.c
tools/scaninc/scaninc -M build/emerald-repair-headless-20260908/src/fame_checker.d -g build/assets -I include -I tools/agbcc/include src/fame_checker.c
tools/scaninc/scaninc -M build/emerald-repair-headless-20260908/src/fake_rtc.d -g build/assets -I include -I tools/agbcc/include src/fake_rtc.c
tools/scaninc/scaninc -M build/emerald-repair-headless-20260908/src/expansion_intro.d -g build/assets -I include -I tools/agbcc/include src/expansion_intro.c
tools/scaninc/scaninc -M build/emerald-repair-headless-20260908/src/evolution_scene.d -g build/assets -I include -I tools/agbcc/include src/evolution_scene.c
tools/scaninc/scaninc -M build/emerald-repair-headless-20260908/src/evolution_graphics.d -g build/assets -I include -I tools/agbcc/include src/evolution_graphics.c
tools/scaninc/scaninc -M build/emerald-repair-headless-20260908/src/event_object_movement.d -g build/assets -I include -I tools/agbcc/include src/event_object_movement.c
tools/scaninc/scaninc -M build/emerald-repair-headless-20260908/src/event_object_lock.d -g build/assets -I include -I tools/agbcc/include src/event_object_lock.c
tools/scaninc/scaninc -M build/emerald-repair-headless-20260908/src/event_data.d -g build/assets -I include -I tools/agbcc/include src/event_data.c
tools/scaninc/scaninc -M build/emerald-repair-headless-20260908/src/ereader_screen.d -g build/assets -I include -I tools/agbcc/include src/ereader_screen.c
tools/scaninc/scaninc -M build/emerald-repair-headless-20260908/src/ereader_helpers.d -g build/assets -I include -I tools/agbcc/include src/ereader_helpers.c
tools/scaninc/scaninc -M build/emerald-repair-headless-20260908/src/emerald_champions_opening.d -g build/assets -I include -I tools/agbcc/include src/emerald_champions_opening.c
tools/scaninc/scaninc -M build/emerald-repair-headless-20260908/src/emerald_champions_headless.d -g build/assets -I include -I tools/agbcc/include src/emerald_champions_headless.c
tools/scaninc/scaninc -M build/emerald-repair-headless-20260908/src/emerald_champions_battle_sets.d -g build/assets -I include -I tools/agbcc/include src/emerald_champions_battle_sets.c
tools/scaninc/scaninc -M build/emerald-repair-headless-20260908/src/emerald_champions_battle_plan.d -g build/assets -I include -I tools/agbcc/include src/emerald_champions_battle_plan.c
tools/scaninc/scaninc -M build/emerald-repair-headless-20260908/src/emerald_champions_agent_prep.d -g build/assets -I include -I tools/agbcc/include src/emerald_champions_agent_prep.c
tools/scaninc/scaninc -M build/emerald-repair-headless-20260908/src/egg_hatch.d -g build/assets -I include -I tools/agbcc/include src/egg_hatch.c
tools/scaninc/scaninc -M build/emerald-repair-headless-20260908/src/easy_chat.d -g build/assets -I include -I tools/agbcc/include src/easy_chat.c
tools/scaninc/scaninc -M build/emerald-repair-headless-20260908/src/dynamic_placeholder_text_util.d -g build/assets -I include -I tools/agbcc/include src/dynamic_placeholder_text_util.c
tools/scaninc/scaninc -M build/emerald-repair-headless-20260908/src/dodrio_berry_picking.d -g build/assets -I include -I tools/agbcc/include src/dodrio_berry_picking.c
tools/scaninc/scaninc -M build/emerald-repair-headless-20260908/src/dma3_manager.d -g build/assets -I include -I tools/agbcc/include src/dma3_manager.c
tools/scaninc/scaninc -M build/emerald-repair-headless-20260908/src/diploma.d -g build/assets -I include -I tools/agbcc/include src/diploma.c
tools/scaninc/scaninc -M build/emerald-repair-headless-20260908/src/digit_obj_util.d -g build/assets -I include -I tools/agbcc/include src/digit_obj_util.c
tools/scaninc/scaninc -M build/emerald-repair-headless-20260908/src/difficulty.d -g build/assets -I include -I tools/agbcc/include src/difficulty.c
tools/scaninc/scaninc -M build/emerald-repair-headless-20260908/src/dexnav.d -g build/assets -I include -I tools/agbcc/include src/dexnav.c
tools/scaninc/scaninc -M build/emerald-repair-headless-20260908/src/dewford_trend.d -g build/assets -I include -I tools/agbcc/include src/dewford_trend.c
tools/scaninc/scaninc -M build/emerald-repair-headless-20260908/src/decoration_inventory.d -g build/assets -I include -I tools/agbcc/include src/decoration_inventory.c
tools/scaninc/scaninc -M build/emerald-repair-headless-20260908/src/decoration.d -g build/assets -I include -I tools/agbcc/include src/decoration.c
tools/scaninc/scaninc -M build/emerald-repair-headless-20260908/src/decompress_error_handler.d -g build/assets -I include -I tools/agbcc/include src/decompress_error_handler.c
tools/scaninc/scaninc -M build/emerald-repair-headless-20260908/src/decompress.d -g build/assets -I include -I tools/agbcc/include src/decompress.c
tools/scaninc/scaninc -M build/emerald-repair-headless-20260908/src/debug.d -g build/assets -I include -I tools/agbcc/include src/debug.c
tools/scaninc/scaninc -M build/emerald-repair-headless-20260908/src/daycare.d -g build/assets -I include -I tools/agbcc/include src/daycare.c
tools/scaninc/scaninc -M build/emerald-repair-headless-20260908/src/datetime.d -g build/assets -I include -I tools/agbcc/include src/datetime.c
tools/scaninc/scaninc -M build/emerald-repair-headless-20260908/src/data.d -g build/assets -I include -I tools/agbcc/include src/data.c
tools/scaninc/scaninc -M build/emerald-repair-headless-20260908/src/credits_frlg.d -g build/assets -I include -I tools/agbcc/include src/credits_frlg.c
tools/scaninc/scaninc -M build/emerald-repair-headless-20260908/src/credits.d -g build/assets -I include -I tools/agbcc/include src/credits.c
tools/scaninc/scaninc -M build/emerald-repair-headless-20260908/src/coord_event_weather.d -g build/assets -I include -I tools/agbcc/include src/coord_event_weather.c
tools/scaninc/scaninc -M build/emerald-repair-headless-20260908/src/contest_util.d -g build/assets -I include -I tools/agbcc/include src/contest_util.c
tools/scaninc/scaninc -M build/emerald-repair-headless-20260908/src/contest_painting.d -g build/assets -I include -I tools/agbcc/include src/contest_painting.c
tools/scaninc/scaninc -M build/emerald-repair-headless-20260908/src/contest_link_util.d -g build/assets -I include -I tools/agbcc/include src/contest_link_util.c
tools/scaninc/scaninc -M build/emerald-repair-headless-20260908/src/contest_link.d -g build/assets -I include -I tools/agbcc/include src/contest_link.c
tools/scaninc/scaninc -M build/emerald-repair-headless-20260908/src/contest_effect.d -g build/assets -I include -I tools/agbcc/include src/contest_effect.c
tools/scaninc/scaninc -M build/emerald-repair-headless-20260908/src/contest_ai.d -g build/assets -I include -I tools/agbcc/include src/contest_ai.c
tools/scaninc/scaninc -M build/emerald-repair-headless-20260908/src/contest.d -g build/assets -I include -I tools/agbcc/include src/contest.c
tools/scaninc/scaninc -M build/emerald-repair-headless-20260908/src/config_changes.d -g build/assets -I include -I tools/agbcc/include src/config_changes.c
tools/scaninc/scaninc -M build/emerald-repair-headless-20260908/src/confetti_util.d -g build/assets -I include -I tools/agbcc/include src/confetti_util.c
tools/scaninc/scaninc -M build/emerald-repair-headless-20260908/src/coins.d -g build/assets -I include -I tools/agbcc/include src/coins.c
tools/scaninc/scaninc -M build/emerald-repair-headless-20260908/src/clock.d -g build/assets -I include -I tools/agbcc/include src/clock.c
tools/scaninc/scaninc -M build/emerald-repair-headless-20260908/src/clear_save_data_screen.d -g build/assets -I include -I tools/agbcc/include src/clear_save_data_screen.c
tools/scaninc/scaninc -M build/emerald-repair-headless-20260908/src/chooseboxmon.d -g build/assets -I include -I tools/agbcc/include src/chooseboxmon.c
tools/scaninc/scaninc -M build/emerald-repair-headless-20260908/src/champions_circuit.d -g build/assets -I include -I tools/agbcc/include src/champions_circuit.c
tools/scaninc/scaninc -M build/emerald-repair-headless-20260908/src/caps.d -g build/assets -I include -I tools/agbcc/include src/caps.c
tools/scaninc/scaninc -M build/emerald-repair-headless-20260908/src/cable_club.d -g build/assets -I include -I tools/agbcc/include src/cable_club.c
tools/scaninc/scaninc -M build/emerald-repair-headless-20260908/src/cable_car.d -g build/assets -I include -I tools/agbcc/include src/cable_car.c
tools/scaninc/scaninc -M build/emerald-repair-headless-20260908/src/braille_puzzles.d -g build/assets -I include -I tools/agbcc/include src/braille_puzzles.c
tools/scaninc/scaninc -M build/emerald-repair-headless-20260908/src/braille.d -g build/assets -I include -I tools/agbcc/include src/braille.c
tools/scaninc/scaninc -M build/emerald-repair-headless-20260908/src/blit.d -g build/assets -I include -I tools/agbcc/include src/blit.c
tools/scaninc/scaninc -M build/emerald-repair-headless-20260908/src/birch_pc.d -g build/assets -I include -I tools/agbcc/include src/birch_pc.c
tools/scaninc/scaninc -M build/emerald-repair-headless-20260908/src/bike.d -g build/assets -I include -I tools/agbcc/include src/bike.c
tools/scaninc/scaninc -M build/emerald-repair-headless-20260908/src/bg.d -g build/assets -I include -I tools/agbcc/include src/bg.c
tools/scaninc/scaninc -M build/emerald-repair-headless-20260908/src/berry_tag_screen.d -g build/assets -I include -I tools/agbcc/include src/berry_tag_screen.c
tools/scaninc/scaninc -M build/emerald-repair-headless-20260908/src/berry_powder.d -g build/assets -I include -I tools/agbcc/include src/berry_powder.c
tools/scaninc/scaninc -M build/emerald-repair-headless-20260908/src/berry_fix_program.d -g build/assets -I include -I tools/agbcc/include src/berry_fix_program.c
tools/scaninc/scaninc -M build/emerald-repair-headless-20260908/src/berry_crush.d -g build/assets -I include -I tools/agbcc/include src/berry_crush.c
tools/scaninc/scaninc -M build/emerald-repair-headless-20260908/src/berry_blender.d -g build/assets -I include -I tools/agbcc/include src/berry_blender.c
tools/scaninc/scaninc -M build/emerald-repair-headless-20260908/src/berry.d -g build/assets -I include -I tools/agbcc/include src/berry.c
tools/scaninc/scaninc -M build/emerald-repair-headless-20260908/src/battle_z_move.d -g build/assets -I include -I tools/agbcc/include src/battle_z_move.c
tools/scaninc/scaninc -M build/emerald-repair-headless-20260908/src/battle_util2.d -g build/assets -I include -I tools/agbcc/include src/battle_util2.c
tools/scaninc/scaninc -M build/emerald-repair-headless-20260908/src/battle_util.d -g build/assets -I include -I tools/agbcc/include src/battle_util.c
tools/scaninc/scaninc -M build/emerald-repair-headless-20260908/src/battle_tv.d -g build/assets -I include -I tools/agbcc/include src/battle_tv.c
tools/scaninc/scaninc -M build/emerald-repair-headless-20260908/src/battle_transition_frontier.d -g build/assets -I include -I tools/agbcc/include src/battle_transition_frontier.c
tools/scaninc/scaninc -M build/emerald-repair-headless-20260908/src/battle_transition.d -g build/assets -I include -I tools/agbcc/include src/battle_transition.c
tools/scaninc/scaninc -M build/emerald-repair-headless-20260908/src/battle_tower.d -g build/assets -I include -I tools/agbcc/include src/battle_tower.c
tools/scaninc/scaninc -M build/emerald-repair-headless-20260908/src/battle_terastal.d -g build/assets -I include -I tools/agbcc/include src/battle_terastal.c
tools/scaninc/scaninc -M build/emerald-repair-headless-20260908/src/battle_tent.d -g build/assets -I include -I tools/agbcc/include src/battle_tent.c
tools/scaninc/scaninc -M build/emerald-repair-headless-20260908/src/battle_switch_in.d -g build/assets -I include -I tools/agbcc/include src/battle_switch_in.c
tools/scaninc/scaninc -M build/emerald-repair-headless-20260908/src/battle_stat_change.d -g build/assets -I include -I tools/agbcc/include src/battle_stat_change.c
tools/scaninc/scaninc -M build/emerald-repair-headless-20260908/src/battle_special.d -g build/assets -I include -I tools/agbcc/include src/battle_special.c
tools/scaninc/scaninc -M build/emerald-repair-headless-20260908/src/battle_setup.d -g build/assets -I include -I tools/agbcc/include src/battle_setup.c
tools/scaninc/scaninc -M build/emerald-repair-headless-20260908/src/battle_set_effect.d -g build/assets -I include -I tools/agbcc/include src/battle_set_effect.c
tools/scaninc/scaninc -M build/emerald-repair-headless-20260908/src/battle_script_commands.d -g build/assets -I include -I tools/agbcc/include src/battle_script_commands.c
tools/scaninc/scaninc -M build/emerald-repair-headless-20260908/src/battle_records.d -g build/assets -I include -I tools/agbcc/include src/battle_records.c
tools/scaninc/scaninc -M build/emerald-repair-headless-20260908/src/battle_pyramid_bag.d -g build/assets -I include -I tools/agbcc/include src/battle_pyramid_bag.c
tools/scaninc/scaninc -M build/emerald-repair-headless-20260908/src/battle_pyramid.d -g build/assets -I include -I tools/agbcc/include src/battle_pyramid.c
tools/scaninc/scaninc -M build/emerald-repair-headless-20260908/src/battle_pike.d -g build/assets -I include -I tools/agbcc/include src/battle_pike.c
tools/scaninc/scaninc -M build/emerald-repair-headless-20260908/src/battle_partner.d -g build/assets -I include -I tools/agbcc/include src/battle_partner.c
tools/scaninc/scaninc -M build/emerald-repair-headless-20260908/src/battle_palace.d -g build/assets -I include -I tools/agbcc/include src/battle_palace.c
tools/scaninc/scaninc -M build/emerald-repair-headless-20260908/src/battle_move_resolution.d -g build/assets -I include -I tools/agbcc/include src/battle_move_resolution.c
tools/scaninc/scaninc -M build/emerald-repair-headless-20260908/src/battle_message.d -g build/assets -I include -I tools/agbcc/include src/battle_message.c
tools/scaninc/scaninc -M build/emerald-repair-headless-20260908/src/battle_main.d -g build/assets -I include -I tools/agbcc/include src/battle_main.c
tools/scaninc/scaninc -M build/emerald-repair-headless-20260908/src/battle_intro.d -g build/assets -I include -I tools/agbcc/include src/battle_intro.c
tools/scaninc/scaninc -M build/emerald-repair-headless-20260908/src/battle_interface.d -g build/assets -I include -I tools/agbcc/include src/battle_interface.c
tools/scaninc/scaninc -M build/emerald-repair-headless-20260908/src/battle_hold_effects.d -g build/assets -I include -I tools/agbcc/include src/battle_hold_effects.c
tools/scaninc/scaninc -M build/emerald-repair-headless-20260908/src/battle_gimmick.d -g build/assets -I include -I tools/agbcc/include src/battle_gimmick.c
tools/scaninc/scaninc -M build/emerald-repair-headless-20260908/src/battle_gfx_sfx_util.d -g build/assets -I include -I tools/agbcc/include src/battle_gfx_sfx_util.c
tools/scaninc/scaninc -M build/emerald-repair-headless-20260908/src/battle_frontier.d -g build/assets -I include -I tools/agbcc/include src/battle_frontier.c
tools/scaninc/scaninc -M build/emerald-repair-headless-20260908/src/battle_factory_screen.d -g build/assets -I include -I tools/agbcc/include src/battle_factory_screen.c
tools/scaninc/scaninc -M build/emerald-repair-headless-20260908/src/battle_factory.d -g build/assets -I include -I tools/agbcc/include src/battle_factory.c
tools/scaninc/scaninc -M build/emerald-repair-headless-20260908/src/battle_end_turn.d -g build/assets -I include -I tools/agbcc/include src/battle_end_turn.c
tools/scaninc/scaninc -M build/emerald-repair-headless-20260908/src/battle_dynamax.d -g build/assets -I include -I tools/agbcc/include src/battle_dynamax.c
tools/scaninc/scaninc -M build/emerald-repair-headless-20260908/src/battle_dome.d -g build/assets -I include -I tools/agbcc/include src/battle_dome.c
tools/scaninc/scaninc -M build/emerald-repair-headless-20260908/src/battle_debug.d -g build/assets -I include -I tools/agbcc/include src/battle_debug.c
tools/scaninc/scaninc -M build/emerald-repair-headless-20260908/src/battle_controllers.d -g build/assets -I include -I tools/agbcc/include src/battle_controllers.c
tools/scaninc/scaninc -M build/emerald-repair-headless-20260908/src/battle_controller_wally.d -g build/assets -I include -I tools/agbcc/include src/battle_controller_wally.c
tools/scaninc/scaninc -M build/emerald-repair-headless-20260908/src/battle_controller_safari.d -g build/assets -I include -I tools/agbcc/include src/battle_controller_safari.c
tools/scaninc/scaninc -M build/emerald-repair-headless-20260908/src/battle_controller_recorded_player.d -g build/assets -I include -I tools/agbcc/include src/battle_controller_recorded_player.c
tools/scaninc/scaninc -M build/emerald-repair-headless-20260908/src/battle_controller_recorded_opponent.d -g build/assets -I include -I tools/agbcc/include src/battle_controller_recorded_opponent.c
tools/scaninc/scaninc -M build/emerald-repair-headless-20260908/src/battle_controller_player.d -g build/assets -I include -I tools/agbcc/include src/battle_controller_player.c
tools/scaninc/scaninc -M build/emerald-repair-headless-20260908/src/battle_controller_partner.d -g build/assets -I include -I tools/agbcc/include src/battle_controller_partner.c
tools/scaninc/scaninc -M build/emerald-repair-headless-20260908/src/battle_controller_opponent.d -g build/assets -I include -I tools/agbcc/include src/battle_controller_opponent.c
tools/scaninc/scaninc -M build/emerald-repair-headless-20260908/src/battle_controller_oak_old_man.d -g build/assets -I include -I tools/agbcc/include src/battle_controller_oak_old_man.c
tools/scaninc/scaninc -M build/emerald-repair-headless-20260908/src/battle_controller_link_partner.d -g build/assets -I include -I tools/agbcc/include src/battle_controller_link_partner.c
tools/scaninc/scaninc -M build/emerald-repair-headless-20260908/src/battle_controller_link_opponent.d -g build/assets -I include -I tools/agbcc/include src/battle_controller_link_opponent.c
tools/scaninc/scaninc -M build/emerald-repair-headless-20260908/src/battle_bg.d -g build/assets -I include -I tools/agbcc/include src/battle_bg.c
tools/scaninc/scaninc -M build/emerald-repair-headless-20260908/src/battle_arena.d -g build/assets -I include -I tools/agbcc/include src/battle_arena.c
tools/scaninc/scaninc -M build/emerald-repair-headless-20260908/src/battle_anim_water.d -g build/assets -I include -I tools/agbcc/include src/battle_anim_water.c
tools/scaninc/scaninc -M build/emerald-repair-headless-20260908/src/battle_anim_utility_funcs.d -g build/assets -I include -I tools/agbcc/include src/battle_anim_utility_funcs.c
tools/scaninc/scaninc -M build/emerald-repair-headless-20260908/src/battle_anim_throw.d -g build/assets -I include -I tools/agbcc/include src/battle_anim_throw.c
tools/scaninc/scaninc -M build/emerald-repair-headless-20260908/src/battle_anim_status_effects.d -g build/assets -I include -I tools/agbcc/include src/battle_anim_status_effects.c
tools/scaninc/scaninc -M build/emerald-repair-headless-20260908/src/battle_anim_sound_tasks.d -g build/assets -I include -I tools/agbcc/include src/battle_anim_sound_tasks.c
tools/scaninc/scaninc -M build/emerald-repair-headless-20260908/src/battle_anim_smokescreen.d -g build/assets -I include -I tools/agbcc/include src/battle_anim_smokescreen.c
tools/scaninc/scaninc -M build/emerald-repair-headless-20260908/src/battle_anim_rock.d -g build/assets -I include -I tools/agbcc/include src/battle_anim_rock.c
tools/scaninc/scaninc -M build/emerald-repair-headless-20260908/src/battle_anim_psychic.d -g build/assets -I include -I tools/agbcc/include src/battle_anim_psychic.c
tools/scaninc/scaninc -M build/emerald-repair-headless-20260908/src/battle_anim_poison.d -g build/assets -I include -I tools/agbcc/include src/battle_anim_poison.c
tools/scaninc/scaninc -M build/emerald-repair-headless-20260908/src/battle_anim_normal.d -g build/assets -I include -I tools/agbcc/include src/battle_anim_normal.c
tools/scaninc/scaninc -M build/emerald-repair-headless-20260908/src/battle_anim_new.d -g build/assets -I include -I tools/agbcc/include src/battle_anim_new.c
tools/scaninc/scaninc -M build/emerald-repair-headless-20260908/src/battle_anim_mons.d -g build/assets -I include -I tools/agbcc/include src/battle_anim_mons.c
tools/scaninc/scaninc -M build/emerald-repair-headless-20260908/src/battle_anim_mon_movement.d -g build/assets -I include -I tools/agbcc/include src/battle_anim_mon_movement.c
tools/scaninc/scaninc -M build/emerald-repair-headless-20260908/src/battle_anim_ice.d -g build/assets -I include -I tools/agbcc/include src/battle_anim_ice.c
tools/scaninc/scaninc -M build/emerald-repair-headless-20260908/src/battle_anim_ground.d -g build/assets -I include -I tools/agbcc/include src/battle_anim_ground.c
tools/scaninc/scaninc -M build/emerald-repair-headless-20260908/src/battle_anim_ghost.d -g build/assets -I include -I tools/agbcc/include src/battle_anim_ghost.c
tools/scaninc/scaninc -M build/emerald-repair-headless-20260908/src/battle_anim_flying.d -g build/assets -I include -I tools/agbcc/include src/battle_anim_flying.c
tools/scaninc/scaninc -M build/emerald-repair-headless-20260908/src/battle_anim_fire.d -g build/assets -I include -I tools/agbcc/include src/battle_anim_fire.c
tools/scaninc/scaninc -M build/emerald-repair-headless-20260908/src/battle_anim_fight.d -g build/assets -I include -I tools/agbcc/include src/battle_anim_fight.c
tools/scaninc/scaninc -M build/emerald-repair-headless-20260908/src/battle_anim_electric.d -g build/assets -I include -I tools/agbcc/include src/battle_anim_electric.c
tools/scaninc/scaninc -M build/emerald-repair-headless-20260908/src/battle_anim_effects_3.d -g build/assets -I include -I tools/agbcc/include src/battle_anim_effects_3.c
tools/scaninc/scaninc -M build/emerald-repair-headless-20260908/src/battle_anim_effects_2.d -g build/assets -I include -I tools/agbcc/include src/battle_anim_effects_2.c
tools/scaninc/scaninc -M build/emerald-repair-headless-20260908/src/battle_anim_effects_1.d -g build/assets -I include -I tools/agbcc/include src/battle_anim_effects_1.c
tools/scaninc/scaninc -M build/emerald-repair-headless-20260908/src/battle_anim_dragon.d -g build/assets -I include -I tools/agbcc/include src/battle_anim_dragon.c
tools/scaninc/scaninc -M build/emerald-repair-headless-20260908/src/battle_anim_dark.d -g build/assets -I include -I tools/agbcc/include src/battle_anim_dark.c
tools/scaninc/scaninc -M build/emerald-repair-headless-20260908/src/battle_anim_bug.d -g build/assets -I include -I tools/agbcc/include src/battle_anim_bug.c
tools/scaninc/scaninc -M build/emerald-repair-headless-20260908/src/battle_anim.d -g build/assets -I include -I tools/agbcc/include src/battle_anim.c
tools/scaninc/scaninc -M build/emerald-repair-headless-20260908/src/battle_ai_util.d -g build/assets -I include -I tools/agbcc/include src/battle_ai_util.c
tools/scaninc/scaninc -M build/emerald-repair-headless-20260908/src/battle_ai_switch.d -g build/assets -I include -I tools/agbcc/include src/battle_ai_switch.c
tools/scaninc/scaninc -M build/emerald-repair-headless-20260908/src/battle_ai_record.d -g build/assets -I include -I tools/agbcc/include src/battle_ai_record.c
tools/scaninc/scaninc -M build/emerald-repair-headless-20260908/src/battle_ai_pair.d -g build/assets -I include -I tools/agbcc/include src/battle_ai_pair.c
tools/scaninc/scaninc -M build/emerald-repair-headless-20260908/src/battle_ai_main.d -g build/assets -I include -I tools/agbcc/include src/battle_ai_main.c
tools/scaninc/scaninc -M build/emerald-repair-headless-20260908/src/battle_ai_items.d -g build/assets -I include -I tools/agbcc/include src/battle_ai_items.c
tools/scaninc/scaninc -M build/emerald-repair-headless-20260908/src/battle_ai_field_statuses.d -g build/assets -I include -I tools/agbcc/include src/battle_ai_field_statuses.c
tools/scaninc/scaninc -M build/emerald-repair-headless-20260908/src/bard_music.d -g build/assets -I include -I tools/agbcc/include src/bard_music.c
tools/scaninc/scaninc -M build/emerald-repair-headless-20260908/src/assertf.d -g build/assets -I include -I tools/agbcc/include src/assertf.c
tools/scaninc/scaninc -M build/emerald-repair-headless-20260908/src/apricorn_tree.d -g build/assets -I include -I tools/agbcc/include src/apricorn_tree.c
tools/scaninc/scaninc -M build/emerald-repair-headless-20260908/src/apprentice.d -g build/assets -I include -I tools/agbcc/include src/apprentice.c
tools/scaninc/scaninc -M build/emerald-repair-headless-20260908/src/agb_flash_mx.d -g build/assets -I include -I tools/agbcc/include src/agb_flash_mx.c
tools/scaninc/scaninc -M build/emerald-repair-headless-20260908/src/agb_flash_le.d -g build/assets -I include -I tools/agbcc/include src/agb_flash_le.c
tools/scaninc/scaninc -M build/emerald-repair-headless-20260908/src/agb_flash_1m.d -g build/assets -I include -I tools/agbcc/include src/agb_flash_1m.c
tools/scaninc/scaninc -M build/emerald-repair-headless-20260908/src/agb_flash.d -g build/assets -I include -I tools/agbcc/include src/agb_flash.c
tools/scaninc/scaninc -M build/emerald-repair-headless-20260908/src/AgbRfu_LinkManager.d -g build/assets -I include -I tools/agbcc/include src/AgbRfu_LinkManager.c
/Users/ericguthrie/Documents/ChatGPT/Emerald/emerald-champions/work/toolchain/arm-expanded/Payload/bin/../libexec/gcc/arm-none-eabi/15.3.1/cc1 -quiet <flags> -o build/emerald-repair-headless-20260908/src/AgbRfu_LinkManager.o src/AgbRfu_LinkManager.c
/Users/ericguthrie/Documents/ChatGPT/Emerald/emerald-champions/work/toolchain/arm-expanded/Payload/bin/../libexec/gcc/arm-none-eabi/15.3.1/cc1 -quiet <flags> -o build/emerald-repair-headless-20260908/src/agb_flash.o src/agb_flash.c
/Users/ericguthrie/Documents/ChatGPT/Emerald/emerald-champions/work/toolchain/arm-expanded/Payload/bin/../libexec/gcc/arm-none-eabi/15.3.1/cc1 -quiet <flags> -o build/emerald-repair-headless-20260908/src/agb_flash_1m.o src/agb_flash_1m.c
/Users/ericguthrie/Documents/ChatGPT/Emerald/emerald-champions/work/toolchain/arm-expanded/Payload/bin/../libexec/gcc/arm-none-eabi/15.3.1/cc1 -quiet <flags> -o build/emerald-repair-headless-20260908/src/agb_flash_le.o src/agb_flash_le.c
/Users/ericguthrie/Documents/ChatGPT/Emerald/emerald-champions/work/toolchain/arm-expanded/Payload/bin/../libexec/gcc/arm-none-eabi/15.3.1/cc1 -quiet <flags> -o build/emerald-repair-headless-20260908/src/agb_flash_mx.o src/agb_flash_mx.c
/Users/ericguthrie/Documents/ChatGPT/Emerald/emerald-champions/work/toolchain/arm-expanded/Payload/bin/../libexec/gcc/arm-none-eabi/15.3.1/cc1 -quiet <flags> -o build/emerald-repair-headless-20260908/src/apprentice.o src/apprentice.c
/Users/ericguthrie/Documents/ChatGPT/Emerald/emerald-champions/work/toolchain/arm-expanded/Payload/bin/../libexec/gcc/arm-none-eabi/15.3.1/cc1 -quiet <flags> -o build/emerald-repair-headless-20260908/src/apricorn_tree.o src/apricorn_tree.c
/Users/ericguthrie/Documents/ChatGPT/Emerald/emerald-champions/work/toolchain/arm-expanded/Payload/bin/../libexec/gcc/arm-none-eabi/15.3.1/cc1 -quiet <flags> -o build/emerald-repair-headless-20260908/src/assertf.o src/assertf.c
/Users/ericguthrie/Documents/ChatGPT/Emerald/emerald-champions/work/toolchain/arm-expanded/Payload/bin/../libexec/gcc/arm-none-eabi/15.3.1/cc1 -quiet <flags> -o build/emerald-repair-headless-20260908/src/bard_music.o src/bard_music.c
/Users/ericguthrie/Documents/ChatGPT/Emerald/emerald-champions/work/toolchain/arm-expanded/Payload/bin/../libexec/gcc/arm-none-eabi/15.3.1/cc1 -quiet <flags> -o build/emerald-repair-headless-20260908/src/battle_ai_field_statuses.o src/battle_ai_field_statuses.c
/Users/ericguthrie/Documents/ChatGPT/Emerald/emerald-champions/work/toolchain/arm-expanded/Payload/bin/../libexec/gcc/arm-none-eabi/15.3.1/cc1 -quiet <flags> -o build/emerald-repair-headless-20260908/src/battle_ai_items.o src/battle_ai_items.c
/Users/ericguthrie/Documents/ChatGPT/Emerald/emerald-champions/work/toolchain/arm-expanded/Payload/bin/../libexec/gcc/arm-none-eabi/15.3.1/cc1 -quiet <flags> -o build/emerald-repair-headless-20260908/src/battle_ai_main.o src/battle_ai_main.c
/Users/ericguthrie/Documents/ChatGPT/Emerald/emerald-champions/work/toolchain/arm-expanded/Payload/bin/../libexec/gcc/arm-none-eabi/15.3.1/cc1 -quiet <flags> -o build/emerald-repair-headless-20260908/src/battle_ai_pair.o src/battle_ai_pair.c
/Users/ericguthrie/Documents/ChatGPT/Emerald/emerald-champions/work/toolchain/arm-expanded/Payload/bin/../libexec/gcc/arm-none-eabi/15.3.1/cc1 -quiet <flags> -o build/emerald-repair-headless-20260908/src/battle_ai_record.o src/battle_ai_record.c
/Users/ericguthrie/Documents/ChatGPT/Emerald/emerald-champions/work/toolchain/arm-expanded/Payload/bin/../libexec/gcc/arm-none-eabi/15.3.1/cc1 -quiet <flags> -o build/emerald-repair-headless-20260908/src/battle_ai_switch.o src/battle_ai_switch.c
/Users/ericguthrie/Documents/ChatGPT/Emerald/emerald-champions/work/toolchain/arm-expanded/Payload/bin/../libexec/gcc/arm-none-eabi/15.3.1/cc1 -quiet <flags> -o build/emerald-repair-headless-20260908/src/battle_ai_util.o src/battle_ai_util.c
/Users/ericguthrie/Documents/ChatGPT/Emerald/emerald-champions/work/toolchain/arm-expanded/Payload/bin/../libexec/gcc/arm-none-eabi/15.3.1/cc1 -quiet <flags> -o build/emerald-repair-headless-20260908/src/battle_anim.o src/battle_anim.c
/Users/ericguthrie/Documents/ChatGPT/Emerald/emerald-champions/work/toolchain/arm-expanded/Payload/bin/../libexec/gcc/arm-none-eabi/15.3.1/cc1 -quiet <flags> -o build/emerald-repair-headless-20260908/src/battle_anim_bug.o src/battle_anim_bug.c
/Users/ericguthrie/Documents/ChatGPT/Emerald/emerald-champions/work/toolchain/arm-expanded/Payload/bin/../libexec/gcc/arm-none-eabi/15.3.1/cc1 -quiet <flags> -o build/emerald-repair-headless-20260908/src/battle_anim_dark.o src/battle_anim_dark.c
/Users/ericguthrie/Documents/ChatGPT/Emerald/emerald-champions/work/toolchain/arm-expanded/Payload/bin/../libexec/gcc/arm-none-eabi/15.3.1/cc1 -quiet <flags> -o build/emerald-repair-headless-20260908/src/battle_anim_dragon.o src/battle_anim_dragon.c
/Users/ericguthrie/Documents/ChatGPT/Emerald/emerald-champions/work/toolchain/arm-expanded/Payload/bin/../libexec/gcc/arm-none-eabi/15.3.1/cc1 -quiet <flags> -o build/emerald-repair-headless-20260908/src/battle_anim_effects_1.o src/battle_anim_effects_1.c
/Users/ericguthrie/Documents/ChatGPT/Emerald/emerald-champions/work/toolchain/arm-expanded/Payload/bin/../libexec/gcc/arm-none-eabi/15.3.1/cc1 -quiet <flags> -o build/emerald-repair-headless-20260908/src/battle_anim_effects_2.o src/battle_anim_effects_2.c
/Users/ericguthrie/Documents/ChatGPT/Emerald/emerald-champions/work/toolchain/arm-expanded/Payload/bin/../libexec/gcc/arm-none-eabi/15.3.1/cc1 -quiet <flags> -o build/emerald-repair-headless-20260908/src/battle_anim_effects_3.o src/battle_anim_effects_3.c
/Users/ericguthrie/Documents/ChatGPT/Emerald/emerald-champions/work/toolchain/arm-expanded/Payload/bin/../libexec/gcc/arm-none-eabi/15.3.1/cc1 -quiet <flags> -o build/emerald-repair-headless-20260908/src/battle_anim_electric.o src/battle_anim_electric.c
/Users/ericguthrie/Documents/ChatGPT/Emerald/emerald-champions/work/toolchain/arm-expanded/Payload/bin/../libexec/gcc/arm-none-eabi/15.3.1/cc1 -quiet <flags> -o build/emerald-repair-headless-20260908/src/battle_anim_fight.o src/battle_anim_fight.c
/Users/ericguthrie/Documents/ChatGPT/Emerald/emerald-champions/work/toolchain/arm-expanded/Payload/bin/../libexec/gcc/arm-none-eabi/15.3.1/cc1 -quiet <flags> -o build/emerald-repair-headless-20260908/src/battle_anim_fire.o src/battle_anim_fire.c
/Users/ericguthrie/Documents/ChatGPT/Emerald/emerald-champions/work/toolchain/arm-expanded/Payload/bin/../libexec/gcc/arm-none-eabi/15.3.1/cc1 -quiet <flags> -o build/emerald-repair-headless-20260908/src/battle_anim_flying.o src/battle_anim_flying.c
/Users/ericguthrie/Documents/ChatGPT/Emerald/emerald-champions/work/toolchain/arm-expanded/Payload/bin/../libexec/gcc/arm-none-eabi/15.3.1/cc1 -quiet <flags> -o build/emerald-repair-headless-20260908/src/battle_anim_ghost.o src/battle_anim_ghost.c
/Users/ericguthrie/Documents/ChatGPT/Emerald/emerald-champions/work/toolchain/arm-expanded/Payload/bin/../libexec/gcc/arm-none-eabi/15.3.1/cc1 -quiet <flags> -o build/emerald-repair-headless-20260908/src/battle_anim_ground.o src/battle_anim_ground.c
/Users/ericguthrie/Documents/ChatGPT/Emerald/emerald-champions/work/toolchain/arm-expanded/Payload/bin/../libexec/gcc/arm-none-eabi/15.3.1/cc1 -quiet <flags> -o build/emerald-repair-headless-20260908/src/battle_anim_ice.o src/battle_anim_ice.c
/Users/ericguthrie/Documents/ChatGPT/Emerald/emerald-champions/work/toolchain/arm-expanded/Payload/bin/../libexec/gcc/arm-none-eabi/15.3.1/cc1 -quiet <flags> -o build/emerald-repair-headless-20260908/src/battle_anim_mon_movement.o src/battle_anim_mon_movement.c
/Users/ericguthrie/Documents/ChatGPT/Emerald/emerald-champions/work/toolchain/arm-expanded/Payload/bin/../libexec/gcc/arm-none-eabi/15.3.1/cc1 -quiet <flags> -o build/emerald-repair-headless-20260908/src/battle_anim_mons.o src/battle_anim_mons.c
/Users/ericguthrie/Documents/ChatGPT/Emerald/emerald-champions/work/toolchain/arm-expanded/Payload/bin/../libexec/gcc/arm-none-eabi/15.3.1/cc1 -quiet <flags> -o build/emerald-repair-headless-20260908/src/battle_anim_new.o src/battle_anim_new.c
/Users/ericguthrie/Documents/ChatGPT/Emerald/emerald-champions/work/toolchain/arm-expanded/Payload/bin/../libexec/gcc/arm-none-eabi/15.3.1/cc1 -quiet <flags> -o build/emerald-repair-headless-20260908/src/battle_anim_normal.o src/battle_anim_normal.c
/Users/ericguthrie/Documents/ChatGPT/Emerald/emerald-champions/work/toolchain/arm-expanded/Payload/bin/../libexec/gcc/arm-none-eabi/15.3.1/cc1 -quiet <flags> -o build/emerald-repair-headless-20260908/src/battle_anim_poison.o src/battle_anim_poison.c
/Users/ericguthrie/Documents/ChatGPT/Emerald/emerald-champions/work/toolchain/arm-expanded/Payload/bin/../libexec/gcc/arm-none-eabi/15.3.1/cc1 -quiet <flags> -o build/emerald-repair-headless-20260908/src/battle_anim_psychic.o src/battle_anim_psychic.c
/Users/ericguthrie/Documents/ChatGPT/Emerald/emerald-champions/work/toolchain/arm-expanded/Payload/bin/../libexec/gcc/arm-none-eabi/15.3.1/cc1 -quiet <flags> -o build/emerald-repair-headless-20260908/src/battle_anim_rock.o src/battle_anim_rock.c
/Users/ericguthrie/Documents/ChatGPT/Emerald/emerald-champions/work/toolchain/arm-expanded/Payload/bin/../libexec/gcc/arm-none-eabi/15.3.1/cc1 -quiet <flags> -o build/emerald-repair-headless-20260908/src/battle_anim_smokescreen.o src/battle_anim_smokescreen.c
/Users/ericguthrie/Documents/ChatGPT/Emerald/emerald-champions/work/toolchain/arm-expanded/Payload/bin/../libexec/gcc/arm-none-eabi/15.3.1/cc1 -quiet <flags> -o build/emerald-repair-headless-20260908/src/battle_anim_sound_tasks.o src/battle_anim_sound_tasks.c
/Users/ericguthrie/Documents/ChatGPT/Emerald/emerald-champions/work/toolchain/arm-expanded/Payload/bin/../libexec/gcc/arm-none-eabi/15.3.1/cc1 -quiet <flags> -o build/emerald-repair-headless-20260908/src/battle_anim_status_effects.o src/battle_anim_status_effects.c
/Users/ericguthrie/Documents/ChatGPT/Emerald/emerald-champions/work/toolchain/arm-expanded/Payload/bin/../libexec/gcc/arm-none-eabi/15.3.1/cc1 -quiet <flags> -o build/emerald-repair-headless-20260908/src/battle_anim_throw.o src/battle_anim_throw.c
/Users/ericguthrie/Documents/ChatGPT/Emerald/emerald-champions/work/toolchain/arm-expanded/Payload/bin/../libexec/gcc/arm-none-eabi/15.3.1/cc1 -quiet <flags> -o build/emerald-repair-headless-20260908/src/battle_anim_utility_funcs.o src/battle_anim_utility_funcs.c
/Users/ericguthrie/Documents/ChatGPT/Emerald/emerald-champions/work/toolchain/arm-expanded/Payload/bin/../libexec/gcc/arm-none-eabi/15.3.1/cc1 -quiet <flags> -o build/emerald-repair-headless-20260908/src/battle_anim_water.o src/battle_anim_water.c
/Users/ericguthrie/Documents/ChatGPT/Emerald/emerald-champions/work/toolchain/arm-expanded/Payload/bin/../libexec/gcc/arm-none-eabi/15.3.1/cc1 -quiet <flags> -o build/emerald-repair-headless-20260908/src/battle_arena.o src/battle_arena.c
/Users/ericguthrie/Documents/ChatGPT/Emerald/emerald-champions/work/toolchain/arm-expanded/Payload/bin/../libexec/gcc/arm-none-eabi/15.3.1/cc1 -quiet <flags> -o build/emerald-repair-headless-20260908/src/battle_bg.o src/battle_bg.c
/Users/ericguthrie/Documents/ChatGPT/Emerald/emerald-champions/work/toolchain/arm-expanded/Payload/bin/../libexec/gcc/arm-none-eabi/15.3.1/cc1 -quiet <flags> -o build/emerald-repair-headless-20260908/src/battle_controller_link_opponent.o src/battle_controller_link_opponent.c
/Users/ericguthrie/Documents/ChatGPT/Emerald/emerald-champions/work/toolchain/arm-expanded/Payload/bin/../libexec/gcc/arm-none-eabi/15.3.1/cc1 -quiet <flags> -o build/emerald-repair-headless-20260908/src/battle_controller_link_partner.o src/battle_controller_link_partner.c
/Users/ericguthrie/Documents/ChatGPT/Emerald/emerald-champions/work/toolchain/arm-expanded/Payload/bin/../libexec/gcc/arm-none-eabi/15.3.1/cc1 -quiet <flags> -o build/emerald-repair-headless-20260908/src/battle_controller_oak_old_man.o src/battle_controller_oak_old_man.c
/Users/ericguthrie/Documents/ChatGPT/Emerald/emerald-champions/work/toolchain/arm-expanded/Payload/bin/../libexec/gcc/arm-none-eabi/15.3.1/cc1 -quiet <flags> -o build/emerald-repair-headless-20260908/src/battle_controller_opponent.o src/battle_controller_opponent.c
/Users/ericguthrie/Documents/ChatGPT/Emerald/emerald-champions/work/toolchain/arm-expanded/Payload/bin/../libexec/gcc/arm-none-eabi/15.3.1/cc1 -quiet <flags> -o build/emerald-repair-headless-20260908/src/battle_controller_partner.o src/battle_controller_partner.c
/Users/ericguthrie/Documents/ChatGPT/Emerald/emerald-champions/work/toolchain/arm-expanded/Payload/bin/../libexec/gcc/arm-none-eabi/15.3.1/cc1 -quiet <flags> -o build/emerald-repair-headless-20260908/src/battle_controller_player.o src/battle_controller_player.c
/Users/ericguthrie/Documents/ChatGPT/Emerald/emerald-champions/work/toolchain/arm-expanded/Payload/bin/../libexec/gcc/arm-none-eabi/15.3.1/cc1 -quiet <flags> -o build/emerald-repair-headless-20260908/src/battle_controller_recorded_opponent.o src/battle_controller_recorded_opponent.c
/Users/ericguthrie/Documents/ChatGPT/Emerald/emerald-champions/work/toolchain/arm-expanded/Payload/bin/../libexec/gcc/arm-none-eabi/15.3.1/cc1 -quiet <flags> -o build/emerald-repair-headless-20260908/src/battle_controller_recorded_player.o src/battle_controller_recorded_player.c
/Users/ericguthrie/Documents/ChatGPT/Emerald/emerald-champions/work/toolchain/arm-expanded/Payload/bin/../libexec/gcc/arm-none-eabi/15.3.1/cc1 -quiet <flags> -o build/emerald-repair-headless-20260908/src/battle_controller_safari.o src/battle_controller_safari.c
/Users/ericguthrie/Documents/ChatGPT/Emerald/emerald-champions/work/toolchain/arm-expanded/Payload/bin/../libexec/gcc/arm-none-eabi/15.3.1/cc1 -quiet <flags> -o build/emerald-repair-headless-20260908/src/battle_controller_wally.o src/battle_controller_wally.c
/Users/ericguthrie/Documents/ChatGPT/Emerald/emerald-champions/work/toolchain/arm-expanded/Payload/bin/../libexec/gcc/arm-none-eabi/15.3.1/cc1 -quiet <flags> -o build/emerald-repair-headless-20260908/src/battle_controllers.o src/battle_controllers.c
/Users/ericguthrie/Documents/ChatGPT/Emerald/emerald-champions/work/toolchain/arm-expanded/Payload/bin/../libexec/gcc/arm-none-eabi/15.3.1/cc1 -quiet <flags> -o build/emerald-repair-headless-20260908/src/battle_debug.o src/battle_debug.c
/Users/ericguthrie/Documents/ChatGPT/Emerald/emerald-champions/work/toolchain/arm-expanded/Payload/bin/../libexec/gcc/arm-none-eabi/15.3.1/cc1 -quiet <flags> -o build/emerald-repair-headless-20260908/src/battle_dome.o src/battle_dome.c
/Users/ericguthrie/Documents/ChatGPT/Emerald/emerald-champions/work/toolchain/arm-expanded/Payload/bin/../libexec/gcc/arm-none-eabi/15.3.1/cc1 -quiet <flags> -o build/emerald-repair-headless-20260908/src/battle_dynamax.o src/battle_dynamax.c
/Users/ericguthrie/Documents/ChatGPT/Emerald/emerald-champions/work/toolchain/arm-expanded/Payload/bin/../libexec/gcc/arm-none-eabi/15.3.1/cc1 -quiet <flags> -o build/emerald-repair-headless-20260908/src/battle_end_turn.o src/battle_end_turn.c
/Users/ericguthrie/Documents/ChatGPT/Emerald/emerald-champions/work/toolchain/arm-expanded/Payload/bin/../libexec/gcc/arm-none-eabi/15.3.1/cc1 -quiet <flags> -o build/emerald-repair-headless-20260908/src/battle_factory.o src/battle_factory.c
/Users/ericguthrie/Documents/ChatGPT/Emerald/emerald-champions/work/toolchain/arm-expanded/Payload/bin/../libexec/gcc/arm-none-eabi/15.3.1/cc1 -quiet <flags> -o build/emerald-repair-headless-20260908/src/battle_factory_screen.o src/battle_factory_screen.c
/Users/ericguthrie/Documents/ChatGPT/Emerald/emerald-champions/work/toolchain/arm-expanded/Payload/bin/../libexec/gcc/arm-none-eabi/15.3.1/cc1 -quiet <flags> -o build/emerald-repair-headless-20260908/src/battle_frontier.o src/battle_frontier.c
/Users/ericguthrie/Documents/ChatGPT/Emerald/emerald-champions/work/toolchain/arm-expanded/Payload/bin/../libexec/gcc/arm-none-eabi/15.3.1/cc1 -quiet <flags> -o build/emerald-repair-headless-20260908/src/battle_gfx_sfx_util.o src/battle_gfx_sfx_util.c
/Users/ericguthrie/Documents/ChatGPT/Emerald/emerald-champions/work/toolchain/arm-expanded/Payload/bin/../libexec/gcc/arm-none-eabi/15.3.1/cc1 -quiet <flags> -o build/emerald-repair-headless-20260908/src/battle_gimmick.o src/battle_gimmick.c
/Users/ericguthrie/Documents/ChatGPT/Emerald/emerald-champions/work/toolchain/arm-expanded/Payload/bin/../libexec/gcc/arm-none-eabi/15.3.1/cc1 -quiet <flags> -o build/emerald-repair-headless-20260908/src/battle_hold_effects.o src/battle_hold_effects.c
/Users/ericguthrie/Documents/ChatGPT/Emerald/emerald-champions/work/toolchain/arm-expanded/Payload/bin/../libexec/gcc/arm-none-eabi/15.3.1/cc1 -quiet <flags> -o build/emerald-repair-headless-20260908/src/battle_interface.o src/battle_interface.c
/Users/ericguthrie/Documents/ChatGPT/Emerald/emerald-champions/work/toolchain/arm-expanded/Payload/bin/../libexec/gcc/arm-none-eabi/15.3.1/cc1 -quiet <flags> -o build/emerald-repair-headless-20260908/src/battle_intro.o src/battle_intro.c
/Users/ericguthrie/Documents/ChatGPT/Emerald/emerald-champions/work/toolchain/arm-expanded/Payload/bin/../libexec/gcc/arm-none-eabi/15.3.1/cc1 -quiet <flags> -o build/emerald-repair-headless-20260908/src/battle_main.o src/battle_main.c
/Users/ericguthrie/Documents/ChatGPT/Emerald/emerald-champions/work/toolchain/arm-expanded/Payload/bin/../libexec/gcc/arm-none-eabi/15.3.1/cc1 -quiet <flags> -o build/emerald-repair-headless-20260908/src/battle_message.o src/battle_message.c
/Users/ericguthrie/Documents/ChatGPT/Emerald/emerald-champions/work/toolchain/arm-expanded/Payload/bin/../libexec/gcc/arm-none-eabi/15.3.1/cc1 -quiet <flags> -o build/emerald-repair-headless-20260908/src/battle_move_resolution.o src/battle_move_resolution.c
/Users/ericguthrie/Documents/ChatGPT/Emerald/emerald-champions/work/toolchain/arm-expanded/Payload/bin/../libexec/gcc/arm-none-eabi/15.3.1/cc1 -quiet <flags> -o build/emerald-repair-headless-20260908/src/battle_palace.o src/battle_palace.c
/Users/ericguthrie/Documents/ChatGPT/Emerald/emerald-champions/work/toolchain/arm-expanded/Payload/bin/../libexec/gcc/arm-none-eabi/15.3.1/cc1 -quiet <flags> -o build/emerald-repair-headless-20260908/src/battle_partner.o src/battle_partner.c
/Users/ericguthrie/Documents/ChatGPT/Emerald/emerald-champions/work/toolchain/arm-expanded/Payload/bin/../libexec/gcc/arm-none-eabi/15.3.1/cc1 -quiet <flags> -o build/emerald-repair-headless-20260908/src/battle_pike.o src/battle_pike.c
/Users/ericguthrie/Documents/ChatGPT/Emerald/emerald-champions/work/toolchain/arm-expanded/Payload/bin/../libexec/gcc/arm-none-eabi/15.3.1/cc1 -quiet <flags> -o build/emerald-repair-headless-20260908/src/battle_pyramid.o src/battle_pyramid.c
/Users/ericguthrie/Documents/ChatGPT/Emerald/emerald-champions/work/toolchain/arm-expanded/Payload/bin/../libexec/gcc/arm-none-eabi/15.3.1/cc1 -quiet <flags> -o build/emerald-repair-headless-20260908/src/battle_pyramid_bag.o src/battle_pyramid_bag.c
/Users/ericguthrie/Documents/ChatGPT/Emerald/emerald-champions/work/toolchain/arm-expanded/Payload/bin/../libexec/gcc/arm-none-eabi/15.3.1/cc1 -quiet <flags> -o build/emerald-repair-headless-20260908/src/battle_records.o src/battle_records.c
/Users/ericguthrie/Documents/ChatGPT/Emerald/emerald-champions/work/toolchain/arm-expanded/Payload/bin/../libexec/gcc/arm-none-eabi/15.3.1/cc1 -quiet <flags> -o build/emerald-repair-headless-20260908/src/battle_script_commands.o src/battle_script_commands.c
/Users/ericguthrie/Documents/ChatGPT/Emerald/emerald-champions/work/toolchain/arm-expanded/Payload/bin/../libexec/gcc/arm-none-eabi/15.3.1/cc1 -quiet <flags> -o build/emerald-repair-headless-20260908/src/battle_set_effect.o src/battle_set_effect.c
/Users/ericguthrie/Documents/ChatGPT/Emerald/emerald-champions/work/toolchain/arm-expanded/Payload/bin/../libexec/gcc/arm-none-eabi/15.3.1/cc1 -quiet <flags> -o build/emerald-repair-headless-20260908/src/battle_setup.o src/battle_setup.c
/Users/ericguthrie/Documents/ChatGPT/Emerald/emerald-champions/work/toolchain/arm-expanded/Payload/bin/../libexec/gcc/arm-none-eabi/15.3.1/cc1 -quiet <flags> -o build/emerald-repair-headless-20260908/src/battle_special.o src/battle_special.c
/Users/ericguthrie/Documents/ChatGPT/Emerald/emerald-champions/work/toolchain/arm-expanded/Payload/bin/../libexec/gcc/arm-none-eabi/15.3.1/cc1 -quiet <flags> -o build/emerald-repair-headless-20260908/src/battle_stat_change.o src/battle_stat_change.c
/Users/ericguthrie/Documents/ChatGPT/Emerald/emerald-champions/work/toolchain/arm-expanded/Payload/bin/../libexec/gcc/arm-none-eabi/15.3.1/cc1 -quiet <flags> -o build/emerald-repair-headless-20260908/src/battle_switch_in.o src/battle_switch_in.c
/Users/ericguthrie/Documents/ChatGPT/Emerald/emerald-champions/work/toolchain/arm-expanded/Payload/bin/../libexec/gcc/arm-none-eabi/15.3.1/cc1 -quiet <flags> -o build/emerald-repair-headless-20260908/src/battle_tent.o src/battle_tent.c
/Users/ericguthrie/Documents/ChatGPT/Emerald/emerald-champions/work/toolchain/arm-expanded/Payload/bin/../libexec/gcc/arm-none-eabi/15.3.1/cc1 -quiet <flags> -o build/emerald-repair-headless-20260908/src/battle_terastal.o src/battle_terastal.c
/Users/ericguthrie/Documents/ChatGPT/Emerald/emerald-champions/work/toolchain/arm-expanded/Payload/bin/../libexec/gcc/arm-none-eabi/15.3.1/cc1 -quiet <flags> -o build/emerald-repair-headless-20260908/src/battle_tower.o src/battle_tower.c
tools/compresSmol/compresSmol -w graphics/battle_transitions/frontier_square_1.4bpp build/assets/graphics/battle_transitions/frontier_square_1.4bpp.smol 
tools/compresSmol/compresSmol -w graphics/battle_transitions/frontier_square_2.4bpp build/assets/graphics/battle_transitions/frontier_square_2.4bpp.smol 
tools/compresSmol/compresSmol -w graphics/battle_transitions/frontier_square_3.4bpp build/assets/graphics/battle_transitions/frontier_square_3.4bpp.smol 
tools/compresSmol/compresSmol -w graphics/battle_transitions/frontier_square_4.4bpp build/assets/graphics/battle_transitions/frontier_square_4.4bpp.smol 
/Users/ericguthrie/Documents/ChatGPT/Emerald/emerald-champions/work/toolchain/arm-expanded/Payload/bin/../libexec/gcc/arm-none-eabi/15.3.1/cc1 -quiet <flags> -o build/emerald-repair-headless-20260908/src/battle_transition_frontier.o src/battle_transition_frontier.c
/Users/ericguthrie/Documents/ChatGPT/Emerald/emerald-champions/work/toolchain/arm-expanded/Payload/bin/../libexec/gcc/arm-none-eabi/15.3.1/cc1 -quiet <flags> -o build/emerald-repair-headless-20260908/src/battle_tv.o src/battle_tv.c
/Users/ericguthrie/Documents/ChatGPT/Emerald/emerald-champions/work/toolchain/arm-expanded/Payload/bin/../libexec/gcc/arm-none-eabi/15.3.1/cc1 -quiet <flags> -o build/emerald-repair-headless-20260908/src/battle_util.o src/battle_util.c
/Users/ericguthrie/Documents/ChatGPT/Emerald/emerald-champions/work/toolchain/arm-expanded/Payload/bin/../libexec/gcc/arm-none-eabi/15.3.1/cc1 -quiet <flags> -o build/emerald-repair-headless-20260908/src/battle_util2.o src/battle_util2.c
/Users/ericguthrie/Documents/ChatGPT/Emerald/emerald-champions/work/toolchain/arm-expanded/Payload/bin/../libexec/gcc/arm-none-eabi/15.3.1/cc1 -quiet <flags> -o build/emerald-repair-headless-20260908/src/battle_z_move.o src/battle_z_move.c
/Users/ericguthrie/Documents/ChatGPT/Emerald/emerald-champions/work/toolchain/arm-expanded/Payload/bin/../libexec/gcc/arm-none-eabi/15.3.1/cc1 -quiet <flags> -o build/emerald-repair-headless-20260908/src/berry.o src/berry.c
/Users/ericguthrie/Documents/ChatGPT/Emerald/emerald-champions/work/toolchain/arm-expanded/Payload/bin/../libexec/gcc/arm-none-eabi/15.3.1/cc1 -quiet <flags> -o build/emerald-repair-headless-20260908/src/berry_blender.o src/berry_blender.c
/Users/ericguthrie/Documents/ChatGPT/Emerald/emerald-champions/work/toolchain/arm-expanded/Payload/bin/../libexec/gcc/arm-none-eabi/15.3.1/cc1 -quiet <flags> -o build/emerald-repair-headless-20260908/src/berry_crush.o src/berry_crush.c
/Users/ericguthrie/Documents/ChatGPT/Emerald/emerald-champions/work/toolchain/arm-expanded/Payload/bin/../libexec/gcc/arm-none-eabi/15.3.1/cc1 -quiet <flags> -o build/emerald-repair-headless-20260908/src/berry_fix_program.o src/berry_fix_program.c
/Users/ericguthrie/Documents/ChatGPT/Emerald/emerald-champions/work/toolchain/arm-expanded/Payload/bin/../libexec/gcc/arm-none-eabi/15.3.1/cc1 -quiet <flags> -o build/emerald-repair-headless-20260908/src/berry_powder.o src/berry_powder.c
/Users/ericguthrie/Documents/ChatGPT/Emerald/emerald-champions/work/toolchain/arm-expanded/Payload/bin/../libexec/gcc/arm-none-eabi/15.3.1/cc1 -quiet <flags> -o build/emerald-repair-headless-20260908/src/berry_tag_screen.o src/berry_tag_screen.c
/Users/ericguthrie/Documents/ChatGPT/Emerald/emerald-champions/work/toolchain/arm-expanded/Payload/bin/../libexec/gcc/arm-none-eabi/15.3.1/cc1 -quiet <flags> -o build/emerald-repair-headless-20260908/src/bg.o src/bg.c
/Users/ericguthrie/Documents/ChatGPT/Emerald/emerald-champions/work/toolchain/arm-expanded/Payload/bin/../libexec/gcc/arm-none-eabi/15.3.1/cc1 -quiet <flags> -o build/emerald-repair-headless-20260908/src/bike.o src/bike.c
/Users/ericguthrie/Documents/ChatGPT/Emerald/emerald-champions/work/toolchain/arm-expanded/Payload/bin/../libexec/gcc/arm-none-eabi/15.3.1/cc1 -quiet <flags> -o build/emerald-repair-headless-20260908/src/birch_pc.o src/birch_pc.c
/Users/ericguthrie/Documents/ChatGPT/Emerald/emerald-champions/work/toolchain/arm-expanded/Payload/bin/../libexec/gcc/arm-none-eabi/15.3.1/cc1 -quiet <flags> -o build/emerald-repair-headless-20260908/src/blit.o src/blit.c
/Users/ericguthrie/Documents/ChatGPT/Emerald/emerald-champions/work/toolchain/arm-expanded/Payload/bin/../libexec/gcc/arm-none-eabi/15.3.1/cc1 -quiet <flags> -o build/emerald-repair-headless-20260908/src/braille.o src/braille.c
/Users/ericguthrie/Documents/ChatGPT/Emerald/emerald-champions/work/toolchain/arm-expanded/Payload/bin/../libexec/gcc/arm-none-eabi/15.3.1/cc1 -quiet <flags> -o build/emerald-repair-headless-20260908/src/braille_puzzles.o src/braille_puzzles.c
/Users/ericguthrie/Documents/ChatGPT/Emerald/emerald-champions/work/toolchain/arm-expanded/Payload/bin/../libexec/gcc/arm-none-eabi/15.3.1/cc1 -quiet <flags> -o build/emerald-repair-headless-20260908/src/cable_car.o src/cable_car.c
/Users/ericguthrie/Documents/ChatGPT/Emerald/emerald-champions/work/toolchain/arm-expanded/Payload/bin/../libexec/gcc/arm-none-eabi/15.3.1/cc1 -quiet <flags> -o build/emerald-repair-headless-20260908/src/cable_club.o src/cable_club.c
/Users/ericguthrie/Documents/ChatGPT/Emerald/emerald-champions/work/toolchain/arm-expanded/Payload/bin/../libexec/gcc/arm-none-eabi/15.3.1/cc1 -quiet <flags> -o build/emerald-repair-headless-20260908/src/caps.o src/caps.c
/Users/ericguthrie/Documents/ChatGPT/Emerald/emerald-champions/work/toolchain/arm-expanded/Payload/bin/../libexec/gcc/arm-none-eabi/15.3.1/cc1 -quiet <flags> -o build/emerald-repair-headless-20260908/src/champions_circuit.o src/champions_circuit.c
/Users/ericguthrie/Documents/ChatGPT/Emerald/emerald-champions/work/toolchain/arm-expanded/Payload/bin/../libexec/gcc/arm-none-eabi/15.3.1/cc1 -quiet <flags> -o build/emerald-repair-headless-20260908/src/chooseboxmon.o src/chooseboxmon.c
/Users/ericguthrie/Documents/ChatGPT/Emerald/emerald-champions/work/toolchain/arm-expanded/Payload/bin/../libexec/gcc/arm-none-eabi/15.3.1/cc1 -quiet <flags> -o build/emerald-repair-headless-20260908/src/clear_save_data_screen.o src/clear_save_data_screen.c
/Users/ericguthrie/Documents/ChatGPT/Emerald/emerald-champions/work/toolchain/arm-expanded/Payload/bin/../libexec/gcc/arm-none-eabi/15.3.1/cc1 -quiet <flags> -o build/emerald-repair-headless-20260908/src/clock.o src/clock.c
/Users/ericguthrie/Documents/ChatGPT/Emerald/emerald-champions/work/toolchain/arm-expanded/Payload/bin/../libexec/gcc/arm-none-eabi/15.3.1/cc1 -quiet <flags> -o build/emerald-repair-headless-20260908/src/coins.o src/coins.c
/Users/ericguthrie/Documents/ChatGPT/Emerald/emerald-champions/work/toolchain/arm-expanded/Payload/bin/../libexec/gcc/arm-none-eabi/15.3.1/cc1 -quiet <flags> -o build/emerald-repair-headless-20260908/src/confetti_util.o src/confetti_util.c
/Users/ericguthrie/Documents/ChatGPT/Emerald/emerald-champions/work/toolchain/arm-expanded/Payload/bin/../libexec/gcc/arm-none-eabi/15.3.1/cc1 -quiet <flags> -o build/emerald-repair-headless-20260908/src/config_changes.o src/config_changes.c
/Users/ericguthrie/Documents/ChatGPT/Emerald/emerald-champions/work/toolchain/arm-expanded/Payload/bin/../libexec/gcc/arm-none-eabi/15.3.1/cc1 -quiet <flags> -o build/emerald-repair-headless-20260908/src/contest.o src/contest.c
/Users/ericguthrie/Documents/ChatGPT/Emerald/emerald-champions/work/toolchain/arm-expanded/Payload/bin/../libexec/gcc/arm-none-eabi/15.3.1/cc1 -quiet <flags> -o build/emerald-repair-headless-20260908/src/contest_ai.o src/contest_ai.c
/Users/ericguthrie/Documents/ChatGPT/Emerald/emerald-champions/work/toolchain/arm-expanded/Payload/bin/../libexec/gcc/arm-none-eabi/15.3.1/cc1 -quiet <flags> -o build/emerald-repair-headless-20260908/src/contest_effect.o src/contest_effect.c
/Users/ericguthrie/Documents/ChatGPT/Emerald/emerald-champions/work/toolchain/arm-expanded/Payload/bin/../libexec/gcc/arm-none-eabi/15.3.1/cc1 -quiet <flags> -o build/emerald-repair-headless-20260908/src/contest_link.o src/contest_link.c
/Users/ericguthrie/Documents/ChatGPT/Emerald/emerald-champions/work/toolchain/arm-expanded/Payload/bin/../libexec/gcc/arm-none-eabi/15.3.1/cc1 -quiet <flags> -o build/emerald-repair-headless-20260908/src/contest_link_util.o src/contest_link_util.c
/Users/ericguthrie/Documents/ChatGPT/Emerald/emerald-champions/work/toolchain/arm-expanded/Payload/bin/../libexec/gcc/arm-none-eabi/15.3.1/cc1 -quiet <flags> -o build/emerald-repair-headless-20260908/src/contest_painting.o src/contest_painting.c
/Users/ericguthrie/Documents/ChatGPT/Emerald/emerald-champions/work/toolchain/arm-expanded/Payload/bin/../libexec/gcc/arm-none-eabi/15.3.1/cc1 -quiet <flags> -o build/emerald-repair-headless-20260908/src/contest_util.o src/contest_util.c
/Users/ericguthrie/Documents/ChatGPT/Emerald/emerald-champions/work/toolchain/arm-expanded/Payload/bin/../libexec/gcc/arm-none-eabi/15.3.1/cc1 -quiet <flags> -o build/emerald-repair-headless-20260908/src/coord_event_weather.o src/coord_event_weather.c
/Users/ericguthrie/Documents/ChatGPT/Emerald/emerald-champions/work/toolchain/arm-expanded/Payload/bin/../libexec/gcc/arm-none-eabi/15.3.1/cc1 -quiet <flags> -o build/emerald-repair-headless-20260908/src/credits.o src/credits.c
/Users/ericguthrie/Documents/ChatGPT/Emerald/emerald-champions/work/toolchain/arm-expanded/Payload/bin/../libexec/gcc/arm-none-eabi/15.3.1/cc1 -quiet <flags> -o build/emerald-repair-headless-20260908/src/credits_frlg.o src/credits_frlg.c
/Users/ericguthrie/Documents/ChatGPT/Emerald/emerald-champions/work/toolchain/arm-expanded/Payload/bin/../libexec/gcc/arm-none-eabi/15.3.1/cc1 -quiet <flags> -o build/emerald-repair-headless-20260908/src/data.o src/data.c
/Users/ericguthrie/Documents/ChatGPT/Emerald/emerald-champions/work/toolchain/arm-expanded/Payload/bin/../libexec/gcc/arm-none-eabi/15.3.1/cc1 -quiet <flags> -o build/emerald-repair-headless-20260908/src/datetime.o src/datetime.c
/Users/ericguthrie/Documents/ChatGPT/Emerald/emerald-champions/work/toolchain/arm-expanded/Payload/bin/../libexec/gcc/arm-none-eabi/15.3.1/cc1 -quiet <flags> -o build/emerald-repair-headless-20260908/src/daycare.o src/daycare.c
/Users/ericguthrie/Documents/ChatGPT/Emerald/emerald-champions/work/toolchain/arm-expanded/Payload/bin/../libexec/gcc/arm-none-eabi/15.3.1/cc1 -quiet <flags> -o build/emerald-repair-headless-20260908/src/debug.o src/debug.c
/Users/ericguthrie/Documents/ChatGPT/Emerald/emerald-champions/work/toolchain/arm-expanded/Payload/bin/../libexec/gcc/arm-none-eabi/15.3.1/cc1 -quiet <flags> -o build/emerald-repair-headless-20260908/src/decompress.o src/decompress.c
/Users/ericguthrie/Documents/ChatGPT/Emerald/emerald-champions/work/toolchain/arm-expanded/Payload/bin/../libexec/gcc/arm-none-eabi/15.3.1/cc1 -quiet <flags> -o build/emerald-repair-headless-20260908/src/decompress_error_handler.o src/decompress_error_handler.c
/Users/ericguthrie/Documents/ChatGPT/Emerald/emerald-champions/work/toolchain/arm-expanded/Payload/bin/../libexec/gcc/arm-none-eabi/15.3.1/cc1 -quiet <flags> -o build/emerald-repair-headless-20260908/src/decoration.o src/decoration.c
/Users/ericguthrie/Documents/ChatGPT/Emerald/emerald-champions/work/toolchain/arm-expanded/Payload/bin/../libexec/gcc/arm-none-eabi/15.3.1/cc1 -quiet <flags> -o build/emerald-repair-headless-20260908/src/decoration_inventory.o src/decoration_inventory.c
/Users/ericguthrie/Documents/ChatGPT/Emerald/emerald-champions/work/toolchain/arm-expanded/Payload/bin/../libexec/gcc/arm-none-eabi/15.3.1/cc1 -quiet <flags> -o build/emerald-repair-headless-20260908/src/dewford_trend.o src/dewford_trend.c
/Users/ericguthrie/Documents/ChatGPT/Emerald/emerald-champions/work/toolchain/arm-expanded/Payload/bin/../libexec/gcc/arm-none-eabi/15.3.1/cc1 -quiet <flags> -o build/emerald-repair-headless-20260908/src/dexnav.o src/dexnav.c
/Users/ericguthrie/Documents/ChatGPT/Emerald/emerald-champions/work/toolchain/arm-expanded/Payload/bin/../libexec/gcc/arm-none-eabi/15.3.1/cc1 -quiet <flags> -o build/emerald-repair-headless-20260908/src/difficulty.o src/difficulty.c
/Users/ericguthrie/Documents/ChatGPT/Emerald/emerald-champions/work/toolchain/arm-expanded/Payload/bin/../libexec/gcc/arm-none-eabi/15.3.1/cc1 -quiet <flags> -o build/emerald-repair-headless-20260908/src/digit_obj_util.o src/digit_obj_util.c
/Users/ericguthrie/Documents/ChatGPT/Emerald/emerald-champions/work/toolchain/arm-expanded/Payload/bin/../libexec/gcc/arm-none-eabi/15.3.1/cc1 -quiet <flags> -o build/emerald-repair-headless-20260908/src/diploma.o src/diploma.c
/Users/ericguthrie/Documents/ChatGPT/Emerald/emerald-champions/work/toolchain/arm-expanded/Payload/bin/../libexec/gcc/arm-none-eabi/15.3.1/cc1 -quiet <flags> -o build/emerald-repair-headless-20260908/src/dma3_manager.o src/dma3_manager.c
/Users/ericguthrie/Documents/ChatGPT/Emerald/emerald-champions/work/toolchain/arm-expanded/Payload/bin/../libexec/gcc/arm-none-eabi/15.3.1/cc1 -quiet <flags> -o build/emerald-repair-headless-20260908/src/dodrio_berry_picking.o src/dodrio_berry_picking.c
/Users/ericguthrie/Documents/ChatGPT/Emerald/emerald-champions/work/toolchain/arm-expanded/Payload/bin/../libexec/gcc/arm-none-eabi/15.3.1/cc1 -quiet <flags> -o build/emerald-repair-headless-20260908/src/dynamic_placeholder_text_util.o src/dynamic_placeholder_text_util.c
/Users/ericguthrie/Documents/ChatGPT/Emerald/emerald-champions/work/toolchain/arm-expanded/Payload/bin/../libexec/gcc/arm-none-eabi/15.3.1/cc1 -quiet <flags> -o build/emerald-repair-headless-20260908/src/easy_chat.o src/easy_chat.c
/Users/ericguthrie/Documents/ChatGPT/Emerald/emerald-champions/work/toolchain/arm-expanded/Payload/bin/../libexec/gcc/arm-none-eabi/15.3.1/cc1 -quiet <flags> -o build/emerald-repair-headless-20260908/src/egg_hatch.o src/egg_hatch.c
/Users/ericguthrie/Documents/ChatGPT/Emerald/emerald-champions/work/toolchain/arm-expanded/Payload/bin/../libexec/gcc/arm-none-eabi/15.3.1/cc1 -quiet <flags> -o build/emerald-repair-headless-20260908/src/emerald_champions_agent_prep.o src/emerald_champions_agent_prep.c
/Users/ericguthrie/Documents/ChatGPT/Emerald/emerald-champions/work/toolchain/arm-expanded/Payload/bin/../libexec/gcc/arm-none-eabi/15.3.1/cc1 -quiet <flags> -o build/emerald-repair-headless-20260908/src/emerald_champions_battle_plan.o src/emerald_champions_battle_plan.c
/Users/ericguthrie/Documents/ChatGPT/Emerald/emerald-champions/work/toolchain/arm-expanded/Payload/bin/../libexec/gcc/arm-none-eabi/15.3.1/cc1 -quiet <flags> -o build/emerald-repair-headless-20260908/src/emerald_champions_battle_sets.o src/emerald_champions_battle_sets.c
/Users/ericguthrie/Documents/ChatGPT/Emerald/emerald-champions/work/toolchain/arm-expanded/Payload/bin/../libexec/gcc/arm-none-eabi/15.3.1/cc1 -quiet <flags> -o build/emerald-repair-headless-20260908/src/emerald_champions_headless.o src/emerald_champions_headless.c
/Users/ericguthrie/Documents/ChatGPT/Emerald/emerald-champions/work/toolchain/arm-expanded/Payload/bin/../libexec/gcc/arm-none-eabi/15.3.1/cc1 -quiet <flags> -o build/emerald-repair-headless-20260908/src/emerald_champions_opening.o src/emerald_champions_opening.c
/Users/ericguthrie/Documents/ChatGPT/Emerald/emerald-champions/work/toolchain/arm-expanded/Payload/bin/../libexec/gcc/arm-none-eabi/15.3.1/cc1 -quiet <flags> -o build/emerald-repair-headless-20260908/src/ereader_helpers.o src/ereader_helpers.c
/Users/ericguthrie/Documents/ChatGPT/Emerald/emerald-champions/work/toolchain/arm-expanded/Payload/bin/../libexec/gcc/arm-none-eabi/15.3.1/cc1 -quiet <flags> -o build/emerald-repair-headless-20260908/src/ereader_screen.o src/ereader_screen.c
/Users/ericguthrie/Documents/ChatGPT/Emerald/emerald-champions/work/toolchain/arm-expanded/Payload/bin/../libexec/gcc/arm-none-eabi/15.3.1/cc1 -quiet <flags> -o build/emerald-repair-headless-20260908/src/event_data.o src/event_data.c
/Users/ericguthrie/Documents/ChatGPT/Emerald/emerald-champions/work/toolchain/arm-expanded/Payload/bin/../libexec/gcc/arm-none-eabi/15.3.1/cc1 -quiet <flags> -o build/emerald-repair-headless-20260908/src/event_object_lock.o src/event_object_lock.c
/Users/ericguthrie/Documents/ChatGPT/Emerald/emerald-champions/work/toolchain/arm-expanded/Payload/bin/../libexec/gcc/arm-none-eabi/15.3.1/cc1 -quiet <flags> -o build/emerald-repair-headless-20260908/src/event_object_movement.o src/event_object_movement.c
/Users/ericguthrie/Documents/ChatGPT/Emerald/emerald-champions/work/toolchain/arm-expanded/Payload/bin/../libexec/gcc/arm-none-eabi/15.3.1/cc1 -quiet <flags> -o build/emerald-repair-headless-20260908/src/evolution_graphics.o src/evolution_graphics.c
/Users/ericguthrie/Documents/ChatGPT/Emerald/emerald-champions/work/toolchain/arm-expanded/Payload/bin/../libexec/gcc/arm-none-eabi/15.3.1/cc1 -quiet <flags> -o build/emerald-repair-headless-20260908/src/evolution_scene.o src/evolution_scene.c
/Users/ericguthrie/Documents/ChatGPT/Emerald/emerald-champions/work/toolchain/arm-expanded/Payload/bin/../libexec/gcc/arm-none-eabi/15.3.1/cc1 -quiet <flags> -o build/emerald-repair-headless-20260908/src/expansion_intro.o src/expansion_intro.c
/Users/ericguthrie/Documents/ChatGPT/Emerald/emerald-champions/work/toolchain/arm-expanded/Payload/bin/../libexec/gcc/arm-none-eabi/15.3.1/cc1 -quiet <flags> -o build/emerald-repair-headless-20260908/src/fake_rtc.o src/fake_rtc.c
/Users/ericguthrie/Documents/ChatGPT/Emerald/emerald-champions/work/toolchain/arm-expanded/Payload/bin/../libexec/gcc/arm-none-eabi/15.3.1/cc1 -quiet <flags> -o build/emerald-repair-headless-20260908/src/fame_checker.o src/fame_checker.c
/Users/ericguthrie/Documents/ChatGPT/Emerald/emerald-champions/work/toolchain/arm-expanded/Payload/bin/../libexec/gcc/arm-none-eabi/15.3.1/cc1 -quiet <flags> -o build/emerald-repair-headless-20260908/src/faraway_island.o src/faraway_island.c
/Users/ericguthrie/Documents/ChatGPT/Emerald/emerald-champions/work/toolchain/arm-expanded/Payload/bin/../libexec/gcc/arm-none-eabi/15.3.1/cc1 -quiet <flags> -o build/emerald-repair-headless-20260908/src/field_camera.o src/field_camera.c
/Users/ericguthrie/Documents/ChatGPT/Emerald/emerald-champions/work/toolchain/arm-expanded/Payload/bin/../libexec/gcc/arm-none-eabi/15.3.1/cc1 -quiet <flags> -o build/emerald-repair-headless-20260908/src/field_control_avatar.o src/field_control_avatar.c
/Users/ericguthrie/Documents/ChatGPT/Emerald/emerald-champions/work/toolchain/arm-expanded/Payload/bin/../libexec/gcc/arm-none-eabi/15.3.1/cc1 -quiet <flags> -o build/emerald-repair-headless-20260908/src/field_door.o src/field_door.c
/Users/ericguthrie/Documents/ChatGPT/Emerald/emerald-champions/work/toolchain/arm-expanded/Payload/bin/../libexec/gcc/arm-none-eabi/15.3.1/cc1 -quiet <flags> -o build/emerald-repair-headless-20260908/src/field_effect.o src/field_effect.c
/Users/ericguthrie/Documents/ChatGPT/Emerald/emerald-champions/work/toolchain/arm-expanded/Payload/bin/../libexec/gcc/arm-none-eabi/15.3.1/cc1 -quiet <flags> -o build/emerald-repair-headless-20260908/src/field_effect_helpers.o src/field_effect_helpers.c
/Users/ericguthrie/Documents/ChatGPT/Emerald/emerald-champions/work/toolchain/arm-expanded/Payload/bin/../libexec/gcc/arm-none-eabi/15.3.1/cc1 -quiet <flags> -o build/emerald-repair-headless-20260908/src/field_message_box.o src/field_message_box.c
/Users/ericguthrie/Documents/ChatGPT/Emerald/emerald-champions/work/toolchain/arm-expanded/Payload/bin/../libexec/gcc/arm-none-eabi/15.3.1/cc1 -quiet <flags> -o build/emerald-repair-headless-20260908/src/field_move.o src/field_move.c
/Users/ericguthrie/Documents/ChatGPT/Emerald/emerald-champions/work/toolchain/arm-expanded/Payload/bin/../libexec/gcc/arm-none-eabi/15.3.1/cc1 -quiet <flags> -o build/emerald-repair-headless-20260908/src/field_name_box.o src/field_name_box.c
/Users/ericguthrie/Documents/ChatGPT/Emerald/emerald-champions/work/toolchain/arm-expanded/Payload/bin/../libexec/gcc/arm-none-eabi/15.3.1/cc1 -quiet <flags> -o build/emerald-repair-headless-20260908/src/field_player_avatar.o src/field_player_avatar.c
/Users/ericguthrie/Documents/ChatGPT/Emerald/emerald-champions/work/toolchain/arm-expanded/Payload/bin/../libexec/gcc/arm-none-eabi/15.3.1/cc1 -quiet <flags> -o build/emerald-repair-headless-20260908/src/field_poison.o src/field_poison.c
/Users/ericguthrie/Documents/ChatGPT/Emerald/emerald-champions/work/toolchain/arm-expanded/Payload/bin/../libexec/gcc/arm-none-eabi/15.3.1/cc1 -quiet <flags> -o build/emerald-repair-headless-20260908/src/field_region_map.o src/field_region_map.c
/Users/ericguthrie/Documents/ChatGPT/Emerald/emerald-champions/work/toolchain/arm-expanded/Payload/bin/../libexec/gcc/arm-none-eabi/15.3.1/cc1 -quiet <flags> -o build/emerald-repair-headless-20260908/src/field_screen_effect.o src/field_screen_effect.c
/Users/ericguthrie/Documents/ChatGPT/Emerald/emerald-champions/work/toolchain/arm-expanded/Payload/bin/../libexec/gcc/arm-none-eabi/15.3.1/cc1 -quiet <flags> -o build/emerald-repair-headless-20260908/src/field_special_scene.o src/field_special_scene.c
/Users/ericguthrie/Documents/ChatGPT/Emerald/emerald-champions/work/toolchain/arm-expanded/Payload/bin/../libexec/gcc/arm-none-eabi/15.3.1/cc1 -quiet <flags> -o build/emerald-repair-headless-20260908/src/field_specials.o src/field_specials.c
/Users/ericguthrie/Documents/ChatGPT/Emerald/emerald-champions/work/toolchain/arm-expanded/Payload/bin/../libexec/gcc/arm-none-eabi/15.3.1/cc1 -quiet <flags> -o build/emerald-repair-headless-20260908/src/field_tasks.o src/field_tasks.c
/Users/ericguthrie/Documents/ChatGPT/Emerald/emerald-champions/work/toolchain/arm-expanded/Payload/bin/../libexec/gcc/arm-none-eabi/15.3.1/cc1 -quiet <flags> -o build/emerald-repair-headless-20260908/src/field_weather.o src/field_weather.c
/Users/ericguthrie/Documents/ChatGPT/Emerald/emerald-champions/work/toolchain/arm-expanded/Payload/bin/../libexec/gcc/arm-none-eabi/15.3.1/cc1 -quiet <flags> -o build/emerald-repair-headless-20260908/src/field_weather_effect.o src/field_weather_effect.c
/Users/ericguthrie/Documents/ChatGPT/Emerald/emerald-champions/work/toolchain/arm-expanded/Payload/bin/../libexec/gcc/arm-none-eabi/15.3.1/cc1 -quiet <flags> -o build/emerald-repair-headless-20260908/src/fieldmap.o src/fieldmap.c
/Users/ericguthrie/Documents/ChatGPT/Emerald/emerald-champions/work/toolchain/arm-expanded/Payload/bin/../libexec/gcc/arm-none-eabi/15.3.1/cc1 -quiet <flags> -o build/emerald-repair-headless-20260908/src/fishing.o src/fishing.c
/Users/ericguthrie/Documents/ChatGPT/Emerald/emerald-champions/work/toolchain/arm-expanded/Payload/bin/../libexec/gcc/arm-none-eabi/15.3.1/cc1 -quiet <flags> -o build/emerald-repair-headless-20260908/src/fldeff_cut.o src/fldeff_cut.c
/Users/ericguthrie/Documents/ChatGPT/Emerald/emerald-champions/work/toolchain/arm-expanded/Payload/bin/../libexec/gcc/arm-none-eabi/15.3.1/cc1 -quiet <flags> -o build/emerald-repair-headless-20260908/src/fldeff_defog.o src/fldeff_defog.c
/Users/ericguthrie/Documents/ChatGPT/Emerald/emerald-champions/work/toolchain/arm-expanded/Payload/bin/../libexec/gcc/arm-none-eabi/15.3.1/cc1 -quiet <flags> -o build/emerald-repair-headless-20260908/src/fldeff_dig.o src/fldeff_dig.c
/Users/ericguthrie/Documents/ChatGPT/Emerald/emerald-champions/work/toolchain/arm-expanded/Payload/bin/../libexec/gcc/arm-none-eabi/15.3.1/cc1 -quiet <flags> -o build/emerald-repair-headless-20260908/src/fldeff_escalator.o src/fldeff_escalator.c
/Users/ericguthrie/Documents/ChatGPT/Emerald/emerald-champions/work/toolchain/arm-expanded/Payload/bin/../libexec/gcc/arm-none-eabi/15.3.1/cc1 -quiet <flags> -o build/emerald-repair-headless-20260908/src/fldeff_flash.o src/fldeff_flash.c
/Users/ericguthrie/Documents/ChatGPT/Emerald/emerald-champions/work/toolchain/arm-expanded/Payload/bin/../libexec/gcc/arm-none-eabi/15.3.1/cc1 -quiet <flags> -o build/emerald-repair-headless-20260908/src/fldeff_misc.o src/fldeff_misc.c
/Users/ericguthrie/Documents/ChatGPT/Emerald/emerald-champions/work/toolchain/arm-expanded/Payload/bin/../libexec/gcc/arm-none-eabi/15.3.1/cc1 -quiet <flags> -o build/emerald-repair-headless-20260908/src/fldeff_rocksmash.o src/fldeff_rocksmash.c
/Users/ericguthrie/Documents/ChatGPT/Emerald/emerald-champions/work/toolchain/arm-expanded/Payload/bin/../libexec/gcc/arm-none-eabi/15.3.1/cc1 -quiet <flags> -o build/emerald-repair-headless-20260908/src/fldeff_softboiled.o src/fldeff_softboiled.c
/Users/ericguthrie/Documents/ChatGPT/Emerald/emerald-champions/work/toolchain/arm-expanded/Payload/bin/../libexec/gcc/arm-none-eabi/15.3.1/cc1 -quiet <flags> -o build/emerald-repair-headless-20260908/src/fldeff_strength.o src/fldeff_strength.c
/Users/ericguthrie/Documents/ChatGPT/Emerald/emerald-champions/work/toolchain/arm-expanded/Payload/bin/../libexec/gcc/arm-none-eabi/15.3.1/cc1 -quiet <flags> -o build/emerald-repair-headless-20260908/src/fldeff_sweetscent.o src/fldeff_sweetscent.c
/Users/ericguthrie/Documents/ChatGPT/Emerald/emerald-champions/work/toolchain/arm-expanded/Payload/bin/../libexec/gcc/arm-none-eabi/15.3.1/cc1 -quiet <flags> -o build/emerald-repair-headless-20260908/src/fldeff_teleport.o src/fldeff_teleport.c
/Users/ericguthrie/Documents/ChatGPT/Emerald/emerald-champions/work/toolchain/arm-expanded/Payload/bin/../libexec/gcc/arm-none-eabi/15.3.1/cc1 -quiet <flags> -o build/emerald-repair-headless-20260908/src/follower_helper.o src/follower_helper.c
/Users/ericguthrie/Documents/ChatGPT/Emerald/emerald-champions/work/toolchain/arm-expanded/Payload/bin/../libexec/gcc/arm-none-eabi/15.3.1/cc1 -quiet <flags> -o build/emerald-repair-headless-20260908/src/follower_npc.o src/follower_npc.c
/Users/ericguthrie/Documents/ChatGPT/Emerald/emerald-champions/work/toolchain/arm-expanded/Payload/bin/../libexec/gcc/arm-none-eabi/15.3.1/cc1 -quiet <flags> -o build/emerald-repair-headless-20260908/src/fonts.o src/fonts.c
/Users/ericguthrie/Documents/ChatGPT/Emerald/emerald-champions/work/toolchain/arm-expanded/Payload/bin/../libexec/gcc/arm-none-eabi/15.3.1/cc1 -quiet <flags> -o build/emerald-repair-headless-20260908/src/frontier_pass.o src/frontier_pass.c
/Users/ericguthrie/Documents/ChatGPT/Emerald/emerald-champions/work/toolchain/arm-expanded/Payload/bin/../libexec/gcc/arm-none-eabi/15.3.1/cc1 -quiet <flags> -o build/emerald-repair-headless-20260908/src/frontier_util.o src/frontier_util.c
/Users/ericguthrie/Documents/ChatGPT/Emerald/emerald-champions/work/toolchain/arm-expanded/Payload/bin/../libexec/gcc/arm-none-eabi/15.3.1/cc1 -quiet <flags> -o build/emerald-repair-headless-20260908/src/give_gift_ribbon_to_party.o src/give_gift_ribbon_to_party.c
/Users/ericguthrie/Documents/ChatGPT/Emerald/emerald-champions/work/toolchain/arm-expanded/Payload/bin/../libexec/gcc/arm-none-eabi/15.3.1/cc1 -quiet <flags> -o build/emerald-repair-headless-20260908/src/gpu_regs.o src/gpu_regs.c
tools/compresSmol/compresSmol -w graphics/battle_anims/sprites/flower.4bpp build/assets/graphics/battle_anims/sprites/flower.4bpp.smol 
tools/compresSmol/compresSmol -w graphics/battle_anims/sprites/ice_crystals.4bpp build/assets/graphics/battle_anims/sprites/ice_crystals.4bpp.smol 
tools/compresSmol/compresSmol -w graphics/battle_anims/sprites/ice_cube.4bpp build/assets/graphics/battle_anims/sprites/ice_cube.4bpp.smol 
tools/compresSmol/compresSmol -w graphics/battle_anims/sprites/mud_sand.4bpp build/assets/graphics/battle_anims/sprites/mud_sand.4bpp.smol 
tools/compresSmol/compresSmol -w graphics/battle_anims/sprites/spark.4bpp build/assets/graphics/battle_anims/sprites/spark.4bpp.smol 
tools/compresSmol/compresSmol -w graphics/battle_interface/battle_bar.4bpp build/assets/graphics/battle_interface/battle_bar.4bpp.smol 
tools/compresSmol/compresSmol -w graphics/contest/japanese/composite_1.4bpp build/assets/graphics/contest/japanese/composite_1.4bpp.smol 
tools/compresSmol/compresSmol -w graphics/contest/japanese/composite_2.4bpp build/assets/graphics/contest/japanese/composite_2.4bpp.smol 
tools/compresSmol/compresSmol -w graphics/pokemon_storage/wallpapers/horizontal/tiles.4bpp build/assets/graphics/pokemon_storage/wallpapers/horizontal/tiles.4bpp.smol 
tools/compresSmol/compresSmol -w graphics/pokemon_storage/wallpapers/ribbon/tiles.4bpp build/assets/graphics/pokemon_storage/wallpapers/ribbon/tiles.4bpp.smol 
tools/compresSmol/compresSmol -w graphics/pokenav/options/options.4bpp build/assets/graphics/pokenav/options/options.4bpp.smol 
tools/compresSmol/compresSmol -w graphics/types/move_types.4bpp build/assets/graphics/types/move_types.4bpp.smol 
tools/compresSmol/compresSmol -w graphics/unused/obi1.4bpp build/assets/graphics/unused/obi1.4bpp.smol 
tools/compresSmol/compresSmol -w graphics/unused/obi2.4bpp build/assets/graphics/unused/obi2.4bpp.smol 
/Users/ericguthrie/Documents/ChatGPT/Emerald/emerald-champions/work/toolchain/arm-expanded/Payload/bin/../libexec/gcc/arm-none-eabi/15.3.1/cc1 -quiet <flags> -o build/emerald-repair-headless-20260908/src/gym_leader_rematch.o src/gym_leader_rematch.c
/Users/ericguthrie/Documents/ChatGPT/Emerald/emerald-champions/work/toolchain/arm-expanded/Payload/bin/../libexec/gcc/arm-none-eabi/15.3.1/cc1 -quiet <flags> -o build/emerald-repair-headless-20260908/src/hall_of_fame.o src/hall_of_fame.c
/Users/ericguthrie/Documents/ChatGPT/Emerald/emerald-champions/work/toolchain/arm-expanded/Payload/bin/../libexec/gcc/arm-none-eabi/15.3.1/cc1 -quiet <flags> -o build/emerald-repair-headless-20260908/src/hall_of_fame_frlg.o src/hall_of_fame_frlg.c
/Users/ericguthrie/Documents/ChatGPT/Emerald/emerald-champions/work/toolchain/arm-expanded/Payload/bin/../libexec/gcc/arm-none-eabi/15.3.1/cc1 -quiet <flags> -o build/emerald-repair-headless-20260908/src/heal_location.o src/heal_location.c
/Users/ericguthrie/Documents/ChatGPT/Emerald/emerald-champions/work/toolchain/arm-expanded/Payload/bin/../libexec/gcc/arm-none-eabi/15.3.1/cc1 -quiet <flags> -o build/emerald-repair-headless-20260908/src/hof_pc.o src/hof_pc.c
/Users/ericguthrie/Documents/ChatGPT/Emerald/emerald-champions/work/toolchain/arm-expanded/Payload/bin/../libexec/gcc/arm-none-eabi/15.3.1/cc1 -quiet <flags> -o build/emerald-repair-headless-20260908/src/image_processing_effects.o src/image_processing_effects.c
/Users/ericguthrie/Documents/ChatGPT/Emerald/emerald-champions/work/toolchain/arm-expanded/Payload/bin/../libexec/gcc/arm-none-eabi/15.3.1/cc1 -quiet <flags> -o build/emerald-repair-headless-20260908/src/international_string_util.o src/international_string_util.c
/Users/ericguthrie/Documents/ChatGPT/Emerald/emerald-champions/work/toolchain/arm-expanded/Payload/bin/../libexec/gcc/arm-none-eabi/15.3.1/cc1 -quiet <flags> -o build/emerald-repair-headless-20260908/src/intro.o src/intro.c
/Users/ericguthrie/Documents/ChatGPT/Emerald/emerald-champions/work/toolchain/arm-expanded/Payload/bin/../libexec/gcc/arm-none-eabi/15.3.1/cc1 -quiet <flags> -o build/emerald-repair-headless-20260908/src/intro_credits_graphics.o src/intro_credits_graphics.c
/Users/ericguthrie/Documents/ChatGPT/Emerald/emerald-champions/work/toolchain/arm-expanded/Payload/bin/../libexec/gcc/arm-none-eabi/15.3.1/cc1 -quiet <flags> -o build/emerald-repair-headless-20260908/src/intro_frlg.o src/intro_frlg.c
/Users/ericguthrie/Documents/ChatGPT/Emerald/emerald-champions/work/toolchain/arm-expanded/Payload/bin/../libexec/gcc/arm-none-eabi/15.3.1/cc1 -quiet <flags> -o build/emerald-repair-headless-20260908/src/io_reg.o src/io_reg.c
/Users/ericguthrie/Documents/ChatGPT/Emerald/emerald-champions/work/toolchain/arm-expanded/Payload/bin/../libexec/gcc/arm-none-eabi/15.3.1/cc1 -quiet <flags> -o build/emerald-repair-headless-20260908/src/item.o src/item.c
/Users/ericguthrie/Documents/ChatGPT/Emerald/emerald-champions/work/toolchain/arm-expanded/Payload/bin/../libexec/gcc/arm-none-eabi/15.3.1/cc1 -quiet <flags> -o build/emerald-repair-headless-20260908/src/item_ball.o src/item_ball.c
/Users/ericguthrie/Documents/ChatGPT/Emerald/emerald-champions/work/toolchain/arm-expanded/Payload/bin/../libexec/gcc/arm-none-eabi/15.3.1/cc1 -quiet <flags> -o build/emerald-repair-headless-20260908/src/item_icon.o src/item_icon.c
/Users/ericguthrie/Documents/ChatGPT/Emerald/emerald-champions/work/toolchain/arm-expanded/Payload/bin/../libexec/gcc/arm-none-eabi/15.3.1/cc1 -quiet <flags> -o build/emerald-repair-headless-20260908/src/item_menu.o src/item_menu.c
/Users/ericguthrie/Documents/ChatGPT/Emerald/emerald-champions/work/toolchain/arm-expanded/Payload/bin/../libexec/gcc/arm-none-eabi/15.3.1/cc1 -quiet <flags> -o build/emerald-repair-headless-20260908/src/item_menu_icons.o src/item_menu_icons.c
/Users/ericguthrie/Documents/ChatGPT/Emerald/emerald-champions/work/toolchain/arm-expanded/Payload/bin/../libexec/gcc/arm-none-eabi/15.3.1/cc1 -quiet <flags> -o build/emerald-repair-headless-20260908/src/item_use.o src/item_use.c
/Users/ericguthrie/Documents/ChatGPT/Emerald/emerald-champions/work/toolchain/arm-expanded/Payload/bin/../libexec/gcc/arm-none-eabi/15.3.1/cc1 -quiet <flags> -o build/emerald-repair-headless-20260908/src/landmark.o src/landmark.c
/Users/ericguthrie/Documents/ChatGPT/Emerald/emerald-champions/work/toolchain/arm-expanded/Payload/bin/../libexec/gcc/arm-none-eabi/15.3.1/cc1 -quiet <flags> -o build/emerald-repair-headless-20260908/src/legendary_signs.o src/legendary_signs.c
/Users/ericguthrie/Documents/ChatGPT/Emerald/emerald-champions/work/toolchain/arm-expanded/Payload/bin/../libexec/gcc/arm-none-eabi/15.3.1/cc1 -quiet <flags> -o build/emerald-repair-headless-20260908/src/libisagbprn.o src/libisagbprn.c
/Users/ericguthrie/Documents/ChatGPT/Emerald/emerald-champions/work/toolchain/arm-expanded/Payload/bin/../libexec/gcc/arm-none-eabi/15.3.1/cc1 -quiet <flags> -o build/emerald-repair-headless-20260908/src/librfu_intr.o src/librfu_intr.c
/Users/ericguthrie/Documents/ChatGPT/Emerald/emerald-champions/work/toolchain/arm-expanded/Payload/bin/../libexec/gcc/arm-none-eabi/15.3.1/cc1 -quiet <flags> -o build/emerald-repair-headless-20260908/src/librfu_rfu.o src/librfu_rfu.c
/Users/ericguthrie/Documents/ChatGPT/Emerald/emerald-champions/work/toolchain/arm-expanded/Payload/bin/../libexec/gcc/arm-none-eabi/15.3.1/cc1 -quiet <flags> -o build/emerald-repair-headless-20260908/src/librfu_sio32id.o src/librfu_sio32id.c
/Users/ericguthrie/Documents/ChatGPT/Emerald/emerald-champions/work/toolchain/arm-expanded/Payload/bin/../libexec/gcc/arm-none-eabi/15.3.1/cc1 -quiet <flags> -o build/emerald-repair-headless-20260908/src/librfu_stwi.o src/librfu_stwi.c
/Users/ericguthrie/Documents/ChatGPT/Emerald/emerald-champions/work/toolchain/arm-expanded/Payload/bin/../libexec/gcc/arm-none-eabi/15.3.1/cc1 -quiet <flags> -o build/emerald-repair-headless-20260908/src/lilycove_lady.o src/lilycove_lady.c
/Users/ericguthrie/Documents/ChatGPT/Emerald/emerald-champions/work/toolchain/arm-expanded/Payload/bin/../libexec/gcc/arm-none-eabi/15.3.1/cc1 -quiet <flags> -o build/emerald-repair-headless-20260908/src/line_break.o src/line_break.c
/Users/ericguthrie/Documents/ChatGPT/Emerald/emerald-champions/work/toolchain/arm-expanded/Payload/bin/../libexec/gcc/arm-none-eabi/15.3.1/cc1 -quiet <flags> -o build/emerald-repair-headless-20260908/src/link.o src/link.c
/Users/ericguthrie/Documents/ChatGPT/Emerald/emerald-champions/work/toolchain/arm-expanded/Payload/bin/../libexec/gcc/arm-none-eabi/15.3.1/cc1 -quiet <flags> -o build/emerald-repair-headless-20260908/src/link_rfu_2.o src/link_rfu_2.c
/Users/ericguthrie/Documents/ChatGPT/Emerald/emerald-champions/work/toolchain/arm-expanded/Payload/bin/../libexec/gcc/arm-none-eabi/15.3.1/cc1 -quiet <flags> -o build/emerald-repair-headless-20260908/src/link_rfu_3.o src/link_rfu_3.c
/Users/ericguthrie/Documents/ChatGPT/Emerald/emerald-champions/work/toolchain/arm-expanded/Payload/bin/../libexec/gcc/arm-none-eabi/15.3.1/cc1 -quiet <flags> -o build/emerald-repair-headless-20260908/src/list_menu.o src/list_menu.c
/Users/ericguthrie/Documents/ChatGPT/Emerald/emerald-champions/work/toolchain/arm-expanded/Payload/bin/../libexec/gcc/arm-none-eabi/15.3.1/cc1 -quiet <flags> -o build/emerald-repair-headless-20260908/src/load_save.o src/load_save.c
/Users/ericguthrie/Documents/ChatGPT/Emerald/emerald-champions/work/toolchain/arm-expanded/Payload/bin/../libexec/gcc/arm-none-eabi/15.3.1/cc1 -quiet <flags> -o build/emerald-repair-headless-20260908/src/lottery_corner.o src/lottery_corner.c
/Users/ericguthrie/Documents/ChatGPT/Emerald/emerald-champions/work/toolchain/arm-expanded/Payload/bin/../libexec/gcc/arm-none-eabi/15.3.1/cc1 -quiet <flags> -o build/emerald-repair-headless-20260908/src/m4a.o src/m4a.c
/Users/ericguthrie/Documents/ChatGPT/Emerald/emerald-champions/work/toolchain/arm-expanded/Payload/bin/../libexec/gcc/arm-none-eabi/15.3.1/cc1 -quiet <flags> -o build/emerald-repair-headless-20260908/src/m4a_tables.o src/m4a_tables.c
/Users/ericguthrie/Documents/ChatGPT/Emerald/emerald-champions/work/toolchain/arm-expanded/Payload/bin/../libexec/gcc/arm-none-eabi/15.3.1/cc1 -quiet <flags> -o build/emerald-repair-headless-20260908/src/mail.o src/mail.c
/Users/ericguthrie/Documents/ChatGPT/Emerald/emerald-champions/work/toolchain/arm-expanded/Payload/bin/../libexec/gcc/arm-none-eabi/15.3.1/cc1 -quiet <flags> -o build/emerald-repair-headless-20260908/src/mail_data.o src/mail_data.c
/Users/ericguthrie/Documents/ChatGPT/Emerald/emerald-champions/work/toolchain/arm-expanded/Payload/bin/../libexec/gcc/arm-none-eabi/15.3.1/cc1 -quiet <flags> -o build/emerald-repair-headless-20260908/src/main.o src/main.c
/Users/ericguthrie/Documents/ChatGPT/Emerald/emerald-champions/work/toolchain/arm-expanded/Payload/bin/../libexec/gcc/arm-none-eabi/15.3.1/cc1 -quiet <flags> -o build/emerald-repair-headless-20260908/src/main_menu.o src/main_menu.c
/Users/ericguthrie/Documents/ChatGPT/Emerald/emerald-champions/work/toolchain/arm-expanded/Payload/bin/../libexec/gcc/arm-none-eabi/15.3.1/cc1 -quiet <flags> -o build/emerald-repair-headless-20260908/src/malloc.o src/malloc.c
/Users/ericguthrie/Documents/ChatGPT/Emerald/emerald-champions/work/toolchain/arm-expanded/Payload/bin/../libexec/gcc/arm-none-eabi/15.3.1/cc1 -quiet <flags> -o build/emerald-repair-headless-20260908/src/map_name_popup.o src/map_name_popup.c
/Users/ericguthrie/Documents/ChatGPT/Emerald/emerald-champions/work/toolchain/arm-expanded/Payload/bin/../libexec/gcc/arm-none-eabi/15.3.1/cc1 -quiet <flags> -o build/emerald-repair-headless-20260908/src/map_preview_screen.o src/map_preview_screen.c
/Users/ericguthrie/Documents/ChatGPT/Emerald/emerald-champions/work/toolchain/arm-expanded/Payload/bin/../libexec/gcc/arm-none-eabi/15.3.1/cc1 -quiet <flags> -o build/emerald-repair-headless-20260908/src/mass_outbreak.o src/mass_outbreak.c
/Users/ericguthrie/Documents/ChatGPT/Emerald/emerald-champions/work/toolchain/arm-expanded/Payload/bin/../libexec/gcc/arm-none-eabi/15.3.1/cc1 -quiet <flags> -o build/emerald-repair-headless-20260908/src/match_call.o src/match_call.c
/Users/ericguthrie/Documents/ChatGPT/Emerald/emerald-champions/work/toolchain/arm-expanded/Payload/bin/../libexec/gcc/arm-none-eabi/15.3.1/cc1 -quiet <flags> -o build/emerald-repair-headless-20260908/src/math_util.o src/math_util.c
/Users/ericguthrie/Documents/ChatGPT/Emerald/emerald-champions/work/toolchain/arm-expanded/Payload/bin/../libexec/gcc/arm-none-eabi/15.3.1/cc1 -quiet <flags> -o build/emerald-repair-headless-20260908/src/mauville_old_man.o src/mauville_old_man.c
/Users/ericguthrie/Documents/ChatGPT/Emerald/emerald-champions/work/toolchain/arm-expanded/Payload/bin/../libexec/gcc/arm-none-eabi/15.3.1/cc1 -quiet <flags> -o build/emerald-repair-headless-20260908/src/mega_stone_rewards.o src/mega_stone_rewards.c
/Users/ericguthrie/Documents/ChatGPT/Emerald/emerald-champions/work/toolchain/arm-expanded/Payload/bin/../libexec/gcc/arm-none-eabi/15.3.1/cc1 -quiet <flags> -o build/emerald-repair-headless-20260908/src/menu.o src/menu.c
/Users/ericguthrie/Documents/ChatGPT/Emerald/emerald-champions/work/toolchain/arm-expanded/Payload/bin/../libexec/gcc/arm-none-eabi/15.3.1/cc1 -quiet <flags> -o build/emerald-repair-headless-20260908/src/menu_helpers.o src/menu_helpers.c
/Users/ericguthrie/Documents/ChatGPT/Emerald/emerald-champions/work/toolchain/arm-expanded/Payload/bin/../libexec/gcc/arm-none-eabi/15.3.1/cc1 -quiet <flags> -o build/emerald-repair-headless-20260908/src/menu_specialized.o src/menu_specialized.c
/Users/ericguthrie/Documents/ChatGPT/Emerald/emerald-champions/work/toolchain/arm-expanded/Payload/bin/../libexec/gcc/arm-none-eabi/15.3.1/cc1 -quiet <flags> -o build/emerald-repair-headless-20260908/src/metatile_behavior.o src/metatile_behavior.c
/Users/ericguthrie/Documents/ChatGPT/Emerald/emerald-champions/work/toolchain/arm-expanded/Payload/bin/../libexec/gcc/arm-none-eabi/15.3.1/cc1 -quiet <flags> -o build/emerald-repair-headless-20260908/src/mini_printf.o src/mini_printf.c
/Users/ericguthrie/Documents/ChatGPT/Emerald/emerald-champions/work/toolchain/arm-expanded/Payload/bin/../libexec/gcc/arm-none-eabi/15.3.1/cc1 -quiet <flags> -o build/emerald-repair-headless-20260908/src/minigame_countdown.o src/minigame_countdown.c
/Users/ericguthrie/Documents/ChatGPT/Emerald/emerald-champions/work/toolchain/arm-expanded/Payload/bin/../libexec/gcc/arm-none-eabi/15.3.1/cc1 -quiet <flags> -o build/emerald-repair-headless-20260908/src/mirage_tower.o src/mirage_tower.c
/Users/ericguthrie/Documents/ChatGPT/Emerald/emerald-champions/work/toolchain/arm-expanded/Payload/bin/../libexec/gcc/arm-none-eabi/15.3.1/cc1 -quiet <flags> -o build/emerald-repair-headless-20260908/src/mon_markings.o src/mon_markings.c
/Users/ericguthrie/Documents/ChatGPT/Emerald/emerald-champions/work/toolchain/arm-expanded/Payload/bin/../libexec/gcc/arm-none-eabi/15.3.1/cc1 -quiet <flags> -o build/emerald-repair-headless-20260908/src/money.o src/money.c
/Users/ericguthrie/Documents/ChatGPT/Emerald/emerald-champions/work/toolchain/arm-expanded/Payload/bin/../libexec/gcc/arm-none-eabi/15.3.1/cc1 -quiet <flags> -o build/emerald-repair-headless-20260908/src/move.o src/move.c
/Users/ericguthrie/Documents/ChatGPT/Emerald/emerald-champions/work/toolchain/arm-expanded/Payload/bin/../libexec/gcc/arm-none-eabi/15.3.1/cc1 -quiet <flags> -o build/emerald-repair-headless-20260908/src/move_relearner.o src/move_relearner.c
/Users/ericguthrie/Documents/ChatGPT/Emerald/emerald-champions/work/toolchain/arm-expanded/Payload/bin/../libexec/gcc/arm-none-eabi/15.3.1/cc1 -quiet <flags> -o build/emerald-repair-headless-20260908/src/multiboot.o src/multiboot.c
/Users/ericguthrie/Documents/ChatGPT/Emerald/emerald-champions/work/toolchain/arm-expanded/Payload/bin/../libexec/gcc/arm-none-eabi/15.3.1/cc1 -quiet <flags> -o build/emerald-repair-headless-20260908/src/mystery_event_menu.o src/mystery_event_menu.c
/Users/ericguthrie/Documents/ChatGPT/Emerald/emerald-champions/work/toolchain/arm-expanded/Payload/bin/../libexec/gcc/arm-none-eabi/15.3.1/cc1 -quiet <flags> -o build/emerald-repair-headless-20260908/src/mystery_event_msg.o src/mystery_event_msg.c
/Users/ericguthrie/Documents/ChatGPT/Emerald/emerald-champions/work/toolchain/arm-expanded/Payload/bin/../libexec/gcc/arm-none-eabi/15.3.1/cc1 -quiet <flags> -o build/emerald-repair-headless-20260908/src/mystery_event_script.o src/mystery_event_script.c
/Users/ericguthrie/Documents/ChatGPT/Emerald/emerald-champions/work/toolchain/arm-expanded/Payload/bin/../libexec/gcc/arm-none-eabi/15.3.1/cc1 -quiet <flags> -o build/emerald-repair-headless-20260908/src/mystery_gift.o src/mystery_gift.c
/Users/ericguthrie/Documents/ChatGPT/Emerald/emerald-champions/work/toolchain/arm-expanded/Payload/bin/../libexec/gcc/arm-none-eabi/15.3.1/cc1 -quiet <flags> -o build/emerald-repair-headless-20260908/src/mystery_gift_client.o src/mystery_gift_client.c
/Users/ericguthrie/Documents/ChatGPT/Emerald/emerald-champions/work/toolchain/arm-expanded/Payload/bin/../libexec/gcc/arm-none-eabi/15.3.1/cc1 -quiet <flags> -o build/emerald-repair-headless-20260908/src/mystery_gift_link.o src/mystery_gift_link.c
/Users/ericguthrie/Documents/ChatGPT/Emerald/emerald-champions/work/toolchain/arm-expanded/Payload/bin/../libexec/gcc/arm-none-eabi/15.3.1/cc1 -quiet <flags> -o build/emerald-repair-headless-20260908/src/mystery_gift_menu.o src/mystery_gift_menu.c
/Users/ericguthrie/Documents/ChatGPT/Emerald/emerald-champions/work/toolchain/arm-expanded/Payload/bin/../libexec/gcc/arm-none-eabi/15.3.1/cc1 -quiet <flags> -o build/emerald-repair-headless-20260908/src/mystery_gift_scripts.o src/mystery_gift_scripts.c
/Users/ericguthrie/Documents/ChatGPT/Emerald/emerald-champions/work/toolchain/arm-expanded/Payload/bin/../libexec/gcc/arm-none-eabi/15.3.1/cc1 -quiet <flags> -o build/emerald-repair-headless-20260908/src/mystery_gift_server.o src/mystery_gift_server.c
/Users/ericguthrie/Documents/ChatGPT/Emerald/emerald-champions/work/toolchain/arm-expanded/Payload/bin/../libexec/gcc/arm-none-eabi/15.3.1/cc1 -quiet <flags> -o build/emerald-repair-headless-20260908/src/mystery_gift_view.o src/mystery_gift_view.c
/Users/ericguthrie/Documents/ChatGPT/Emerald/emerald-champions/work/toolchain/arm-expanded/Payload/bin/../libexec/gcc/arm-none-eabi/15.3.1/cc1 -quiet <flags> -o build/emerald-repair-headless-20260908/src/naming_screen.o src/naming_screen.c
/Users/ericguthrie/Documents/ChatGPT/Emerald/emerald-champions/work/toolchain/arm-expanded/Payload/bin/../libexec/gcc/arm-none-eabi/15.3.1/cc1 -quiet <flags> -o build/emerald-repair-headless-20260908/src/new_game.o src/new_game.c
/Users/ericguthrie/Documents/ChatGPT/Emerald/emerald-champions/work/toolchain/arm-expanded/Payload/bin/../libexec/gcc/arm-none-eabi/15.3.1/cc1 -quiet <flags> -o build/emerald-repair-headless-20260908/src/oak_speech.o src/oak_speech.c
/Users/ericguthrie/Documents/ChatGPT/Emerald/emerald-champions/work/toolchain/arm-expanded/Payload/bin/../libexec/gcc/arm-none-eabi/15.3.1/cc1 -quiet <flags> -o build/emerald-repair-headless-20260908/src/option_menu.o src/option_menu.c
/Users/ericguthrie/Documents/ChatGPT/Emerald/emerald-champions/work/toolchain/arm-expanded/Payload/bin/../libexec/gcc/arm-none-eabi/15.3.1/cc1 -quiet <flags> -o build/emerald-repair-headless-20260908/src/oras_dowse.o src/oras_dowse.c
/Users/ericguthrie/Documents/ChatGPT/Emerald/emerald-champions/work/toolchain/arm-expanded/Payload/bin/../libexec/gcc/arm-none-eabi/15.3.1/cc1 -quiet <flags> -o build/emerald-repair-headless-20260908/src/overworld.o src/overworld.c
/Users/ericguthrie/Documents/ChatGPT/Emerald/emerald-champions/work/toolchain/arm-expanded/Payload/bin/../libexec/gcc/arm-none-eabi/15.3.1/cc1 -quiet <flags> -o build/emerald-repair-headless-20260908/src/ow_abilities.o src/ow_abilities.c
/Users/ericguthrie/Documents/ChatGPT/Emerald/emerald-champions/work/toolchain/arm-expanded/Payload/bin/../libexec/gcc/arm-none-eabi/15.3.1/cc1 -quiet <flags> -o build/emerald-repair-headless-20260908/src/palette.o src/palette.c
/Users/ericguthrie/Documents/ChatGPT/Emerald/emerald-champions/work/toolchain/arm-expanded/Payload/bin/../libexec/gcc/arm-none-eabi/15.3.1/cc1 -quiet <flags> -o build/emerald-repair-headless-20260908/src/palette_util.o src/palette_util.c
/Users/ericguthrie/Documents/ChatGPT/Emerald/emerald-champions/work/toolchain/arm-expanded/Payload/bin/../libexec/gcc/arm-none-eabi/15.3.1/cc1 -quiet <flags> -o build/emerald-repair-headless-20260908/src/party_menu.o src/party_menu.c
/Users/ericguthrie/Documents/ChatGPT/Emerald/emerald-champions/work/toolchain/arm-expanded/Payload/bin/../libexec/gcc/arm-none-eabi/15.3.1/cc1 -quiet <flags> -o build/emerald-repair-headless-20260908/src/play_time.o src/play_time.c
/Users/ericguthrie/Documents/ChatGPT/Emerald/emerald-champions/work/toolchain/arm-expanded/Payload/bin/../libexec/gcc/arm-none-eabi/15.3.1/cc1 -quiet <flags> -o build/emerald-repair-headless-20260908/src/player_pc.o src/player_pc.c
/Users/ericguthrie/Documents/ChatGPT/Emerald/emerald-champions/work/toolchain/arm-expanded/Payload/bin/../libexec/gcc/arm-none-eabi/15.3.1/cc1 -quiet <flags> -o build/emerald-repair-headless-20260908/src/pokeball.o src/pokeball.c
/Users/ericguthrie/Documents/ChatGPT/Emerald/emerald-champions/work/toolchain/arm-expanded/Payload/bin/../libexec/gcc/arm-none-eabi/15.3.1/cc1 -quiet <flags> -o build/emerald-repair-headless-20260908/src/pokeblock.o src/pokeblock.c
/Users/ericguthrie/Documents/ChatGPT/Emerald/emerald-champions/work/toolchain/arm-expanded/Payload/bin/../libexec/gcc/arm-none-eabi/15.3.1/cc1 -quiet <flags> -o build/emerald-repair-headless-20260908/src/pokeblock_feed.o src/pokeblock_feed.c
/Users/ericguthrie/Documents/ChatGPT/Emerald/emerald-champions/work/toolchain/arm-expanded/Payload/bin/../libexec/gcc/arm-none-eabi/15.3.1/cc1 -quiet <flags> -o build/emerald-repair-headless-20260908/src/pokedex.o src/pokedex.c
/Users/ericguthrie/Documents/ChatGPT/Emerald/emerald-champions/work/toolchain/arm-expanded/Payload/bin/../libexec/gcc/arm-none-eabi/15.3.1/cc1 -quiet <flags> -o build/emerald-repair-headless-20260908/src/pokedex_area_region_map.o src/pokedex_area_region_map.c
/Users/ericguthrie/Documents/ChatGPT/Emerald/emerald-champions/work/toolchain/arm-expanded/Payload/bin/../libexec/gcc/arm-none-eabi/15.3.1/cc1 -quiet <flags> -o build/emerald-repair-headless-20260908/src/pokedex_area_screen.o src/pokedex_area_screen.c
/Users/ericguthrie/Documents/ChatGPT/Emerald/emerald-champions/work/toolchain/arm-expanded/Payload/bin/../libexec/gcc/arm-none-eabi/15.3.1/cc1 -quiet <flags> -o build/emerald-repair-headless-20260908/src/pokedex_cry_screen.o src/pokedex_cry_screen.c
/Users/ericguthrie/Documents/ChatGPT/Emerald/emerald-champions/work/toolchain/arm-expanded/Payload/bin/../libexec/gcc/arm-none-eabi/15.3.1/cc1 -quiet <flags> -o build/emerald-repair-headless-20260908/src/pokedex_plus_hgss.o src/pokedex_plus_hgss.c
tools/compresSmol/compresSmol -w build/assets/graphics/pokemon/raichu/anim_frontf.png.4bpp build/assets/graphics/pokemon/raichu/anim_frontf.png.4bpp.smol
tools/compresSmol/compresSmol -w build/assets/graphics/pokemon/raichu/back.png.4bpp build/assets/graphics/pokemon/raichu/back.png.4bpp.smol
tools/compresSmol/compresSmol -w build/assets/graphics/pokemon/raichu/back_gba.png.4bpp build/assets/graphics/pokemon/raichu/back_gba.png.4bpp.smol
tools/compresSmol/compresSmol -w build/assets/graphics/pokemon/raichu/mega_x/back.png.4bpp build/assets/graphics/pokemon/raichu/mega_x/back.png.4bpp.smol
tools/compresSmol/compresSmol -w build/assets/graphics/pokemon/raichu/mega_x/front.png.4bpp build/assets/graphics/pokemon/raichu/mega_x/front.png.4bpp.smol
tools/compresSmol/compresSmol -w build/assets/graphics/pokemon/raichu/mega_y/back.png.4bpp build/assets/graphics/pokemon/raichu/mega_y/back.png.4bpp.smol
tools/compresSmol/compresSmol -w build/assets/graphics/pokemon/raichu/mega_y/front.png.4bpp build/assets/graphics/pokemon/raichu/mega_y/front.png.4bpp.smol
tools/compresSmol/compresSmol -w build/assets/graphics/pokemon/raichu/overworld.png_mwidth_4__mheight_4.4bpp build/assets/graphics/pokemon/raichu/overworld.png_mwidth_4__mheight_4.4bpp.smol
tools/compresSmol/compresSmol -w build/assets/graphics/pokemon/raichu/overworldf.png_mwidth_4__mheight_4.4bpp build/assets/graphics/pokemon/raichu/overworldf.png_mwidth_4__mheight_4.4bpp.smol
tools/compresSmol/compresSmol -w build/assets/graphics/pokemon/raikou/anim_front.png.4bpp build/assets/graphics/pokemon/raikou/anim_front.png.4bpp.smol
tools/compresSmol/compresSmol -w build/assets/graphics/pokemon/raikou/anim_front_gba.png.4bpp build/assets/graphics/pokemon/raikou/anim_front_gba.png.4bpp.smol
tools/compresSmol/compresSmol -w build/assets/graphics/pokemon/raikou/back.png.4bpp build/assets/graphics/pokemon/raikou/back.png.4bpp.smol
tools/compresSmol/compresSmol -w build/assets/graphics/pokemon/raikou/back_gba.png.4bpp build/assets/graphics/pokemon/raikou/back_gba.png.4bpp.smol
tools/compresSmol/compresSmol -w build/assets/graphics/pokemon/raikou/overworld.png_mwidth_4__mheight_4.4bpp build/assets/graphics/pokemon/raikou/overworld.png_mwidth_4__mheight_4.4bpp.smol
tools/compresSmol/compresSmol -w build/assets/graphics/pokemon/ralts/anim_front.png.4bpp build/assets/graphics/pokemon/ralts/anim_front.png.4bpp.smol
tools/compresSmol/compresSmol -w build/assets/graphics/pokemon/ralts/anim_front_gba.png.4bpp build/assets/graphics/pokemon/ralts/anim_front_gba.png.4bpp.smol
tools/compresSmol/compresSmol -w build/assets/graphics/pokemon/ralts/back.png.4bpp build/assets/graphics/pokemon/ralts/back.png.4bpp.smol
tools/compresSmol/compresSmol -w build/assets/graphics/pokemon/ralts/back_gba.png.4bpp build/assets/graphics/pokemon/ralts/back_gba.png.4bpp.smol
tools/compresSmol/compresSmol -w build/assets/graphics/pokemon/ralts/overworld.png_mwidth_4__mheight_4.4bpp build/assets/graphics/pokemon/ralts/overworld.png_mwidth_4__mheight_4.4bpp.smol
tools/compresSmol/compresSmol -w build/assets/graphics/pokemon/rampardos/anim_front.png.4bpp build/assets/graphics/pokemon/rampardos/anim_front.png.4bpp.smol
tools/compresSmol/compresSmol -w build/assets/graphics/pokemon/rampardos/back.png.4bpp build/assets/graphics/pokemon/rampardos/back.png.4bpp.smol
tools/compresSmol/compresSmol -w build/assets/graphics/pokemon/rampardos/overworld.png_mwidth_4__mheight_4.4bpp build/assets/graphics/pokemon/rampardos/overworld.png_mwidth_4__mheight_4.4bpp.smol
tools/compresSmol/compresSmol -w build/assets/graphics/pokemon/rapidash/anim_front.png.4bpp build/assets/graphics/pokemon/rapidash/anim_front.png.4bpp.smol
tools/compresSmol/compresSmol -w build/assets/graphics/pokemon/rapidash/anim_front_gba.png.4bpp build/assets/graphics/pokemon/rapidash/anim_front_gba.png.4bpp.smol
tools/compresSmol/compresSmol -w build/assets/graphics/pokemon/rapidash/back.png.4bpp build/assets/graphics/pokemon/rapidash/back.png.4bpp.smol
tools/compresSmol/compresSmol -w build/assets/graphics/pokemon/rapidash/back_gba.png.4bpp build/assets/graphics/pokemon/rapidash/back_gba.png.4bpp.smol
tools/compresSmol/compresSmol -w build/assets/graphics/pokemon/rapidash/galar/back.png.4bpp build/assets/graphics/pokemon/rapidash/galar/back.png.4bpp.smol
tools/compresSmol/compresSmol -w build/assets/graphics/pokemon/rapidash/galar/front.png.4bpp build/assets/graphics/pokemon/rapidash/galar/front.png.4bpp.smol
tools/compresSmol/compresSmol -w build/assets/graphics/pokemon/rapidash/galar/overworld.png_mwidth_4__mheight_4.4bpp build/assets/graphics/pokemon/rapidash/galar/overworld.png_mwidth_4__mheight_4.4bpp.smol
tools/compresSmol/compresSmol -w build/assets/graphics/pokemon/rapidash/overworld.png_mwidth_4__mheight_4.4bpp build/assets/graphics/pokemon/rapidash/overworld.png_mwidth_4__mheight_4.4bpp.smol
tools/compresSmol/compresSmol -w build/assets/graphics/pokemon/raticate/alola/anim_front.png.4bpp build/assets/graphics/pokemon/raticate/alola/anim_front.png.4bpp.smol
tools/compresSmol/compresSmol -w build/assets/graphics/pokemon/raticate/alola/back.png.4bpp build/assets/graphics/pokemon/raticate/alola/back.png.4bpp.smol
tools/compresSmol/compresSmol -w build/assets/graphics/pokemon/raticate/alola/overworld.png_mwidth_4__mheight_4.4bpp build/assets/graphics/pokemon/raticate/alola/overworld.png_mwidth_4__mheight_4.4bpp.smol
tools/compresSmol/compresSmol -w build/assets/graphics/pokemon/raticate/anim_front.png.4bpp build/assets/graphics/pokemon/raticate/anim_front.png.4bpp.smol
tools/compresSmol/compresSmol -w build/assets/graphics/pokemon/raticate/anim_front_gba.png.4bpp build/assets/graphics/pokemon/raticate/anim_front_gba.png.4bpp.smol
tools/compresSmol/compresSmol -w build/assets/graphics/pokemon/raticate/anim_frontf.png.4bpp build/assets/graphics/pokemon/raticate/anim_frontf.png.4bpp.smol
tools/compresSmol/compresSmol -w build/assets/graphics/pokemon/raticate/back.png.4bpp build/assets/graphics/pokemon/raticate/back.png.4bpp.smol
tools/compresSmol/compresSmol -w build/assets/graphics/pokemon/raticate/back_gba.png.4bpp build/assets/graphics/pokemon/raticate/back_gba.png.4bpp.smol
tools/compresSmol/compresSmol -w build/assets/graphics/pokemon/raticate/backf.png.4bpp build/assets/graphics/pokemon/raticate/backf.png.4bpp.smol
tools/compresSmol/compresSmol -w build/assets/graphics/pokemon/raticate/overworld.png_mwidth_4__mheight_4.4bpp build/assets/graphics/pokemon/raticate/overworld.png_mwidth_4__mheight_4.4bpp.smol
tools/compresSmol/compresSmol -w build/assets/graphics/pokemon/raticate/overworldf.png_mwidth_4__mheight_4.4bpp build/assets/graphics/pokemon/raticate/overworldf.png_mwidth_4__mheight_4.4bpp.smol
tools/compresSmol/compresSmol -w build/assets/graphics/pokemon/rattata/alola/anim_front.png.4bpp build/assets/graphics/pokemon/rattata/alola/anim_front.png.4bpp.smol
tools/compresSmol/compresSmol -w build/assets/graphics/pokemon/rattata/alola/back.png.4bpp build/assets/graphics/pokemon/rattata/alola/back.png.4bpp.smol
tools/compresSmol/compresSmol -w build/assets/graphics/pokemon/rattata/alola/overworld.png_mwidth_4__mheight_4.4bpp build/assets/graphics/pokemon/rattata/alola/overworld.png_mwidth_4__mheight_4.4bpp.smol
tools/compresSmol/compresSmol -w build/assets/graphics/pokemon/rattata/anim_front.png.4bpp build/assets/graphics/pokemon/rattata/anim_front.png.4bpp.smol
tools/compresSmol/compresSmol -w build/assets/graphics/pokemon/rattata/anim_front_gba.png.4bpp build/assets/graphics/pokemon/rattata/anim_front_gba.png.4bpp.smol
tools/compresSmol/compresSmol -w build/assets/graphics/pokemon/rattata/anim_frontf.png.4bpp build/assets/graphics/pokemon/rattata/anim_frontf.png.4bpp.smol
tools/compresSmol/compresSmol -w build/assets/graphics/pokemon/rattata/back.png.4bpp build/assets/graphics/pokemon/rattata/back.png.4bpp.smol
tools/compresSmol/compresSmol -w build/assets/graphics/pokemon/rattata/back_gba.png.4bpp build/assets/graphics/pokemon/rattata/back_gba.png.4bpp.smol
tools/compresSmol/compresSmol -w build/assets/graphics/pokemon/rattata/backf.png.4bpp build/assets/graphics/pokemon/rattata/backf.png.4bpp.smol
tools/compresSmol/compresSmol -w build/assets/graphics/pokemon/rattata/overworld.png_mwidth_4__mheight_4.4bpp build/assets/graphics/pokemon/rattata/overworld.png_mwidth_4__mheight_4.4bpp.smol
tools/compresSmol/compresSmol -w build/assets/graphics/pokemon/rattata/overworldf.png_mwidth_4__mheight_4.4bpp build/assets/graphics/pokemon/rattata/overworldf.png_mwidth_4__mheight_4.4bpp.smol
tools/compresSmol/compresSmol -w build/assets/graphics/pokemon/rayquaza/anim_front.png.4bpp build/assets/graphics/pokemon/rayquaza/anim_front.png.4bpp.smol
tools/compresSmol/compresSmol -w build/assets/graphics/pokemon/rayquaza/anim_front_gba.png.4bpp build/assets/graphics/pokemon/rayquaza/anim_front_gba.png.4bpp.smol
tools/compresSmol/compresSmol -w build/assets/graphics/pokemon/rayquaza/back.png.4bpp build/assets/graphics/pokemon/rayquaza/back.png.4bpp.smol
tools/compresSmol/compresSmol -w build/assets/graphics/pokemon/rayquaza/back_gba.png.4bpp build/assets/graphics/pokemon/rayquaza/back_gba.png.4bpp.smol
tools/compresSmol/compresSmol -w build/assets/graphics/pokemon/rayquaza/mega/back.png.4bpp build/assets/graphics/pokemon/rayquaza/mega/back.png.4bpp.smol
tools/compresSmol/compresSmol -w build/assets/graphics/pokemon/rayquaza/mega/front.png.4bpp build/assets/graphics/pokemon/rayquaza/mega/front.png.4bpp.smol
tools/compresSmol/compresSmol -w build/assets/graphics/pokemon/rayquaza/mega/overworld.png_mwidth_8__mheight_8.4bpp build/assets/graphics/pokemon/rayquaza/mega/overworld.png_mwidth_8__mheight_8.4bpp.smol
tools/compresSmol/compresSmol -w build/assets/graphics/pokemon/rayquaza/overworld.png_mwidth_8__mheight_8.4bpp build/assets/graphics/pokemon/rayquaza/overworld.png_mwidth_8__mheight_8.4bpp.smol
tools/compresSmol/compresSmol -w build/assets/graphics/pokemon/regice/anim_front.png.4bpp build/assets/graphics/pokemon/regice/anim_front.png.4bpp.smol
tools/compresSmol/compresSmol -w build/assets/graphics/pokemon/regice/anim_front_gba.png.4bpp build/assets/graphics/pokemon/regice/anim_front_gba.png.4bpp.smol
tools/compresSmol/compresSmol -w build/assets/graphics/pokemon/regice/back.png.4bpp build/assets/graphics/pokemon/regice/back.png.4bpp.smol
tools/compresSmol/compresSmol -w build/assets/graphics/pokemon/regice/back_gba.png.4bpp build/assets/graphics/pokemon/regice/back_gba.png.4bpp.smol
tools/compresSmol/compresSmol -w build/assets/graphics/pokemon/regice/overworld.png_mwidth_4__mheight_4.4bpp build/assets/graphics/pokemon/regice/overworld.png_mwidth_4__mheight_4.4bpp.smol
tools/compresSmol/compresSmol -w build/assets/graphics/pokemon/regidrago/back.png.4bpp build/assets/graphics/pokemon/regidrago/back.png.4bpp.smol
tools/compresSmol/compresSmol -w build/assets/graphics/pokemon/regidrago/front.png.4bpp build/assets/graphics/pokemon/regidrago/front.png.4bpp.smol
tools/compresSmol/compresSmol -w build/assets/graphics/pokemon/regidrago/overworld.png_mwidth_4__mheight_4.4bpp build/assets/graphics/pokemon/regidrago/overworld.png_mwidth_4__mheight_4.4bpp.smol
tools/compresSmol/compresSmol -w build/assets/graphics/pokemon/regieleki/back.png.4bpp build/assets/graphics/pokemon/regieleki/back.png.4bpp.smol
tools/compresSmol/compresSmol -w build/assets/graphics/pokemon/regieleki/front.png.4bpp build/assets/graphics/pokemon/regieleki/front.png.4bpp.smol
tools/compresSmol/compresSmol -w build/assets/graphics/pokemon/regieleki/overworld.png_mwidth_4__mheight_4.4bpp build/assets/graphics/pokemon/regieleki/overworld.png_mwidth_4__mheight_4.4bpp.smol
tools/compresSmol/compresSmol -w build/assets/graphics/pokemon/regigigas/anim_front.png.4bpp build/assets/graphics/pokemon/regigigas/anim_front.png.4bpp.smol
tools/compresSmol/compresSmol -w build/assets/graphics/pokemon/regigigas/back.png.4bpp build/assets/graphics/pokemon/regigigas/back.png.4bpp.smol
tools/compresSmol/compresSmol -w build/assets/graphics/pokemon/regigigas/overworld.png_mwidth_8__mheight_8.4bpp build/assets/graphics/pokemon/regigigas/overworld.png_mwidth_8__mheight_8.4bpp.smol
tools/compresSmol/compresSmol -w build/assets/graphics/pokemon/regirock/anim_front.png.4bpp build/assets/graphics/pokemon/regirock/anim_front.png.4bpp.smol
tools/compresSmol/compresSmol -w build/assets/graphics/pokemon/regirock/anim_front_gba.png.4bpp build/assets/graphics/pokemon/regirock/anim_front_gba.png.4bpp.smol
tools/compresSmol/compresSmol -w build/assets/graphics/pokemon/regirock/back.png.4bpp build/assets/graphics/pokemon/regirock/back.png.4bpp.smol
tools/compresSmol/compresSmol -w build/assets/graphics/pokemon/regirock/back_gba.png.4bpp build/assets/graphics/pokemon/regirock/back_gba.png.4bpp.smol
tools/compresSmol/compresSmol -w build/assets/graphics/pokemon/regirock/overworld.png_mwidth_4__mheight_4.4bpp build/assets/graphics/pokemon/regirock/overworld.png_mwidth_4__mheight_4.4bpp.smol
tools/compresSmol/compresSmol -w build/assets/graphics/pokemon/registeel/anim_front.png.4bpp build/assets/graphics/pokemon/registeel/anim_front.png.4bpp.smol
tools/compresSmol/compresSmol -w build/assets/graphics/pokemon/registeel/anim_front_gba.png.4bpp build/assets/graphics/pokemon/registeel/anim_front_gba.png.4bpp.smol
tools/compresSmol/compresSmol -w build/assets/graphics/pokemon/registeel/back.png.4bpp build/assets/graphics/pokemon/registeel/back.png.4bpp.smol
tools/compresSmol/compresSmol -w build/assets/graphics/pokemon/registeel/back_gba.png.4bpp build/assets/graphics/pokemon/registeel/back_gba.png.4bpp.smol
tools/compresSmol/compresSmol -w build/assets/graphics/pokemon/registeel/overworld.png_mwidth_4__mheight_4.4bpp build/assets/graphics/pokemon/registeel/overworld.png_mwidth_4__mheight_4.4bpp.smol
tools/compresSmol/compresSmol -w build/assets/graphics/pokemon/relicanth/anim_front.png.4bpp build/assets/graphics/pokemon/relicanth/anim_front.png.4bpp.smol
tools/compresSmol/compresSmol -w build/assets/graphics/pokemon/relicanth/anim_front_gba.png.4bpp build/assets/graphics/pokemon/relicanth/anim_front_gba.png.4bpp.smol
tools/compresSmol/compresSmol -w build/assets/graphics/pokemon/relicanth/anim_frontf.png.4bpp build/assets/graphics/pokemon/relicanth/anim_frontf.png.4bpp.smol
tools/compresSmol/compresSmol -w build/assets/graphics/pokemon/relicanth/back.png.4bpp build/assets/graphics/pokemon/relicanth/back.png.4bpp.smol
tools/compresSmol/compresSmol -w build/assets/graphics/pokemon/relicanth/back_gba.png.4bpp build/assets/graphics/pokemon/relicanth/back_gba.png.4bpp.smol
tools/compresSmol/compresSmol -w build/assets/graphics/pokemon/relicanth/backf.png.4bpp build/assets/graphics/pokemon/relicanth/backf.png.4bpp.smol
tools/compresSmol/compresSmol -w build/assets/graphics/pokemon/relicanth/overworld.png_mwidth_4__mheight_4.4bpp build/assets/graphics/pokemon/relicanth/overworld.png_mwidth_4__mheight_4.4bpp.smol
tools/compresSmol/compresSmol -w build/assets/graphics/pokemon/relicanth/overworldf.png_mwidth_4__mheight_4.4bpp build/assets/graphics/pokemon/relicanth/overworldf.png_mwidth_4__mheight_4.4bpp.smol
tools/compresSmol/compresSmol -w build/assets/graphics/pokemon/rellor/back.png.4bpp build/assets/graphics/pokemon/rellor/back.png.4bpp.smol
tools/compresSmol/compresSmol -w build/assets/graphics/pokemon/rellor/front.png.4bpp build/assets/graphics/pokemon/rellor/front.png.4bpp.smol
tools/compresSmol/compresSmol -w build/assets/graphics/pokemon/rellor/overworld.png_mwidth_4__mheight_4.4bpp build/assets/graphics/pokemon/rellor/overworld.png_mwidth_4__mheight_4.4bpp.smol
tools/compresSmol/compresSmol -w build/assets/graphics/pokemon/remoraid/anim_front.png.4bpp build/assets/graphics/pokemon/remoraid/anim_front.png.4bpp.smol
tools/compresSmol/compresSmol -w build/assets/graphics/pokemon/remoraid/anim_front_gba.png.4bpp build/assets/graphics/pokemon/remoraid/anim_front_gba.png.4bpp.smol
tools/compresSmol/compresSmol -w build/assets/graphics/pokemon/remoraid/back.png.4bpp build/assets/graphics/pokemon/remoraid/back.png.4bpp.smol
tools/compresSmol/compresSmol -w build/assets/graphics/pokemon/remoraid/back_gba.png.4bpp build/assets/graphics/pokemon/remoraid/back_gba.png.4bpp.smol
tools/compresSmol/compresSmol -w build/assets/graphics/pokemon/remoraid/overworld.png_mwidth_4__mheight_4.4bpp build/assets/graphics/pokemon/remoraid/overworld.png_mwidth_4__mheight_4.4bpp.smol
tools/compresSmol/compresSmol -w build/assets/graphics/pokemon/reshiram/anim_front.png.4bpp build/assets/graphics/pokemon/reshiram/anim_front.png.4bpp.smol
tools/compresSmol/compresSmol -w build/assets/graphics/pokemon/reshiram/back.png.4bpp build/assets/graphics/pokemon/reshiram/back.png.4bpp.smol
tools/compresSmol/compresSmol -w build/assets/graphics/pokemon/reshiram/overworld.png_mwidth_8__mheight_8.4bpp build/assets/graphics/pokemon/reshiram/overworld.png_mwidth_8__mheight_8.4bpp.smol
tools/compresSmol/compresSmol -w build/assets/graphics/pokemon/reuniclus/anim_front.png.4bpp build/assets/graphics/pokemon/reuniclus/anim_front.png.4bpp.smol
tools/compresSmol/compresSmol -w build/assets/graphics/pokemon/reuniclus/back.png.4bpp build/assets/graphics/pokemon/reuniclus/back.png.4bpp.smol
tools/compresSmol/compresSmol -w build/assets/graphics/pokemon/reuniclus/overworld.png_mwidth_4__mheight_4.4bpp build/assets/graphics/pokemon/reuniclus/overworld.png_mwidth_4__mheight_4.4bpp.smol
tools/compresSmol/compresSmol -w build/assets/graphics/pokemon/revavroom/back.png.4bpp build/assets/graphics/pokemon/revavroom/back.png.4bpp.smol
tools/compresSmol/compresSmol -w build/assets/graphics/pokemon/revavroom/front.png.4bpp build/assets/graphics/pokemon/revavroom/front.png.4bpp.smol
tools/compresSmol/compresSmol -w build/assets/graphics/pokemon/revavroom/overworld.png_mwidth_4__mheight_4.4bpp build/assets/graphics/pokemon/revavroom/overworld.png_mwidth_4__mheight_4.4bpp.smol
tools/compresSmol/compresSmol -w build/assets/graphics/pokemon/rhydon/anim_front.png.4bpp build/assets/graphics/pokemon/rhydon/anim_front.png.4bpp.smol
tools/compresSmol/compresSmol -w build/assets/graphics/pokemon/rhydon/anim_front_gba.png.4bpp build/assets/graphics/pokemon/rhydon/anim_front_gba.png.4bpp.smol
tools/compresSmol/compresSmol -w build/assets/graphics/pokemon/rhydon/anim_frontf.png.4bpp build/assets/graphics/pokemon/rhydon/anim_frontf.png.4bpp.smol
tools/compresSmol/compresSmol -w build/assets/graphics/pokemon/rhydon/back.png.4bpp build/assets/graphics/pokemon/rhydon/back.png.4bpp.smol
tools/compresSmol/compresSmol -w build/assets/graphics/pokemon/rhydon/back_gba.png.4bpp build/assets/graphics/pokemon/rhydon/back_gba.png.4bpp.smol
tools/compresSmol/compresSmol -w build/assets/graphics/pokemon/rhydon/backf.png.4bpp build/assets/graphics/pokemon/rhydon/backf.png.4bpp.smol
tools/compresSmol/compresSmol -w build/assets/graphics/pokemon/rhydon/overworld.png_mwidth_4__mheight_4.4bpp build/assets/graphics/pokemon/rhydon/overworld.png_mwidth_4__mheight_4.4bpp.smol
tools/compresSmol/compresSmol -w build/assets/graphics/pokemon/rhydon/overworldf.png_mwidth_4__mheight_4.4bpp build/assets/graphics/pokemon/rhydon/overworldf.png_mwidth_4__mheight_4.4bpp.smol
tools/compresSmol/compresSmol -w build/assets/graphics/pokemon/rhyhorn/anim_front.png.4bpp build/assets/graphics/pokemon/rhyhorn/anim_front.png.4bpp.smol
tools/compresSmol/compresSmol -w build/assets/graphics/pokemon/rhyhorn/anim_front_gba.png.4bpp build/assets/graphics/pokemon/rhyhorn/anim_front_gba.png.4bpp.smol
tools/compresSmol/compresSmol -w build/assets/graphics/pokemon/rhyhorn/anim_frontf.png.4bpp build/assets/graphics/pokemon/rhyhorn/anim_frontf.png.4bpp.smol
tools/compresSmol/compresSmol -w build/assets/graphics/pokemon/rhyhorn/back.png.4bpp build/assets/graphics/pokemon/rhyhorn/back.png.4bpp.smol
tools/compresSmol/compresSmol -w build/assets/graphics/pokemon/rhyhorn/back_gba.png.4bpp build/assets/graphics/pokemon/rhyhorn/back_gba.png.4bpp.smol
tools/compresSmol/compresSmol -w build/assets/graphics/pokemon/rhyhorn/backf.png.4bpp build/assets/graphics/pokemon/rhyhorn/backf.png.4bpp.smol
tools/compresSmol/compresSmol -w build/assets/graphics/pokemon/rhyhorn/overworld.png_mwidth_4__mheight_4.4bpp build/assets/graphics/pokemon/rhyhorn/overworld.png_mwidth_4__mheight_4.4bpp.smol
tools/compresSmol/compresSmol -w build/assets/graphics/pokemon/rhyhorn/overworldf.png_mwidth_4__mheight_4.4bpp build/assets/graphics/pokemon/rhyhorn/overworldf.png_mwidth_4__mheight_4.4bpp.smol
tools/compresSmol/compresSmol -w build/assets/graphics/pokemon/rhyperior/anim_front.png.4bpp build/assets/graphics/pokemon/rhyperior/anim_front.png.4bpp.smol
tools/compresSmol/compresSmol -w build/assets/graphics/pokemon/rhyperior/anim_frontf.png.4bpp build/assets/graphics/pokemon/rhyperior/anim_frontf.png.4bpp.smol
tools/compresSmol/compresSmol -w build/assets/graphics/pokemon/rhyperior/back.png.4bpp build/assets/graphics/pokemon/rhyperior/back.png.4bpp.smol
tools/compresSmol/compresSmol -w build/assets/graphics/pokemon/rhyperior/backf.png.4bpp build/assets/graphics/pokemon/rhyperior/backf.png.4bpp.smol
tools/compresSmol/compresSmol -w build/assets/graphics/pokemon/rhyperior/overworld.png_mwidth_4__mheight_4.4bpp build/assets/graphics/pokemon/rhyperior/overworld.png_mwidth_4__mheight_4.4bpp.smol
tools/compresSmol/compresSmol -w build/assets/graphics/pokemon/rhyperior/overworldf.png_mwidth_4__mheight_4.4bpp build/assets/graphics/pokemon/rhyperior/overworldf.png_mwidth_4__mheight_4.4bpp.smol
tools/compresSmol/compresSmol -w build/assets/graphics/pokemon/ribombee/anim_front.png.4bpp build/assets/graphics/pokemon/ribombee/anim_front.png.4bpp.smol
tools/compresSmol/compresSmol -w build/assets/graphics/pokemon/ribombee/back.png.4bpp build/assets/graphics/pokemon/ribombee/back.png.4bpp.smol
tools/compresSmol/compresSmol -w build/assets/graphics/pokemon/ribombee/overworld.png_mwidth_4__mheight_4.4bpp build/assets/graphics/pokemon/ribombee/overworld.png_mwidth_4__mheight_4.4bpp.smol
tools/compresSmol/compresSmol -w build/assets/graphics/pokemon/rillaboom/back.png.4bpp build/assets/graphics/pokemon/rillaboom/back.png.4bpp.smol
tools/compresSmol/compresSmol -w build/assets/graphics/pokemon/rillaboom/front.png.4bpp build/assets/graphics/pokemon/rillaboom/front.png.4bpp.smol
tools/compresSmol/compresSmol -w build/assets/graphics/pokemon/rillaboom/gmax/back.png.4bpp build/assets/graphics/pokemon/rillaboom/gmax/back.png.4bpp.smol
tools/compresSmol/compresSmol -w build/assets/graphics/pokemon/rillaboom/gmax/front.png.4bpp build/assets/graphics/pokemon/rillaboom/gmax/front.png.4bpp.smol
tools/compresSmol/compresSmol -w build/assets/graphics/pokemon/rillaboom/overworld.png_mwidth_4__mheight_4.4bpp build/assets/graphics/pokemon/rillaboom/overworld.png_mwidth_4__mheight_4.4bpp.smol
tools/compresSmol/compresSmol -w build/assets/graphics/pokemon/riolu/anim_front.png.4bpp build/assets/graphics/pokemon/riolu/anim_front.png.4bpp.smol
tools/compresSmol/compresSmol -w build/assets/graphics/pokemon/riolu/back.png.4bpp build/assets/graphics/pokemon/riolu/back.png.4bpp.smol
tools/compresSmol/compresSmol -w build/assets/graphics/pokemon/riolu/overworld.png_mwidth_4__mheight_4.4bpp build/assets/graphics/pokemon/riolu/overworld.png_mwidth_4__mheight_4.4bpp.smol
tools/compresSmol/compresSmol -w build/assets/graphics/pokemon/roaring_moon/back.png.4bpp build/assets/graphics/pokemon/roaring_moon/back.png.4bpp.smol
tools/compresSmol/compresSmol -w build/assets/graphics/pokemon/roaring_moon/front.png.4bpp build/assets/graphics/pokemon/roaring_moon/front.png.4bpp.smol
tools/compresSmol/compresSmol -w build/assets/graphics/pokemon/roaring_moon/overworld.png_mwidth_4__mheight_4.4bpp build/assets/graphics/pokemon/roaring_moon/overworld.png_mwidth_4__mheight_4.4bpp.smol
tools/compresSmol/compresSmol -w build/assets/graphics/pokemon/rockruff/anim_front.png.4bpp build/assets/graphics/pokemon/rockruff/anim_front.png.4bpp.smol
tools/compresSmol/compresSmol -w build/assets/graphics/pokemon/rockruff/back.png.4bpp build/assets/graphics/pokemon/rockruff/back.png.4bpp.smol
tools/compresSmol/compresSmol -w build/assets/graphics/pokemon/rockruff/overworld.png_mwidth_4__mheight_4.4bpp build/assets/graphics/pokemon/rockruff/overworld.png_mwidth_4__mheight_4.4bpp.smol
tools/compresSmol/compresSmol -w build/assets/graphics/pokemon/roggenrola/anim_front.png.4bpp build/assets/graphics/pokemon/roggenrola/anim_front.png.4bpp.smol
tools/compresSmol/compresSmol -w build/assets/graphics/pokemon/roggenrola/back.png.4bpp build/assets/graphics/pokemon/roggenrola/back.png.4bpp.smol
tools/compresSmol/compresSmol -w build/assets/graphics/pokemon/roggenrola/overworld.png_mwidth_4__mheight_4.4bpp build/assets/graphics/pokemon/roggenrola/overworld.png_mwidth_4__mheight_4.4bpp.smol
tools/compresSmol/compresSmol -w build/assets/graphics/pokemon/rolycoly/anim_front.png.4bpp build/assets/graphics/pokemon/rolycoly/anim_front.png.4bpp.smol
tools/compresSmol/compresSmol -w build/assets/graphics/pokemon/rolycoly/back.png.4bpp build/assets/graphics/pokemon/rolycoly/back.png.4bpp.smol
tools/compresSmol/compresSmol -w build/assets/graphics/pokemon/rolycoly/overworld.png_mwidth_4__mheight_4.4bpp build/assets/graphics/pokemon/rolycoly/overworld.png_mwidth_4__mheight_4.4bpp.smol
tools/compresSmol/compresSmol -w build/assets/graphics/pokemon/rookidee/anim_front.png.4bpp build/assets/graphics/pokemon/rookidee/anim_front.png.4bpp.smol
tools/compresSmol/compresSmol -w build/assets/graphics/pokemon/rookidee/back.png.4bpp build/assets/graphics/pokemon/rookidee/back.png.4bpp.smol
tools/compresSmol/compresSmol -w build/assets/graphics/pokemon/rookidee/overworld.png_mwidth_4__mheight_4.4bpp build/assets/graphics/pokemon/rookidee/overworld.png_mwidth_4__mheight_4.4bpp.smol
tools/compresSmol/compresSmol -w build/assets/graphics/pokemon/roselia/anim_front.png.4bpp build/assets/graphics/pokemon/roselia/anim_front.png.4bpp.smol
tools/compresSmol/compresSmol -w build/assets/graphics/pokemon/roselia/anim_front_gba.png.4bpp build/assets/graphics/pokemon/roselia/anim_front_gba.png.4bpp.smol
tools/compresSmol/compresSmol -w build/assets/graphics/pokemon/roselia/anim_frontf.png.4bpp build/assets/graphics/pokemon/roselia/anim_frontf.png.4bpp.smol
tools/compresSmol/compresSmol -w build/assets/graphics/pokemon/roselia/back.png.4bpp build/assets/graphics/pokemon/roselia/back.png.4bpp.smol
tools/compresSmol/compresSmol -w build/assets/graphics/pokemon/roselia/back_gba.png.4bpp build/assets/graphics/pokemon/roselia/back_gba.png.4bpp.smol
tools/compresSmol/compresSmol -w build/assets/graphics/pokemon/roselia/backf.png.4bpp build/assets/graphics/pokemon/roselia/backf.png.4bpp.smol
tools/compresSmol/compresSmol -w build/assets/graphics/pokemon/roselia/overworld.png_mwidth_4__mheight_4.4bpp build/assets/graphics/pokemon/roselia/overworld.png_mwidth_4__mheight_4.4bpp.smol
tools/compresSmol/compresSmol -w build/assets/graphics/pokemon/roselia/overworldf.png_mwidth_4__mheight_4.4bpp build/assets/graphics/pokemon/roselia/overworldf.png_mwidth_4__mheight_4.4bpp.smol
tools/compresSmol/compresSmol -w build/assets/graphics/pokemon/roserade/anim_front.png.4bpp build/assets/graphics/pokemon/roserade/anim_front.png.4bpp.smol
tools/compresSmol/compresSmol -w build/assets/graphics/pokemon/roserade/anim_frontf.png.4bpp build/assets/graphics/pokemon/roserade/anim_frontf.png.4bpp.smol
tools/compresSmol/compresSmol -w build/assets/graphics/pokemon/roserade/back.png.4bpp build/assets/graphics/pokemon/roserade/back.png.4bpp.smol
tools/compresSmol/compresSmol -w build/assets/graphics/pokemon/roserade/backf.png.4bpp build/assets/graphics/pokemon/roserade/backf.png.4bpp.smol
tools/compresSmol/compresSmol -w build/assets/graphics/pokemon/roserade/overworld.png_mwidth_4__mheight_4.4bpp build/assets/graphics/pokemon/roserade/overworld.png_mwidth_4__mheight_4.4bpp.smol
tools/compresSmol/compresSmol -w build/assets/graphics/pokemon/roserade/overworldf.png_mwidth_4__mheight_4.4bpp build/assets/graphics/pokemon/roserade/overworldf.png_mwidth_4__mheight_4.4bpp.smol
tools/compresSmol/compresSmol -w build/assets/graphics/pokemon/rotom/anim_front.png.4bpp build/assets/graphics/pokemon/rotom/anim_front.png.4bpp.smol
tools/compresSmol/compresSmol -w build/assets/graphics/pokemon/rotom/back.png.4bpp build/assets/graphics/pokemon/rotom/back.png.4bpp.smol
tools/compresSmol/compresSmol -w build/assets/graphics/pokemon/rotom/fan/anim_front.png.4bpp build/assets/graphics/pokemon/rotom/fan/anim_front.png.4bpp.smol
tools/compresSmol/compresSmol -w build/assets/graphics/pokemon/rotom/fan/back.png.4bpp build/assets/graphics/pokemon/rotom/fan/back.png.4bpp.smol
tools/compresSmol/compresSmol -w build/assets/graphics/pokemon/rotom/fan/overworld.png_mwidth_4__mheight_4.4bpp build/assets/graphics/pokemon/rotom/fan/overworld.png_mwidth_4__mheight_4.4bpp.smol
tools/compresSmol/compresSmol -w build/assets/graphics/pokemon/rotom/frost/anim_front.png.4bpp build/assets/graphics/pokemon/rotom/frost/anim_front.png.4bpp.smol
tools/compresSmol/compresSmol -w build/assets/graphics/pokemon/rotom/frost/back.png.4bpp build/assets/graphics/pokemon/rotom/frost/back.png.4bpp.smol
tools/compresSmol/compresSmol -w build/assets/graphics/pokemon/rotom/frost/overworld.png_mwidth_4__mheight_4.4bpp build/assets/graphics/pokemon/rotom/frost/overworld.png_mwidth_4__mheight_4.4bpp.smol
tools/compresSmol/compresSmol -w build/assets/graphics/pokemon/rotom/heat/anim_front.png.4bpp build/assets/graphics/pokemon/rotom/heat/anim_front.png.4bpp.smol
tools/compresSmol/compresSmol -w build/assets/graphics/pokemon/rotom/heat/back.png.4bpp build/assets/graphics/pokemon/rotom/heat/back.png.4bpp.smol
tools/compresSmol/compresSmol -w build/assets/graphics/pokemon/rotom/heat/overworld.png_mwidth_4__mheight_4.4bpp build/assets/graphics/pokemon/rotom/heat/overworld.png_mwidth_4__mheight_4.4bpp.smol
tools/compresSmol/compresSmol -w build/assets/graphics/pokemon/rotom/mow/anim_front.png.4bpp build/assets/graphics/pokemon/rotom/mow/anim_front.png.4bpp.smol
tools/compresSmol/compresSmol -w build/assets/graphics/pokemon/rotom/mow/back.png.4bpp build/assets/graphics/pokemon/rotom/mow/back.png.4bpp.smol
tools/compresSmol/compresSmol -w build/assets/graphics/pokemon/rotom/mow/overworld.png_mwidth_4__mheight_4.4bpp build/assets/graphics/pokemon/rotom/mow/overworld.png_mwidth_4__mheight_4.4bpp.smol
tools/compresSmol/compresSmol -w build/assets/graphics/pokemon/rotom/overworld.png_mwidth_4__mheight_4.4bpp build/assets/graphics/pokemon/rotom/overworld.png_mwidth_4__mheight_4.4bpp.smol
tools/compresSmol/compresSmol -w build/assets/graphics/pokemon/rotom/wash/anim_front.png.4bpp build/assets/graphics/pokemon/rotom/wash/anim_front.png.4bpp.smol
tools/compresSmol/compresSmol -w build/assets/graphics/pokemon/rotom/wash/back.png.4bpp build/assets/graphics/pokemon/rotom/wash/back.png.4bpp.smol
tools/compresSmol/compresSmol -w build/assets/graphics/pokemon/rotom/wash/overworld.png_mwidth_4__mheight_4.4bpp build/assets/graphics/pokemon/rotom/wash/overworld.png_mwidth_4__mheight_4.4bpp.smol
tools/compresSmol/compresSmol -w build/assets/graphics/pokemon/rowlet/anim_front.png.4bpp build/assets/graphics/pokemon/rowlet/anim_front.png.4bpp.smol
tools/compresSmol/compresSmol -w build/assets/graphics/pokemon/rowlet/back.png.4bpp build/assets/graphics/pokemon/rowlet/back.png.4bpp.smol
tools/compresSmol/compresSmol -w build/assets/graphics/pokemon/rowlet/overworld.png_mwidth_4__mheight_4.4bpp build/assets/graphics/pokemon/rowlet/overworld.png_mwidth_4__mheight_4.4bpp.smol
tools/compresSmol/compresSmol -w build/assets/graphics/pokemon/rufflet/anim_front.png.4bpp build/assets/graphics/pokemon/rufflet/anim_front.png.4bpp.smol
tools/compresSmol/compresSmol -w build/assets/graphics/pokemon/rufflet/back.png.4bpp build/assets/graphics/pokemon/rufflet/back.png.4bpp.smol
tools/compresSmol/compresSmol -w build/assets/graphics/pokemon/rufflet/overworld.png_mwidth_4__mheight_4.4bpp build/assets/graphics/pokemon/rufflet/overworld.png_mwidth_4__mheight_4.4bpp.smol
tools/compresSmol/compresSmol -w build/assets/graphics/pokemon/runerigus/back.png.4bpp build/assets/graphics/pokemon/runerigus/back.png.4bpp.smol
tools/compresSmol/compresSmol -w build/assets/graphics/pokemon/runerigus/front.png.4bpp build/assets/graphics/pokemon/runerigus/front.png.4bpp.smol
tools/compresSmol/compresSmol -w build/assets/graphics/pokemon/runerigus/overworld.png_mwidth_4__mheight_4.4bpp build/assets/graphics/pokemon/runerigus/overworld.png_mwidth_4__mheight_4.4bpp.smol
tools/compresSmol/compresSmol -w build/assets/graphics/pokemon/sableye/anim_front.png.4bpp build/assets/graphics/pokemon/sableye/anim_front.png.4bpp.smol
tools/compresSmol/compresSmol -w build/assets/graphics/pokemon/sableye/anim_front_gba.png.4bpp build/assets/graphics/pokemon/sableye/anim_front_gba.png.4bpp.smol
tools/compresSmol/compresSmol -w build/assets/graphics/pokemon/sableye/back.png.4bpp build/assets/graphics/pokemon/sableye/back.png.4bpp.smol
tools/compresSmol/compresSmol -w build/assets/graphics/pokemon/sableye/back_gba.png.4bpp build/assets/graphics/pokemon/sableye/back_gba.png.4bpp.smol
tools/compresSmol/compresSmol -w build/assets/graphics/pokemon/sableye/mega/back.png.4bpp build/assets/graphics/pokemon/sableye/mega/back.png.4bpp.smol
tools/compresSmol/compresSmol -w build/assets/graphics/pokemon/sableye/mega/front.png.4bpp build/assets/graphics/pokemon/sableye/mega/front.png.4bpp.smol
tools/compresSmol/compresSmol -w build/assets/graphics/pokemon/sableye/mega/overworld.png_mwidth_4__mheight_4.4bpp build/assets/graphics/pokemon/sableye/mega/overworld.png_mwidth_4__mheight_4.4bpp.smol
tools/compresSmol/compresSmol -w build/assets/graphics/pokemon/sableye/overworld.png_mwidth_4__mheight_4.4bpp build/assets/graphics/pokemon/sableye/overworld.png_mwidth_4__mheight_4.4bpp.smol
tools/compresSmol/compresSmol -w build/assets/graphics/pokemon/salamence/anim_front.png.4bpp build/assets/graphics/pokemon/salamence/anim_front.png.4bpp.smol
tools/compresSmol/compresSmol -w build/assets/graphics/pokemon/salamence/anim_front_gba.png.4bpp build/assets/graphics/pokemon/salamence/anim_front_gba.png.4bpp.smol
tools/compresSmol/compresSmol -w build/assets/graphics/pokemon/salamence/back.png.4bpp build/assets/graphics/pokemon/salamence/back.png.4bpp.smol
tools/compresSmol/compresSmol -w build/assets/graphics/pokemon/salamence/back_gba.png.4bpp build/assets/graphics/pokemon/salamence/back_gba.png.4bpp.smol
tools/compresSmol/compresSmol -w build/assets/graphics/pokemon/salamence/mega/back.png.4bpp build/assets/graphics/pokemon/salamence/mega/back.png.4bpp.smol
tools/compresSmol/compresSmol -w build/assets/graphics/pokemon/salamence/mega/front.png.4bpp build/assets/graphics/pokemon/salamence/mega/front.png.4bpp.smol
tools/compresSmol/compresSmol -w build/assets/graphics/pokemon/salamence/mega/overworld.png_mwidth_4__mheight_4.4bpp build/assets/graphics/pokemon/salamence/mega/overworld.png_mwidth_4__mheight_4.4bpp.smol
tools/compresSmol/compresSmol -w build/assets/graphics/pokemon/salamence/overworld.png_mwidth_4__mheight_4.4bpp build/assets/graphics/pokemon/salamence/overworld.png_mwidth_4__mheight_4.4bpp.smol
tools/compresSmol/compresSmol -w build/assets/graphics/pokemon/salandit/anim_front.png.4bpp build/assets/graphics/pokemon/salandit/anim_front.png.4bpp.smol
tools/compresSmol/compresSmol -w build/assets/graphics/pokemon/salandit/back.png.4bpp build/assets/graphics/pokemon/salandit/back.png.4bpp.smol
tools/compresSmol/compresSmol -w build/assets/graphics/pokemon/salandit/overworld.png_mwidth_4__mheight_4.4bpp build/assets/graphics/pokemon/salandit/overworld.png_mwidth_4__mheight_4.4bpp.smol
tools/compresSmol/compresSmol -w build/assets/graphics/pokemon/salazzle/anim_front.png.4bpp build/assets/graphics/pokemon/salazzle/anim_front.png.4bpp.smol
tools/compresSmol/compresSmol -w build/assets/graphics/pokemon/salazzle/back.png.4bpp build/assets/graphics/pokemon/salazzle/back.png.4bpp.smol
tools/compresSmol/compresSmol -w build/assets/graphics/pokemon/salazzle/overworld.png_mwidth_4__mheight_4.4bpp build/assets/graphics/pokemon/salazzle/overworld.png_mwidth_4__mheight_4.4bpp.smol
tools/compresSmol/compresSmol -w build/assets/graphics/pokemon/samurott/anim_front.png.4bpp build/assets/graphics/pokemon/samurott/anim_front.png.4bpp.smol
tools/compresSmol/compresSmol -w build/assets/graphics/pokemon/samurott/back.png.4bpp build/assets/graphics/pokemon/samurott/back.png.4bpp.smol
tools/compresSmol/compresSmol -w build/assets/graphics/pokemon/samurott/hisui/back.png.4bpp build/assets/graphics/pokemon/samurott/hisui/back.png.4bpp.smol
tools/compresSmol/compresSmol -w build/assets/graphics/pokemon/samurott/hisui/front.png.4bpp build/assets/graphics/pokemon/samurott/hisui/front.png.4bpp.smol
tools/compresSmol/compresSmol -w build/assets/graphics/pokemon/samurott/hisui/overworld.png_mwidth_4__mheight_4.4bpp build/assets/graphics/pokemon/samurott/hisui/overworld.png_mwidth_4__mheight_4.4bpp.smol
tools/compresSmol/compresSmol -w build/assets/graphics/pokemon/samurott/overworld.png_mwidth_4__mheight_4.4bpp build/assets/graphics/pokemon/samurott/overworld.png_mwidth_4__mheight_4.4bpp.smol
tools/compresSmol/compresSmol -w build/assets/graphics/pokemon/sandaconda/back.png.4bpp build/assets/graphics/pokemon/sandaconda/back.png.4bpp.smol
tools/compresSmol/compresSmol -w build/assets/graphics/pokemon/sandaconda/front.png.4bpp build/assets/graphics/pokemon/sandaconda/front.png.4bpp.smol
tools/compresSmol/compresSmol -w build/assets/graphics/pokemon/sandaconda/gmax/back.png.4bpp build/assets/graphics/pokemon/sandaconda/gmax/back.png.4bpp.smol
tools/compresSmol/compresSmol -w build/assets/graphics/pokemon/sandaconda/gmax/front.png.4bpp build/assets/graphics/pokemon/sandaconda/gmax/front.png.4bpp.smol
tools/compresSmol/compresSmol -w build/assets/graphics/pokemon/sandaconda/overworld.png_mwidth_4__mheight_4.4bpp build/assets/graphics/pokemon/sandaconda/overworld.png_mwidth_4__mheight_4.4bpp.smol
tools/compresSmol/compresSmol -w build/assets/graphics/pokemon/sandile/anim_front.png.4bpp build/assets/graphics/pokemon/sandile/anim_front.png.4bpp.smol
tools/compresSmol/compresSmol -w build/assets/graphics/pokemon/sandile/back.png.4bpp build/assets/graphics/pokemon/sandile/back.png.4bpp.smol
tools/compresSmol/compresSmol -w build/assets/graphics/pokemon/sandile/overworld.png_mwidth_4__mheight_4.4bpp build/assets/graphics/pokemon/sandile/overworld.png_mwidth_4__mheight_4.4bpp.smol
tools/compresSmol/compresSmol -w build/assets/graphics/pokemon/sandshrew/alola/anim_front.png.4bpp build/assets/graphics/pokemon/sandshrew/alola/anim_front.png.4bpp.smol
tools/compresSmol/compresSmol -w build/assets/graphics/pokemon/sandshrew/alola/back.png.4bpp build/assets/graphics/pokemon/sandshrew/alola/back.png.4bpp.smol
tools/compresSmol/compresSmol -w build/assets/graphics/pokemon/sandshrew/alola/overworld.png_mwidth_4__mheight_4.4bpp build/assets/graphics/pokemon/sandshrew/alola/overworld.png_mwidth_4__mheight_4.4bpp.smol
tools/compresSmol/compresSmol -w build/assets/graphics/pokemon/sandshrew/anim_front.png.4bpp build/assets/graphics/pokemon/sandshrew/anim_front.png.4bpp.smol
tools/compresSmol/compresSmol -w build/assets/graphics/pokemon/sandshrew/anim_front_gba.png.4bpp build/assets/graphics/pokemon/sandshrew/anim_front_gba.png.4bpp.smol
tools/compresSmol/compresSmol -w build/assets/graphics/pokemon/sandshrew/back.png.4bpp build/assets/graphics/pokemon/sandshrew/back.png.4bpp.smol
tools/compresSmol/compresSmol -w build/assets/graphics/pokemon/sandshrew/back_gba.png.4bpp build/assets/graphics/pokemon/sandshrew/back_gba.png.4bpp.smol
tools/compresSmol/compresSmol -w build/assets/graphics/pokemon/sandshrew/overworld.png_mwidth_4__mheight_4.4bpp build/assets/graphics/pokemon/sandshrew/overworld.png_mwidth_4__mheight_4.4bpp.smol
tools/compresSmol/compresSmol -w build/assets/graphics/pokemon/sandslash/alola/anim_front.png.4bpp build/assets/graphics/pokemon/sandslash/alola/anim_front.png.4bpp.smol
tools/compresSmol/compresSmol -w build/assets/graphics/pokemon/sandslash/alola/back.png.4bpp build/assets/graphics/pokemon/sandslash/alola/back.png.4bpp.smol
tools/compresSmol/compresSmol -w build/assets/graphics/pokemon/sandslash/alola/overworld.png_mwidth_4__mheight_4.4bpp build/assets/graphics/pokemon/sandslash/alola/overworld.png_mwidth_4__mheight_4.4bpp.smol
tools/compresSmol/compresSmol -w build/assets/graphics/pokemon/sandslash/anim_front.png.4bpp build/assets/graphics/pokemon/sandslash/anim_front.png.4bpp.smol
tools/compresSmol/compresSmol -w build/assets/graphics/pokemon/sandslash/anim_front_gba.png.4bpp build/assets/graphics/pokemon/sandslash/anim_front_gba.png.4bpp.smol
tools/compresSmol/compresSmol -w build/assets/graphics/pokemon/sandslash/back.png.4bpp build/assets/graphics/pokemon/sandslash/back.png.4bpp.smol
tools/compresSmol/compresSmol -w build/assets/graphics/pokemon/sandslash/back_gba.png.4bpp build/assets/graphics/pokemon/sandslash/back_gba.png.4bpp.smol
tools/compresSmol/compresSmol -w build/assets/graphics/pokemon/sandslash/overworld.png_mwidth_4__mheight_4.4bpp build/assets/graphics/pokemon/sandslash/overworld.png_mwidth_4__mheight_4.4bpp.smol
tools/compresSmol/compresSmol -w build/assets/graphics/pokemon/sandy_shocks/back.png.4bpp build/assets/graphics/pokemon/sandy_shocks/back.png.4bpp.smol
tools/compresSmol/compresSmol -w build/assets/graphics/pokemon/sandy_shocks/front.png.4bpp build/assets/graphics/pokemon/sandy_shocks/front.png.4bpp.smol
tools/compresSmol/compresSmol -w build/assets/graphics/pokemon/sandy_shocks/overworld.png_mwidth_4__mheight_4.4bpp build/assets/graphics/pokemon/sandy_shocks/overworld.png_mwidth_4__mheight_4.4bpp.smol
tools/compresSmol/compresSmol -w build/assets/graphics/pokemon/sandygast/anim_front.png.4bpp build/assets/graphics/pokemon/sandygast/anim_front.png.4bpp.smol
tools/compresSmol/compresSmol -w build/assets/graphics/pokemon/sandygast/back.png.4bpp build/assets/graphics/pokemon/sandygast/back.png.4bpp.smol
tools/compresSmol/compresSmol -w build/assets/graphics/pokemon/sandygast/overworld.png_mwidth_4__mheight_4.4bpp build/assets/graphics/pokemon/sandygast/overworld.png_mwidth_4__mheight_4.4bpp.smol
tools/compresSmol/compresSmol -w build/assets/graphics/pokemon/sawk/anim_front.png.4bpp build/assets/graphics/pokemon/sawk/anim_front.png.4bpp.smol
tools/compresSmol/compresSmol -w build/assets/graphics/pokemon/sawk/back.png.4bpp build/assets/graphics/pokemon/sawk/back.png.4bpp.smol
tools/compresSmol/compresSmol -w build/assets/graphics/pokemon/sawk/overworld.png_mwidth_4__mheight_4.4bpp build/assets/graphics/pokemon/sawk/overworld.png_mwidth_4__mheight_4.4bpp.smol
tools/compresSmol/compresSmol -w build/assets/graphics/pokemon/sawsbuck/anim_front.png.4bpp build/assets/graphics/pokemon/sawsbuck/anim_front.png.4bpp.smol
tools/compresSmol/compresSmol -w build/assets/graphics/pokemon/sawsbuck/autumn/anim_front.png.4bpp build/assets/graphics/pokemon/sawsbuck/autumn/anim_front.png.4bpp.smol
tools/compresSmol/compresSmol -w build/assets/graphics/pokemon/sawsbuck/autumn/back.png.4bpp build/assets/graphics/pokemon/sawsbuck/autumn/back.png.4bpp.smol
tools/compresSmol/compresSmol -w build/assets/graphics/pokemon/sawsbuck/autumn/overworld.png_mwidth_4__mheight_4.4bpp build/assets/graphics/pokemon/sawsbuck/autumn/overworld.png_mwidth_4__mheight_4.4bpp.smol
tools/compresSmol/compresSmol -w build/assets/graphics/pokemon/sawsbuck/back.png.4bpp build/assets/graphics/pokemon/sawsbuck/back.png.4bpp.smol
tools/compresSmol/compresSmol -w build/assets/graphics/pokemon/sawsbuck/overworld.png_mwidth_4__mheight_4.4bpp build/assets/graphics/pokemon/sawsbuck/overworld.png_mwidth_4__mheight_4.4bpp.smol
tools/compresSmol/compresSmol -w build/assets/graphics/pokemon/sawsbuck/summer/anim_front.png.4bpp build/assets/graphics/pokemon/sawsbuck/summer/anim_front.png.4bpp.smol
tools/compresSmol/compresSmol -w build/assets/graphics/pokemon/sawsbuck/summer/back.png.4bpp build/assets/graphics/pokemon/sawsbuck/summer/back.png.4bpp.smol
tools/compresSmol/compresSmol -w build/assets/graphics/pokemon/sawsbuck/summer/overworld.png_mwidth_4__mheight_4.4bpp build/assets/graphics/pokemon/sawsbuck/summer/overworld.png_mwidth_4__mheight_4.4bpp.smol
tools/compresSmol/compresSmol -w build/assets/graphics/pokemon/sawsbuck/winter/anim_front.png.4bpp build/assets/graphics/pokemon/sawsbuck/winter/anim_front.png.4bpp.smol
tools/compresSmol/compresSmol -w build/assets/graphics/pokemon/sawsbuck/winter/back.png.4bpp build/assets/graphics/pokemon/sawsbuck/winter/back.png.4bpp.smol
tools/compresSmol/compresSmol -w build/assets/graphics/pokemon/sawsbuck/winter/overworld.png_mwidth_4__mheight_4.4bpp build/assets/graphics/pokemon/sawsbuck/winter/overworld.png_mwidth_4__mheight_4.4bpp.smol
tools/compresSmol/compresSmol -w build/assets/graphics/pokemon/scatterbug/anim_front.png.4bpp build/assets/graphics/pokemon/scatterbug/anim_front.png.4bpp.smol
tools/compresSmol/compresSmol -w build/assets/graphics/pokemon/scatterbug/back.png.4bpp build/assets/graphics/pokemon/scatterbug/back.png.4bpp.smol
tools/compresSmol/compresSmol -w build/assets/graphics/pokemon/scatterbug/overworld.png_mwidth_4__mheight_4.4bpp build/assets/graphics/pokemon/scatterbug/overworld.png_mwidth_4__mheight_4.4bpp.smol
tools/compresSmol/compresSmol -w build/assets/graphics/pokemon/sceptile/anim_front.png.4bpp build/assets/graphics/pokemon/sceptile/anim_front.png.4bpp.smol
tools/compresSmol/compresSmol -w build/assets/graphics/pokemon/sceptile/anim_front_gba.png.4bpp build/assets/graphics/pokemon/sceptile/anim_front_gba.png.4bpp.smol
tools/compresSmol/compresSmol -w build/assets/graphics/pokemon/sceptile/back.png.4bpp build/assets/graphics/pokemon/sceptile/back.png.4bpp.smol
tools/compresSmol/compresSmol -w build/assets/graphics/pokemon/sceptile/back_gba.png.4bpp build/assets/graphics/pokemon/sceptile/back_gba.png.4bpp.smol
tools/compresSmol/compresSmol -w build/assets/graphics/pokemon/sceptile/mega/back.png.4bpp build/assets/graphics/pokemon/sceptile/mega/back.png.4bpp.smol
tools/compresSmol/compresSmol -w build/assets/graphics/pokemon/sceptile/mega/front.png.4bpp build/assets/graphics/pokemon/sceptile/mega/front.png.4bpp.smol
tools/compresSmol/compresSmol -w build/assets/graphics/pokemon/sceptile/mega/overworld.png_mwidth_4__mheight_4.4bpp build/assets/graphics/pokemon/sceptile/mega/overworld.png_mwidth_4__mheight_4.4bpp.smol
tools/compresSmol/compresSmol -w build/assets/graphics/pokemon/sceptile/overworld.png_mwidth_4__mheight_4.4bpp build/assets/graphics/pokemon/sceptile/overworld.png_mwidth_4__mheight_4.4bpp.smol
tools/compresSmol/compresSmol -w build/assets/graphics/pokemon/scizor/anim_front.png.4bpp build/assets/graphics/pokemon/scizor/anim_front.png.4bpp.smol
tools/compresSmol/compresSmol -w build/assets/graphics/pokemon/scizor/anim_front_gba.png.4bpp build/assets/graphics/pokemon/scizor/anim_front_gba.png.4bpp.smol
tools/compresSmol/compresSmol -w build/assets/graphics/pokemon/scizor/anim_frontf.png.4bpp build/assets/graphics/pokemon/scizor/anim_frontf.png.4bpp.smol
tools/compresSmol/compresSmol -w build/assets/graphics/pokemon/scizor/back.png.4bpp build/assets/graphics/pokemon/scizor/back.png.4bpp.smol
tools/compresSmol/compresSmol -w build/assets/graphics/pokemon/scizor/back_gba.png.4bpp build/assets/graphics/pokemon/scizor/back_gba.png.4bpp.smol
tools/compresSmol/compresSmol -w build/assets/graphics/pokemon/scizor/mega/back.png.4bpp build/assets/graphics/pokemon/scizor/mega/back.png.4bpp.smol
tools/compresSmol/compresSmol -w build/assets/graphics/pokemon/scizor/mega/front.png.4bpp build/assets/graphics/pokemon/scizor/mega/front.png.4bpp.smol
tools/compresSmol/compresSmol -w build/assets/graphics/pokemon/scizor/mega/overworld.png_mwidth_4__mheight_4.4bpp build/assets/graphics/pokemon/scizor/mega/overworld.png_mwidth_4__mheight_4.4bpp.smol
tools/compresSmol/compresSmol -w build/assets/graphics/pokemon/scizor/overworld.png_mwidth_4__mheight_4.4bpp build/assets/graphics/pokemon/scizor/overworld.png_mwidth_4__mheight_4.4bpp.smol
tools/compresSmol/compresSmol -w build/assets/graphics/pokemon/scizor/overworldf.png_mwidth_4__mheight_4.4bpp build/assets/graphics/pokemon/scizor/overworldf.png_mwidth_4__mheight_4.4bpp.smol
tools/compresSmol/compresSmol -w build/assets/graphics/pokemon/scolipede/anim_front.png.4bpp build/assets/graphics/pokemon/scolipede/anim_front.png.4bpp.smol
tools/compresSmol/compresSmol -w build/assets/graphics/pokemon/scolipede/back.png.4bpp build/assets/graphics/pokemon/scolipede/back.png.4bpp.smol
tools/compresSmol/compresSmol -w build/assets/graphics/pokemon/scolipede/mega/back.png.4bpp build/assets/graphics/pokemon/scolipede/mega/back.png.4bpp.smol
tools/compresSmol/compresSmol -w build/assets/graphics/pokemon/scolipede/mega/front.png.4bpp build/assets/graphics/pokemon/scolipede/mega/front.png.4bpp.smol
tools/compresSmol/compresSmol -w build/assets/graphics/pokemon/scolipede/overworld.png_mwidth_4__mheight_4.4bpp build/assets/graphics/pokemon/scolipede/overworld.png_mwidth_4__mheight_4.4bpp.smol
tools/compresSmol/compresSmol -w build/assets/graphics/pokemon/scorbunny/anim_front.png.4bpp build/assets/graphics/pokemon/scorbunny/anim_front.png.4bpp.smol
tools/compresSmol/compresSmol -w build/assets/graphics/pokemon/scorbunny/back.png.4bpp build/assets/graphics/pokemon/scorbunny/back.png.4bpp.smol
tools/compresSmol/compresSmol -w build/assets/graphics/pokemon/scorbunny/overworld.png_mwidth_4__mheight_4.4bpp build/assets/graphics/pokemon/scorbunny/overworld.png_mwidth_4__mheight_4.4bpp.smol
tools/compresSmol/compresSmol -w build/assets/graphics/pokemon/scovillain/back.png.4bpp build/assets/graphics/pokemon/scovillain/back.png.4bpp.smol
tools/compresSmol/compresSmol -w build/assets/graphics/pokemon/scovillain/front.png.4bpp build/assets/graphics/pokemon/scovillain/front.png.4bpp.smol
tools/compresSmol/compresSmol -w build/assets/graphics/pokemon/scovillain/mega/back.png.4bpp build/assets/graphics/pokemon/scovillain/mega/back.png.4bpp.smol
tools/compresSmol/compresSmol -w build/assets/graphics/pokemon/scovillain/mega/front.png.4bpp build/assets/graphics/pokemon/scovillain/mega/front.png.4bpp.smol
tools/compresSmol/compresSmol -w build/assets/graphics/pokemon/scovillain/overworld.png_mwidth_4__mheight_4.4bpp build/assets/graphics/pokemon/scovillain/overworld.png_mwidth_4__mheight_4.4bpp.smol
tools/compresSmol/compresSmol -w build/assets/graphics/pokemon/scrafty/anim_front.png.4bpp build/assets/graphics/pokemon/scrafty/anim_front.png.4bpp.smol
tools/compresSmol/compresSmol -w build/assets/graphics/pokemon/scrafty/back.png.4bpp build/assets/graphics/pokemon/scrafty/back.png.4bpp.smol
tools/compresSmol/compresSmol -w build/assets/graphics/pokemon/scrafty/mega/back.png.4bpp build/assets/graphics/pokemon/scrafty/mega/back.png.4bpp.smol
tools/compresSmol/compresSmol -w build/assets/graphics/pokemon/scrafty/mega/front.png.4bpp build/assets/graphics/pokemon/scrafty/mega/front.png.4bpp.smol
tools/compresSmol/compresSmol -w build/assets/graphics/pokemon/scrafty/overworld.png_mwidth_4__mheight_4.4bpp build/assets/graphics/pokemon/scrafty/overworld.png_mwidth_4__mheight_4.4bpp.smol
tools/compresSmol/compresSmol -w build/assets/graphics/pokemon/scraggy/anim_front.png.4bpp build/assets/graphics/pokemon/scraggy/anim_front.png.4bpp.smol
tools/compresSmol/compresSmol -w build/assets/graphics/pokemon/scraggy/back.png.4bpp build/assets/graphics/pokemon/scraggy/back.png.4bpp.smol
tools/compresSmol/compresSmol -w build/assets/graphics/pokemon/scraggy/overworld.png_mwidth_4__mheight_4.4bpp build/assets/graphics/pokemon/scraggy/overworld.png_mwidth_4__mheight_4.4bpp.smol
tools/compresSmol/compresSmol -w build/assets/graphics/pokemon/scream_tail/back.png.4bpp build/assets/graphics/pokemon/scream_tail/back.png.4bpp.smol
tools/compresSmol/compresSmol -w build/assets/graphics/pokemon/scream_tail/front.png.4bpp build/assets/graphics/pokemon/scream_tail/front.png.4bpp.smol
tools/compresSmol/compresSmol -w build/assets/graphics/pokemon/scream_tail/overworld.png_mwidth_4__mheight_4.4bpp build/assets/graphics/pokemon/scream_tail/overworld.png_mwidth_4__mheight_4.4bpp.smol
tools/compresSmol/compresSmol -w build/assets/graphics/pokemon/scyther/anim_front.png.4bpp build/assets/graphics/pokemon/scyther/anim_front.png.4bpp.smol
tools/compresSmol/compresSmol -w build/assets/graphics/pokemon/scyther/anim_front_gba.png.4bpp build/assets/graphics/pokemon/scyther/anim_front_gba.png.4bpp.smol
tools/compresSmol/compresSmol -w build/assets/graphics/pokemon/scyther/anim_frontf.png.4bpp build/assets/graphics/pokemon/scyther/anim_frontf.png.4bpp.smol
tools/compresSmol/compresSmol -w build/assets/graphics/pokemon/scyther/back.png.4bpp build/assets/graphics/pokemon/scyther/back.png.4bpp.smol
tools/compresSmol/compresSmol -w build/assets/graphics/pokemon/scyther/back_gba.png.4bpp build/assets/graphics/pokemon/scyther/back_gba.png.4bpp.smol
tools/compresSmol/compresSmol -w build/assets/graphics/pokemon/scyther/overworld.png_mwidth_4__mheight_4.4bpp build/assets/graphics/pokemon/scyther/overworld.png_mwidth_4__mheight_4.4bpp.smol
tools/compresSmol/compresSmol -w build/assets/graphics/pokemon/scyther/overworldf.png_mwidth_4__mheight_4.4bpp build/assets/graphics/pokemon/scyther/overworldf.png_mwidth_4__mheight_4.4bpp.smol
tools/compresSmol/compresSmol -w build/assets/graphics/pokemon/seadra/anim_front.png.4bpp build/assets/graphics/pokemon/seadra/anim_front.png.4bpp.smol
tools/compresSmol/compresSmol -w build/assets/graphics/pokemon/seadra/anim_front_gba.png.4bpp build/assets/graphics/pokemon/seadra/anim_front_gba.png.4bpp.smol
tools/compresSmol/compresSmol -w build/assets/graphics/pokemon/seadra/back.png.4bpp build/assets/graphics/pokemon/seadra/back.png.4bpp.smol
tools/compresSmol/compresSmol -w build/assets/graphics/pokemon/seadra/back_gba.png.4bpp build/assets/graphics/pokemon/seadra/back_gba.png.4bpp.smol
tools/compresSmol/compresSmol -w build/assets/graphics/pokemon/seadra/overworld.png_mwidth_4__mheight_4.4bpp build/assets/graphics/pokemon/seadra/overworld.png_mwidth_4__mheight_4.4bpp.smol
tools/compresSmol/compresSmol -w build/assets/graphics/pokemon/seaking/anim_front.png.4bpp build/assets/graphics/pokemon/seaking/anim_front.png.4bpp.smol
tools/compresSmol/compresSmol -w build/assets/graphics/pokemon/seaking/anim_front_gba.png.4bpp build/assets/graphics/pokemon/seaking/anim_front_gba.png.4bpp.smol
tools/compresSmol/compresSmol -w build/assets/graphics/pokemon/seaking/anim_frontf.png.4bpp build/assets/graphics/pokemon/seaking/anim_frontf.png.4bpp.smol
tools/compresSmol/compresSmol -w build/assets/graphics/pokemon/seaking/back.png.4bpp build/assets/graphics/pokemon/seaking/back.png.4bpp.smol
tools/compresSmol/compresSmol -w build/assets/graphics/pokemon/seaking/back_gba.png.4bpp build/assets/graphics/pokemon/seaking/back_gba.png.4bpp.smol
tools/compresSmol/compresSmol -w build/assets/graphics/pokemon/seaking/backf.png.4bpp build/assets/graphics/pokemon/seaking/backf.png.4bpp.smol
tools/compresSmol/compresSmol -w build/assets/graphics/pokemon/seaking/overworld.png_mwidth_4__mheight_4.4bpp build/assets/graphics/pokemon/seaking/overworld.png_mwidth_4__mheight_4.4bpp.smol
tools/compresSmol/compresSmol -w build/assets/graphics/pokemon/seaking/overworldf.png_mwidth_4__mheight_4.4bpp build/assets/graphics/pokemon/seaking/overworldf.png_mwidth_4__mheight_4.4bpp.smol
tools/compresSmol/compresSmol -w build/assets/graphics/pokemon/sealeo/anim_front.png.4bpp build/assets/graphics/pokemon/sealeo/anim_front.png.4bpp.smol
tools/compresSmol/compresSmol -w build/assets/graphics/pokemon/sealeo/anim_front_gba.png.4bpp build/assets/graphics/pokemon/sealeo/anim_front_gba.png.4bpp.smol
tools/compresSmol/compresSmol -w build/assets/graphics/pokemon/sealeo/back.png.4bpp build/assets/graphics/pokemon/sealeo/back.png.4bpp.smol
tools/compresSmol/compresSmol -w build/assets/graphics/pokemon/sealeo/back_gba.png.4bpp build/assets/graphics/pokemon/sealeo/back_gba.png.4bpp.smol
tools/compresSmol/compresSmol -w build/assets/graphics/pokemon/sealeo/overworld.png_mwidth_4__mheight_4.4bpp build/assets/graphics/pokemon/sealeo/overworld.png_mwidth_4__mheight_4.4bpp.smol
tools/compresSmol/compresSmol -w build/assets/graphics/pokemon/seedot/anim_front.png.4bpp build/assets/graphics/pokemon/seedot/anim_front.png.4bpp.smol
tools/compresSmol/compresSmol -w build/assets/graphics/pokemon/seedot/anim_front_gba.png.4bpp build/assets/graphics/pokemon/seedot/anim_front_gba.png.4bpp.smol
tools/compresSmol/compresSmol -w build/assets/graphics/pokemon/seedot/back.png.4bpp build/assets/graphics/pokemon/seedot/back.png.4bpp.smol
tools/compresSmol/compresSmol -w build/assets/graphics/pokemon/seedot/back_gba.png.4bpp build/assets/graphics/pokemon/seedot/back_gba.png.4bpp.smol
tools/compresSmol/compresSmol -w build/assets/graphics/pokemon/seedot/overworld.png_mwidth_4__mheight_4.4bpp build/assets/graphics/pokemon/seedot/overworld.png_mwidth_4__mheight_4.4bpp.smol
tools/compresSmol/compresSmol -w build/assets/graphics/pokemon/seel/anim_front.png.4bpp build/assets/graphics/pokemon/seel/anim_front.png.4bpp.smol
tools/compresSmol/compresSmol -w build/assets/graphics/pokemon/seel/anim_front_gba.png.4bpp build/assets/graphics/pokemon/seel/anim_front_gba.png.4bpp.smol
tools/compresSmol/compresSmol -w build/assets/graphics/pokemon/seel/back.png.4bpp build/assets/graphics/pokemon/seel/back.png.4bpp.smol
tools/compresSmol/compresSmol -w build/assets/graphics/pokemon/seel/back_gba.png.4bpp build/assets/graphics/pokemon/seel/back_gba.png.4bpp.smol
tools/compresSmol/compresSmol -w build/assets/graphics/pokemon/seel/overworld.png_mwidth_4__mheight_4.4bpp build/assets/graphics/pokemon/seel/overworld.png_mwidth_4__mheight_4.4bpp.smol
tools/compresSmol/compresSmol -w build/assets/graphics/pokemon/seismitoad/anim_front.png.4bpp build/assets/graphics/pokemon/seismitoad/anim_front.png.4bpp.smol
tools/compresSmol/compresSmol -w build/assets/graphics/pokemon/seismitoad/back.png.4bpp build/assets/graphics/pokemon/seismitoad/back.png.4bpp.smol
tools/compresSmol/compresSmol -w build/assets/graphics/pokemon/seismitoad/overworld.png_mwidth_4__mheight_4.4bpp build/assets/graphics/pokemon/seismitoad/overworld.png_mwidth_4__mheight_4.4bpp.smol
tools/compresSmol/compresSmol -w build/assets/graphics/pokemon/sentret/anim_front.png.4bpp build/assets/graphics/pokemon/sentret/anim_front.png.4bpp.smol
tools/compresSmol/compresSmol -w build/assets/graphics/pokemon/sentret/anim_front_gba.png.4bpp build/assets/graphics/pokemon/sentret/anim_front_gba.png.4bpp.smol
tools/compresSmol/compresSmol -w build/assets/graphics/pokemon/sentret/back.png.4bpp build/assets/graphics/pokemon/sentret/back.png.4bpp.smol
tools/compresSmol/compresSmol -w build/assets/graphics/pokemon/sentret/back_gba.png.4bpp build/assets/graphics/pokemon/sentret/back_gba.png.4bpp.smol
tools/compresSmol/compresSmol -w build/assets/graphics/pokemon/sentret/overworld.png_mwidth_4__mheight_4.4bpp build/assets/graphics/pokemon/sentret/overworld.png_mwidth_4__mheight_4.4bpp.smol
tools/compresSmol/compresSmol -w build/assets/graphics/pokemon/serperior/anim_front.png.4bpp build/assets/graphics/pokemon/serperior/anim_front.png.4bpp.smol
tools/compresSmol/compresSmol -w build/assets/graphics/pokemon/serperior/back.png.4bpp build/assets/graphics/pokemon/serperior/back.png.4bpp.smol
tools/compresSmol/compresSmol -w build/assets/graphics/pokemon/serperior/overworld.png_mwidth_4__mheight_4.4bpp build/assets/graphics/pokemon/serperior/overworld.png_mwidth_4__mheight_4.4bpp.smol
tools/compresSmol/compresSmol -w build/assets/graphics/pokemon/servine/anim_front.png.4bpp build/assets/graphics/pokemon/servine/anim_front.png.4bpp.smol
tools/compresSmol/compresSmol -w build/assets/graphics/pokemon/servine/back.png.4bpp build/assets/graphics/pokemon/servine/back.png.4bpp.smol
tools/compresSmol/compresSmol -w build/assets/graphics/pokemon/servine/overworld.png_mwidth_4__mheight_4.4bpp build/assets/graphics/pokemon/servine/overworld.png_mwidth_4__mheight_4.4bpp.smol
tools/compresSmol/compresSmol -w build/assets/graphics/pokemon/seviper/anim_front.png.4bpp build/assets/graphics/pokemon/seviper/anim_front.png.4bpp.smol
tools/compresSmol/compresSmol -w build/assets/graphics/pokemon/seviper/anim_front_gba.png.4bpp build/assets/graphics/pokemon/seviper/anim_front_gba.png.4bpp.smol
tools/compresSmol/compresSmol -w build/assets/graphics/pokemon/seviper/back.png.4bpp build/assets/graphics/pokemon/seviper/back.png.4bpp.smol
tools/compresSmol/compresSmol -w build/assets/graphics/pokemon/seviper/back_gba.png.4bpp build/assets/graphics/pokemon/seviper/back_gba.png.4bpp.smol
tools/compresSmol/compresSmol -w build/assets/graphics/pokemon/seviper/overworld.png_mwidth_4__mheight_4.4bpp build/assets/graphics/pokemon/seviper/overworld.png_mwidth_4__mheight_4.4bpp.smol
tools/compresSmol/compresSmol -w build/assets/graphics/pokemon/sewaddle/anim_front.png.4bpp build/assets/graphics/pokemon/sewaddle/anim_front.png.4bpp.smol
tools/compresSmol/compresSmol -w build/assets/graphics/pokemon/sewaddle/back.png.4bpp build/assets/graphics/pokemon/sewaddle/back.png.4bpp.smol
tools/compresSmol/compresSmol -w build/assets/graphics/pokemon/sewaddle/overworld.png_mwidth_4__mheight_4.4bpp build/assets/graphics/pokemon/sewaddle/overworld.png_mwidth_4__mheight_4.4bpp.smol
tools/compresSmol/compresSmol -w build/assets/graphics/pokemon/sharpedo/anim_front.png.4bpp build/assets/graphics/pokemon/sharpedo/anim_front.png.4bpp.smol
tools/compresSmol/compresSmol -w build/assets/graphics/pokemon/sharpedo/anim_front_gba.png.4bpp build/assets/graphics/pokemon/sharpedo/anim_front_gba.png.4bpp.smol
tools/compresSmol/compresSmol -w build/assets/graphics/pokemon/sharpedo/back.png.4bpp build/assets/graphics/pokemon/sharpedo/back.png.4bpp.smol
tools/compresSmol/compresSmol -w build/assets/graphics/pokemon/sharpedo/back_gba.png.4bpp build/assets/graphics/pokemon/sharpedo/back_gba.png.4bpp.smol
tools/compresSmol/compresSmol -w build/assets/graphics/pokemon/sharpedo/mega/back.png.4bpp build/assets/graphics/pokemon/sharpedo/mega/back.png.4bpp.smol
tools/compresSmol/compresSmol -w build/assets/graphics/pokemon/sharpedo/mega/front.png.4bpp build/assets/graphics/pokemon/sharpedo/mega/front.png.4bpp.smol
tools/compresSmol/compresSmol -w build/assets/graphics/pokemon/sharpedo/mega/overworld.png_mwidth_4__mheight_4.4bpp build/assets/graphics/pokemon/sharpedo/mega/overworld.png_mwidth_4__mheight_4.4bpp.smol
tools/compresSmol/compresSmol -w build/assets/graphics/pokemon/sharpedo/overworld.png_mwidth_4__mheight_4.4bpp build/assets/graphics/pokemon/sharpedo/overworld.png_mwidth_4__mheight_4.4bpp.smol
tools/compresSmol/compresSmol -w build/assets/graphics/pokemon/shaymin/anim_front.png.4bpp build/assets/graphics/pokemon/shaymin/anim_front.png.4bpp.smol
tools/compresSmol/compresSmol -w build/assets/graphics/pokemon/shaymin/back.png.4bpp build/assets/graphics/pokemon/shaymin/back.png.4bpp.smol
tools/compresSmol/compresSmol -w build/assets/graphics/pokemon/shaymin/overworld.png_mwidth_4__mheight_4.4bpp build/assets/graphics/pokemon/shaymin/overworld.png_mwidth_4__mheight_4.4bpp.smol
tools/compresSmol/compresSmol -w build/assets/graphics/pokemon/shaymin/sky/anim_front.png.4bpp build/assets/graphics/pokemon/shaymin/sky/anim_front.png.4bpp.smol
tools/compresSmol/compresSmol -w build/assets/graphics/pokemon/shaymin/sky/back.png.4bpp build/assets/graphics/pokemon/shaymin/sky/back.png.4bpp.smol
tools/compresSmol/compresSmol -w build/assets/graphics/pokemon/shaymin/sky/overworld.png_mwidth_4__mheight_4.4bpp build/assets/graphics/pokemon/shaymin/sky/overworld.png_mwidth_4__mheight_4.4bpp.smol
tools/compresSmol/compresSmol -w build/assets/graphics/pokemon/shedinja/anim_front.png.4bpp build/assets/graphics/pokemon/shedinja/anim_front.png.4bpp.smol
tools/compresSmol/compresSmol -w build/assets/graphics/pokemon/shedinja/anim_front_gba.png.4bpp build/assets/graphics/pokemon/shedinja/anim_front_gba.png.4bpp.smol
tools/compresSmol/compresSmol -w build/assets/graphics/pokemon/shedinja/back.png.4bpp build/assets/graphics/pokemon/shedinja/back.png.4bpp.smol
tools/compresSmol/compresSmol -w build/assets/graphics/pokemon/shedinja/back_gba.png.4bpp build/assets/graphics/pokemon/shedinja/back_gba.png.4bpp.smol
tools/compresSmol/compresSmol -w build/assets/graphics/pokemon/shedinja/overworld.png_mwidth_4__mheight_4.4bpp build/assets/graphics/pokemon/shedinja/overworld.png_mwidth_4__mheight_4.4bpp.smol
tools/compresSmol/compresSmol -w build/assets/graphics/pokemon/shelgon/anim_front.png.4bpp build/assets/graphics/pokemon/shelgon/anim_front.png.4bpp.smol
tools/compresSmol/compresSmol -w build/assets/graphics/pokemon/shelgon/anim_front_gba.png.4bpp build/assets/graphics/pokemon/shelgon/anim_front_gba.png.4bpp.smol
tools/compresSmol/compresSmol -w build/assets/graphics/pokemon/shelgon/back.png.4bpp build/assets/graphics/pokemon/shelgon/back.png.4bpp.smol
tools/compresSmol/compresSmol -w build/assets/graphics/pokemon/shelgon/back_gba.png.4bpp build/assets/graphics/pokemon/shelgon/back_gba.png.4bpp.smol
tools/compresSmol/compresSmol -w build/assets/graphics/pokemon/shelgon/overworld.png_mwidth_4__mheight_4.4bpp build/assets/graphics/pokemon/shelgon/overworld.png_mwidth_4__mheight_4.4bpp.smol
tools/compresSmol/compresSmol -w build/assets/graphics/pokemon/shellder/anim_front.png.4bpp build/assets/graphics/pokemon/shellder/anim_front.png.4bpp.smol
tools/compresSmol/compresSmol -w build/assets/graphics/pokemon/shellder/anim_front_gba.png.4bpp build/assets/graphics/pokemon/shellder/anim_front_gba.png.4bpp.smol
tools/compresSmol/compresSmol -w build/assets/graphics/pokemon/shellder/back.png.4bpp build/assets/graphics/pokemon/shellder/back.png.4bpp.smol
tools/compresSmol/compresSmol -w build/assets/graphics/pokemon/shellder/back_gba.png.4bpp build/assets/graphics/pokemon/shellder/back_gba.png.4bpp.smol
tools/compresSmol/compresSmol -w build/assets/graphics/pokemon/shellder/overworld.png_mwidth_4__mheight_4.4bpp build/assets/graphics/pokemon/shellder/overworld.png_mwidth_4__mheight_4.4bpp.smol
tools/compresSmol/compresSmol -w build/assets/graphics/pokemon/shellos/anim_front.png.4bpp build/assets/graphics/pokemon/shellos/anim_front.png.4bpp.smol
tools/compresSmol/compresSmol -w build/assets/graphics/pokemon/shellos/back.png.4bpp build/assets/graphics/pokemon/shellos/back.png.4bpp.smol
tools/compresSmol/compresSmol -w build/assets/graphics/pokemon/shellos/east/anim_front.png.4bpp build/assets/graphics/pokemon/shellos/east/anim_front.png.4bpp.smol
tools/compresSmol/compresSmol -w build/assets/graphics/pokemon/shellos/east/back.png.4bpp build/assets/graphics/pokemon/shellos/east/back.png.4bpp.smol
tools/compresSmol/compresSmol -w build/assets/graphics/pokemon/shellos/east/overworld.png_mwidth_4__mheight_4.4bpp build/assets/graphics/pokemon/shellos/east/overworld.png_mwidth_4__mheight_4.4bpp.smol
tools/compresSmol/compresSmol -w build/assets/graphics/pokemon/shellos/overworld.png_mwidth_4__mheight_4.4bpp build/assets/graphics/pokemon/shellos/overworld.png_mwidth_4__mheight_4.4bpp.smol
tools/compresSmol/compresSmol -w build/assets/graphics/pokemon/shelmet/anim_front.png.4bpp build/assets/graphics/pokemon/shelmet/anim_front.png.4bpp.smol
tools/compresSmol/compresSmol -w build/assets/graphics/pokemon/shelmet/back.png.4bpp build/assets/graphics/pokemon/shelmet/back.png.4bpp.smol
tools/compresSmol/compresSmol -w build/assets/graphics/pokemon/shelmet/overworld.png_mwidth_4__mheight_4.4bpp build/assets/graphics/pokemon/shelmet/overworld.png_mwidth_4__mheight_4.4bpp.smol
tools/compresSmol/compresSmol -w build/assets/graphics/pokemon/shieldon/anim_front.png.4bpp build/assets/graphics/pokemon/shieldon/anim_front.png.4bpp.smol
tools/compresSmol/compresSmol -w build/assets/graphics/pokemon/shieldon/back.png.4bpp build/assets/graphics/pokemon/shieldon/back.png.4bpp.smol
tools/compresSmol/compresSmol -w build/assets/graphics/pokemon/shieldon/overworld.png_mwidth_4__mheight_4.4bpp build/assets/graphics/pokemon/shieldon/overworld.png_mwidth_4__mheight_4.4bpp.smol
tools/compresSmol/compresSmol -w build/assets/graphics/pokemon/shiftry/anim_front.png.4bpp build/assets/graphics/pokemon/shiftry/anim_front.png.4bpp.smol
tools/compresSmol/compresSmol -w build/assets/graphics/pokemon/shiftry/anim_front_gba.png.4bpp build/assets/graphics/pokemon/shiftry/anim_front_gba.png.4bpp.smol
tools/compresSmol/compresSmol -w build/assets/graphics/pokemon/shiftry/anim_frontf.png.4bpp build/assets/graphics/pokemon/shiftry/anim_frontf.png.4bpp.smol
tools/compresSmol/compresSmol -w build/assets/graphics/pokemon/shiftry/back.png.4bpp build/assets/graphics/pokemon/shiftry/back.png.4bpp.smol
tools/compresSmol/compresSmol -w build/assets/graphics/pokemon/shiftry/back_gba.png.4bpp build/assets/graphics/pokemon/shiftry/back_gba.png.4bpp.smol
tools/compresSmol/compresSmol -w build/assets/graphics/pokemon/shiftry/backf.png.4bpp build/assets/graphics/pokemon/shiftry/backf.png.4bpp.smol
tools/compresSmol/compresSmol -w build/assets/graphics/pokemon/shiftry/overworld.png_mwidth_4__mheight_4.4bpp build/assets/graphics/pokemon/shiftry/overworld.png_mwidth_4__mheight_4.4bpp.smol
tools/compresSmol/compresSmol -w build/assets/graphics/pokemon/shiftry/overworldf.png_mwidth_4__mheight_4.4bpp build/assets/graphics/pokemon/shiftry/overworldf.png_mwidth_4__mheight_4.4bpp.smol
tools/compresSmol/compresSmol -w build/assets/graphics/pokemon/shiinotic/anim_front.png.4bpp build/assets/graphics/pokemon/shiinotic/anim_front.png.4bpp.smol
tools/compresSmol/compresSmol -w build/assets/graphics/pokemon/shiinotic/back.png.4bpp build/assets/graphics/pokemon/shiinotic/back.png.4bpp.smol
tools/compresSmol/compresSmol -w build/assets/graphics/pokemon/shiinotic/overworld.png_mwidth_4__mheight_4.4bpp build/assets/graphics/pokemon/shiinotic/overworld.png_mwidth_4__mheight_4.4bpp.smol
tools/compresSmol/compresSmol -w build/assets/graphics/pokemon/shinx/anim_front.png.4bpp build/assets/graphics/pokemon/shinx/anim_front.png.4bpp.smol
tools/compresSmol/compresSmol -w build/assets/graphics/pokemon/shinx/anim_frontf.png.4bpp build/assets/graphics/pokemon/shinx/anim_frontf.png.4bpp.smol
tools/compresSmol/compresSmol -w build/assets/graphics/pokemon/shinx/back.png.4bpp build/assets/graphics/pokemon/shinx/back.png.4bpp.smol
tools/compresSmol/compresSmol -w build/assets/graphics/pokemon/shinx/backf.png.4bpp build/assets/graphics/pokemon/shinx/backf.png.4bpp.smol
tools/compresSmol/compresSmol -w build/assets/graphics/pokemon/shinx/overworld.png_mwidth_4__mheight_4.4bpp build/assets/graphics/pokemon/shinx/overworld.png_mwidth_4__mheight_4.4bpp.smol
tools/compresSmol/compresSmol -w build/assets/graphics/pokemon/shinx/overworldf.png_mwidth_4__mheight_4.4bpp build/assets/graphics/pokemon/shinx/overworldf.png_mwidth_4__mheight_4.4bpp.smol
tools/compresSmol/compresSmol -w build/assets/graphics/pokemon/shroodle/back.png.4bpp build/assets/graphics/pokemon/shroodle/back.png.4bpp.smol
tools/compresSmol/compresSmol -w build/assets/graphics/pokemon/shroodle/front.png.4bpp build/assets/graphics/pokemon/shroodle/front.png.4bpp.smol
tools/compresSmol/compresSmol -w build/assets/graphics/pokemon/shroodle/overworld.png_mwidth_4__mheight_4.4bpp build/assets/graphics/pokemon/shroodle/overworld.png_mwidth_4__mheight_4.4bpp.smol
tools/compresSmol/compresSmol -w build/assets/graphics/pokemon/shroomish/anim_front.png.4bpp build/assets/graphics/pokemon/shroomish/anim_front.png.4bpp.smol
tools/compresSmol/compresSmol -w build/assets/graphics/pokemon/shroomish/anim_front_gba.png.4bpp build/assets/graphics/pokemon/shroomish/anim_front_gba.png.4bpp.smol
tools/compresSmol/compresSmol -w build/assets/graphics/pokemon/shroomish/back.png.4bpp build/assets/graphics/pokemon/shroomish/back.png.4bpp.smol
tools/compresSmol/compresSmol -w build/assets/graphics/pokemon/shroomish/back_gba.png.4bpp build/assets/graphics/pokemon/shroomish/back_gba.png.4bpp.smol
tools/compresSmol/compresSmol -w build/assets/graphics/pokemon/shroomish/overworld.png_mwidth_4__mheight_4.4bpp build/assets/graphics/pokemon/shroomish/overworld.png_mwidth_4__mheight_4.4bpp.smol
tools/compresSmol/compresSmol -w build/assets/graphics/pokemon/shuckle/anim_front.png.4bpp build/assets/graphics/pokemon/shuckle/anim_front.png.4bpp.smol
tools/compresSmol/compresSmol -w build/assets/graphics/pokemon/shuckle/anim_front_gba.png.4bpp build/assets/graphics/pokemon/shuckle/anim_front_gba.png.4bpp.smol
tools/compresSmol/compresSmol -w build/assets/graphics/pokemon/shuckle/back.png.4bpp build/assets/graphics/pokemon/shuckle/back.png.4bpp.smol
tools/compresSmol/compresSmol -w build/assets/graphics/pokemon/shuckle/back_gba.png.4bpp build/assets/graphics/pokemon/shuckle/back_gba.png.4bpp.smol
tools/compresSmol/compresSmol -w build/assets/graphics/pokemon/shuckle/overworld.png_mwidth_4__mheight_4.4bpp build/assets/graphics/pokemon/shuckle/overworld.png_mwidth_4__mheight_4.4bpp.smol
tools/compresSmol/compresSmol -w build/assets/graphics/pokemon/shuppet/anim_front.png.4bpp build/assets/graphics/pokemon/shuppet/anim_front.png.4bpp.smol
tools/compresSmol/compresSmol -w build/assets/graphics/pokemon/shuppet/anim_front_gba.png.4bpp build/assets/graphics/pokemon/shuppet/anim_front_gba.png.4bpp.smol
tools/compresSmol/compresSmol -w build/assets/graphics/pokemon/shuppet/back.png.4bpp build/assets/graphics/pokemon/shuppet/back.png.4bpp.smol
tools/compresSmol/compresSmol -w build/assets/graphics/pokemon/shuppet/back_gba.png.4bpp build/assets/graphics/pokemon/shuppet/back_gba.png.4bpp.smol
tools/compresSmol/compresSmol -w build/assets/graphics/pokemon/shuppet/overworld.png_mwidth_4__mheight_4.4bpp build/assets/graphics/pokemon/shuppet/overworld.png_mwidth_4__mheight_4.4bpp.smol
tools/compresSmol/compresSmol -w build/assets/graphics/pokemon/sigilyph/anim_front.png.4bpp build/assets/graphics/pokemon/sigilyph/anim_front.png.4bpp.smol
tools/compresSmol/compresSmol -w build/assets/graphics/pokemon/sigilyph/back.png.4bpp build/assets/graphics/pokemon/sigilyph/back.png.4bpp.smol
tools/compresSmol/compresSmol -w build/assets/graphics/pokemon/sigilyph/overworld.png_mwidth_4__mheight_4.4bpp build/assets/graphics/pokemon/sigilyph/overworld.png_mwidth_4__mheight_4.4bpp.smol
tools/compresSmol/compresSmol -w build/assets/graphics/pokemon/silcoon/anim_front.png.4bpp build/assets/graphics/pokemon/silcoon/anim_front.png.4bpp.smol
tools/compresSmol/compresSmol -w build/assets/graphics/pokemon/silcoon/anim_front_gba.png.4bpp build/assets/graphics/pokemon/silcoon/anim_front_gba.png.4bpp.smol
tools/compresSmol/compresSmol -w build/assets/graphics/pokemon/silcoon/back.png.4bpp build/assets/graphics/pokemon/silcoon/back.png.4bpp.smol
tools/compresSmol/compresSmol -w build/assets/graphics/pokemon/silcoon/back_gba.png.4bpp build/assets/graphics/pokemon/silcoon/back_gba.png.4bpp.smol
tools/compresSmol/compresSmol -w build/assets/graphics/pokemon/silcoon/overworld.png_mwidth_4__mheight_4.4bpp build/assets/graphics/pokemon/silcoon/overworld.png_mwidth_4__mheight_4.4bpp.smol
tools/compresSmol/compresSmol -w build/assets/graphics/pokemon/silicobra/back.png.4bpp build/assets/graphics/pokemon/silicobra/back.png.4bpp.smol
tools/compresSmol/compresSmol -w build/assets/graphics/pokemon/silicobra/front.png.4bpp build/assets/graphics/pokemon/silicobra/front.png.4bpp.smol
tools/compresSmol/compresSmol -w build/assets/graphics/pokemon/silicobra/overworld.png_mwidth_4__mheight_4.4bpp build/assets/graphics/pokemon/silicobra/overworld.png_mwidth_4__mheight_4.4bpp.smol
tools/compresSmol/compresSmol -w build/assets/graphics/pokemon/silvally/anim_front.png.4bpp build/assets/graphics/pokemon/silvally/anim_front.png.4bpp.smol
tools/compresSmol/compresSmol -w build/assets/graphics/pokemon/silvally/back.png.4bpp build/assets/graphics/pokemon/silvally/back.png.4bpp.smol
tools/compresSmol/compresSmol -w build/assets/graphics/pokemon/silvally/overworld.png_mwidth_4__mheight_4.4bpp build/assets/graphics/pokemon/silvally/overworld.png_mwidth_4__mheight_4.4bpp.smol
tools/compresSmol/compresSmol -w build/assets/graphics/pokemon/simipour/anim_front.png.4bpp build/assets/graphics/pokemon/simipour/anim_front.png.4bpp.smol
tools/compresSmol/compresSmol -w build/assets/graphics/pokemon/simipour/back.png.4bpp build/assets/graphics/pokemon/simipour/back.png.4bpp.smol
tools/compresSmol/compresSmol -w build/assets/graphics/pokemon/simipour/overworld.png_mwidth_4__mheight_4.4bpp build/assets/graphics/pokemon/simipour/overworld.png_mwidth_4__mheight_4.4bpp.smol
tools/compresSmol/compresSmol -w build/assets/graphics/pokemon/simisage/anim_front.png.4bpp build/assets/graphics/pokemon/simisage/anim_front.png.4bpp.smol
tools/compresSmol/compresSmol -w build/assets/graphics/pokemon/simisage/back.png.4bpp build/assets/graphics/pokemon/simisage/back.png.4bpp.smol
tools/compresSmol/compresSmol -w build/assets/graphics/pokemon/simisage/overworld.png_mwidth_4__mheight_4.4bpp build/assets/graphics/pokemon/simisage/overworld.png_mwidth_4__mheight_4.4bpp.smol
tools/compresSmol/compresSmol -w build/assets/graphics/pokemon/simisear/anim_front.png.4bpp build/assets/graphics/pokemon/simisear/anim_front.png.4bpp.smol
tools/compresSmol/compresSmol -w build/assets/graphics/pokemon/simisear/back.png.4bpp build/assets/graphics/pokemon/simisear/back.png.4bpp.smol
tools/compresSmol/compresSmol -w build/assets/graphics/pokemon/simisear/overworld.png_mwidth_4__mheight_4.4bpp build/assets/graphics/pokemon/simisear/overworld.png_mwidth_4__mheight_4.4bpp.smol
tools/compresSmol/compresSmol -w build/assets/graphics/pokemon/sinistcha/back.png.4bpp build/assets/graphics/pokemon/sinistcha/back.png.4bpp.smol
tools/compresSmol/compresSmol -w build/assets/graphics/pokemon/sinistcha/front.png.4bpp build/assets/graphics/pokemon/sinistcha/front.png.4bpp.smol
tools/compresSmol/compresSmol -w build/assets/graphics/pokemon/sinistcha/overworld.png_mwidth_4__mheight_4.4bpp build/assets/graphics/pokemon/sinistcha/overworld.png_mwidth_4__mheight_4.4bpp.smol
tools/compresSmol/compresSmol -w build/assets/graphics/pokemon/sinistea/back.png.4bpp build/assets/graphics/pokemon/sinistea/back.png.4bpp.smol
tools/compresSmol/compresSmol -w build/assets/graphics/pokemon/sinistea/front.png.4bpp build/assets/graphics/pokemon/sinistea/front.png.4bpp.smol
tools/compresSmol/compresSmol -w build/assets/graphics/pokemon/sinistea/overworld.png_mwidth_4__mheight_4.4bpp build/assets/graphics/pokemon/sinistea/overworld.png_mwidth_4__mheight_4.4bpp.smol
tools/compresSmol/compresSmol -w build/assets/graphics/pokemon/sirfetchd/back.png.4bpp build/assets/graphics/pokemon/sirfetchd/back.png.4bpp.smol
tools/compresSmol/compresSmol -w build/assets/graphics/pokemon/sirfetchd/front.png.4bpp build/assets/graphics/pokemon/sirfetchd/front.png.4bpp.smol
tools/compresSmol/compresSmol -w build/assets/graphics/pokemon/sirfetchd/overworld.png_mwidth_4__mheight_4.4bpp build/assets/graphics/pokemon/sirfetchd/overworld.png_mwidth_4__mheight_4.4bpp.smol
tools/compresSmol/compresSmol -w build/assets/graphics/pokemon/sizzlipede/anim_front.png.4bpp build/assets/graphics/pokemon/sizzlipede/anim_front.png.4bpp.smol
tools/compresSmol/compresSmol -w build/assets/graphics/pokemon/sizzlipede/back.png.4bpp build/assets/graphics/pokemon/sizzlipede/back.png.4bpp.smol
tools/compresSmol/compresSmol -w build/assets/graphics/pokemon/sizzlipede/overworld.png_mwidth_4__mheight_4.4bpp build/assets/graphics/pokemon/sizzlipede/overworld.png_mwidth_4__mheight_4.4bpp.smol
tools/compresSmol/compresSmol -w build/assets/graphics/pokemon/skarmory/anim_front.png.4bpp build/assets/graphics/pokemon/skarmory/anim_front.png.4bpp.smol
tools/compresSmol/compresSmol -w build/assets/graphics/pokemon/skarmory/anim_front_gba.png.4bpp build/assets/graphics/pokemon/skarmory/anim_front_gba.png.4bpp.smol
tools/compresSmol/compresSmol -w build/assets/graphics/pokemon/skarmory/back.png.4bpp build/assets/graphics/pokemon/skarmory/back.png.4bpp.smol
tools/compresSmol/compresSmol -w build/assets/graphics/pokemon/skarmory/back_gba.png.4bpp build/assets/graphics/pokemon/skarmory/back_gba.png.4bpp.smol
tools/compresSmol/compresSmol -w build/assets/graphics/pokemon/skarmory/mega/back.png.4bpp build/assets/graphics/pokemon/skarmory/mega/back.png.4bpp.smol
tools/compresSmol/compresSmol -w build/assets/graphics/pokemon/skarmory/mega/front.png.4bpp build/assets/graphics/pokemon/skarmory/mega/front.png.4bpp.smol
tools/compresSmol/compresSmol -w build/assets/graphics/pokemon/skarmory/overworld.png_mwidth_4__mheight_4.4bpp build/assets/graphics/pokemon/skarmory/overworld.png_mwidth_4__mheight_4.4bpp.smol
tools/compresSmol/compresSmol -w build/assets/graphics/pokemon/skeledirge/back.png.4bpp build/assets/graphics/pokemon/skeledirge/back.png.4bpp.smol
tools/compresSmol/compresSmol -w build/assets/graphics/pokemon/skeledirge/front.png.4bpp build/assets/graphics/pokemon/skeledirge/front.png.4bpp.smol
tools/compresSmol/compresSmol -w build/assets/graphics/pokemon/skeledirge/overworld.png_mwidth_4__mheight_4.4bpp build/assets/graphics/pokemon/skeledirge/overworld.png_mwidth_4__mheight_4.4bpp.smol
tools/compresSmol/compresSmol -w build/assets/graphics/pokemon/skiddo/anim_front.png.4bpp build/assets/graphics/pokemon/skiddo/anim_front.png.4bpp.smol
tools/compresSmol/compresSmol -w build/assets/graphics/pokemon/skiddo/back.png.4bpp build/assets/graphics/pokemon/skiddo/back.png.4bpp.smol
tools/compresSmol/compresSmol -w build/assets/graphics/pokemon/skiddo/overworld.png_mwidth_4__mheight_4.4bpp build/assets/graphics/pokemon/skiddo/overworld.png_mwidth_4__mheight_4.4bpp.smol
tools/compresSmol/compresSmol -w build/assets/graphics/pokemon/skiploom/anim_front.png.4bpp build/assets/graphics/pokemon/skiploom/anim_front.png.4bpp.smol
tools/compresSmol/compresSmol -w build/assets/graphics/pokemon/skiploom/anim_front_gba.png.4bpp build/assets/graphics/pokemon/skiploom/anim_front_gba.png.4bpp.smol
tools/compresSmol/compresSmol -w build/assets/graphics/pokemon/skiploom/back.png.4bpp build/assets/graphics/pokemon/skiploom/back.png.4bpp.smol
tools/compresSmol/compresSmol -w build/assets/graphics/pokemon/skiploom/back_gba.png.4bpp build/assets/graphics/pokemon/skiploom/back_gba.png.4bpp.smol
tools/compresSmol/compresSmol -w build/assets/graphics/pokemon/skiploom/overworld.png_mwidth_4__mheight_4.4bpp build/assets/graphics/pokemon/skiploom/overworld.png_mwidth_4__mheight_4.4bpp.smol
tools/compresSmol/compresSmol -w build/assets/graphics/pokemon/skitty/anim_front.png.4bpp build/assets/graphics/pokemon/skitty/anim_front.png.4bpp.smol
tools/compresSmol/compresSmol -w build/assets/graphics/pokemon/skitty/anim_front_gba.png.4bpp build/assets/graphics/pokemon/skitty/anim_front_gba.png.4bpp.smol
tools/compresSmol/compresSmol -w build/assets/graphics/pokemon/skitty/back.png.4bpp build/assets/graphics/pokemon/skitty/back.png.4bpp.smol
tools/compresSmol/compresSmol -w build/assets/graphics/pokemon/skitty/back_gba.png.4bpp build/assets/graphics/pokemon/skitty/back_gba.png.4bpp.smol
tools/compresSmol/compresSmol -w build/assets/graphics/pokemon/skitty/overworld.png_mwidth_4__mheight_4.4bpp build/assets/graphics/pokemon/skitty/overworld.png_mwidth_4__mheight_4.4bpp.smol
tools/compresSmol/compresSmol -w build/assets/graphics/pokemon/skorupi/anim_front.png.4bpp build/assets/graphics/pokemon/skorupi/anim_front.png.4bpp.smol
tools/compresSmol/compresSmol -w build/assets/graphics/pokemon/skorupi/back.png.4bpp build/assets/graphics/pokemon/skorupi/back.png.4bpp.smol
tools/compresSmol/compresSmol -w build/assets/graphics/pokemon/skorupi/overworld.png_mwidth_4__mheight_4.4bpp build/assets/graphics/pokemon/skorupi/overworld.png_mwidth_4__mheight_4.4bpp.smol
tools/compresSmol/compresSmol -w build/assets/graphics/pokemon/skrelp/anim_front.png.4bpp build/assets/graphics/pokemon/skrelp/anim_front.png.4bpp.smol
tools/compresSmol/compresSmol -w build/assets/graphics/pokemon/skrelp/back.png.4bpp build/assets/graphics/pokemon/skrelp/back.png.4bpp.smol
tools/compresSmol/compresSmol -w build/assets/graphics/pokemon/skrelp/overworld.png_mwidth_4__mheight_4.4bpp build/assets/graphics/pokemon/skrelp/overworld.png_mwidth_4__mheight_4.4bpp.smol
tools/compresSmol/compresSmol -w build/assets/graphics/pokemon/skuntank/anim_front.png.4bpp build/assets/graphics/pokemon/skuntank/anim_front.png.4bpp.smol
tools/compresSmol/compresSmol -w build/assets/graphics/pokemon/skuntank/back.png.4bpp build/assets/graphics/pokemon/skuntank/back.png.4bpp.smol
tools/compresSmol/compresSmol -w build/assets/graphics/pokemon/skuntank/overworld.png_mwidth_4__mheight_4.4bpp build/assets/graphics/pokemon/skuntank/overworld.png_mwidth_4__mheight_4.4bpp.smol
tools/compresSmol/compresSmol -w build/assets/graphics/pokemon/skwovet/back.png.4bpp build/assets/graphics/pokemon/skwovet/back.png.4bpp.smol
tools/compresSmol/compresSmol -w build/assets/graphics/pokemon/skwovet/front.png.4bpp build/assets/graphics/pokemon/skwovet/front.png.4bpp.smol
tools/compresSmol/compresSmol -w build/assets/graphics/pokemon/skwovet/overworld.png_mwidth_4__mheight_4.4bpp build/assets/graphics/pokemon/skwovet/overworld.png_mwidth_4__mheight_4.4bpp.smol
tools/compresSmol/compresSmol -w build/assets/graphics/pokemon/slaking/anim_front.png.4bpp build/assets/graphics/pokemon/slaking/anim_front.png.4bpp.smol
tools/compresSmol/compresSmol -w build/assets/graphics/pokemon/slaking/anim_front_gba.png.4bpp build/assets/graphics/pokemon/slaking/anim_front_gba.png.4bpp.smol
tools/compresSmol/compresSmol -w build/assets/graphics/pokemon/slaking/back.png.4bpp build/assets/graphics/pokemon/slaking/back.png.4bpp.smol
tools/compresSmol/compresSmol -w build/assets/graphics/pokemon/slaking/back_gba.png.4bpp build/assets/graphics/pokemon/slaking/back_gba.png.4bpp.smol
tools/compresSmol/compresSmol -w build/assets/graphics/pokemon/slaking/overworld.png_mwidth_4__mheight_4.4bpp build/assets/graphics/pokemon/slaking/overworld.png_mwidth_4__mheight_4.4bpp.smol
tools/compresSmol/compresSmol -w build/assets/graphics/pokemon/slakoth/anim_front.png.4bpp build/assets/graphics/pokemon/slakoth/anim_front.png.4bpp.smol
tools/compresSmol/compresSmol -w build/assets/graphics/pokemon/slakoth/anim_front_gba.png.4bpp build/assets/graphics/pokemon/slakoth/anim_front_gba.png.4bpp.smol
tools/compresSmol/compresSmol -w build/assets/graphics/pokemon/slakoth/back.png.4bpp build/assets/graphics/pokemon/slakoth/back.png.4bpp.smol
tools/compresSmol/compresSmol -w build/assets/graphics/pokemon/slakoth/back_gba.png.4bpp build/assets/graphics/pokemon/slakoth/back_gba.png.4bpp.smol
tools/compresSmol/compresSmol -w build/assets/graphics/pokemon/slakoth/overworld.png_mwidth_4__mheight_4.4bpp build/assets/graphics/pokemon/slakoth/overworld.png_mwidth_4__mheight_4.4bpp.smol
tools/compresSmol/compresSmol -w build/assets/graphics/pokemon/sliggoo/anim_front.png.4bpp build/assets/graphics/pokemon/sliggoo/anim_front.png.4bpp.smol
tools/compresSmol/compresSmol -w build/assets/graphics/pokemon/sliggoo/back.png.4bpp build/assets/graphics/pokemon/sliggoo/back.png.4bpp.smol
tools/compresSmol/compresSmol -w build/assets/graphics/pokemon/sliggoo/hisui/back.png.4bpp build/assets/graphics/pokemon/sliggoo/hisui/back.png.4bpp.smol
tools/compresSmol/compresSmol -w build/assets/graphics/pokemon/sliggoo/hisui/front.png.4bpp build/assets/graphics/pokemon/sliggoo/hisui/front.png.4bpp.smol
tools/compresSmol/compresSmol -w build/assets/graphics/pokemon/sliggoo/hisui/overworld.png_mwidth_4__mheight_4.4bpp build/assets/graphics/pokemon/sliggoo/hisui/overworld.png_mwidth_4__mheight_4.4bpp.smol
tools/compresSmol/compresSmol -w build/assets/graphics/pokemon/sliggoo/overworld.png_mwidth_4__mheight_4.4bpp build/assets/graphics/pokemon/sliggoo/overworld.png_mwidth_4__mheight_4.4bpp.smol
tools/compresSmol/compresSmol -w build/assets/graphics/pokemon/slither_wing/back.png.4bpp build/assets/graphics/pokemon/slither_wing/back.png.4bpp.smol
tools/compresSmol/compresSmol -w build/assets/graphics/pokemon/slither_wing/front.png.4bpp build/assets/graphics/pokemon/slither_wing/front.png.4bpp.smol
tools/compresSmol/compresSmol -w build/assets/graphics/pokemon/slither_wing/overworld.png_mwidth_4__mheight_4.4bpp build/assets/graphics/pokemon/slither_wing/overworld.png_mwidth_4__mheight_4.4bpp.smol
tools/compresSmol/compresSmol -w build/assets/graphics/pokemon/slowbro/anim_front.png.4bpp build/assets/graphics/pokemon/slowbro/anim_front.png.4bpp.smol
tools/compresSmol/compresSmol -w build/assets/graphics/pokemon/slowbro/anim_front_gba.png.4bpp build/assets/graphics/pokemon/slowbro/anim_front_gba.png.4bpp.smol
tools/compresSmol/compresSmol -w build/assets/graphics/pokemon/slowbro/back.png.4bpp build/assets/graphics/pokemon/slowbro/back.png.4bpp.smol
tools/compresSmol/compresSmol -w build/assets/graphics/pokemon/slowbro/back_gba.png.4bpp build/assets/graphics/pokemon/slowbro/back_gba.png.4bpp.smol
tools/compresSmol/compresSmol -w build/assets/graphics/pokemon/slowbro/galar/back.png.4bpp build/assets/graphics/pokemon/slowbro/galar/back.png.4bpp.smol
tools/compresSmol/compresSmol -w build/assets/graphics/pokemon/slowbro/galar/front.png.4bpp build/assets/graphics/pokemon/slowbro/galar/front.png.4bpp.smol
tools/compresSmol/compresSmol -w build/assets/graphics/pokemon/slowbro/galar/overworld.png_mwidth_4__mheight_4.4bpp build/assets/graphics/pokemon/slowbro/galar/overworld.png_mwidth_4__mheight_4.4bpp.smol
tools/compresSmol/compresSmol -w build/assets/graphics/pokemon/slowbro/mega/anim_front.png.4bpp build/assets/graphics/pokemon/slowbro/mega/anim_front.png.4bpp.smol
tools/compresSmol/compresSmol -w build/assets/graphics/pokemon/slowbro/mega/back.png.4bpp build/assets/graphics/pokemon/slowbro/mega/back.png.4bpp.smol
tools/compresSmol/compresSmol -w build/assets/graphics/pokemon/slowbro/mega/overworld.png_mwidth_4__mheight_4.4bpp build/assets/graphics/pokemon/slowbro/mega/overworld.png_mwidth_4__mheight_4.4bpp.smol
tools/compresSmol/compresSmol -w build/assets/graphics/pokemon/slowbro/overworld.png_mwidth_4__mheight_4.4bpp build/assets/graphics/pokemon/slowbro/overworld.png_mwidth_4__mheight_4.4bpp.smol
tools/compresSmol/compresSmol -w build/assets/graphics/pokemon/slowking/anim_front.png.4bpp build/assets/graphics/pokemon/slowking/anim_front.png.4bpp.smol
tools/compresSmol/compresSmol -w build/assets/graphics/pokemon/slowking/anim_front_gba.png.4bpp build/assets/graphics/pokemon/slowking/anim_front_gba.png.4bpp.smol
tools/compresSmol/compresSmol -w build/assets/graphics/pokemon/slowking/back.png.4bpp build/assets/graphics/pokemon/slowking/back.png.4bpp.smol
tools/compresSmol/compresSmol -w build/assets/graphics/pokemon/slowking/back_gba.png.4bpp build/assets/graphics/pokemon/slowking/back_gba.png.4bpp.smol
tools/compresSmol/compresSmol -w build/assets/graphics/pokemon/slowking/galar/back.png.4bpp build/assets/graphics/pokemon/slowking/galar/back.png.4bpp.smol
tools/compresSmol/compresSmol -w build/assets/graphics/pokemon/slowking/galar/front.png.4bpp build/assets/graphics/pokemon/slowking/galar/front.png.4bpp.smol
tools/compresSmol/compresSmol -w build/assets/graphics/pokemon/slowking/galar/overworld.png_mwidth_4__mheight_4.4bpp build/assets/graphics/pokemon/slowking/galar/overworld.png_mwidth_4__mheight_4.4bpp.smol
tools/compresSmol/compresSmol -w build/assets/graphics/pokemon/slowking/overworld.png_mwidth_4__mheight_4.4bpp build/assets/graphics/pokemon/slowking/overworld.png_mwidth_4__mheight_4.4bpp.smol
tools/compresSmol/compresSmol -w build/assets/graphics/pokemon/slowpoke/anim_front.png.4bpp build/assets/graphics/pokemon/slowpoke/anim_front.png.4bpp.smol
tools/compresSmol/compresSmol -w build/assets/graphics/pokemon/slowpoke/anim_front_gba.png.4bpp build/assets/graphics/pokemon/slowpoke/anim_front_gba.png.4bpp.smol
tools/compresSmol/compresSmol -w build/assets/graphics/pokemon/slowpoke/back.png.4bpp build/assets/graphics/pokemon/slowpoke/back.png.4bpp.smol
tools/compresSmol/compresSmol -w build/assets/graphics/pokemon/slowpoke/back_gba.png.4bpp build/assets/graphics/pokemon/slowpoke/back_gba.png.4bpp.smol
tools/compresSmol/compresSmol -w build/assets/graphics/pokemon/slowpoke/galar/back.png.4bpp build/assets/graphics/pokemon/slowpoke/galar/back.png.4bpp.smol
tools/compresSmol/compresSmol -w build/assets/graphics/pokemon/slowpoke/galar/front.png.4bpp build/assets/graphics/pokemon/slowpoke/galar/front.png.4bpp.smol
tools/compresSmol/compresSmol -w build/assets/graphics/pokemon/slowpoke/galar/overworld.png_mwidth_4__mheight_4.4bpp build/assets/graphics/pokemon/slowpoke/galar/overworld.png_mwidth_4__mheight_4.4bpp.smol
tools/compresSmol/compresSmol -w build/assets/graphics/pokemon/slowpoke/overworld.png_mwidth_4__mheight_4.4bpp build/assets/graphics/pokemon/slowpoke/overworld.png_mwidth_4__mheight_4.4bpp.smol
tools/compresSmol/compresSmol -w build/assets/graphics/pokemon/slugma/anim_front.png.4bpp build/assets/graphics/pokemon/slugma/anim_front.png.4bpp.smol
tools/compresSmol/compresSmol -w build/assets/graphics/pokemon/slugma/anim_front_gba.png.4bpp build/assets/graphics/pokemon/slugma/anim_front_gba.png.4bpp.smol
tools/compresSmol/compresSmol -w build/assets/graphics/pokemon/slugma/back.png.4bpp build/assets/graphics/pokemon/slugma/back.png.4bpp.smol
tools/compresSmol/compresSmol -w build/assets/graphics/pokemon/slugma/back_gba.png.4bpp build/assets/graphics/pokemon/slugma/back_gba.png.4bpp.smol
tools/compresSmol/compresSmol -w build/assets/graphics/pokemon/slugma/overworld.png_mwidth_4__mheight_4.4bpp build/assets/graphics/pokemon/slugma/overworld.png_mwidth_4__mheight_4.4bpp.smol
tools/compresSmol/compresSmol -w build/assets/graphics/pokemon/slurpuff/anim_front.png.4bpp build/assets/graphics/pokemon/slurpuff/anim_front.png.4bpp.smol
tools/compresSmol/compresSmol -w build/assets/graphics/pokemon/slurpuff/back.png.4bpp build/assets/graphics/pokemon/slurpuff/back.png.4bpp.smol
tools/compresSmol/compresSmol -w build/assets/graphics/pokemon/slurpuff/overworld.png_mwidth_4__mheight_4.4bpp build/assets/graphics/pokemon/slurpuff/overworld.png_mwidth_4__mheight_4.4bpp.smol
tools/compresSmol/compresSmol -w build/assets/graphics/pokemon/smeargle/anim_front.png.4bpp build/assets/graphics/pokemon/smeargle/anim_front.png.4bpp.smol
tools/compresSmol/compresSmol -w build/assets/graphics/pokemon/smeargle/anim_front_gba.png.4bpp build/assets/graphics/pokemon/smeargle/anim_front_gba.png.4bpp.smol
tools/compresSmol/compresSmol -w build/assets/graphics/pokemon/smeargle/back.png.4bpp build/assets/graphics/pokemon/smeargle/back.png.4bpp.smol
tools/compresSmol/compresSmol -w build/assets/graphics/pokemon/smeargle/back_gba.png.4bpp build/assets/graphics/pokemon/smeargle/back_gba.png.4bpp.smol
tools/compresSmol/compresSmol -w build/assets/graphics/pokemon/smeargle/overworld.png_mwidth_4__mheight_4.4bpp build/assets/graphics/pokemon/smeargle/overworld.png_mwidth_4__mheight_4.4bpp.smol
tools/compresSmol/compresSmol -w build/assets/graphics/pokemon/smoliv/back.png.4bpp build/assets/graphics/pokemon/smoliv/back.png.4bpp.smol
tools/compresSmol/compresSmol -w build/assets/graphics/pokemon/smoliv/front.png.4bpp build/assets/graphics/pokemon/smoliv/front.png.4bpp.smol
tools/compresSmol/compresSmol -w build/assets/graphics/pokemon/smoliv/overworld.png_mwidth_4__mheight_4.4bpp build/assets/graphics/pokemon/smoliv/overworld.png_mwidth_4__mheight_4.4bpp.smol
tools/compresSmol/compresSmol -w build/assets/graphics/pokemon/smoochum/anim_front.png.4bpp build/assets/graphics/pokemon/smoochum/anim_front.png.4bpp.smol
tools/compresSmol/compresSmol -w build/assets/graphics/pokemon/smoochum/anim_front_gba.png.4bpp build/assets/graphics/pokemon/smoochum/anim_front_gba.png.4bpp.smol
tools/compresSmol/compresSmol -w build/assets/graphics/pokemon/smoochum/back.png.4bpp build/assets/graphics/pokemon/smoochum/back.png.4bpp.smol
tools/compresSmol/compresSmol -w build/assets/graphics/pokemon/smoochum/back_gba.png.4bpp build/assets/graphics/pokemon/smoochum/back_gba.png.4bpp.smol
tools/compresSmol/compresSmol -w build/assets/graphics/pokemon/smoochum/overworld.png_mwidth_4__mheight_4.4bpp build/assets/graphics/pokemon/smoochum/overworld.png_mwidth_4__mheight_4.4bpp.smol
tools/compresSmol/compresSmol -w build/assets/graphics/pokemon/sneasel/anim_front.png.4bpp build/assets/graphics/pokemon/sneasel/anim_front.png.4bpp.smol
tools/compresSmol/compresSmol -w build/assets/graphics/pokemon/sneasel/anim_front_gba.png.4bpp build/assets/graphics/pokemon/sneasel/anim_front_gba.png.4bpp.smol
tools/compresSmol/compresSmol -w build/assets/graphics/pokemon/sneasel/anim_frontf.png.4bpp build/assets/graphics/pokemon/sneasel/anim_frontf.png.4bpp.smol
tools/compresSmol/compresSmol -w build/assets/graphics/pokemon/sneasel/back.png.4bpp build/assets/graphics/pokemon/sneasel/back.png.4bpp.smol
tools/compresSmol/compresSmol -w build/assets/graphics/pokemon/sneasel/back_gba.png.4bpp build/assets/graphics/pokemon/sneasel/back_gba.png.4bpp.smol
tools/compresSmol/compresSmol -w build/assets/graphics/pokemon/sneasel/backf.png.4bpp build/assets/graphics/pokemon/sneasel/backf.png.4bpp.smol
tools/compresSmol/compresSmol -w build/assets/graphics/pokemon/sneasel/hisui/back.png.4bpp build/assets/graphics/pokemon/sneasel/hisui/back.png.4bpp.smol
tools/compresSmol/compresSmol -w build/assets/graphics/pokemon/sneasel/hisui/backf.png.4bpp build/assets/graphics/pokemon/sneasel/hisui/backf.png.4bpp.smol
tools/compresSmol/compresSmol -w build/assets/graphics/pokemon/sneasel/hisui/front.png.4bpp build/assets/graphics/pokemon/sneasel/hisui/front.png.4bpp.smol
tools/compresSmol/compresSmol -w build/assets/graphics/pokemon/sneasel/hisui/frontf.png.4bpp build/assets/graphics/pokemon/sneasel/hisui/frontf.png.4bpp.smol
tools/compresSmol/compresSmol -w build/assets/graphics/pokemon/sneasel/hisui/overworld.png_mwidth_4__mheight_4.4bpp build/assets/graphics/pokemon/sneasel/hisui/overworld.png_mwidth_4__mheight_4.4bpp.smol
tools/compresSmol/compresSmol -w build/assets/graphics/pokemon/sneasel/hisui/overworldf.png_mwidth_4__mheight_4.4bpp build/assets/graphics/pokemon/sneasel/hisui/overworldf.png_mwidth_4__mheight_4.4bpp.smol
tools/compresSmol/compresSmol -w build/assets/graphics/pokemon/sneasel/overworld.png_mwidth_4__mheight_4.4bpp build/assets/graphics/pokemon/sneasel/overworld.png_mwidth_4__mheight_4.4bpp.smol
tools/compresSmol/compresSmol -w build/assets/graphics/pokemon/sneasel/overworldf.png_mwidth_4__mheight_4.4bpp build/assets/graphics/pokemon/sneasel/overworldf.png_mwidth_4__mheight_4.4bpp.smol
tools/compresSmol/compresSmol -w build/assets/graphics/pokemon/sneasler/back.png.4bpp build/assets/graphics/pokemon/sneasler/back.png.4bpp.smol
tools/compresSmol/compresSmol -w build/assets/graphics/pokemon/sneasler/front.png.4bpp build/assets/graphics/pokemon/sneasler/front.png.4bpp.smol
tools/compresSmol/compresSmol -w build/assets/graphics/pokemon/sneasler/overworld.png_mwidth_4__mheight_4.4bpp build/assets/graphics/pokemon/sneasler/overworld.png_mwidth_4__mheight_4.4bpp.smol
tools/compresSmol/compresSmol -w build/assets/graphics/pokemon/snivy/anim_front.png.4bpp build/assets/graphics/pokemon/snivy/anim_front.png.4bpp.smol
tools/compresSmol/compresSmol -w build/assets/graphics/pokemon/snivy/back.png.4bpp build/assets/graphics/pokemon/snivy/back.png.4bpp.smol
tools/compresSmol/compresSmol -w build/assets/graphics/pokemon/snivy/overworld.png_mwidth_4__mheight_4.4bpp build/assets/graphics/pokemon/snivy/overworld.png_mwidth_4__mheight_4.4bpp.smol
tools/compresSmol/compresSmol -w build/assets/graphics/pokemon/snom/back.png.4bpp build/assets/graphics/pokemon/snom/back.png.4bpp.smol
tools/compresSmol/compresSmol -w build/assets/graphics/pokemon/snom/front.png.4bpp build/assets/graphics/pokemon/snom/front.png.4bpp.smol
tools/compresSmol/compresSmol -w build/assets/graphics/pokemon/snom/overworld.png_mwidth_4__mheight_4.4bpp build/assets/graphics/pokemon/snom/overworld.png_mwidth_4__mheight_4.4bpp.smol
tools/compresSmol/compresSmol -w build/assets/graphics/pokemon/snorlax/anim_front.png.4bpp build/assets/graphics/pokemon/snorlax/anim_front.png.4bpp.smol
tools/compresSmol/compresSmol -w build/assets/graphics/pokemon/snorlax/anim_front_gba.png.4bpp build/assets/graphics/pokemon/snorlax/anim_front_gba.png.4bpp.smol
tools/compresSmol/compresSmol -w build/assets/graphics/pokemon/snorlax/back.png.4bpp build/assets/graphics/pokemon/snorlax/back.png.4bpp.smol
tools/compresSmol/compresSmol -w build/assets/graphics/pokemon/snorlax/back_gba.png.4bpp build/assets/graphics/pokemon/snorlax/back_gba.png.4bpp.smol
tools/compresSmol/compresSmol -w build/assets/graphics/pokemon/snorlax/gmax/back.png.4bpp build/assets/graphics/pokemon/snorlax/gmax/back.png.4bpp.smol
tools/compresSmol/compresSmol -w build/assets/graphics/pokemon/snorlax/gmax/front.png.4bpp build/assets/graphics/pokemon/snorlax/gmax/front.png.4bpp.smol
tools/compresSmol/compresSmol -w build/assets/graphics/pokemon/snorlax/overworld.png_mwidth_4__mheight_4.4bpp build/assets/graphics/pokemon/snorlax/overworld.png_mwidth_4__mheight_4.4bpp.smol
tools/compresSmol/compresSmol -w build/assets/graphics/pokemon/snorunt/anim_front.png.4bpp build/assets/graphics/pokemon/snorunt/anim_front.png.4bpp.smol
tools/compresSmol/compresSmol -w build/assets/graphics/pokemon/snorunt/anim_front_gba.png.4bpp build/assets/graphics/pokemon/snorunt/anim_front_gba.png.4bpp.smol
tools/compresSmol/compresSmol -w build/assets/graphics/pokemon/snorunt/back.png.4bpp build/assets/graphics/pokemon/snorunt/back.png.4bpp.smol
tools/compresSmol/compresSmol -w build/assets/graphics/pokemon/snorunt/back_gba.png.4bpp build/assets/graphics/pokemon/snorunt/back_gba.png.4bpp.smol
tools/compresSmol/compresSmol -w build/assets/graphics/pokemon/snorunt/overworld.png_mwidth_4__mheight_4.4bpp build/assets/graphics/pokemon/snorunt/overworld.png_mwidth_4__mheight_4.4bpp.smol
tools/compresSmol/compresSmol -w build/assets/graphics/pokemon/snover/anim_front.png.4bpp build/assets/graphics/pokemon/snover/anim_front.png.4bpp.smol
tools/compresSmol/compresSmol -w build/assets/graphics/pokemon/snover/anim_frontf.png.4bpp build/assets/graphics/pokemon/snover/anim_frontf.png.4bpp.smol
tools/compresSmol/compresSmol -w build/assets/graphics/pokemon/snover/back.png.4bpp build/assets/graphics/pokemon/snover/back.png.4bpp.smol
tools/compresSmol/compresSmol -w build/assets/graphics/pokemon/snover/backf.png.4bpp build/assets/graphics/pokemon/snover/backf.png.4bpp.smol
tools/compresSmol/compresSmol -w build/assets/graphics/pokemon/snover/overworld.png_mwidth_4__mheight_4.4bpp build/assets/graphics/pokemon/snover/overworld.png_mwidth_4__mheight_4.4bpp.smol
tools/compresSmol/compresSmol -w build/assets/graphics/pokemon/snover/overworldf.png_mwidth_4__mheight_4.4bpp build/assets/graphics/pokemon/snover/overworldf.png_mwidth_4__mheight_4.4bpp.smol
tools/compresSmol/compresSmol -w build/assets/graphics/pokemon/snubbull/anim_front.png.4bpp build/assets/graphics/pokemon/snubbull/anim_front.png.4bpp.smol
tools/compresSmol/compresSmol -w build/assets/graphics/pokemon/snubbull/anim_front_gba.png.4bpp build/assets/graphics/pokemon/snubbull/anim_front_gba.png.4bpp.smol
tools/compresSmol/compresSmol -w build/assets/graphics/pokemon/snubbull/back.png.4bpp build/assets/graphics/pokemon/snubbull/back.png.4bpp.smol
tools/compresSmol/compresSmol -w build/assets/graphics/pokemon/snubbull/back_gba.png.4bpp build/assets/graphics/pokemon/snubbull/back_gba.png.4bpp.smol
tools/compresSmol/compresSmol -w build/assets/graphics/pokemon/snubbull/overworld.png_mwidth_4__mheight_4.4bpp build/assets/graphics/pokemon/snubbull/overworld.png_mwidth_4__mheight_4.4bpp.smol
tools/compresSmol/compresSmol -w build/assets/graphics/pokemon/sobble/back.png.4bpp build/assets/graphics/pokemon/sobble/back.png.4bpp.smol
tools/compresSmol/compresSmol -w build/assets/graphics/pokemon/sobble/front.png.4bpp build/assets/graphics/pokemon/sobble/front.png.4bpp.smol
tools/compresSmol/compresSmol -w build/assets/graphics/pokemon/sobble/overworld.png_mwidth_4__mheight_4.4bpp build/assets/graphics/pokemon/sobble/overworld.png_mwidth_4__mheight_4.4bpp.smol
tools/compresSmol/compresSmol -w build/assets/graphics/pokemon/solgaleo/anim_front.png.4bpp build/assets/graphics/pokemon/solgaleo/anim_front.png.4bpp.smol
tools/compresSmol/compresSmol -w build/assets/graphics/pokemon/solgaleo/back.png.4bpp build/assets/graphics/pokemon/solgaleo/back.png.4bpp.smol
tools/compresSmol/compresSmol -w build/assets/graphics/pokemon/solgaleo/overworld.png_mwidth_4__mheight_4.4bpp build/assets/graphics/pokemon/solgaleo/overworld.png_mwidth_4__mheight_4.4bpp.smol
tools/compresSmol/compresSmol -w build/assets/graphics/pokemon/solosis/anim_front.png.4bpp build/assets/graphics/pokemon/solosis/anim_front.png.4bpp.smol
tools/compresSmol/compresSmol -w build/assets/graphics/pokemon/solosis/back.png.4bpp build/assets/graphics/pokemon/solosis/back.png.4bpp.smol
tools/compresSmol/compresSmol -w build/assets/graphics/pokemon/solosis/overworld.png_mwidth_4__mheight_4.4bpp build/assets/graphics/pokemon/solosis/overworld.png_mwidth_4__mheight_4.4bpp.smol
tools/compresSmol/compresSmol -w build/assets/graphics/pokemon/solrock/anim_front.png.4bpp build/assets/graphics/pokemon/solrock/anim_front.png.4bpp.smol
tools/compresSmol/compresSmol -w build/assets/graphics/pokemon/solrock/anim_front_gba.png.4bpp build/assets/graphics/pokemon/solrock/anim_front_gba.png.4bpp.smol
tools/compresSmol/compresSmol -w build/assets/graphics/pokemon/solrock/back.png.4bpp build/assets/graphics/pokemon/solrock/back.png.4bpp.smol
tools/compresSmol/compresSmol -w build/assets/graphics/pokemon/solrock/back_gba.png.4bpp build/assets/graphics/pokemon/solrock/back_gba.png.4bpp.smol
tools/compresSmol/compresSmol -w build/assets/graphics/pokemon/solrock/overworld.png_mwidth_4__mheight_4.4bpp build/assets/graphics/pokemon/solrock/overworld.png_mwidth_4__mheight_4.4bpp.smol
tools/compresSmol/compresSmol -w build/assets/graphics/pokemon/spearow/anim_front.png.4bpp build/assets/graphics/pokemon/spearow/anim_front.png.4bpp.smol
tools/compresSmol/compresSmol -w build/assets/graphics/pokemon/spearow/anim_front_gba.png.4bpp build/assets/graphics/pokemon/spearow/anim_front_gba.png.4bpp.smol
tools/compresSmol/compresSmol -w build/assets/graphics/pokemon/spearow/back.png.4bpp build/assets/graphics/pokemon/spearow/back.png.4bpp.smol
tools/compresSmol/compresSmol -w build/assets/graphics/pokemon/spearow/back_gba.png.4bpp build/assets/graphics/pokemon/spearow/back_gba.png.4bpp.smol
tools/compresSmol/compresSmol -w build/assets/graphics/pokemon/spearow/overworld.png_mwidth_4__mheight_4.4bpp build/assets/graphics/pokemon/spearow/overworld.png_mwidth_4__mheight_4.4bpp.smol
tools/compresSmol/compresSmol -w build/assets/graphics/pokemon/spectrier/back.png.4bpp build/assets/graphics/pokemon/spectrier/back.png.4bpp.smol
tools/compresSmol/compresSmol -w build/assets/graphics/pokemon/spectrier/front.png.4bpp build/assets/graphics/pokemon/spectrier/front.png.4bpp.smol
tools/compresSmol/compresSmol -w build/assets/graphics/pokemon/spectrier/overworld.png_mwidth_4__mheight_4.4bpp build/assets/graphics/pokemon/spectrier/overworld.png_mwidth_4__mheight_4.4bpp.smol
tools/compresSmol/compresSmol -w build/assets/graphics/pokemon/spewpa/anim_front.png.4bpp build/assets/graphics/pokemon/spewpa/anim_front.png.4bpp.smol
tools/compresSmol/compresSmol -w build/assets/graphics/pokemon/spewpa/back.png.4bpp build/assets/graphics/pokemon/spewpa/back.png.4bpp.smol
tools/compresSmol/compresSmol -w build/assets/graphics/pokemon/spewpa/overworld.png_mwidth_4__mheight_4.4bpp build/assets/graphics/pokemon/spewpa/overworld.png_mwidth_4__mheight_4.4bpp.smol
tools/compresSmol/compresSmol -w build/assets/graphics/pokemon/spheal/anim_front.png.4bpp build/assets/graphics/pokemon/spheal/anim_front.png.4bpp.smol
tools/compresSmol/compresSmol -w build/assets/graphics/pokemon/spheal/anim_front_gba.png.4bpp build/assets/graphics/pokemon/spheal/anim_front_gba.png.4bpp.smol
tools/compresSmol/compresSmol -w build/assets/graphics/pokemon/spheal/back.png.4bpp build/assets/graphics/pokemon/spheal/back.png.4bpp.smol
tools/compresSmol/compresSmol -w build/assets/graphics/pokemon/spheal/back_gba.png.4bpp build/assets/graphics/pokemon/spheal/back_gba.png.4bpp.smol
tools/compresSmol/compresSmol -w build/assets/graphics/pokemon/spheal/overworld.png_mwidth_4__mheight_4.4bpp build/assets/graphics/pokemon/spheal/overworld.png_mwidth_4__mheight_4.4bpp.smol
tools/compresSmol/compresSmol -w build/assets/graphics/pokemon/spidops/back.png.4bpp build/assets/graphics/pokemon/spidops/back.png.4bpp.smol
tools/compresSmol/compresSmol -w build/assets/graphics/pokemon/spidops/front.png.4bpp build/assets/graphics/pokemon/spidops/front.png.4bpp.smol
tools/compresSmol/compresSmol -w build/assets/graphics/pokemon/spidops/overworld.png_mwidth_4__mheight_4.4bpp build/assets/graphics/pokemon/spidops/overworld.png_mwidth_4__mheight_4.4bpp.smol
tools/compresSmol/compresSmol -w build/assets/graphics/pokemon/spinarak/anim_front.png.4bpp build/assets/graphics/pokemon/spinarak/anim_front.png.4bpp.smol
tools/compresSmol/compresSmol -w build/assets/graphics/pokemon/spinarak/anim_front_gba.png.4bpp build/assets/graphics/pokemon/spinarak/anim_front_gba.png.4bpp.smol
tools/compresSmol/compresSmol -w build/assets/graphics/pokemon/spinarak/back.png.4bpp build/assets/graphics/pokemon/spinarak/back.png.4bpp.smol
tools/compresSmol/compresSmol -w build/assets/graphics/pokemon/spinarak/back_gba.png.4bpp build/assets/graphics/pokemon/spinarak/back_gba.png.4bpp.smol
tools/compresSmol/compresSmol -w build/assets/graphics/pokemon/spinarak/overworld.png_mwidth_4__mheight_4.4bpp build/assets/graphics/pokemon/spinarak/overworld.png_mwidth_4__mheight_4.4bpp.smol
tools/compresSmol/compresSmol -w build/assets/graphics/pokemon/spinda/anim_front.png.4bpp build/assets/graphics/pokemon/spinda/anim_front.png.4bpp.smol
tools/compresSmol/compresSmol -w build/assets/graphics/pokemon/spinda/anim_front_gba.png.4bpp build/assets/graphics/pokemon/spinda/anim_front_gba.png.4bpp.smol
tools/compresSmol/compresSmol -w build/assets/graphics/pokemon/spinda/back.png.4bpp build/assets/graphics/pokemon/spinda/back.png.4bpp.smol
tools/compresSmol/compresSmol -w build/assets/graphics/pokemon/spinda/back_gba.png.4bpp build/assets/graphics/pokemon/spinda/back_gba.png.4bpp.smol
tools/compresSmol/compresSmol -w build/assets/graphics/pokemon/spinda/overworld.png_mwidth_4__mheight_4.4bpp build/assets/graphics/pokemon/spinda/overworld.png_mwidth_4__mheight_4.4bpp.smol
tools/compresSmol/compresSmol -w build/assets/graphics/pokemon/spiritomb/anim_front.png.4bpp build/assets/graphics/pokemon/spiritomb/anim_front.png.4bpp.smol
tools/compresSmol/compresSmol -w build/assets/graphics/pokemon/spiritomb/back.png.4bpp build/assets/graphics/pokemon/spiritomb/back.png.4bpp.smol
tools/compresSmol/compresSmol -w build/assets/graphics/pokemon/spiritomb/overworld.png_mwidth_4__mheight_4.4bpp build/assets/graphics/pokemon/spiritomb/overworld.png_mwidth_4__mheight_4.4bpp.smol
tools/compresSmol/compresSmol -w build/assets/graphics/pokemon/spoink/anim_front.png.4bpp build/assets/graphics/pokemon/spoink/anim_front.png.4bpp.smol
tools/compresSmol/compresSmol -w build/assets/graphics/pokemon/spoink/anim_front_gba.png.4bpp build/assets/graphics/pokemon/spoink/anim_front_gba.png.4bpp.smol
tools/compresSmol/compresSmol -w build/assets/graphics/pokemon/spoink/back.png.4bpp build/assets/graphics/pokemon/spoink/back.png.4bpp.smol
tools/compresSmol/compresSmol -w build/assets/graphics/pokemon/spoink/back_gba.png.4bpp build/assets/graphics/pokemon/spoink/back_gba.png.4bpp.smol
tools/compresSmol/compresSmol -w build/assets/graphics/pokemon/spoink/overworld.png_mwidth_4__mheight_4.4bpp build/assets/graphics/pokemon/spoink/overworld.png_mwidth_4__mheight_4.4bpp.smol
tools/compresSmol/compresSmol -w build/assets/graphics/pokemon/sprigatito/back.png.4bpp build/assets/graphics/pokemon/sprigatito/back.png.4bpp.smol
tools/compresSmol/compresSmol -w build/assets/graphics/pokemon/sprigatito/front.png.4bpp build/assets/graphics/pokemon/sprigatito/front.png.4bpp.smol
tools/compresSmol/compresSmol -w build/assets/graphics/pokemon/sprigatito/overworld.png_mwidth_4__mheight_4.4bpp build/assets/graphics/pokemon/sprigatito/overworld.png_mwidth_4__mheight_4.4bpp.smol
tools/compresSmol/compresSmol -w build/assets/graphics/pokemon/spritzee/anim_front.png.4bpp build/assets/graphics/pokemon/spritzee/anim_front.png.4bpp.smol
tools/compresSmol/compresSmol -w build/assets/graphics/pokemon/spritzee/back.png.4bpp build/assets/graphics/pokemon/spritzee/back.png.4bpp.smol
tools/compresSmol/compresSmol -w build/assets/graphics/pokemon/spritzee/overworld.png_mwidth_4__mheight_4.4bpp build/assets/graphics/pokemon/spritzee/overworld.png_mwidth_4__mheight_4.4bpp.smol
tools/compresSmol/compresSmol -w build/assets/graphics/pokemon/squawkabilly/back.png.4bpp build/assets/graphics/pokemon/squawkabilly/back.png.4bpp.smol
tools/compresSmol/compresSmol -w build/assets/graphics/pokemon/squawkabilly/blue/overworld.png_mwidth_4__mheight_4.4bpp build/assets/graphics/pokemon/squawkabilly/blue/overworld.png_mwidth_4__mheight_4.4bpp.smol
tools/compresSmol/compresSmol -w build/assets/graphics/pokemon/squawkabilly/front.png.4bpp build/assets/graphics/pokemon/squawkabilly/front.png.4bpp.smol
tools/compresSmol/compresSmol -w build/assets/graphics/pokemon/squawkabilly/overworld.png_mwidth_4__mheight_4.4bpp build/assets/graphics/pokemon/squawkabilly/overworld.png_mwidth_4__mheight_4.4bpp.smol
tools/compresSmol/compresSmol -w build/assets/graphics/pokemon/squawkabilly/white/overworld.png_mwidth_4__mheight_4.4bpp build/assets/graphics/pokemon/squawkabilly/white/overworld.png_mwidth_4__mheight_4.4bpp.smol
tools/compresSmol/compresSmol -w build/assets/graphics/pokemon/squawkabilly/yellow/overworld.png_mwidth_4__mheight_4.4bpp build/assets/graphics/pokemon/squawkabilly/yellow/overworld.png_mwidth_4__mheight_4.4bpp.smol
tools/compresSmol/compresSmol -w build/assets/graphics/pokemon/squirtle/anim_front.png.4bpp build/assets/graphics/pokemon/squirtle/anim_front.png.4bpp.smol
tools/compresSmol/compresSmol -w build/assets/graphics/pokemon/squirtle/anim_front_gba.png.4bpp build/assets/graphics/pokemon/squirtle/anim_front_gba.png.4bpp.smol
tools/compresSmol/compresSmol -w build/assets/graphics/pokemon/squirtle/back.png.4bpp build/assets/graphics/pokemon/squirtle/back.png.4bpp.smol
tools/compresSmol/compresSmol -w build/assets/graphics/pokemon/squirtle/back_gba.png.4bpp build/assets/graphics/pokemon/squirtle/back_gba.png.4bpp.smol
tools/compresSmol/compresSmol -w build/assets/graphics/pokemon/squirtle/overworld.png_mwidth_4__mheight_4.4bpp build/assets/graphics/pokemon/squirtle/overworld.png_mwidth_4__mheight_4.4bpp.smol
tools/compresSmol/compresSmol -w build/assets/graphics/pokemon/stakataka/anim_front.png.4bpp build/assets/graphics/pokemon/stakataka/anim_front.png.4bpp.smol
tools/compresSmol/compresSmol -w build/assets/graphics/pokemon/stakataka/back.png.4bpp build/assets/graphics/pokemon/stakataka/back.png.4bpp.smol
tools/compresSmol/compresSmol -w build/assets/graphics/pokemon/stakataka/overworld.png_mwidth_4__mheight_4.4bpp build/assets/graphics/pokemon/stakataka/overworld.png_mwidth_4__mheight_4.4bpp.smol
tools/compresSmol/compresSmol -w build/assets/graphics/pokemon/stantler/anim_front.png.4bpp build/assets/graphics/pokemon/stantler/anim_front.png.4bpp.smol
tools/compresSmol/compresSmol -w build/assets/graphics/pokemon/stantler/anim_front_gba.png.4bpp build/assets/graphics/pokemon/stantler/anim_front_gba.png.4bpp.smol
tools/compresSmol/compresSmol -w build/assets/graphics/pokemon/stantler/back.png.4bpp build/assets/graphics/pokemon/stantler/back.png.4bpp.smol
tools/compresSmol/compresSmol -w build/assets/graphics/pokemon/stantler/back_gba.png.4bpp build/assets/graphics/pokemon/stantler/back_gba.png.4bpp.smol
tools/compresSmol/compresSmol -w build/assets/graphics/pokemon/stantler/overworld.png_mwidth_4__mheight_4.4bpp build/assets/graphics/pokemon/stantler/overworld.png_mwidth_4__mheight_4.4bpp.smol
tools/compresSmol/compresSmol -w build/assets/graphics/pokemon/staraptor/anim_front.png.4bpp build/assets/graphics/pokemon/staraptor/anim_front.png.4bpp.smol
tools/compresSmol/compresSmol -w build/assets/graphics/pokemon/staraptor/anim_frontf.png.4bpp build/assets/graphics/pokemon/staraptor/anim_frontf.png.4bpp.smol
tools/compresSmol/compresSmol -w build/assets/graphics/pokemon/staraptor/back.png.4bpp build/assets/graphics/pokemon/staraptor/back.png.4bpp.smol
tools/compresSmol/compresSmol -w build/assets/graphics/pokemon/staraptor/mega/back.png.4bpp build/assets/graphics/pokemon/staraptor/mega/back.png.4bpp.smol
tools/compresSmol/compresSmol -w build/assets/graphics/pokemon/staraptor/mega/front.png.4bpp build/assets/graphics/pokemon/staraptor/mega/front.png.4bpp.smol
tools/compresSmol/compresSmol -w build/assets/graphics/pokemon/staraptor/overworld.png_mwidth_4__mheight_4.4bpp build/assets/graphics/pokemon/staraptor/overworld.png_mwidth_4__mheight_4.4bpp.smol
tools/compresSmol/compresSmol -w build/assets/graphics/pokemon/staraptor/overworldf.png_mwidth_4__mheight_4.4bpp build/assets/graphics/pokemon/staraptor/overworldf.png_mwidth_4__mheight_4.4bpp.smol
tools/compresSmol/compresSmol -w build/assets/graphics/pokemon/staravia/anim_front.png.4bpp build/assets/graphics/pokemon/staravia/anim_front.png.4bpp.smol
tools/compresSmol/compresSmol -w build/assets/graphics/pokemon/staravia/anim_frontf.png.4bpp build/assets/graphics/pokemon/staravia/anim_frontf.png.4bpp.smol
tools/compresSmol/compresSmol -w build/assets/graphics/pokemon/staravia/back.png.4bpp build/assets/graphics/pokemon/staravia/back.png.4bpp.smol
tools/compresSmol/compresSmol -w build/assets/graphics/pokemon/staravia/overworld.png_mwidth_4__mheight_4.4bpp build/assets/graphics/pokemon/staravia/overworld.png_mwidth_4__mheight_4.4bpp.smol
tools/compresSmol/compresSmol -w build/assets/graphics/pokemon/staravia/overworldf.png_mwidth_4__mheight_4.4bpp build/assets/graphics/pokemon/staravia/overworldf.png_mwidth_4__mheight_4.4bpp.smol
tools/compresSmol/compresSmol -w build/assets/graphics/pokemon/starly/anim_front.png.4bpp build/assets/graphics/pokemon/starly/anim_front.png.4bpp.smol
tools/compresSmol/compresSmol -w build/assets/graphics/pokemon/starly/anim_frontf.png.4bpp build/assets/graphics/pokemon/starly/anim_frontf.png.4bpp.smol
tools/compresSmol/compresSmol -w build/assets/graphics/pokemon/starly/back.png.4bpp build/assets/graphics/pokemon/starly/back.png.4bpp.smol
tools/compresSmol/compresSmol -w build/assets/graphics/pokemon/starly/backf.png.4bpp build/assets/graphics/pokemon/starly/backf.png.4bpp.smol
tools/compresSmol/compresSmol -w build/assets/graphics/pokemon/starly/overworld.png_mwidth_4__mheight_4.4bpp build/assets/graphics/pokemon/starly/overworld.png_mwidth_4__mheight_4.4bpp.smol
tools/compresSmol/compresSmol -w build/assets/graphics/pokemon/starly/overworldf.png_mwidth_4__mheight_4.4bpp build/assets/graphics/pokemon/starly/overworldf.png_mwidth_4__mheight_4.4bpp.smol
tools/compresSmol/compresSmol -w build/assets/graphics/pokemon/starmie/anim_front.png.4bpp build/assets/graphics/pokemon/starmie/anim_front.png.4bpp.smol
tools/compresSmol/compresSmol -w build/assets/graphics/pokemon/starmie/anim_front_gba.png.4bpp build/assets/graphics/pokemon/starmie/anim_front_gba.png.4bpp.smol
tools/compresSmol/compresSmol -w build/assets/graphics/pokemon/starmie/back.png.4bpp build/assets/graphics/pokemon/starmie/back.png.4bpp.smol
tools/compresSmol/compresSmol -w build/assets/graphics/pokemon/starmie/back_gba.png.4bpp build/assets/graphics/pokemon/starmie/back_gba.png.4bpp.smol
tools/compresSmol/compresSmol -w build/assets/graphics/pokemon/starmie/mega/back.png.4bpp build/assets/graphics/pokemon/starmie/mega/back.png.4bpp.smol
tools/compresSmol/compresSmol -w build/assets/graphics/pokemon/starmie/mega/front.png.4bpp build/assets/graphics/pokemon/starmie/mega/front.png.4bpp.smol
tools/compresSmol/compresSmol -w build/assets/graphics/pokemon/starmie/overworld.png_mwidth_4__mheight_4.4bpp build/assets/graphics/pokemon/starmie/overworld.png_mwidth_4__mheight_4.4bpp.smol
tools/compresSmol/compresSmol -w build/assets/graphics/pokemon/staryu/anim_front.png.4bpp build/assets/graphics/pokemon/staryu/anim_front.png.4bpp.smol
tools/compresSmol/compresSmol -w build/assets/graphics/pokemon/staryu/anim_front_gba.png.4bpp build/assets/graphics/pokemon/staryu/anim_front_gba.png.4bpp.smol
tools/compresSmol/compresSmol -w build/assets/graphics/pokemon/staryu/back.png.4bpp build/assets/graphics/pokemon/staryu/back.png.4bpp.smol
tools/compresSmol/compresSmol -w build/assets/graphics/pokemon/staryu/back_gba.png.4bpp build/assets/graphics/pokemon/staryu/back_gba.png.4bpp.smol
tools/compresSmol/compresSmol -w build/assets/graphics/pokemon/staryu/overworld.png_mwidth_4__mheight_4.4bpp build/assets/graphics/pokemon/staryu/overworld.png_mwidth_4__mheight_4.4bpp.smol
tools/compresSmol/compresSmol -w build/assets/graphics/pokemon/steelix/anim_front.png.4bpp build/assets/graphics/pokemon/steelix/anim_front.png.4bpp.smol
tools/compresSmol/compresSmol -w build/assets/graphics/pokemon/steelix/anim_front_gba.png.4bpp build/assets/graphics/pokemon/steelix/anim_front_gba.png.4bpp.smol
tools/compresSmol/compresSmol -w build/assets/graphics/pokemon/steelix/anim_frontf.png.4bpp build/assets/graphics/pokemon/steelix/anim_frontf.png.4bpp.smol
tools/compresSmol/compresSmol -w build/assets/graphics/pokemon/steelix/back.png.4bpp build/assets/graphics/pokemon/steelix/back.png.4bpp.smol
tools/compresSmol/compresSmol -w build/assets/graphics/pokemon/steelix/back_gba.png.4bpp build/assets/graphics/pokemon/steelix/back_gba.png.4bpp.smol
tools/compresSmol/compresSmol -w build/assets/graphics/pokemon/steelix/backf.png.4bpp build/assets/graphics/pokemon/steelix/backf.png.4bpp.smol
tools/compresSmol/compresSmol -w build/assets/graphics/pokemon/steelix/mega/back.png.4bpp build/assets/graphics/pokemon/steelix/mega/back.png.4bpp.smol
tools/compresSmol/compresSmol -w build/assets/graphics/pokemon/steelix/mega/front.png.4bpp build/assets/graphics/pokemon/steelix/mega/front.png.4bpp.smol
tools/compresSmol/compresSmol -w build/assets/graphics/pokemon/steelix/mega/overworld.png_mwidth_8__mheight_8.4bpp build/assets/graphics/pokemon/steelix/mega/overworld.png_mwidth_8__mheight_8.4bpp.smol
tools/compresSmol/compresSmol -w build/assets/graphics/pokemon/steelix/overworld.png_mwidth_8__mheight_8.4bpp build/assets/graphics/pokemon/steelix/overworld.png_mwidth_8__mheight_8.4bpp.smol
tools/compresSmol/compresSmol -w build/assets/graphics/pokemon/steelix/overworldf.png_mwidth_8__mheight_8.4bpp build/assets/graphics/pokemon/steelix/overworldf.png_mwidth_8__mheight_8.4bpp.smol
tools/compresSmol/compresSmol -w build/assets/graphics/pokemon/steenee/anim_front.png.4bpp build/assets/graphics/pokemon/steenee/anim_front.png.4bpp.smol
tools/compresSmol/compresSmol -w build/assets/graphics/pokemon/steenee/back.png.4bpp build/assets/graphics/pokemon/steenee/back.png.4bpp.smol
tools/compresSmol/compresSmol -w build/assets/graphics/pokemon/steenee/overworld.png_mwidth_4__mheight_4.4bpp build/assets/graphics/pokemon/steenee/overworld.png_mwidth_4__mheight_4.4bpp.smol
tools/compresSmol/compresSmol -w build/assets/graphics/pokemon/stonjourner/back.png.4bpp build/assets/graphics/pokemon/stonjourner/back.png.4bpp.smol
tools/compresSmol/compresSmol -w build/assets/graphics/pokemon/stonjourner/front.png.4bpp build/assets/graphics/pokemon/stonjourner/front.png.4bpp.smol
tools/compresSmol/compresSmol -w build/assets/graphics/pokemon/stonjourner/overworld.png_mwidth_4__mheight_4.4bpp build/assets/graphics/pokemon/stonjourner/overworld.png_mwidth_4__mheight_4.4bpp.smol
tools/compresSmol/compresSmol -w build/assets/graphics/pokemon/stoutland/anim_front.png.4bpp build/assets/graphics/pokemon/stoutland/anim_front.png.4bpp.smol
tools/compresSmol/compresSmol -w build/assets/graphics/pokemon/stoutland/back.png.4bpp build/assets/graphics/pokemon/stoutland/back.png.4bpp.smol
tools/compresSmol/compresSmol -w build/assets/graphics/pokemon/stoutland/overworld.png_mwidth_4__mheight_4.4bpp build/assets/graphics/pokemon/stoutland/overworld.png_mwidth_4__mheight_4.4bpp.smol
tools/compresSmol/compresSmol -w build/assets/graphics/pokemon/stufful/anim_front.png.4bpp build/assets/graphics/pokemon/stufful/anim_front.png.4bpp.smol
tools/compresSmol/compresSmol -w build/assets/graphics/pokemon/stufful/back.png.4bpp build/assets/graphics/pokemon/stufful/back.png.4bpp.smol
tools/compresSmol/compresSmol -w build/assets/graphics/pokemon/stufful/overworld.png_mwidth_4__mheight_4.4bpp build/assets/graphics/pokemon/stufful/overworld.png_mwidth_4__mheight_4.4bpp.smol
tools/compresSmol/compresSmol -w build/assets/graphics/pokemon/stunfisk/anim_front.png.4bpp build/assets/graphics/pokemon/stunfisk/anim_front.png.4bpp.smol
tools/compresSmol/compresSmol -w build/assets/graphics/pokemon/stunfisk/back.png.4bpp build/assets/graphics/pokemon/stunfisk/back.png.4bpp.smol
tools/compresSmol/compresSmol -w build/assets/graphics/pokemon/stunfisk/galar/back.png.4bpp build/assets/graphics/pokemon/stunfisk/galar/back.png.4bpp.smol
tools/compresSmol/compresSmol -w build/assets/graphics/pokemon/stunfisk/galar/front.png.4bpp build/assets/graphics/pokemon/stunfisk/galar/front.png.4bpp.smol
tools/compresSmol/compresSmol -w build/assets/graphics/pokemon/stunfisk/galar/overworld.png_mwidth_4__mheight_4.4bpp build/assets/graphics/pokemon/stunfisk/galar/overworld.png_mwidth_4__mheight_4.4bpp.smol
tools/compresSmol/compresSmol -w build/assets/graphics/pokemon/stunfisk/overworld.png_mwidth_4__mheight_4.4bpp build/assets/graphics/pokemon/stunfisk/overworld.png_mwidth_4__mheight_4.4bpp.smol
tools/compresSmol/compresSmol -w build/assets/graphics/pokemon/stunky/anim_front.png.4bpp build/assets/graphics/pokemon/stunky/anim_front.png.4bpp.smol
tools/compresSmol/compresSmol -w build/assets/graphics/pokemon/stunky/back.png.4bpp build/assets/graphics/pokemon/stunky/back.png.4bpp.smol
tools/compresSmol/compresSmol -w build/assets/graphics/pokemon/stunky/overworld.png_mwidth_4__mheight_4.4bpp build/assets/graphics/pokemon/stunky/overworld.png_mwidth_4__mheight_4.4bpp.smol
tools/compresSmol/compresSmol -w build/assets/graphics/pokemon/sudowoodo/anim_front.png.4bpp build/assets/graphics/pokemon/sudowoodo/anim_front.png.4bpp.smol
tools/compresSmol/compresSmol -w build/assets/graphics/pokemon/sudowoodo/anim_front_gba.png.4bpp build/assets/graphics/pokemon/sudowoodo/anim_front_gba.png.4bpp.smol
tools/compresSmol/compresSmol -w build/assets/graphics/pokemon/sudowoodo/anim_frontf.png.4bpp build/assets/graphics/pokemon/sudowoodo/anim_frontf.png.4bpp.smol
tools/compresSmol/compresSmol -w build/assets/graphics/pokemon/sudowoodo/back.png.4bpp build/assets/graphics/pokemon/sudowoodo/back.png.4bpp.smol
tools/compresSmol/compresSmol -w build/assets/graphics/pokemon/sudowoodo/back_gba.png.4bpp build/assets/graphics/pokemon/sudowoodo/back_gba.png.4bpp.smol
tools/compresSmol/compresSmol -w build/assets/graphics/pokemon/sudowoodo/backf.png.4bpp build/assets/graphics/pokemon/sudowoodo/backf.png.4bpp.smol
tools/compresSmol/compresSmol -w build/assets/graphics/pokemon/sudowoodo/overworld.png_mwidth_4__mheight_4.4bpp build/assets/graphics/pokemon/sudowoodo/overworld.png_mwidth_4__mheight_4.4bpp.smol
tools/compresSmol/compresSmol -w build/assets/graphics/pokemon/sudowoodo/overworldf.png_mwidth_4__mheight_4.4bpp build/assets/graphics/pokemon/sudowoodo/overworldf.png_mwidth_4__mheight_4.4bpp.smol
tools/compresSmol/compresSmol -w build/assets/graphics/pokemon/suicune/anim_front.png.4bpp build/assets/graphics/pokemon/suicune/anim_front.png.4bpp.smol
tools/compresSmol/compresSmol -w build/assets/graphics/pokemon/suicune/anim_front_gba.png.4bpp build/assets/graphics/pokemon/suicune/anim_front_gba.png.4bpp.smol
tools/compresSmol/compresSmol -w build/assets/graphics/pokemon/suicune/back.png.4bpp build/assets/graphics/pokemon/suicune/back.png.4bpp.smol
tools/compresSmol/compresSmol -w build/assets/graphics/pokemon/suicune/back_gba.png.4bpp build/assets/graphics/pokemon/suicune/back_gba.png.4bpp.smol
tools/compresSmol/compresSmol -w build/assets/graphics/pokemon/suicune/overworld.png_mwidth_4__mheight_4.4bpp build/assets/graphics/pokemon/suicune/overworld.png_mwidth_4__mheight_4.4bpp.smol
tools/compresSmol/compresSmol -w build/assets/graphics/pokemon/sunflora/anim_front.png.4bpp build/assets/graphics/pokemon/sunflora/anim_front.png.4bpp.smol
tools/compresSmol/compresSmol -w build/assets/graphics/pokemon/sunflora/anim_front_gba.png.4bpp build/assets/graphics/pokemon/sunflora/anim_front_gba.png.4bpp.smol
tools/compresSmol/compresSmol -w build/assets/graphics/pokemon/sunflora/back.png.4bpp build/assets/graphics/pokemon/sunflora/back.png.4bpp.smol
tools/compresSmol/compresSmol -w build/assets/graphics/pokemon/sunflora/back_gba.png.4bpp build/assets/graphics/pokemon/sunflora/back_gba.png.4bpp.smol
tools/compresSmol/compresSmol -w build/assets/graphics/pokemon/sunflora/overworld.png_mwidth_4__mheight_4.4bpp build/assets/graphics/pokemon/sunflora/overworld.png_mwidth_4__mheight_4.4bpp.smol
tools/compresSmol/compresSmol -w build/assets/graphics/pokemon/sunkern/anim_front.png.4bpp build/assets/graphics/pokemon/sunkern/anim_front.png.4bpp.smol
tools/compresSmol/compresSmol -w build/assets/graphics/pokemon/sunkern/anim_front_gba.png.4bpp build/assets/graphics/pokemon/sunkern/anim_front_gba.png.4bpp.smol
tools/compresSmol/compresSmol -w build/assets/graphics/pokemon/sunkern/back.png.4bpp build/assets/graphics/pokemon/sunkern/back.png.4bpp.smol
tools/compresSmol/compresSmol -w build/assets/graphics/pokemon/sunkern/back_gba.png.4bpp build/assets/graphics/pokemon/sunkern/back_gba.png.4bpp.smol
tools/compresSmol/compresSmol -w build/assets/graphics/pokemon/sunkern/overworld.png_mwidth_4__mheight_4.4bpp build/assets/graphics/pokemon/sunkern/overworld.png_mwidth_4__mheight_4.4bpp.smol
tools/compresSmol/compresSmol -w build/assets/graphics/pokemon/surskit/anim_front.png.4bpp build/assets/graphics/pokemon/surskit/anim_front.png.4bpp.smol
tools/compresSmol/compresSmol -w build/assets/graphics/pokemon/surskit/anim_front_gba.png.4bpp build/assets/graphics/pokemon/surskit/anim_front_gba.png.4bpp.smol
tools/compresSmol/compresSmol -w build/assets/graphics/pokemon/surskit/back.png.4bpp build/assets/graphics/pokemon/surskit/back.png.4bpp.smol
tools/compresSmol/compresSmol -w build/assets/graphics/pokemon/surskit/back_gba.png.4bpp build/assets/graphics/pokemon/surskit/back_gba.png.4bpp.smol
tools/compresSmol/compresSmol -w build/assets/graphics/pokemon/surskit/overworld.png_mwidth_4__mheight_4.4bpp build/assets/graphics/pokemon/surskit/overworld.png_mwidth_4__mheight_4.4bpp.smol
tools/compresSmol/compresSmol -w build/assets/graphics/pokemon/swablu/anim_front.png.4bpp build/assets/graphics/pokemon/swablu/anim_front.png.4bpp.smol
tools/compresSmol/compresSmol -w build/assets/graphics/pokemon/swablu/anim_front_gba.png.4bpp build/assets/graphics/pokemon/swablu/anim_front_gba.png.4bpp.smol
tools/compresSmol/compresSmol -w build/assets/graphics/pokemon/swablu/back.png.4bpp build/assets/graphics/pokemon/swablu/back.png.4bpp.smol
tools/compresSmol/compresSmol -w build/assets/graphics/pokemon/swablu/back_gba.png.4bpp build/assets/graphics/pokemon/swablu/back_gba.png.4bpp.smol
tools/compresSmol/compresSmol -w build/assets/graphics/pokemon/swablu/overworld.png_mwidth_4__mheight_4.4bpp build/assets/graphics/pokemon/swablu/overworld.png_mwidth_4__mheight_4.4bpp.smol
tools/compresSmol/compresSmol -w build/assets/graphics/pokemon/swadloon/anim_front.png.4bpp build/assets/graphics/pokemon/swadloon/anim_front.png.4bpp.smol
tools/compresSmol/compresSmol -w build/assets/graphics/pokemon/swadloon/back.png.4bpp build/assets/graphics/pokemon/swadloon/back.png.4bpp.smol
tools/compresSmol/compresSmol -w build/assets/graphics/pokemon/swadloon/overworld.png_mwidth_4__mheight_4.4bpp build/assets/graphics/pokemon/swadloon/overworld.png_mwidth_4__mheight_4.4bpp.smol
tools/compresSmol/compresSmol -w build/assets/graphics/pokemon/swalot/anim_front.png.4bpp build/assets/graphics/pokemon/swalot/anim_front.png.4bpp.smol
tools/compresSmol/compresSmol -w build/assets/graphics/pokemon/swalot/anim_front_gba.png.4bpp build/assets/graphics/pokemon/swalot/anim_front_gba.png.4bpp.smol
tools/compresSmol/compresSmol -w build/assets/graphics/pokemon/swalot/anim_frontf.png.4bpp build/assets/graphics/pokemon/swalot/anim_frontf.png.4bpp.smol
tools/compresSmol/compresSmol -w build/assets/graphics/pokemon/swalot/back.png.4bpp build/assets/graphics/pokemon/swalot/back.png.4bpp.smol
tools/compresSmol/compresSmol -w build/assets/graphics/pokemon/swalot/back_gba.png.4bpp build/assets/graphics/pokemon/swalot/back_gba.png.4bpp.smol
tools/compresSmol/compresSmol -w build/assets/graphics/pokemon/swalot/backf.png.4bpp build/assets/graphics/pokemon/swalot/backf.png.4bpp.smol
tools/compresSmol/compresSmol -w build/assets/graphics/pokemon/swalot/overworld.png_mwidth_4__mheight_4.4bpp build/assets/graphics/pokemon/swalot/overworld.png_mwidth_4__mheight_4.4bpp.smol
tools/compresSmol/compresSmol -w build/assets/graphics/pokemon/swalot/overworldf.png_mwidth_4__mheight_4.4bpp build/assets/graphics/pokemon/swalot/overworldf.png_mwidth_4__mheight_4.4bpp.smol
tools/compresSmol/compresSmol -w build/assets/graphics/pokemon/swampert/anim_front.png.4bpp build/assets/graphics/pokemon/swampert/anim_front.png.4bpp.smol
tools/compresSmol/compresSmol -w build/assets/graphics/pokemon/swampert/anim_front_gba.png.4bpp build/assets/graphics/pokemon/swampert/anim_front_gba.png.4bpp.smol
tools/compresSmol/compresSmol -w build/assets/graphics/pokemon/swampert/back.png.4bpp build/assets/graphics/pokemon/swampert/back.png.4bpp.smol
tools/compresSmol/compresSmol -w build/assets/graphics/pokemon/swampert/back_gba.png.4bpp build/assets/graphics/pokemon/swampert/back_gba.png.4bpp.smol
tools/compresSmol/compresSmol -w build/assets/graphics/pokemon/swampert/mega/back.png.4bpp build/assets/graphics/pokemon/swampert/mega/back.png.4bpp.smol
tools/compresSmol/compresSmol -w build/assets/graphics/pokemon/swampert/mega/front.png.4bpp build/assets/graphics/pokemon/swampert/mega/front.png.4bpp.smol
tools/compresSmol/compresSmol -w build/assets/graphics/pokemon/swampert/mega/overworld.png_mwidth_4__mheight_4.4bpp build/assets/graphics/pokemon/swampert/mega/overworld.png_mwidth_4__mheight_4.4bpp.smol
tools/compresSmol/compresSmol -w build/assets/graphics/pokemon/swampert/overworld.png_mwidth_4__mheight_4.4bpp build/assets/graphics/pokemon/swampert/overworld.png_mwidth_4__mheight_4.4bpp.smol
tools/compresSmol/compresSmol -w build/assets/graphics/pokemon/swanna/anim_front.png.4bpp build/assets/graphics/pokemon/swanna/anim_front.png.4bpp.smol
tools/compresSmol/compresSmol -w build/assets/graphics/pokemon/swanna/back.png.4bpp build/assets/graphics/pokemon/swanna/back.png.4bpp.smol
tools/compresSmol/compresSmol -w build/assets/graphics/pokemon/swanna/overworld.png_mwidth_4__mheight_4.4bpp build/assets/graphics/pokemon/swanna/overworld.png_mwidth_4__mheight_4.4bpp.smol
tools/compresSmol/compresSmol -w build/assets/graphics/pokemon/swellow/anim_front.png.4bpp build/assets/graphics/pokemon/swellow/anim_front.png.4bpp.smol
tools/compresSmol/compresSmol -w build/assets/graphics/pokemon/swellow/anim_front_gba.png.4bpp build/assets/graphics/pokemon/swellow/anim_front_gba.png.4bpp.smol
tools/compresSmol/compresSmol -w build/assets/graphics/pokemon/swellow/back.png.4bpp build/assets/graphics/pokemon/swellow/back.png.4bpp.smol
tools/compresSmol/compresSmol -w build/assets/graphics/pokemon/swellow/back_gba.png.4bpp build/assets/graphics/pokemon/swellow/back_gba.png.4bpp.smol
tools/compresSmol/compresSmol -w build/assets/graphics/pokemon/swellow/overworld.png_mwidth_4__mheight_4.4bpp build/assets/graphics/pokemon/swellow/overworld.png_mwidth_4__mheight_4.4bpp.smol
tools/compresSmol/compresSmol -w build/assets/graphics/pokemon/swinub/anim_front.png.4bpp build/assets/graphics/pokemon/swinub/anim_front.png.4bpp.smol
tools/compresSmol/compresSmol -w build/assets/graphics/pokemon/swinub/anim_front_gba.png.4bpp build/assets/graphics/pokemon/swinub/anim_front_gba.png.4bpp.smol
tools/compresSmol/compresSmol -w build/assets/graphics/pokemon/swinub/back.png.4bpp build/assets/graphics/pokemon/swinub/back.png.4bpp.smol
tools/compresSmol/compresSmol -w build/assets/graphics/pokemon/swinub/back_gba.png.4bpp build/assets/graphics/pokemon/swinub/back_gba.png.4bpp.smol
tools/compresSmol/compresSmol -w build/assets/graphics/pokemon/swinub/overworld.png_mwidth_4__mheight_4.4bpp build/assets/graphics/pokemon/swinub/overworld.png_mwidth_4__mheight_4.4bpp.smol
tools/compresSmol/compresSmol -w build/assets/graphics/pokemon/swirlix/anim_front.png.4bpp build/assets/graphics/pokemon/swirlix/anim_front.png.4bpp.smol
tools/compresSmol/compresSmol -w build/assets/graphics/pokemon/swirlix/back.png.4bpp build/assets/graphics/pokemon/swirlix/back.png.4bpp.smol
tools/compresSmol/compresSmol -w build/assets/graphics/pokemon/swirlix/overworld.png_mwidth_4__mheight_4.4bpp build/assets/graphics/pokemon/swirlix/overworld.png_mwidth_4__mheight_4.4bpp.smol
tools/compresSmol/compresSmol -w build/assets/graphics/pokemon/swoobat/anim_front.png.4bpp build/assets/graphics/pokemon/swoobat/anim_front.png.4bpp.smol
tools/compresSmol/compresSmol -w build/assets/graphics/pokemon/swoobat/back.png.4bpp build/assets/graphics/pokemon/swoobat/back.png.4bpp.smol
tools/compresSmol/compresSmol -w build/assets/graphics/pokemon/swoobat/overworld.png_mwidth_4__mheight_4.4bpp build/assets/graphics/pokemon/swoobat/overworld.png_mwidth_4__mheight_4.4bpp.smol
tools/compresSmol/compresSmol -w build/assets/graphics/pokemon/sylveon/anim_front.png.4bpp build/assets/graphics/pokemon/sylveon/anim_front.png.4bpp.smol
tools/compresSmol/compresSmol -w build/assets/graphics/pokemon/sylveon/back.png.4bpp build/assets/graphics/pokemon/sylveon/back.png.4bpp.smol
tools/compresSmol/compresSmol -w build/assets/graphics/pokemon/sylveon/overworld.png_mwidth_4__mheight_4.4bpp build/assets/graphics/pokemon/sylveon/overworld.png_mwidth_4__mheight_4.4bpp.smol
tools/compresSmol/compresSmol -w build/assets/graphics/pokemon/tadbulb/anim_front.png.4bpp build/assets/graphics/pokemon/tadbulb/anim_front.png.4bpp.smol
tools/compresSmol/compresSmol -w build/assets/graphics/pokemon/tadbulb/back.png.4bpp build/assets/graphics/pokemon/tadbulb/back.png.4bpp.smol
tools/compresSmol/compresSmol -w build/assets/graphics/pokemon/tadbulb/overworld.png_mwidth_4__mheight_4.4bpp build/assets/graphics/pokemon/tadbulb/overworld.png_mwidth_4__mheight_4.4bpp.smol
tools/compresSmol/compresSmol -w build/assets/graphics/pokemon/taillow/anim_front.png.4bpp build/assets/graphics/pokemon/taillow/anim_front.png.4bpp.smol
tools/compresSmol/compresSmol -w build/assets/graphics/pokemon/taillow/anim_front_gba.png.4bpp build/assets/graphics/pokemon/taillow/anim_front_gba.png.4bpp.smol
tools/compresSmol/compresSmol -w build/assets/graphics/pokemon/taillow/back.png.4bpp build/assets/graphics/pokemon/taillow/back.png.4bpp.smol
tools/compresSmol/compresSmol -w build/assets/graphics/pokemon/taillow/back_gba.png.4bpp build/assets/graphics/pokemon/taillow/back_gba.png.4bpp.smol
tools/compresSmol/compresSmol -w build/assets/graphics/pokemon/taillow/overworld.png_mwidth_4__mheight_4.4bpp build/assets/graphics/pokemon/taillow/overworld.png_mwidth_4__mheight_4.4bpp.smol
tools/compresSmol/compresSmol -w build/assets/graphics/pokemon/talonflame/anim_front.png.4bpp build/assets/graphics/pokemon/talonflame/anim_front.png.4bpp.smol
tools/compresSmol/compresSmol -w build/assets/graphics/pokemon/talonflame/back.png.4bpp build/assets/graphics/pokemon/talonflame/back.png.4bpp.smol
tools/compresSmol/compresSmol -w build/assets/graphics/pokemon/talonflame/overworld.png_mwidth_4__mheight_4.4bpp build/assets/graphics/pokemon/talonflame/overworld.png_mwidth_4__mheight_4.4bpp.smol
tools/compresSmol/compresSmol -w build/assets/graphics/pokemon/tandemaus/back.png.4bpp build/assets/graphics/pokemon/tandemaus/back.png.4bpp.smol
tools/compresSmol/compresSmol -w build/assets/graphics/pokemon/tandemaus/front.png.4bpp build/assets/graphics/pokemon/tandemaus/front.png.4bpp.smol
tools/compresSmol/compresSmol -w build/assets/graphics/pokemon/tandemaus/overworld.png_mwidth_4__mheight_4.4bpp build/assets/graphics/pokemon/tandemaus/overworld.png_mwidth_4__mheight_4.4bpp.smol
tools/compresSmol/compresSmol -w build/assets/graphics/pokemon/tangela/anim_front.png.4bpp build/assets/graphics/pokemon/tangela/anim_front.png.4bpp.smol
tools/compresSmol/compresSmol -w build/assets/graphics/pokemon/tangela/anim_front_gba.png.4bpp build/assets/graphics/pokemon/tangela/anim_front_gba.png.4bpp.smol
tools/compresSmol/compresSmol -w build/assets/graphics/pokemon/tangela/back.png.4bpp build/assets/graphics/pokemon/tangela/back.png.4bpp.smol
tools/compresSmol/compresSmol -w build/assets/graphics/pokemon/tangela/back_gba.png.4bpp build/assets/graphics/pokemon/tangela/back_gba.png.4bpp.smol
tools/compresSmol/compresSmol -w build/assets/graphics/pokemon/tangela/overworld.png_mwidth_4__mheight_4.4bpp build/assets/graphics/pokemon/tangela/overworld.png_mwidth_4__mheight_4.4bpp.smol
tools/compresSmol/compresSmol -w build/assets/graphics/pokemon/tangrowth/anim_front.png.4bpp build/assets/graphics/pokemon/tangrowth/anim_front.png.4bpp.smol
tools/compresSmol/compresSmol -w build/assets/graphics/pokemon/tangrowth/anim_frontf.png.4bpp build/assets/graphics/pokemon/tangrowth/anim_frontf.png.4bpp.smol
tools/compresSmol/compresSmol -w build/assets/graphics/pokemon/tangrowth/back.png.4bpp build/assets/graphics/pokemon/tangrowth/back.png.4bpp.smol
tools/compresSmol/compresSmol -w build/assets/graphics/pokemon/tangrowth/overworld.png_mwidth_4__mheight_4.4bpp build/assets/graphics/pokemon/tangrowth/overworld.png_mwidth_4__mheight_4.4bpp.smol
tools/compresSmol/compresSmol -w build/assets/graphics/pokemon/tangrowth/overworldf.png_mwidth_4__mheight_4.4bpp build/assets/graphics/pokemon/tangrowth/overworldf.png_mwidth_4__mheight_4.4bpp.smol
tools/compresSmol/compresSmol -w build/assets/graphics/pokemon/tapu_bulu/anim_front.png.4bpp build/assets/graphics/pokemon/tapu_bulu/anim_front.png.4bpp.smol
tools/compresSmol/compresSmol -w build/assets/graphics/pokemon/tapu_bulu/back.png.4bpp build/assets/graphics/pokemon/tapu_bulu/back.png.4bpp.smol
tools/compresSmol/compresSmol -w build/assets/graphics/pokemon/tapu_bulu/overworld.png_mwidth_4__mheight_4.4bpp build/assets/graphics/pokemon/tapu_bulu/overworld.png_mwidth_4__mheight_4.4bpp.smol
tools/compresSmol/compresSmol -w build/assets/graphics/pokemon/tapu_fini/anim_front.png.4bpp build/assets/graphics/pokemon/tapu_fini/anim_front.png.4bpp.smol
tools/compresSmol/compresSmol -w build/assets/graphics/pokemon/tapu_fini/back.png.4bpp build/assets/graphics/pokemon/tapu_fini/back.png.4bpp.smol
tools/compresSmol/compresSmol -w build/assets/graphics/pokemon/tapu_fini/overworld.png_mwidth_4__mheight_4.4bpp build/assets/graphics/pokemon/tapu_fini/overworld.png_mwidth_4__mheight_4.4bpp.smol
tools/compresSmol/compresSmol -w build/assets/graphics/pokemon/tapu_koko/anim_front.png.4bpp build/assets/graphics/pokemon/tapu_koko/anim_front.png.4bpp.smol
tools/compresSmol/compresSmol -w build/assets/graphics/pokemon/tapu_koko/back.png.4bpp build/assets/graphics/pokemon/tapu_koko/back.png.4bpp.smol
tools/compresSmol/compresSmol -w build/assets/graphics/pokemon/tapu_koko/overworld.png_mwidth_4__mheight_4.4bpp build/assets/graphics/pokemon/tapu_koko/overworld.png_mwidth_4__mheight_4.4bpp.smol
tools/compresSmol/compresSmol -w build/assets/graphics/pokemon/tapu_lele/anim_front.png.4bpp build/assets/graphics/pokemon/tapu_lele/anim_front.png.4bpp.smol
tools/compresSmol/compresSmol -w build/assets/graphics/pokemon/tapu_lele/back.png.4bpp build/assets/graphics/pokemon/tapu_lele/back.png.4bpp.smol
tools/compresSmol/compresSmol -w build/assets/graphics/pokemon/tapu_lele/overworld.png_mwidth_4__mheight_4.4bpp build/assets/graphics/pokemon/tapu_lele/overworld.png_mwidth_4__mheight_4.4bpp.smol
tools/compresSmol/compresSmol -w build/assets/graphics/pokemon/tarountula/back.png.4bpp build/assets/graphics/pokemon/tarountula/back.png.4bpp.smol
tools/compresSmol/compresSmol -w build/assets/graphics/pokemon/tarountula/front.png.4bpp build/assets/graphics/pokemon/tarountula/front.png.4bpp.smol
tools/compresSmol/compresSmol -w build/assets/graphics/pokemon/tarountula/overworld.png_mwidth_4__mheight_4.4bpp build/assets/graphics/pokemon/tarountula/overworld.png_mwidth_4__mheight_4.4bpp.smol
tools/compresSmol/compresSmol -w build/assets/graphics/pokemon/tatsugiri/back.png.4bpp build/assets/graphics/pokemon/tatsugiri/back.png.4bpp.smol
tools/compresSmol/compresSmol -w build/assets/graphics/pokemon/tatsugiri/droopy/back.png.4bpp build/assets/graphics/pokemon/tatsugiri/droopy/back.png.4bpp.smol
tools/compresSmol/compresSmol -w build/assets/graphics/pokemon/tatsugiri/droopy/front.png.4bpp build/assets/graphics/pokemon/tatsugiri/droopy/front.png.4bpp.smol
tools/compresSmol/compresSmol -w build/assets/graphics/pokemon/tatsugiri/droopy/mega/back.png.4bpp build/assets/graphics/pokemon/tatsugiri/droopy/mega/back.png.4bpp.smol
tools/compresSmol/compresSmol -w build/assets/graphics/pokemon/tatsugiri/droopy/mega/front.png.4bpp build/assets/graphics/pokemon/tatsugiri/droopy/mega/front.png.4bpp.smol
tools/compresSmol/compresSmol -w build/assets/graphics/pokemon/tatsugiri/droopy/overworld.png_mwidth_4__mheight_4.4bpp build/assets/graphics/pokemon/tatsugiri/droopy/overworld.png_mwidth_4__mheight_4.4bpp.smol
tools/compresSmol/compresSmol -w build/assets/graphics/pokemon/tatsugiri/front.png.4bpp build/assets/graphics/pokemon/tatsugiri/front.png.4bpp.smol
tools/compresSmol/compresSmol -w build/assets/graphics/pokemon/tatsugiri/mega/back.png.4bpp build/assets/graphics/pokemon/tatsugiri/mega/back.png.4bpp.smol
tools/compresSmol/compresSmol -w build/assets/graphics/pokemon/tatsugiri/mega/front.png.4bpp build/assets/graphics/pokemon/tatsugiri/mega/front.png.4bpp.smol
tools/compresSmol/compresSmol -w build/assets/graphics/pokemon/tatsugiri/overworld.png_mwidth_4__mheight_4.4bpp build/assets/graphics/pokemon/tatsugiri/overworld.png_mwidth_4__mheight_4.4bpp.smol
tools/compresSmol/compresSmol -w build/assets/graphics/pokemon/tatsugiri/stretchy/back.png.4bpp build/assets/graphics/pokemon/tatsugiri/stretchy/back.png.4bpp.smol
tools/compresSmol/compresSmol -w build/assets/graphics/pokemon/tatsugiri/stretchy/front.png.4bpp build/assets/graphics/pokemon/tatsugiri/stretchy/front.png.4bpp.smol
tools/compresSmol/compresSmol -w build/assets/graphics/pokemon/tatsugiri/stretchy/mega/back.png.4bpp build/assets/graphics/pokemon/tatsugiri/stretchy/mega/back.png.4bpp.smol
tools/compresSmol/compresSmol -w build/assets/graphics/pokemon/tatsugiri/stretchy/mega/front.png.4bpp build/assets/graphics/pokemon/tatsugiri/stretchy/mega/front.png.4bpp.smol
tools/compresSmol/compresSmol -w build/assets/graphics/pokemon/tatsugiri/stretchy/overworld.png_mwidth_4__mheight_4.4bpp build/assets/graphics/pokemon/tatsugiri/stretchy/overworld.png_mwidth_4__mheight_4.4bpp.smol
tools/compresSmol/compresSmol -w build/assets/graphics/pokemon/tauros/anim_front.png.4bpp build/assets/graphics/pokemon/tauros/anim_front.png.4bpp.smol
tools/compresSmol/compresSmol -w build/assets/graphics/pokemon/tauros/anim_front_gba.png.4bpp build/assets/graphics/pokemon/tauros/anim_front_gba.png.4bpp.smol
tools/compresSmol/compresSmol -w build/assets/graphics/pokemon/tauros/back.png.4bpp build/assets/graphics/pokemon/tauros/back.png.4bpp.smol
tools/compresSmol/compresSmol -w build/assets/graphics/pokemon/tauros/back_gba.png.4bpp build/assets/graphics/pokemon/tauros/back_gba.png.4bpp.smol
tools/compresSmol/compresSmol -w build/assets/graphics/pokemon/tauros/overworld.png_mwidth_4__mheight_4.4bpp build/assets/graphics/pokemon/tauros/overworld.png_mwidth_4__mheight_4.4bpp.smol
tools/compresSmol/compresSmol -w build/assets/graphics/pokemon/tauros/paldea_aqua/back.png.4bpp build/assets/graphics/pokemon/tauros/paldea_aqua/back.png.4bpp.smol
tools/compresSmol/compresSmol -w build/assets/graphics/pokemon/tauros/paldea_aqua/front.png.4bpp build/assets/graphics/pokemon/tauros/paldea_aqua/front.png.4bpp.smol
tools/compresSmol/compresSmol -w build/assets/graphics/pokemon/tauros/paldea_aqua/overworld.png_mwidth_4__mheight_4.4bpp build/assets/graphics/pokemon/tauros/paldea_aqua/overworld.png_mwidth_4__mheight_4.4bpp.smol
tools/compresSmol/compresSmol -w build/assets/graphics/pokemon/tauros/paldea_blaze/back.png.4bpp build/assets/graphics/pokemon/tauros/paldea_blaze/back.png.4bpp.smol
tools/compresSmol/compresSmol -w build/assets/graphics/pokemon/tauros/paldea_blaze/front.png.4bpp build/assets/graphics/pokemon/tauros/paldea_blaze/front.png.4bpp.smol
tools/compresSmol/compresSmol -w build/assets/graphics/pokemon/tauros/paldea_blaze/overworld.png_mwidth_4__mheight_4.4bpp build/assets/graphics/pokemon/tauros/paldea_blaze/overworld.png_mwidth_4__mheight_4.4bpp.smol
tools/compresSmol/compresSmol -w build/assets/graphics/pokemon/tauros/paldea_combat/back.png.4bpp build/assets/graphics/pokemon/tauros/paldea_combat/back.png.4bpp.smol
tools/compresSmol/compresSmol -w build/assets/graphics/pokemon/tauros/paldea_combat/front.png.4bpp build/assets/graphics/pokemon/tauros/paldea_combat/front.png.4bpp.smol
tools/compresSmol/compresSmol -w build/assets/graphics/pokemon/tauros/paldea_combat/overworld.png_mwidth_4__mheight_4.4bpp build/assets/graphics/pokemon/tauros/paldea_combat/overworld.png_mwidth_4__mheight_4.4bpp.smol
tools/compresSmol/compresSmol -w build/assets/graphics/pokemon/teddiursa/anim_front.png.4bpp build/assets/graphics/pokemon/teddiursa/anim_front.png.4bpp.smol
tools/compresSmol/compresSmol -w build/assets/graphics/pokemon/teddiursa/anim_front_gba.png.4bpp build/assets/graphics/pokemon/teddiursa/anim_front_gba.png.4bpp.smol
tools/compresSmol/compresSmol -w build/assets/graphics/pokemon/teddiursa/back.png.4bpp build/assets/graphics/pokemon/teddiursa/back.png.4bpp.smol
tools/compresSmol/compresSmol -w build/assets/graphics/pokemon/teddiursa/back_gba.png.4bpp build/assets/graphics/pokemon/teddiursa/back_gba.png.4bpp.smol
tools/compresSmol/compresSmol -w build/assets/graphics/pokemon/teddiursa/overworld.png_mwidth_4__mheight_4.4bpp build/assets/graphics/pokemon/teddiursa/overworld.png_mwidth_4__mheight_4.4bpp.smol
tools/compresSmol/compresSmol -w build/assets/graphics/pokemon/tentacool/anim_front.png.4bpp build/assets/graphics/pokemon/tentacool/anim_front.png.4bpp.smol
tools/compresSmol/compresSmol -w build/assets/graphics/pokemon/tentacool/anim_front_gba.png.4bpp build/assets/graphics/pokemon/tentacool/anim_front_gba.png.4bpp.smol
tools/compresSmol/compresSmol -w build/assets/graphics/pokemon/tentacool/back.png.4bpp build/assets/graphics/pokemon/tentacool/back.png.4bpp.smol
tools/compresSmol/compresSmol -w build/assets/graphics/pokemon/tentacool/back_gba.png.4bpp build/assets/graphics/pokemon/tentacool/back_gba.png.4bpp.smol
tools/compresSmol/compresSmol -w build/assets/graphics/pokemon/tentacool/overworld.png_mwidth_4__mheight_4.4bpp build/assets/graphics/pokemon/tentacool/overworld.png_mwidth_4__mheight_4.4bpp.smol
tools/compresSmol/compresSmol -w build/assets/graphics/pokemon/tentacruel/anim_front.png.4bpp build/assets/graphics/pokemon/tentacruel/anim_front.png.4bpp.smol
tools/compresSmol/compresSmol -w build/assets/graphics/pokemon/tentacruel/anim_front_gba.png.4bpp build/assets/graphics/pokemon/tentacruel/anim_front_gba.png.4bpp.smol
tools/compresSmol/compresSmol -w build/assets/graphics/pokemon/tentacruel/back.png.4bpp build/assets/graphics/pokemon/tentacruel/back.png.4bpp.smol
tools/compresSmol/compresSmol -w build/assets/graphics/pokemon/tentacruel/back_gba.png.4bpp build/assets/graphics/pokemon/tentacruel/back_gba.png.4bpp.smol
tools/compresSmol/compresSmol -w build/assets/graphics/pokemon/tentacruel/overworld.png_mwidth_4__mheight_4.4bpp build/assets/graphics/pokemon/tentacruel/overworld.png_mwidth_4__mheight_4.4bpp.smol
tools/compresSmol/compresSmol -w build/assets/graphics/pokemon/tepig/anim_front.png.4bpp build/assets/graphics/pokemon/tepig/anim_front.png.4bpp.smol
tools/compresSmol/compresSmol -w build/assets/graphics/pokemon/tepig/back.png.4bpp build/assets/graphics/pokemon/tepig/back.png.4bpp.smol
tools/compresSmol/compresSmol -w build/assets/graphics/pokemon/tepig/overworld.png_mwidth_4__mheight_4.4bpp build/assets/graphics/pokemon/tepig/overworld.png_mwidth_4__mheight_4.4bpp.smol
tools/compresSmol/compresSmol -w build/assets/graphics/pokemon/terapagos/back.png.4bpp build/assets/graphics/pokemon/terapagos/back.png.4bpp.smol
tools/compresSmol/compresSmol -w build/assets/graphics/pokemon/terapagos/front.png.4bpp build/assets/graphics/pokemon/terapagos/front.png.4bpp.smol
tools/compresSmol/compresSmol -w build/assets/graphics/pokemon/terapagos/overworld.png_mwidth_4__mheight_4.4bpp build/assets/graphics/pokemon/terapagos/overworld.png_mwidth_4__mheight_4.4bpp.smol
tools/compresSmol/compresSmol -w build/assets/graphics/pokemon/terapagos/stellar/back.png.4bpp build/assets/graphics/pokemon/terapagos/stellar/back.png.4bpp.smol
tools/compresSmol/compresSmol -w build/assets/graphics/pokemon/terapagos/stellar/front.png.4bpp build/assets/graphics/pokemon/terapagos/stellar/front.png.4bpp.smol
tools/compresSmol/compresSmol -w build/assets/graphics/pokemon/terapagos/terastal/back.png.4bpp build/assets/graphics/pokemon/terapagos/terastal/back.png.4bpp.smol
tools/compresSmol/compresSmol -w build/assets/graphics/pokemon/terapagos/terastal/front.png.4bpp build/assets/graphics/pokemon/terapagos/terastal/front.png.4bpp.smol
tools/compresSmol/compresSmol -w build/assets/graphics/pokemon/terapagos/terastal/overworld.png_mwidth_4__mheight_4.4bpp build/assets/graphics/pokemon/terapagos/terastal/overworld.png_mwidth_4__mheight_4.4bpp.smol
tools/compresSmol/compresSmol -w build/assets/graphics/pokemon/terrakion/anim_front.png.4bpp build/assets/graphics/pokemon/terrakion/anim_front.png.4bpp.smol
tools/compresSmol/compresSmol -w build/assets/graphics/pokemon/terrakion/back.png.4bpp build/assets/graphics/pokemon/terrakion/back.png.4bpp.smol
tools/compresSmol/compresSmol -w build/assets/graphics/pokemon/terrakion/overworld.png_mwidth_4__mheight_4.4bpp build/assets/graphics/pokemon/terrakion/overworld.png_mwidth_4__mheight_4.4bpp.smol
tools/compresSmol/compresSmol -w build/assets/graphics/pokemon/thievul/back.png.4bpp build/assets/graphics/pokemon/thievul/back.png.4bpp.smol
tools/compresSmol/compresSmol -w build/assets/graphics/pokemon/thievul/front.png.4bpp build/assets/graphics/pokemon/thievul/front.png.4bpp.smol
tools/compresSmol/compresSmol -w build/assets/graphics/pokemon/thievul/overworld.png_mwidth_4__mheight_4.4bpp build/assets/graphics/pokemon/thievul/overworld.png_mwidth_4__mheight_4.4bpp.smol
tools/compresSmol/compresSmol -w build/assets/graphics/pokemon/throh/anim_front.png.4bpp build/assets/graphics/pokemon/throh/anim_front.png.4bpp.smol
tools/compresSmol/compresSmol -w build/assets/graphics/pokemon/throh/back.png.4bpp build/assets/graphics/pokemon/throh/back.png.4bpp.smol
tools/compresSmol/compresSmol -w build/assets/graphics/pokemon/throh/overworld.png_mwidth_4__mheight_4.4bpp build/assets/graphics/pokemon/throh/overworld.png_mwidth_4__mheight_4.4bpp.smol
tools/compresSmol/compresSmol -w build/assets/graphics/pokemon/thundurus/anim_front.png.4bpp build/assets/graphics/pokemon/thundurus/anim_front.png.4bpp.smol
tools/compresSmol/compresSmol -w build/assets/graphics/pokemon/thundurus/back.png.4bpp build/assets/graphics/pokemon/thundurus/back.png.4bpp.smol
tools/compresSmol/compresSmol -w build/assets/graphics/pokemon/thundurus/overworld.png_mwidth_4__mheight_4.4bpp build/assets/graphics/pokemon/thundurus/overworld.png_mwidth_4__mheight_4.4bpp.smol
tools/compresSmol/compresSmol -w build/assets/graphics/pokemon/thundurus/therian/anim_front.png.4bpp build/assets/graphics/pokemon/thundurus/therian/anim_front.png.4bpp.smol
tools/compresSmol/compresSmol -w build/assets/graphics/pokemon/thundurus/therian/back.png.4bpp build/assets/graphics/pokemon/thundurus/therian/back.png.4bpp.smol
tools/compresSmol/compresSmol -w build/assets/graphics/pokemon/thundurus/therian/overworld.png_mwidth_8__mheight_8.4bpp build/assets/graphics/pokemon/thundurus/therian/overworld.png_mwidth_8__mheight_8.4bpp.smol
tools/compresSmol/compresSmol -w build/assets/graphics/pokemon/thwackey/back.png.4bpp build/assets/graphics/pokemon/thwackey/back.png.4bpp.smol
tools/compresSmol/compresSmol -w build/assets/graphics/pokemon/thwackey/front.png.4bpp build/assets/graphics/pokemon/thwackey/front.png.4bpp.smol
tools/compresSmol/compresSmol -w build/assets/graphics/pokemon/thwackey/overworld.png_mwidth_4__mheight_4.4bpp build/assets/graphics/pokemon/thwackey/overworld.png_mwidth_4__mheight_4.4bpp.smol
tools/compresSmol/compresSmol -w build/assets/graphics/pokemon/timburr/anim_front.png.4bpp build/assets/graphics/pokemon/timburr/anim_front.png.4bpp.smol
tools/compresSmol/compresSmol -w build/assets/graphics/pokemon/timburr/back.png.4bpp build/assets/graphics/pokemon/timburr/back.png.4bpp.smol
tools/compresSmol/compresSmol -w build/assets/graphics/pokemon/timburr/overworld.png_mwidth_4__mheight_4.4bpp build/assets/graphics/pokemon/timburr/overworld.png_mwidth_4__mheight_4.4bpp.smol
tools/compresSmol/compresSmol -w build/assets/graphics/pokemon/ting_lu/back.png.4bpp build/assets/graphics/pokemon/ting_lu/back.png.4bpp.smol
tools/compresSmol/compresSmol -w build/assets/graphics/pokemon/ting_lu/front.png.4bpp build/assets/graphics/pokemon/ting_lu/front.png.4bpp.smol
tools/compresSmol/compresSmol -w build/assets/graphics/pokemon/ting_lu/overworld.png_mwidth_4__mheight_4.4bpp build/assets/graphics/pokemon/ting_lu/overworld.png_mwidth_4__mheight_4.4bpp.smol
tools/compresSmol/compresSmol -w build/assets/graphics/pokemon/tinkatink/back.png.4bpp build/assets/graphics/pokemon/tinkatink/back.png.4bpp.smol
tools/compresSmol/compresSmol -w build/assets/graphics/pokemon/tinkatink/front.png.4bpp build/assets/graphics/pokemon/tinkatink/front.png.4bpp.smol
tools/compresSmol/compresSmol -w build/assets/graphics/pokemon/tinkatink/overworld.png_mwidth_4__mheight_4.4bpp build/assets/graphics/pokemon/tinkatink/overworld.png_mwidth_4__mheight_4.4bpp.smol
tools/compresSmol/compresSmol -w build/assets/graphics/pokemon/tinkaton/back.png.4bpp build/assets/graphics/pokemon/tinkaton/back.png.4bpp.smol
tools/compresSmol/compresSmol -w build/assets/graphics/pokemon/tinkaton/front.png.4bpp build/assets/graphics/pokemon/tinkaton/front.png.4bpp.smol
tools/compresSmol/compresSmol -w build/assets/graphics/pokemon/tinkaton/overworld.png_mwidth_4__mheight_4.4bpp build/assets/graphics/pokemon/tinkaton/overworld.png_mwidth_4__mheight_4.4bpp.smol
tools/compresSmol/compresSmol -w build/assets/graphics/pokemon/tinkatuff/back.png.4bpp build/assets/graphics/pokemon/tinkatuff/back.png.4bpp.smol
tools/compresSmol/compresSmol -w build/assets/graphics/pokemon/tinkatuff/front.png.4bpp build/assets/graphics/pokemon/tinkatuff/front.png.4bpp.smol
tools/compresSmol/compresSmol -w build/assets/graphics/pokemon/tinkatuff/overworld.png_mwidth_4__mheight_4.4bpp build/assets/graphics/pokemon/tinkatuff/overworld.png_mwidth_4__mheight_4.4bpp.smol
tools/compresSmol/compresSmol -w build/assets/graphics/pokemon/tirtouga/anim_front.png.4bpp build/assets/graphics/pokemon/tirtouga/anim_front.png.4bpp.smol
tools/compresSmol/compresSmol -w build/assets/graphics/pokemon/tirtouga/back.png.4bpp build/assets/graphics/pokemon/tirtouga/back.png.4bpp.smol
tools/compresSmol/compresSmol -w build/assets/graphics/pokemon/tirtouga/overworld.png_mwidth_4__mheight_4.4bpp build/assets/graphics/pokemon/tirtouga/overworld.png_mwidth_4__mheight_4.4bpp.smol
tools/compresSmol/compresSmol -w build/assets/graphics/pokemon/toedscool/back.png.4bpp build/assets/graphics/pokemon/toedscool/back.png.4bpp.smol
tools/compresSmol/compresSmol -w build/assets/graphics/pokemon/toedscool/front.png.4bpp build/assets/graphics/pokemon/toedscool/front.png.4bpp.smol
tools/compresSmol/compresSmol -w build/assets/graphics/pokemon/toedscool/overworld.png_mwidth_4__mheight_4.4bpp build/assets/graphics/pokemon/toedscool/overworld.png_mwidth_4__mheight_4.4bpp.smol
tools/compresSmol/compresSmol -w build/assets/graphics/pokemon/toedscruel/back.png.4bpp build/assets/graphics/pokemon/toedscruel/back.png.4bpp.smol
tools/compresSmol/compresSmol -w build/assets/graphics/pokemon/toedscruel/front.png.4bpp build/assets/graphics/pokemon/toedscruel/front.png.4bpp.smol
tools/compresSmol/compresSmol -w build/assets/graphics/pokemon/toedscruel/overworld.png_mwidth_4__mheight_4.4bpp build/assets/graphics/pokemon/toedscruel/overworld.png_mwidth_4__mheight_4.4bpp.smol
tools/compresSmol/compresSmol -w build/assets/graphics/pokemon/togedemaru/anim_front.png.4bpp build/assets/graphics/pokemon/togedemaru/anim_front.png.4bpp.smol
tools/compresSmol/compresSmol -w build/assets/graphics/pokemon/togedemaru/back.png.4bpp build/assets/graphics/pokemon/togedemaru/back.png.4bpp.smol
tools/compresSmol/compresSmol -w build/assets/graphics/pokemon/togedemaru/overworld.png_mwidth_4__mheight_4.4bpp build/assets/graphics/pokemon/togedemaru/overworld.png_mwidth_4__mheight_4.4bpp.smol
tools/compresSmol/compresSmol -w build/assets/graphics/pokemon/togekiss/anim_front.png.4bpp build/assets/graphics/pokemon/togekiss/anim_front.png.4bpp.smol
tools/compresSmol/compresSmol -w build/assets/graphics/pokemon/togekiss/back.png.4bpp build/assets/graphics/pokemon/togekiss/back.png.4bpp.smol
tools/compresSmol/compresSmol -w build/assets/graphics/pokemon/togekiss/overworld.png_mwidth_4__mheight_4.4bpp build/assets/graphics/pokemon/togekiss/overworld.png_mwidth_4__mheight_4.4bpp.smol
tools/compresSmol/compresSmol -w build/assets/graphics/pokemon/togepi/anim_front.png.4bpp build/assets/graphics/pokemon/togepi/anim_front.png.4bpp.smol
tools/compresSmol/compresSmol -w build/assets/graphics/pokemon/togepi/anim_front_gba.png.4bpp build/assets/graphics/pokemon/togepi/anim_front_gba.png.4bpp.smol
tools/compresSmol/compresSmol -w build/assets/graphics/pokemon/togepi/back.png.4bpp build/assets/graphics/pokemon/togepi/back.png.4bpp.smol
tools/compresSmol/compresSmol -w build/assets/graphics/pokemon/togepi/back_gba.png.4bpp build/assets/graphics/pokemon/togepi/back_gba.png.4bpp.smol
tools/compresSmol/compresSmol -w build/assets/graphics/pokemon/togepi/overworld.png_mwidth_4__mheight_4.4bpp build/assets/graphics/pokemon/togepi/overworld.png_mwidth_4__mheight_4.4bpp.smol
tools/compresSmol/compresSmol -w build/assets/graphics/pokemon/togetic/anim_front.png.4bpp build/assets/graphics/pokemon/togetic/anim_front.png.4bpp.smol
tools/compresSmol/compresSmol -w build/assets/graphics/pokemon/togetic/anim_front_gba.png.4bpp build/assets/graphics/pokemon/togetic/anim_front_gba.png.4bpp.smol
tools/compresSmol/compresSmol -w build/assets/graphics/pokemon/togetic/back.png.4bpp build/assets/graphics/pokemon/togetic/back.png.4bpp.smol
tools/compresSmol/compresSmol -w build/assets/graphics/pokemon/togetic/back_gba.png.4bpp build/assets/graphics/pokemon/togetic/back_gba.png.4bpp.smol
tools/compresSmol/compresSmol -w build/assets/graphics/pokemon/togetic/overworld.png_mwidth_4__mheight_4.4bpp build/assets/graphics/pokemon/togetic/overworld.png_mwidth_4__mheight_4.4bpp.smol
tools/compresSmol/compresSmol -w build/assets/graphics/pokemon/torchic/anim_front.png.4bpp build/assets/graphics/pokemon/torchic/anim_front.png.4bpp.smol
tools/compresSmol/compresSmol -w build/assets/graphics/pokemon/torchic/anim_front_gba.png.4bpp build/assets/graphics/pokemon/torchic/anim_front_gba.png.4bpp.smol
tools/compresSmol/compresSmol -w build/assets/graphics/pokemon/torchic/back.png.4bpp build/assets/graphics/pokemon/torchic/back.png.4bpp.smol
tools/compresSmol/compresSmol -w build/assets/graphics/pokemon/torchic/back_gba.png.4bpp build/assets/graphics/pokemon/torchic/back_gba.png.4bpp.smol
tools/compresSmol/compresSmol -w build/assets/graphics/pokemon/torchic/backf.png.4bpp build/assets/graphics/pokemon/torchic/backf.png.4bpp.smol
tools/compresSmol/compresSmol -w build/assets/graphics/pokemon/torchic/overworld.png_mwidth_4__mheight_4.4bpp build/assets/graphics/pokemon/torchic/overworld.png_mwidth_4__mheight_4.4bpp.smol
tools/compresSmol/compresSmol -w build/assets/graphics/pokemon/torchic/overworldf.png_mwidth_4__mheight_4.4bpp build/assets/graphics/pokemon/torchic/overworldf.png_mwidth_4__mheight_4.4bpp.smol
tools/compresSmol/compresSmol -w build/assets/graphics/pokemon/torkoal/anim_front.png.4bpp build/assets/graphics/pokemon/torkoal/anim_front.png.4bpp.smol
tools/compresSmol/compresSmol -w build/assets/graphics/pokemon/torkoal/anim_front_gba.png.4bpp build/assets/graphics/pokemon/torkoal/anim_front_gba.png.4bpp.smol
tools/compresSmol/compresSmol -w build/assets/graphics/pokemon/torkoal/back.png.4bpp build/assets/graphics/pokemon/torkoal/back.png.4bpp.smol
tools/compresSmol/compresSmol -w build/assets/graphics/pokemon/torkoal/back_gba.png.4bpp build/assets/graphics/pokemon/torkoal/back_gba.png.4bpp.smol
tools/compresSmol/compresSmol -w build/assets/graphics/pokemon/torkoal/overworld.png_mwidth_4__mheight_4.4bpp build/assets/graphics/pokemon/torkoal/overworld.png_mwidth_4__mheight_4.4bpp.smol
tools/compresSmol/compresSmol -w build/assets/graphics/pokemon/tornadus/anim_front.png.4bpp build/assets/graphics/pokemon/tornadus/anim_front.png.4bpp.smol
tools/compresSmol/compresSmol -w build/assets/graphics/pokemon/tornadus/back.png.4bpp build/assets/graphics/pokemon/tornadus/back.png.4bpp.smol
tools/compresSmol/compresSmol -w build/assets/graphics/pokemon/tornadus/overworld.png_mwidth_4__mheight_4.4bpp build/assets/graphics/pokemon/tornadus/overworld.png_mwidth_4__mheight_4.4bpp.smol
tools/compresSmol/compresSmol -w build/assets/graphics/pokemon/tornadus/therian/anim_front.png.4bpp build/assets/graphics/pokemon/tornadus/therian/anim_front.png.4bpp.smol
tools/compresSmol/compresSmol -w build/assets/graphics/pokemon/tornadus/therian/back.png.4bpp build/assets/graphics/pokemon/tornadus/therian/back.png.4bpp.smol
tools/compresSmol/compresSmol -w build/assets/graphics/pokemon/tornadus/therian/overworld.png_mwidth_8__mheight_8.4bpp build/assets/graphics/pokemon/tornadus/therian/overworld.png_mwidth_8__mheight_8.4bpp.smol
tools/compresSmol/compresSmol -w build/assets/graphics/pokemon/torracat/anim_front.png.4bpp build/assets/graphics/pokemon/torracat/anim_front.png.4bpp.smol
tools/compresSmol/compresSmol -w build/assets/graphics/pokemon/torracat/back.png.4bpp build/assets/graphics/pokemon/torracat/back.png.4bpp.smol
tools/compresSmol/compresSmol -w build/assets/graphics/pokemon/torracat/overworld.png_mwidth_4__mheight_4.4bpp build/assets/graphics/pokemon/torracat/overworld.png_mwidth_4__mheight_4.4bpp.smol
tools/compresSmol/compresSmol -w build/assets/graphics/pokemon/torterra/anim_front.png.4bpp build/assets/graphics/pokemon/torterra/anim_front.png.4bpp.smol
tools/compresSmol/compresSmol -w build/assets/graphics/pokemon/torterra/back.png.4bpp build/assets/graphics/pokemon/torterra/back.png.4bpp.smol
tools/compresSmol/compresSmol -w build/assets/graphics/pokemon/torterra/overworld.png_mwidth_4__mheight_4.4bpp build/assets/graphics/pokemon/torterra/overworld.png_mwidth_4__mheight_4.4bpp.smol
tools/compresSmol/compresSmol -w build/assets/graphics/pokemon/totodile/anim_front.png.4bpp build/assets/graphics/pokemon/totodile/anim_front.png.4bpp.smol
tools/compresSmol/compresSmol -w build/assets/graphics/pokemon/totodile/anim_front_gba.png.4bpp build/assets/graphics/pokemon/totodile/anim_front_gba.png.4bpp.smol
tools/compresSmol/compresSmol -w build/assets/graphics/pokemon/totodile/back.png.4bpp build/assets/graphics/pokemon/totodile/back.png.4bpp.smol
tools/compresSmol/compresSmol -w build/assets/graphics/pokemon/totodile/back_gba.png.4bpp build/assets/graphics/pokemon/totodile/back_gba.png.4bpp.smol
tools/compresSmol/compresSmol -w build/assets/graphics/pokemon/totodile/overworld.png_mwidth_4__mheight_4.4bpp build/assets/graphics/pokemon/totodile/overworld.png_mwidth_4__mheight_4.4bpp.smol
tools/compresSmol/compresSmol -w build/assets/graphics/pokemon/toucannon/anim_front.png.4bpp build/assets/graphics/pokemon/toucannon/anim_front.png.4bpp.smol
tools/compresSmol/compresSmol -w build/assets/graphics/pokemon/toucannon/back.png.4bpp build/assets/graphics/pokemon/toucannon/back.png.4bpp.smol
tools/compresSmol/compresSmol -w build/assets/graphics/pokemon/toucannon/overworld.png_mwidth_4__mheight_4.4bpp build/assets/graphics/pokemon/toucannon/overworld.png_mwidth_4__mheight_4.4bpp.smol
tools/compresSmol/compresSmol -w build/assets/graphics/pokemon/toxapex/anim_front.png.4bpp build/assets/graphics/pokemon/toxapex/anim_front.png.4bpp.smol
tools/compresSmol/compresSmol -w build/assets/graphics/pokemon/toxapex/back.png.4bpp build/assets/graphics/pokemon/toxapex/back.png.4bpp.smol
tools/compresSmol/compresSmol -w build/assets/graphics/pokemon/toxapex/overworld.png_mwidth_4__mheight_4.4bpp build/assets/graphics/pokemon/toxapex/overworld.png_mwidth_4__mheight_4.4bpp.smol
tools/compresSmol/compresSmol -w build/assets/graphics/pokemon/toxel/back.png.4bpp build/assets/graphics/pokemon/toxel/back.png.4bpp.smol
tools/compresSmol/compresSmol -w build/assets/graphics/pokemon/toxel/front.png.4bpp build/assets/graphics/pokemon/toxel/front.png.4bpp.smol
tools/compresSmol/compresSmol -w build/assets/graphics/pokemon/toxel/overworld.png_mwidth_4__mheight_4.4bpp build/assets/graphics/pokemon/toxel/overworld.png_mwidth_4__mheight_4.4bpp.smol
tools/compresSmol/compresSmol -w build/assets/graphics/pokemon/toxicroak/anim_front.png.4bpp build/assets/graphics/pokemon/toxicroak/anim_front.png.4bpp.smol
tools/compresSmol/compresSmol -w build/assets/graphics/pokemon/toxicroak/anim_frontf.png.4bpp build/assets/graphics/pokemon/toxicroak/anim_frontf.png.4bpp.smol
tools/compresSmol/compresSmol -w build/assets/graphics/pokemon/toxicroak/back.png.4bpp build/assets/graphics/pokemon/toxicroak/back.png.4bpp.smol
tools/compresSmol/compresSmol -w build/assets/graphics/pokemon/toxicroak/backf.png.4bpp build/assets/graphics/pokemon/toxicroak/backf.png.4bpp.smol
tools/compresSmol/compresSmol -w build/assets/graphics/pokemon/toxicroak/overworld.png_mwidth_4__mheight_4.4bpp build/assets/graphics/pokemon/toxicroak/overworld.png_mwidth_4__mheight_4.4bpp.smol
tools/compresSmol/compresSmol -w build/assets/graphics/pokemon/toxicroak/overworldf.png_mwidth_4__mheight_4.4bpp build/assets/graphics/pokemon/toxicroak/overworldf.png_mwidth_4__mheight_4.4bpp.smol
tools/compresSmol/compresSmol -w build/assets/graphics/pokemon/toxtricity/back.png.4bpp build/assets/graphics/pokemon/toxtricity/back.png.4bpp.smol
tools/compresSmol/compresSmol -w build/assets/graphics/pokemon/toxtricity/front.png.4bpp build/assets/graphics/pokemon/toxtricity/front.png.4bpp.smol
tools/compresSmol/compresSmol -w build/assets/graphics/pokemon/toxtricity/gmax/back.png.4bpp build/assets/graphics/pokemon/toxtricity/gmax/back.png.4bpp.smol
tools/compresSmol/compresSmol -w build/assets/graphics/pokemon/toxtricity/gmax/front.png.4bpp build/assets/graphics/pokemon/toxtricity/gmax/front.png.4bpp.smol
tools/compresSmol/compresSmol -w build/assets/graphics/pokemon/toxtricity/low_key/back.png.4bpp build/assets/graphics/pokemon/toxtricity/low_key/back.png.4bpp.smol
tools/compresSmol/compresSmol -w build/assets/graphics/pokemon/toxtricity/low_key/front.png.4bpp build/assets/graphics/pokemon/toxtricity/low_key/front.png.4bpp.smol
tools/compresSmol/compresSmol -w build/assets/graphics/pokemon/toxtricity/low_key/overworld.png_mwidth_4__mheight_4.4bpp build/assets/graphics/pokemon/toxtricity/low_key/overworld.png_mwidth_4__mheight_4.4bpp.smol
tools/compresSmol/compresSmol -w build/assets/graphics/pokemon/toxtricity/overworld.png_mwidth_4__mheight_4.4bpp build/assets/graphics/pokemon/toxtricity/overworld.png_mwidth_4__mheight_4.4bpp.smol
tools/compresSmol/compresSmol -w build/assets/graphics/pokemon/tranquill/anim_front.png.4bpp build/assets/graphics/pokemon/tranquill/anim_front.png.4bpp.smol
tools/compresSmol/compresSmol -w build/assets/graphics/pokemon/tranquill/back.png.4bpp build/assets/graphics/pokemon/tranquill/back.png.4bpp.smol
tools/compresSmol/compresSmol -w build/assets/graphics/pokemon/tranquill/overworld.png_mwidth_4__mheight_4.4bpp build/assets/graphics/pokemon/tranquill/overworld.png_mwidth_4__mheight_4.4bpp.smol
tools/compresSmol/compresSmol -w build/assets/graphics/pokemon/trapinch/anim_front.png.4bpp build/assets/graphics/pokemon/trapinch/anim_front.png.4bpp.smol
tools/compresSmol/compresSmol -w build/assets/graphics/pokemon/trapinch/anim_front_gba.png.4bpp build/assets/graphics/pokemon/trapinch/anim_front_gba.png.4bpp.smol
tools/compresSmol/compresSmol -w build/assets/graphics/pokemon/trapinch/back.png.4bpp build/assets/graphics/pokemon/trapinch/back.png.4bpp.smol
tools/compresSmol/compresSmol -w build/assets/graphics/pokemon/trapinch/back_gba.png.4bpp build/assets/graphics/pokemon/trapinch/back_gba.png.4bpp.smol
tools/compresSmol/compresSmol -w build/assets/graphics/pokemon/trapinch/overworld.png_mwidth_4__mheight_4.4bpp build/assets/graphics/pokemon/trapinch/overworld.png_mwidth_4__mheight_4.4bpp.smol
tools/compresSmol/compresSmol -w build/assets/graphics/pokemon/treecko/anim_front.png.4bpp build/assets/graphics/pokemon/treecko/anim_front.png.4bpp.smol
tools/compresSmol/compresSmol -w build/assets/graphics/pokemon/treecko/anim_front_gba.png.4bpp build/assets/graphics/pokemon/treecko/anim_front_gba.png.4bpp.smol
tools/compresSmol/compresSmol -w build/assets/graphics/pokemon/treecko/back.png.4bpp build/assets/graphics/pokemon/treecko/back.png.4bpp.smol
tools/compresSmol/compresSmol -w build/assets/graphics/pokemon/treecko/back_gba.png.4bpp build/assets/graphics/pokemon/treecko/back_gba.png.4bpp.smol
tools/compresSmol/compresSmol -w build/assets/graphics/pokemon/treecko/overworld.png_mwidth_4__mheight_4.4bpp build/assets/graphics/pokemon/treecko/overworld.png_mwidth_4__mheight_4.4bpp.smol
tools/compresSmol/compresSmol -w build/assets/graphics/pokemon/trevenant/anim_front.png.4bpp build/assets/graphics/pokemon/trevenant/anim_front.png.4bpp.smol
tools/compresSmol/compresSmol -w build/assets/graphics/pokemon/trevenant/back.png.4bpp build/assets/graphics/pokemon/trevenant/back.png.4bpp.smol
tools/compresSmol/compresSmol -w build/assets/graphics/pokemon/trevenant/overworld.png_mwidth_4__mheight_4.4bpp build/assets/graphics/pokemon/trevenant/overworld.png_mwidth_4__mheight_4.4bpp.smol
tools/compresSmol/compresSmol -w build/assets/graphics/pokemon/tropius/anim_front.png.4bpp build/assets/graphics/pokemon/tropius/anim_front.png.4bpp.smol
tools/compresSmol/compresSmol -w build/assets/graphics/pokemon/tropius/anim_front_gba.png.4bpp build/assets/graphics/pokemon/tropius/anim_front_gba.png.4bpp.smol
tools/compresSmol/compresSmol -w build/assets/graphics/pokemon/tropius/back.png.4bpp build/assets/graphics/pokemon/tropius/back.png.4bpp.smol
tools/compresSmol/compresSmol -w build/assets/graphics/pokemon/tropius/back_gba.png.4bpp build/assets/graphics/pokemon/tropius/back_gba.png.4bpp.smol
tools/compresSmol/compresSmol -w build/assets/graphics/pokemon/tropius/overworld.png_mwidth_4__mheight_4.4bpp build/assets/graphics/pokemon/tropius/overworld.png_mwidth_4__mheight_4.4bpp.smol
tools/compresSmol/compresSmol -w build/assets/graphics/pokemon/trubbish/anim_front.png.4bpp build/assets/graphics/pokemon/trubbish/anim_front.png.4bpp.smol
tools/compresSmol/compresSmol -w build/assets/graphics/pokemon/trubbish/back.png.4bpp build/assets/graphics/pokemon/trubbish/back.png.4bpp.smol
tools/compresSmol/compresSmol -w build/assets/graphics/pokemon/trubbish/overworld.png_mwidth_4__mheight_4.4bpp build/assets/graphics/pokemon/trubbish/overworld.png_mwidth_4__mheight_4.4bpp.smol
tools/compresSmol/compresSmol -w build/assets/graphics/pokemon/trumbeak/anim_front.png.4bpp build/assets/graphics/pokemon/trumbeak/anim_front.png.4bpp.smol
tools/compresSmol/compresSmol -w build/assets/graphics/pokemon/trumbeak/back.png.4bpp build/assets/graphics/pokemon/trumbeak/back.png.4bpp.smol
tools/compresSmol/compresSmol -w build/assets/graphics/pokemon/trumbeak/overworld.png_mwidth_4__mheight_4.4bpp build/assets/graphics/pokemon/trumbeak/overworld.png_mwidth_4__mheight_4.4bpp.smol
tools/compresSmol/compresSmol -w build/assets/graphics/pokemon/tsareena/anim_front.png.4bpp build/assets/graphics/pokemon/tsareena/anim_front.png.4bpp.smol
tools/compresSmol/compresSmol -w build/assets/graphics/pokemon/tsareena/back.png.4bpp build/assets/graphics/pokemon/tsareena/back.png.4bpp.smol
tools/compresSmol/compresSmol -w build/assets/graphics/pokemon/tsareena/overworld.png_mwidth_4__mheight_4.4bpp build/assets/graphics/pokemon/tsareena/overworld.png_mwidth_4__mheight_4.4bpp.smol
tools/compresSmol/compresSmol -w build/assets/graphics/pokemon/turtonator/anim_front.png.4bpp build/assets/graphics/pokemon/turtonator/anim_front.png.4bpp.smol
tools/compresSmol/compresSmol -w build/assets/graphics/pokemon/turtonator/back.png.4bpp build/assets/graphics/pokemon/turtonator/back.png.4bpp.smol
tools/compresSmol/compresSmol -w build/assets/graphics/pokemon/turtonator/overworld.png_mwidth_4__mheight_4.4bpp build/assets/graphics/pokemon/turtonator/overworld.png_mwidth_4__mheight_4.4bpp.smol
tools/compresSmol/compresSmol -w build/assets/graphics/pokemon/turtwig/anim_front.png.4bpp build/assets/graphics/pokemon/turtwig/anim_front.png.4bpp.smol
tools/compresSmol/compresSmol -w build/assets/graphics/pokemon/turtwig/back.png.4bpp build/assets/graphics/pokemon/turtwig/back.png.4bpp.smol
tools/compresSmol/compresSmol -w build/assets/graphics/pokemon/turtwig/overworld.png_mwidth_4__mheight_4.4bpp build/assets/graphics/pokemon/turtwig/overworld.png_mwidth_4__mheight_4.4bpp.smol
tools/compresSmol/compresSmol -w build/assets/graphics/pokemon/tympole/anim_front.png.4bpp build/assets/graphics/pokemon/tympole/anim_front.png.4bpp.smol
tools/compresSmol/compresSmol -w build/assets/graphics/pokemon/tympole/back.png.4bpp build/assets/graphics/pokemon/tympole/back.png.4bpp.smol
tools/compresSmol/compresSmol -w build/assets/graphics/pokemon/tympole/overworld.png_mwidth_4__mheight_4.4bpp build/assets/graphics/pokemon/tympole/overworld.png_mwidth_4__mheight_4.4bpp.smol
tools/compresSmol/compresSmol -w build/assets/graphics/pokemon/tynamo/anim_front.png.4bpp build/assets/graphics/pokemon/tynamo/anim_front.png.4bpp.smol
tools/compresSmol/compresSmol -w build/assets/graphics/pokemon/tynamo/back.png.4bpp build/assets/graphics/pokemon/tynamo/back.png.4bpp.smol
tools/compresSmol/compresSmol -w build/assets/graphics/pokemon/tynamo/overworld.png_mwidth_4__mheight_4.4bpp build/assets/graphics/pokemon/tynamo/overworld.png_mwidth_4__mheight_4.4bpp.smol
tools/compresSmol/compresSmol -w build/assets/graphics/pokemon/type_null/anim_front.png.4bpp build/assets/graphics/pokemon/type_null/anim_front.png.4bpp.smol
tools/compresSmol/compresSmol -w build/assets/graphics/pokemon/type_null/back.png.4bpp build/assets/graphics/pokemon/type_null/back.png.4bpp.smol
tools/compresSmol/compresSmol -w build/assets/graphics/pokemon/type_null/overworld.png_mwidth_4__mheight_4.4bpp build/assets/graphics/pokemon/type_null/overworld.png_mwidth_4__mheight_4.4bpp.smol
tools/compresSmol/compresSmol -w build/assets/graphics/pokemon/typhlosion/anim_front.png.4bpp build/assets/graphics/pokemon/typhlosion/anim_front.png.4bpp.smol
tools/compresSmol/compresSmol -w build/assets/graphics/pokemon/typhlosion/anim_front_gba.png.4bpp build/assets/graphics/pokemon/typhlosion/anim_front_gba.png.4bpp.smol
tools/compresSmol/compresSmol -w build/assets/graphics/pokemon/typhlosion/back.png.4bpp build/assets/graphics/pokemon/typhlosion/back.png.4bpp.smol
tools/compresSmol/compresSmol -w build/assets/graphics/pokemon/typhlosion/back_gba.png.4bpp build/assets/graphics/pokemon/typhlosion/back_gba.png.4bpp.smol
tools/compresSmol/compresSmol -w build/assets/graphics/pokemon/typhlosion/hisui/back.png.4bpp build/assets/graphics/pokemon/typhlosion/hisui/back.png.4bpp.smol
tools/compresSmol/compresSmol -w build/assets/graphics/pokemon/typhlosion/hisui/front.png.4bpp build/assets/graphics/pokemon/typhlosion/hisui/front.png.4bpp.smol
tools/compresSmol/compresSmol -w build/assets/graphics/pokemon/typhlosion/hisui/overworld.png_mwidth_4__mheight_4.4bpp build/assets/graphics/pokemon/typhlosion/hisui/overworld.png_mwidth_4__mheight_4.4bpp.smol
tools/compresSmol/compresSmol -w build/assets/graphics/pokemon/typhlosion/overworld.png_mwidth_4__mheight_4.4bpp build/assets/graphics/pokemon/typhlosion/overworld.png_mwidth_4__mheight_4.4bpp.smol
tools/compresSmol/compresSmol -w build/assets/graphics/pokemon/tyranitar/anim_front.png.4bpp build/assets/graphics/pokemon/tyranitar/anim_front.png.4bpp.smol
tools/compresSmol/compresSmol -w build/assets/graphics/pokemon/tyranitar/anim_front_gba.png.4bpp build/assets/graphics/pokemon/tyranitar/anim_front_gba.png.4bpp.smol
tools/compresSmol/compresSmol -w build/assets/graphics/pokemon/tyranitar/back.png.4bpp build/assets/graphics/pokemon/tyranitar/back.png.4bpp.smol
tools/compresSmol/compresSmol -w build/assets/graphics/pokemon/tyranitar/back_gba.png.4bpp build/assets/graphics/pokemon/tyranitar/back_gba.png.4bpp.smol
tools/compresSmol/compresSmol -w build/assets/graphics/pokemon/tyranitar/mega/back.png.4bpp build/assets/graphics/pokemon/tyranitar/mega/back.png.4bpp.smol
tools/compresSmol/compresSmol -w build/assets/graphics/pokemon/tyranitar/mega/front.png.4bpp build/assets/graphics/pokemon/tyranitar/mega/front.png.4bpp.smol
tools/compresSmol/compresSmol -w build/assets/graphics/pokemon/tyranitar/mega/overworld.png_mwidth_4__mheight_4.4bpp build/assets/graphics/pokemon/tyranitar/mega/overworld.png_mwidth_4__mheight_4.4bpp.smol
tools/compresSmol/compresSmol -w build/assets/graphics/pokemon/tyranitar/overworld.png_mwidth_4__mheight_4.4bpp build/assets/graphics/pokemon/tyranitar/overworld.png_mwidth_4__mheight_4.4bpp.smol
tools/compresSmol/compresSmol -w build/assets/graphics/pokemon/tyrantrum/anim_front.png.4bpp build/assets/graphics/pokemon/tyrantrum/anim_front.png.4bpp.smol
tools/compresSmol/compresSmol -w build/assets/graphics/pokemon/tyrantrum/back.png.4bpp build/assets/graphics/pokemon/tyrantrum/back.png.4bpp.smol
tools/compresSmol/compresSmol -w build/assets/graphics/pokemon/tyrantrum/overworld.png_mwidth_4__mheight_4.4bpp build/assets/graphics/pokemon/tyrantrum/overworld.png_mwidth_4__mheight_4.4bpp.smol
tools/compresSmol/compresSmol -w build/assets/graphics/pokemon/tyrogue/anim_front.png.4bpp build/assets/graphics/pokemon/tyrogue/anim_front.png.4bpp.smol
tools/compresSmol/compresSmol -w build/assets/graphics/pokemon/tyrogue/anim_front_gba.png.4bpp build/assets/graphics/pokemon/tyrogue/anim_front_gba.png.4bpp.smol
tools/compresSmol/compresSmol -w build/assets/graphics/pokemon/tyrogue/back.png.4bpp build/assets/graphics/pokemon/tyrogue/back.png.4bpp.smol
tools/compresSmol/compresSmol -w build/assets/graphics/pokemon/tyrogue/back_gba.png.4bpp build/assets/graphics/pokemon/tyrogue/back_gba.png.4bpp.smol
tools/compresSmol/compresSmol -w build/assets/graphics/pokemon/tyrogue/overworld.png_mwidth_4__mheight_4.4bpp build/assets/graphics/pokemon/tyrogue/overworld.png_mwidth_4__mheight_4.4bpp.smol
tools/compresSmol/compresSmol -w build/assets/graphics/pokemon/tyrunt/anim_front.png.4bpp build/assets/graphics/pokemon/tyrunt/anim_front.png.4bpp.smol
tools/compresSmol/compresSmol -w build/assets/graphics/pokemon/tyrunt/back.png.4bpp build/assets/graphics/pokemon/tyrunt/back.png.4bpp.smol
tools/compresSmol/compresSmol -w build/assets/graphics/pokemon/tyrunt/overworld.png_mwidth_4__mheight_4.4bpp build/assets/graphics/pokemon/tyrunt/overworld.png_mwidth_4__mheight_4.4bpp.smol
tools/compresSmol/compresSmol -w build/assets/graphics/pokemon/umbreon/anim_front.png.4bpp build/assets/graphics/pokemon/umbreon/anim_front.png.4bpp.smol
tools/compresSmol/compresSmol -w build/assets/graphics/pokemon/umbreon/anim_front_gba.png.4bpp build/assets/graphics/pokemon/umbreon/anim_front_gba.png.4bpp.smol
tools/compresSmol/compresSmol -w build/assets/graphics/pokemon/umbreon/back.png.4bpp build/assets/graphics/pokemon/umbreon/back.png.4bpp.smol
tools/compresSmol/compresSmol -w build/assets/graphics/pokemon/umbreon/back_gba.png.4bpp build/assets/graphics/pokemon/umbreon/back_gba.png.4bpp.smol
tools/compresSmol/compresSmol -w build/assets/graphics/pokemon/umbreon/overworld.png_mwidth_4__mheight_4.4bpp build/assets/graphics/pokemon/umbreon/overworld.png_mwidth_4__mheight_4.4bpp.smol
tools/compresSmol/compresSmol -w build/assets/graphics/pokemon/unfezant/anim_front.png.4bpp build/assets/graphics/pokemon/unfezant/anim_front.png.4bpp.smol
tools/compresSmol/compresSmol -w build/assets/graphics/pokemon/unfezant/anim_frontf.png.4bpp build/assets/graphics/pokemon/unfezant/anim_frontf.png.4bpp.smol
tools/compresSmol/compresSmol -w build/assets/graphics/pokemon/unfezant/back.png.4bpp build/assets/graphics/pokemon/unfezant/back.png.4bpp.smol
tools/compresSmol/compresSmol -w build/assets/graphics/pokemon/unfezant/backf.png.4bpp build/assets/graphics/pokemon/unfezant/backf.png.4bpp.smol
tools/compresSmol/compresSmol -w build/assets/graphics/pokemon/unfezant/overworld.png_mwidth_4__mheight_4.4bpp build/assets/graphics/pokemon/unfezant/overworld.png_mwidth_4__mheight_4.4bpp.smol
tools/compresSmol/compresSmol -w build/assets/graphics/pokemon/unfezant/overworldf.png_mwidth_4__mheight_4.4bpp build/assets/graphics/pokemon/unfezant/overworldf.png_mwidth_4__mheight_4.4bpp.smol
tools/compresSmol/compresSmol -w build/assets/graphics/pokemon/unown/b/back.png.4bpp build/assets/graphics/pokemon/unown/b/back.png.4bpp.smol
tools/compresSmol/compresSmol -w build/assets/graphics/pokemon/unown/b/front.png.4bpp build/assets/graphics/pokemon/unown/b/front.png.4bpp.smol
tools/compresSmol/compresSmol -w build/assets/graphics/pokemon/unown/b/overworld.png_mwidth_4__mheight_4.4bpp build/assets/graphics/pokemon/unown/b/overworld.png_mwidth_4__mheight_4.4bpp.smol
tools/compresSmol/compresSmol -w build/assets/graphics/pokemon/unown/back.png.4bpp build/assets/graphics/pokemon/unown/back.png.4bpp.smol
tools/compresSmol/compresSmol -w build/assets/graphics/pokemon/unown/c/back.png.4bpp build/assets/graphics/pokemon/unown/c/back.png.4bpp.smol
tools/compresSmol/compresSmol -w build/assets/graphics/pokemon/unown/c/front.png.4bpp build/assets/graphics/pokemon/unown/c/front.png.4bpp.smol
tools/compresSmol/compresSmol -w build/assets/graphics/pokemon/unown/c/overworld.png_mwidth_4__mheight_4.4bpp build/assets/graphics/pokemon/unown/c/overworld.png_mwidth_4__mheight_4.4bpp.smol
tools/compresSmol/compresSmol -w build/assets/graphics/pokemon/unown/d/back.png.4bpp build/assets/graphics/pokemon/unown/d/back.png.4bpp.smol
tools/compresSmol/compresSmol -w build/assets/graphics/pokemon/unown/d/front.png.4bpp build/assets/graphics/pokemon/unown/d/front.png.4bpp.smol
tools/compresSmol/compresSmol -w build/assets/graphics/pokemon/unown/d/overworld.png_mwidth_4__mheight_4.4bpp build/assets/graphics/pokemon/unown/d/overworld.png_mwidth_4__mheight_4.4bpp.smol
tools/compresSmol/compresSmol -w build/assets/graphics/pokemon/unown/e/back.png.4bpp build/assets/graphics/pokemon/unown/e/back.png.4bpp.smol
tools/compresSmol/compresSmol -w build/assets/graphics/pokemon/unown/e/front.png.4bpp build/assets/graphics/pokemon/unown/e/front.png.4bpp.smol
tools/compresSmol/compresSmol -w build/assets/graphics/pokemon/unown/e/overworld.png_mwidth_4__mheight_4.4bpp build/assets/graphics/pokemon/unown/e/overworld.png_mwidth_4__mheight_4.4bpp.smol
tools/compresSmol/compresSmol -w build/assets/graphics/pokemon/unown/exclamation/back.png.4bpp build/assets/graphics/pokemon/unown/exclamation/back.png.4bpp.smol
tools/compresSmol/compresSmol -w build/assets/graphics/pokemon/unown/exclamation/front.png.4bpp build/assets/graphics/pokemon/unown/exclamation/front.png.4bpp.smol
tools/compresSmol/compresSmol -w build/assets/graphics/pokemon/unown/exclamation/overworld.png_mwidth_4__mheight_4.4bpp build/assets/graphics/pokemon/unown/exclamation/overworld.png_mwidth_4__mheight_4.4bpp.smol
tools/compresSmol/compresSmol -w build/assets/graphics/pokemon/unown/f/back.png.4bpp build/assets/graphics/pokemon/unown/f/back.png.4bpp.smol
tools/compresSmol/compresSmol -w build/assets/graphics/pokemon/unown/f/front.png.4bpp build/assets/graphics/pokemon/unown/f/front.png.4bpp.smol
tools/compresSmol/compresSmol -w build/assets/graphics/pokemon/unown/f/overworld.png_mwidth_4__mheight_4.4bpp build/assets/graphics/pokemon/unown/f/overworld.png_mwidth_4__mheight_4.4bpp.smol
tools/compresSmol/compresSmol -w build/assets/graphics/pokemon/unown/front.png.4bpp build/assets/graphics/pokemon/unown/front.png.4bpp.smol
tools/compresSmol/compresSmol -w build/assets/graphics/pokemon/unown/g/back.png.4bpp build/assets/graphics/pokemon/unown/g/back.png.4bpp.smol
tools/compresSmol/compresSmol -w build/assets/graphics/pokemon/unown/g/front.png.4bpp build/assets/graphics/pokemon/unown/g/front.png.4bpp.smol
tools/compresSmol/compresSmol -w build/assets/graphics/pokemon/unown/g/overworld.png_mwidth_4__mheight_4.4bpp build/assets/graphics/pokemon/unown/g/overworld.png_mwidth_4__mheight_4.4bpp.smol
tools/compresSmol/compresSmol -w build/assets/graphics/pokemon/unown/h/back.png.4bpp build/assets/graphics/pokemon/unown/h/back.png.4bpp.smol
tools/compresSmol/compresSmol -w build/assets/graphics/pokemon/unown/h/front.png.4bpp build/assets/graphics/pokemon/unown/h/front.png.4bpp.smol
tools/compresSmol/compresSmol -w build/assets/graphics/pokemon/unown/h/overworld.png_mwidth_4__mheight_4.4bpp build/assets/graphics/pokemon/unown/h/overworld.png_mwidth_4__mheight_4.4bpp.smol
tools/compresSmol/compresSmol -w build/assets/graphics/pokemon/unown/i/back.png.4bpp build/assets/graphics/pokemon/unown/i/back.png.4bpp.smol
tools/compresSmol/compresSmol -w build/assets/graphics/pokemon/unown/i/front.png.4bpp build/assets/graphics/pokemon/unown/i/front.png.4bpp.smol
tools/compresSmol/compresSmol -w build/assets/graphics/pokemon/unown/i/overworld.png_mwidth_4__mheight_4.4bpp build/assets/graphics/pokemon/unown/i/overworld.png_mwidth_4__mheight_4.4bpp.smol
tools/compresSmol/compresSmol -w build/assets/graphics/pokemon/unown/j/back.png.4bpp build/assets/graphics/pokemon/unown/j/back.png.4bpp.smol
tools/compresSmol/compresSmol -w build/assets/graphics/pokemon/unown/j/front.png.4bpp build/assets/graphics/pokemon/unown/j/front.png.4bpp.smol
tools/compresSmol/compresSmol -w build/assets/graphics/pokemon/unown/j/overworld.png_mwidth_4__mheight_4.4bpp build/assets/graphics/pokemon/unown/j/overworld.png_mwidth_4__mheight_4.4bpp.smol
tools/compresSmol/compresSmol -w build/assets/graphics/pokemon/unown/k/back.png.4bpp build/assets/graphics/pokemon/unown/k/back.png.4bpp.smol
tools/compresSmol/compresSmol -w build/assets/graphics/pokemon/unown/k/front.png.4bpp build/assets/graphics/pokemon/unown/k/front.png.4bpp.smol
tools/compresSmol/compresSmol -w build/assets/graphics/pokemon/unown/k/overworld.png_mwidth_4__mheight_4.4bpp build/assets/graphics/pokemon/unown/k/overworld.png_mwidth_4__mheight_4.4bpp.smol
tools/compresSmol/compresSmol -w build/assets/graphics/pokemon/unown/l/back.png.4bpp build/assets/graphics/pokemon/unown/l/back.png.4bpp.smol
tools/compresSmol/compresSmol -w build/assets/graphics/pokemon/unown/l/front.png.4bpp build/assets/graphics/pokemon/unown/l/front.png.4bpp.smol
tools/compresSmol/compresSmol -w build/assets/graphics/pokemon/unown/l/overworld.png_mwidth_4__mheight_4.4bpp build/assets/graphics/pokemon/unown/l/overworld.png_mwidth_4__mheight_4.4bpp.smol
tools/compresSmol/compresSmol -w build/assets/graphics/pokemon/unown/m/back.png.4bpp build/assets/graphics/pokemon/unown/m/back.png.4bpp.smol
tools/compresSmol/compresSmol -w build/assets/graphics/pokemon/unown/m/front.png.4bpp build/assets/graphics/pokemon/unown/m/front.png.4bpp.smol
tools/compresSmol/compresSmol -w build/assets/graphics/pokemon/unown/m/overworld.png_mwidth_4__mheight_4.4bpp build/assets/graphics/pokemon/unown/m/overworld.png_mwidth_4__mheight_4.4bpp.smol
tools/compresSmol/compresSmol -w build/assets/graphics/pokemon/unown/n/back.png.4bpp build/assets/graphics/pokemon/unown/n/back.png.4bpp.smol
tools/compresSmol/compresSmol -w build/assets/graphics/pokemon/unown/n/front.png.4bpp build/assets/graphics/pokemon/unown/n/front.png.4bpp.smol
tools/compresSmol/compresSmol -w build/assets/graphics/pokemon/unown/n/overworld.png_mwidth_4__mheight_4.4bpp build/assets/graphics/pokemon/unown/n/overworld.png_mwidth_4__mheight_4.4bpp.smol
tools/compresSmol/compresSmol -w build/assets/graphics/pokemon/unown/o/back.png.4bpp build/assets/graphics/pokemon/unown/o/back.png.4bpp.smol
tools/compresSmol/compresSmol -w build/assets/graphics/pokemon/unown/o/front.png.4bpp build/assets/graphics/pokemon/unown/o/front.png.4bpp.smol
tools/compresSmol/compresSmol -w build/assets/graphics/pokemon/unown/o/overworld.png_mwidth_4__mheight_4.4bpp build/assets/graphics/pokemon/unown/o/overworld.png_mwidth_4__mheight_4.4bpp.smol
tools/compresSmol/compresSmol -w build/assets/graphics/pokemon/unown/overworld.png_mwidth_4__mheight_4.4bpp build/assets/graphics/pokemon/unown/overworld.png_mwidth_4__mheight_4.4bpp.smol
tools/compresSmol/compresSmol -w build/assets/graphics/pokemon/unown/p/back.png.4bpp build/assets/graphics/pokemon/unown/p/back.png.4bpp.smol
tools/compresSmol/compresSmol -w build/assets/graphics/pokemon/unown/p/front.png.4bpp build/assets/graphics/pokemon/unown/p/front.png.4bpp.smol
tools/compresSmol/compresSmol -w build/assets/graphics/pokemon/unown/p/overworld.png_mwidth_4__mheight_4.4bpp build/assets/graphics/pokemon/unown/p/overworld.png_mwidth_4__mheight_4.4bpp.smol
tools/compresSmol/compresSmol -w build/assets/graphics/pokemon/unown/q/back.png.4bpp build/assets/graphics/pokemon/unown/q/back.png.4bpp.smol
tools/compresSmol/compresSmol -w build/assets/graphics/pokemon/unown/q/front.png.4bpp build/assets/graphics/pokemon/unown/q/front.png.4bpp.smol
tools/compresSmol/compresSmol -w build/assets/graphics/pokemon/unown/q/overworld.png_mwidth_4__mheight_4.4bpp build/assets/graphics/pokemon/unown/q/overworld.png_mwidth_4__mheight_4.4bpp.smol
tools/compresSmol/compresSmol -w build/assets/graphics/pokemon/unown/question/back.png.4bpp build/assets/graphics/pokemon/unown/question/back.png.4bpp.smol
tools/compresSmol/compresSmol -w build/assets/graphics/pokemon/unown/question/front.png.4bpp build/assets/graphics/pokemon/unown/question/front.png.4bpp.smol
tools/compresSmol/compresSmol -w build/assets/graphics/pokemon/unown/question/overworld.png_mwidth_4__mheight_4.4bpp build/assets/graphics/pokemon/unown/question/overworld.png_mwidth_4__mheight_4.4bpp.smol
tools/compresSmol/compresSmol -w build/assets/graphics/pokemon/unown/r/back.png.4bpp build/assets/graphics/pokemon/unown/r/back.png.4bpp.smol
tools/compresSmol/compresSmol -w build/assets/graphics/pokemon/unown/r/front.png.4bpp build/assets/graphics/pokemon/unown/r/front.png.4bpp.smol
tools/compresSmol/compresSmol -w build/assets/graphics/pokemon/unown/r/overworld.png_mwidth_4__mheight_4.4bpp build/assets/graphics/pokemon/unown/r/overworld.png_mwidth_4__mheight_4.4bpp.smol
tools/compresSmol/compresSmol -w build/assets/graphics/pokemon/unown/s/back.png.4bpp build/assets/graphics/pokemon/unown/s/back.png.4bpp.smol
tools/compresSmol/compresSmol -w build/assets/graphics/pokemon/unown/s/front.png.4bpp build/assets/graphics/pokemon/unown/s/front.png.4bpp.smol
tools/compresSmol/compresSmol -w build/assets/graphics/pokemon/unown/s/overworld.png_mwidth_4__mheight_4.4bpp build/assets/graphics/pokemon/unown/s/overworld.png_mwidth_4__mheight_4.4bpp.smol
tools/compresSmol/compresSmol -w build/assets/graphics/pokemon/unown/t/back.png.4bpp build/assets/graphics/pokemon/unown/t/back.png.4bpp.smol
tools/compresSmol/compresSmol -w build/assets/graphics/pokemon/unown/t/front.png.4bpp build/assets/graphics/pokemon/unown/t/front.png.4bpp.smol
tools/compresSmol/compresSmol -w build/assets/graphics/pokemon/unown/t/overworld.png_mwidth_4__mheight_4.4bpp build/assets/graphics/pokemon/unown/t/overworld.png_mwidth_4__mheight_4.4bpp.smol
tools/compresSmol/compresSmol -w build/assets/graphics/pokemon/unown/u/back.png.4bpp build/assets/graphics/pokemon/unown/u/back.png.4bpp.smol
tools/compresSmol/compresSmol -w build/assets/graphics/pokemon/unown/u/front.png.4bpp build/assets/graphics/pokemon/unown/u/front.png.4bpp.smol
tools/compresSmol/compresSmol -w build/assets/graphics/pokemon/unown/u/overworld.png_mwidth_4__mheight_4.4bpp build/assets/graphics/pokemon/unown/u/overworld.png_mwidth_4__mheight_4.4bpp.smol
tools/compresSmol/compresSmol -w build/assets/graphics/pokemon/unown/v/back.png.4bpp build/assets/graphics/pokemon/unown/v/back.png.4bpp.smol
tools/compresSmol/compresSmol -w build/assets/graphics/pokemon/unown/v/front.png.4bpp build/assets/graphics/pokemon/unown/v/front.png.4bpp.smol
tools/compresSmol/compresSmol -w build/assets/graphics/pokemon/unown/v/overworld.png_mwidth_4__mheight_4.4bpp build/assets/graphics/pokemon/unown/v/overworld.png_mwidth_4__mheight_4.4bpp.smol
tools/compresSmol/compresSmol -w build/assets/graphics/pokemon/unown/w/back.png.4bpp build/assets/graphics/pokemon/unown/w/back.png.4bpp.smol
tools/compresSmol/compresSmol -w build/assets/graphics/pokemon/unown/w/front.png.4bpp build/assets/graphics/pokemon/unown/w/front.png.4bpp.smol
tools/compresSmol/compresSmol -w build/assets/graphics/pokemon/unown/w/overworld.png_mwidth_4__mheight_4.4bpp build/assets/graphics/pokemon/unown/w/overworld.png_mwidth_4__mheight_4.4bpp.smol
tools/compresSmol/compresSmol -w build/assets/graphics/pokemon/unown/x/back.png.4bpp build/assets/graphics/pokemon/unown/x/back.png.4bpp.smol
tools/compresSmol/compresSmol -w build/assets/graphics/pokemon/unown/x/front.png.4bpp build/assets/graphics/pokemon/unown/x/front.png.4bpp.smol
tools/compresSmol/compresSmol -w build/assets/graphics/pokemon/unown/x/overworld.png_mwidth_4__mheight_4.4bpp build/assets/graphics/pokemon/unown/x/overworld.png_mwidth_4__mheight_4.4bpp.smol
tools/compresSmol/compresSmol -w build/assets/graphics/pokemon/unown/y/back.png.4bpp build/assets/graphics/pokemon/unown/y/back.png.4bpp.smol
tools/compresSmol/compresSmol -w build/assets/graphics/pokemon/unown/y/front.png.4bpp build/assets/graphics/pokemon/unown/y/front.png.4bpp.smol
tools/compresSmol/compresSmol -w build/assets/graphics/pokemon/unown/y/overworld.png_mwidth_4__mheight_4.4bpp build/assets/graphics/pokemon/unown/y/overworld.png_mwidth_4__mheight_4.4bpp.smol
tools/compresSmol/compresSmol -w build/assets/graphics/pokemon/unown/z/back.png.4bpp build/assets/graphics/pokemon/unown/z/back.png.4bpp.smol
tools/compresSmol/compresSmol -w build/assets/graphics/pokemon/unown/z/front.png.4bpp build/assets/graphics/pokemon/unown/z/front.png.4bpp.smol
tools/compresSmol/compresSmol -w build/assets/graphics/pokemon/unown/z/overworld.png_mwidth_4__mheight_4.4bpp build/assets/graphics/pokemon/unown/z/overworld.png_mwidth_4__mheight_4.4bpp.smol
tools/compresSmol/compresSmol -w build/assets/graphics/pokemon/ursaluna/back.png.4bpp build/assets/graphics/pokemon/ursaluna/back.png.4bpp.smol
tools/compresSmol/compresSmol -w build/assets/graphics/pokemon/ursaluna/bloodmoon/back.png.4bpp build/assets/graphics/pokemon/ursaluna/bloodmoon/back.png.4bpp.smol
tools/compresSmol/compresSmol -w build/assets/graphics/pokemon/ursaluna/bloodmoon/front.png.4bpp build/assets/graphics/pokemon/ursaluna/bloodmoon/front.png.4bpp.smol
tools/compresSmol/compresSmol -w build/assets/graphics/pokemon/ursaluna/bloodmoon/overworld.png_mwidth_4__mheight_4.4bpp build/assets/graphics/pokemon/ursaluna/bloodmoon/overworld.png_mwidth_4__mheight_4.4bpp.smol
tools/compresSmol/compresSmol -w build/assets/graphics/pokemon/ursaluna/front.png.4bpp build/assets/graphics/pokemon/ursaluna/front.png.4bpp.smol
tools/compresSmol/compresSmol -w build/assets/graphics/pokemon/ursaluna/overworld.png_mwidth_4__mheight_4.4bpp build/assets/graphics/pokemon/ursaluna/overworld.png_mwidth_4__mheight_4.4bpp.smol
tools/compresSmol/compresSmol -w build/assets/graphics/pokemon/ursaring/anim_front.png.4bpp build/assets/graphics/pokemon/ursaring/anim_front.png.4bpp.smol
tools/compresSmol/compresSmol -w build/assets/graphics/pokemon/ursaring/anim_front_gba.png.4bpp build/assets/graphics/pokemon/ursaring/anim_front_gba.png.4bpp.smol
tools/compresSmol/compresSmol -w build/assets/graphics/pokemon/ursaring/anim_frontf.png.4bpp build/assets/graphics/pokemon/ursaring/anim_frontf.png.4bpp.smol
tools/compresSmol/compresSmol -w build/assets/graphics/pokemon/ursaring/back.png.4bpp build/assets/graphics/pokemon/ursaring/back.png.4bpp.smol
tools/compresSmol/compresSmol -w build/assets/graphics/pokemon/ursaring/back_gba.png.4bpp build/assets/graphics/pokemon/ursaring/back_gba.png.4bpp.smol
tools/compresSmol/compresSmol -w build/assets/graphics/pokemon/ursaring/backf.png.4bpp build/assets/graphics/pokemon/ursaring/backf.png.4bpp.smol
tools/compresSmol/compresSmol -w build/assets/graphics/pokemon/ursaring/overworld.png_mwidth_4__mheight_4.4bpp build/assets/graphics/pokemon/ursaring/overworld.png_mwidth_4__mheight_4.4bpp.smol
tools/compresSmol/compresSmol -w build/assets/graphics/pokemon/ursaring/overworldf.png_mwidth_4__mheight_4.4bpp build/assets/graphics/pokemon/ursaring/overworldf.png_mwidth_4__mheight_4.4bpp.smol
tools/compresSmol/compresSmol -w build/assets/graphics/pokemon/urshifu/back.png.4bpp build/assets/graphics/pokemon/urshifu/back.png.4bpp.smol
tools/compresSmol/compresSmol -w build/assets/graphics/pokemon/urshifu/front.png.4bpp build/assets/graphics/pokemon/urshifu/front.png.4bpp.smol
tools/compresSmol/compresSmol -w build/assets/graphics/pokemon/urshifu/overworld.png_mwidth_4__mheight_4.4bpp build/assets/graphics/pokemon/urshifu/overworld.png_mwidth_4__mheight_4.4bpp.smol
tools/compresSmol/compresSmol -w build/assets/graphics/pokemon/urshifu/rapid_strike/back.png.4bpp build/assets/graphics/pokemon/urshifu/rapid_strike/back.png.4bpp.smol
tools/compresSmol/compresSmol -w build/assets/graphics/pokemon/urshifu/rapid_strike/front.png.4bpp build/assets/graphics/pokemon/urshifu/rapid_strike/front.png.4bpp.smol
tools/compresSmol/compresSmol -w build/assets/graphics/pokemon/urshifu/rapid_strike_gmax/back.png.4bpp build/assets/graphics/pokemon/urshifu/rapid_strike_gmax/back.png.4bpp.smol
tools/compresSmol/compresSmol -w build/assets/graphics/pokemon/urshifu/rapid_strike_gmax/front.png.4bpp build/assets/graphics/pokemon/urshifu/rapid_strike_gmax/front.png.4bpp.smol
tools/compresSmol/compresSmol -w build/assets/graphics/pokemon/urshifu/single_strike_gmax/back.png.4bpp build/assets/graphics/pokemon/urshifu/single_strike_gmax/back.png.4bpp.smol
tools/compresSmol/compresSmol -w build/assets/graphics/pokemon/urshifu/single_strike_gmax/front.png.4bpp build/assets/graphics/pokemon/urshifu/single_strike_gmax/front.png.4bpp.smol
tools/compresSmol/compresSmol -w build/assets/graphics/pokemon/uxie/anim_front.png.4bpp build/assets/graphics/pokemon/uxie/anim_front.png.4bpp.smol
tools/compresSmol/compresSmol -w build/assets/graphics/pokemon/uxie/back.png.4bpp build/assets/graphics/pokemon/uxie/back.png.4bpp.smol
tools/compresSmol/compresSmol -w build/assets/graphics/pokemon/uxie/overworld.png_mwidth_4__mheight_4.4bpp build/assets/graphics/pokemon/uxie/overworld.png_mwidth_4__mheight_4.4bpp.smol
tools/compresSmol/compresSmol -w build/assets/graphics/pokemon/vanillish/anim_front.png.4bpp build/assets/graphics/pokemon/vanillish/anim_front.png.4bpp.smol
tools/compresSmol/compresSmol -w build/assets/graphics/pokemon/vanillish/back.png.4bpp build/assets/graphics/pokemon/vanillish/back.png.4bpp.smol
tools/compresSmol/compresSmol -w build/assets/graphics/pokemon/vanillish/overworld.png_mwidth_4__mheight_4.4bpp build/assets/graphics/pokemon/vanillish/overworld.png_mwidth_4__mheight_4.4bpp.smol
tools/compresSmol/compresSmol -w build/assets/graphics/pokemon/vanillite/anim_front.png.4bpp build/assets/graphics/pokemon/vanillite/anim_front.png.4bpp.smol
tools/compresSmol/compresSmol -w build/assets/graphics/pokemon/vanillite/back.png.4bpp build/assets/graphics/pokemon/vanillite/back.png.4bpp.smol
tools/compresSmol/compresSmol -w build/assets/graphics/pokemon/vanillite/overworld.png_mwidth_4__mheight_4.4bpp build/assets/graphics/pokemon/vanillite/overworld.png_mwidth_4__mheight_4.4bpp.smol
tools/compresSmol/compresSmol -w build/assets/graphics/pokemon/vanilluxe/anim_front.png.4bpp build/assets/graphics/pokemon/vanilluxe/anim_front.png.4bpp.smol
tools/compresSmol/compresSmol -w build/assets/graphics/pokemon/vanilluxe/back.png.4bpp build/assets/graphics/pokemon/vanilluxe/back.png.4bpp.smol
tools/compresSmol/compresSmol -w build/assets/graphics/pokemon/vanilluxe/overworld.png_mwidth_4__mheight_4.4bpp build/assets/graphics/pokemon/vanilluxe/overworld.png_mwidth_4__mheight_4.4bpp.smol
tools/compresSmol/compresSmol -w build/assets/graphics/pokemon/vaporeon/anim_front.png.4bpp build/assets/graphics/pokemon/vaporeon/anim_front.png.4bpp.smol
tools/compresSmol/compresSmol -w build/assets/graphics/pokemon/vaporeon/anim_front_gba.png.4bpp build/assets/graphics/pokemon/vaporeon/anim_front_gba.png.4bpp.smol
tools/compresSmol/compresSmol -w build/assets/graphics/pokemon/vaporeon/back.png.4bpp build/assets/graphics/pokemon/vaporeon/back.png.4bpp.smol
tools/compresSmol/compresSmol -w build/assets/graphics/pokemon/vaporeon/back_gba.png.4bpp build/assets/graphics/pokemon/vaporeon/back_gba.png.4bpp.smol
tools/compresSmol/compresSmol -w build/assets/graphics/pokemon/vaporeon/overworld.png_mwidth_4__mheight_4.4bpp build/assets/graphics/pokemon/vaporeon/overworld.png_mwidth_4__mheight_4.4bpp.smol
tools/compresSmol/compresSmol -w build/assets/graphics/pokemon/varoom/back.png.4bpp build/assets/graphics/pokemon/varoom/back.png.4bpp.smol
tools/compresSmol/compresSmol -w build/assets/graphics/pokemon/varoom/front.png.4bpp build/assets/graphics/pokemon/varoom/front.png.4bpp.smol
tools/compresSmol/compresSmol -w build/assets/graphics/pokemon/varoom/overworld.png_mwidth_4__mheight_4.4bpp build/assets/graphics/pokemon/varoom/overworld.png_mwidth_4__mheight_4.4bpp.smol
tools/compresSmol/compresSmol -w build/assets/graphics/pokemon/veluza/back.png.4bpp build/assets/graphics/pokemon/veluza/back.png.4bpp.smol
tools/compresSmol/compresSmol -w build/assets/graphics/pokemon/veluza/front.png.4bpp build/assets/graphics/pokemon/veluza/front.png.4bpp.smol
tools/compresSmol/compresSmol -w build/assets/graphics/pokemon/veluza/overworld.png_mwidth_4__mheight_4.4bpp build/assets/graphics/pokemon/veluza/overworld.png_mwidth_4__mheight_4.4bpp.smol
tools/compresSmol/compresSmol -w build/assets/graphics/pokemon/venipede/anim_front.png.4bpp build/assets/graphics/pokemon/venipede/anim_front.png.4bpp.smol
tools/compresSmol/compresSmol -w build/assets/graphics/pokemon/venipede/back.png.4bpp build/assets/graphics/pokemon/venipede/back.png.4bpp.smol
tools/compresSmol/compresSmol -w build/assets/graphics/pokemon/venipede/overworld.png_mwidth_4__mheight_4.4bpp build/assets/graphics/pokemon/venipede/overworld.png_mwidth_4__mheight_4.4bpp.smol
tools/compresSmol/compresSmol -w build/assets/graphics/pokemon/venomoth/anim_front.png.4bpp build/assets/graphics/pokemon/venomoth/anim_front.png.4bpp.smol
tools/compresSmol/compresSmol -w build/assets/graphics/pokemon/venomoth/anim_front_gba.png.4bpp build/assets/graphics/pokemon/venomoth/anim_front_gba.png.4bpp.smol
tools/compresSmol/compresSmol -w build/assets/graphics/pokemon/venomoth/back.png.4bpp build/assets/graphics/pokemon/venomoth/back.png.4bpp.smol
tools/compresSmol/compresSmol -w build/assets/graphics/pokemon/venomoth/back_gba.png.4bpp build/assets/graphics/pokemon/venomoth/back_gba.png.4bpp.smol
tools/compresSmol/compresSmol -w build/assets/graphics/pokemon/venomoth/overworld.png_mwidth_4__mheight_4.4bpp build/assets/graphics/pokemon/venomoth/overworld.png_mwidth_4__mheight_4.4bpp.smol
tools/compresSmol/compresSmol -w build/assets/graphics/pokemon/venonat/anim_front.png.4bpp build/assets/graphics/pokemon/venonat/anim_front.png.4bpp.smol
tools/compresSmol/compresSmol -w build/assets/graphics/pokemon/venonat/anim_front_gba.png.4bpp build/assets/graphics/pokemon/venonat/anim_front_gba.png.4bpp.smol
tools/compresSmol/compresSmol -w build/assets/graphics/pokemon/venonat/back.png.4bpp build/assets/graphics/pokemon/venonat/back.png.4bpp.smol
tools/compresSmol/compresSmol -w build/assets/graphics/pokemon/venonat/back_gba.png.4bpp build/assets/graphics/pokemon/venonat/back_gba.png.4bpp.smol
tools/compresSmol/compresSmol -w build/assets/graphics/pokemon/venonat/overworld.png_mwidth_4__mheight_4.4bpp build/assets/graphics/pokemon/venonat/overworld.png_mwidth_4__mheight_4.4bpp.smol
tools/compresSmol/compresSmol -w build/assets/graphics/pokemon/venusaur/anim_front.png.4bpp build/assets/graphics/pokemon/venusaur/anim_front.png.4bpp.smol
tools/compresSmol/compresSmol -w build/assets/graphics/pokemon/venusaur/anim_front_gba.png.4bpp build/assets/graphics/pokemon/venusaur/anim_front_gba.png.4bpp.smol
tools/compresSmol/compresSmol -w build/assets/graphics/pokemon/venusaur/anim_frontf.png.4bpp build/assets/graphics/pokemon/venusaur/anim_frontf.png.4bpp.smol
tools/compresSmol/compresSmol -w build/assets/graphics/pokemon/venusaur/back.png.4bpp build/assets/graphics/pokemon/venusaur/back.png.4bpp.smol
tools/compresSmol/compresSmol -w build/assets/graphics/pokemon/venusaur/back_gba.png.4bpp build/assets/graphics/pokemon/venusaur/back_gba.png.4bpp.smol
tools/compresSmol/compresSmol -w build/assets/graphics/pokemon/venusaur/backf.png.4bpp build/assets/graphics/pokemon/venusaur/backf.png.4bpp.smol
tools/compresSmol/compresSmol -w build/assets/graphics/pokemon/venusaur/gmax/back.png.4bpp build/assets/graphics/pokemon/venusaur/gmax/back.png.4bpp.smol
tools/compresSmol/compresSmol -w build/assets/graphics/pokemon/venusaur/gmax/front.png.4bpp build/assets/graphics/pokemon/venusaur/gmax/front.png.4bpp.smol
tools/compresSmol/compresSmol -w build/assets/graphics/pokemon/venusaur/mega/anim_front.png.4bpp build/assets/graphics/pokemon/venusaur/mega/anim_front.png.4bpp.smol
tools/compresSmol/compresSmol -w build/assets/graphics/pokemon/venusaur/mega/back.png.4bpp build/assets/graphics/pokemon/venusaur/mega/back.png.4bpp.smol
tools/compresSmol/compresSmol -w build/assets/graphics/pokemon/venusaur/mega/overworld.png_mwidth_4__mheight_4.4bpp build/assets/graphics/pokemon/venusaur/mega/overworld.png_mwidth_4__mheight_4.4bpp.smol
tools/compresSmol/compresSmol -w build/assets/graphics/pokemon/venusaur/overworld.png_mwidth_4__mheight_4.4bpp build/assets/graphics/pokemon/venusaur/overworld.png_mwidth_4__mheight_4.4bpp.smol
tools/compresSmol/compresSmol -w build/assets/graphics/pokemon/venusaur/overworldf.png_mwidth_4__mheight_4.4bpp build/assets/graphics/pokemon/venusaur/overworldf.png_mwidth_4__mheight_4.4bpp.smol
tools/compresSmol/compresSmol -w build/assets/graphics/pokemon/vespiquen/anim_front.png.4bpp build/assets/graphics/pokemon/vespiquen/anim_front.png.4bpp.smol
tools/compresSmol/compresSmol -w build/assets/graphics/pokemon/vespiquen/back.png.4bpp build/assets/graphics/pokemon/vespiquen/back.png.4bpp.smol
tools/compresSmol/compresSmol -w build/assets/graphics/pokemon/vespiquen/overworld.png_mwidth_4__mheight_4.4bpp build/assets/graphics/pokemon/vespiquen/overworld.png_mwidth_4__mheight_4.4bpp.smol
tools/compresSmol/compresSmol -w build/assets/graphics/pokemon/vibrava/anim_front.png.4bpp build/assets/graphics/pokemon/vibrava/anim_front.png.4bpp.smol
tools/compresSmol/compresSmol -w build/assets/graphics/pokemon/vibrava/anim_front_gba.png.4bpp build/assets/graphics/pokemon/vibrava/anim_front_gba.png.4bpp.smol
tools/compresSmol/compresSmol -w build/assets/graphics/pokemon/vibrava/back.png.4bpp build/assets/graphics/pokemon/vibrava/back.png.4bpp.smol
tools/compresSmol/compresSmol -w build/assets/graphics/pokemon/vibrava/back_gba.png.4bpp build/assets/graphics/pokemon/vibrava/back_gba.png.4bpp.smol
tools/compresSmol/compresSmol -w build/assets/graphics/pokemon/vibrava/overworld.png_mwidth_4__mheight_4.4bpp build/assets/graphics/pokemon/vibrava/overworld.png_mwidth_4__mheight_4.4bpp.smol
tools/compresSmol/compresSmol -w build/assets/graphics/pokemon/victini/anim_front.png.4bpp build/assets/graphics/pokemon/victini/anim_front.png.4bpp.smol
tools/compresSmol/compresSmol -w build/assets/graphics/pokemon/victini/back.png.4bpp build/assets/graphics/pokemon/victini/back.png.4bpp.smol
tools/compresSmol/compresSmol -w build/assets/graphics/pokemon/victini/overworld.png_mwidth_4__mheight_4.4bpp build/assets/graphics/pokemon/victini/overworld.png_mwidth_4__mheight_4.4bpp.smol
tools/compresSmol/compresSmol -w build/assets/graphics/pokemon/victreebel/anim_front.png.4bpp build/assets/graphics/pokemon/victreebel/anim_front.png.4bpp.smol
tools/compresSmol/compresSmol -w build/assets/graphics/pokemon/victreebel/anim_front_gba.png.4bpp build/assets/graphics/pokemon/victreebel/anim_front_gba.png.4bpp.smol
tools/compresSmol/compresSmol -w build/assets/graphics/pokemon/victreebel/back.png.4bpp build/assets/graphics/pokemon/victreebel/back.png.4bpp.smol
tools/compresSmol/compresSmol -w build/assets/graphics/pokemon/victreebel/back_gba.png.4bpp build/assets/graphics/pokemon/victreebel/back_gba.png.4bpp.smol
tools/compresSmol/compresSmol -w build/assets/graphics/pokemon/victreebel/mega/back.png.4bpp build/assets/graphics/pokemon/victreebel/mega/back.png.4bpp.smol
tools/compresSmol/compresSmol -w build/assets/graphics/pokemon/victreebel/mega/front.png.4bpp build/assets/graphics/pokemon/victreebel/mega/front.png.4bpp.smol
tools/compresSmol/compresSmol -w build/assets/graphics/pokemon/victreebel/overworld.png_mwidth_4__mheight_4.4bpp build/assets/graphics/pokemon/victreebel/overworld.png_mwidth_4__mheight_4.4bpp.smol
tools/compresSmol/compresSmol -w build/assets/graphics/pokemon/vigoroth/anim_front.png.4bpp build/assets/graphics/pokemon/vigoroth/anim_front.png.4bpp.smol
tools/compresSmol/compresSmol -w build/assets/graphics/pokemon/vigoroth/anim_front_gba.png.4bpp build/assets/graphics/pokemon/vigoroth/anim_front_gba.png.4bpp.smol
tools/compresSmol/compresSmol -w build/assets/graphics/pokemon/vigoroth/back.png.4bpp build/assets/graphics/pokemon/vigoroth/back.png.4bpp.smol
tools/compresSmol/compresSmol -w build/assets/graphics/pokemon/vigoroth/back_gba.png.4bpp build/assets/graphics/pokemon/vigoroth/back_gba.png.4bpp.smol
tools/compresSmol/compresSmol -w build/assets/graphics/pokemon/vigoroth/overworld.png_mwidth_4__mheight_4.4bpp build/assets/graphics/pokemon/vigoroth/overworld.png_mwidth_4__mheight_4.4bpp.smol
tools/compresSmol/compresSmol -w build/assets/graphics/pokemon/vikavolt/anim_front.png.4bpp build/assets/graphics/pokemon/vikavolt/anim_front.png.4bpp.smol
tools/compresSmol/compresSmol -w build/assets/graphics/pokemon/vikavolt/back.png.4bpp build/assets/graphics/pokemon/vikavolt/back.png.4bpp.smol
tools/compresSmol/compresSmol -w build/assets/graphics/pokemon/vikavolt/overworld.png_mwidth_4__mheight_4.4bpp build/assets/graphics/pokemon/vikavolt/overworld.png_mwidth_4__mheight_4.4bpp.smol
tools/compresSmol/compresSmol -w build/assets/graphics/pokemon/vileplume/anim_front.png.4bpp build/assets/graphics/pokemon/vileplume/anim_front.png.4bpp.smol
tools/compresSmol/compresSmol -w build/assets/graphics/pokemon/vileplume/anim_front_gba.png.4bpp build/assets/graphics/pokemon/vileplume/anim_front_gba.png.4bpp.smol
tools/compresSmol/compresSmol -w build/assets/graphics/pokemon/vileplume/anim_frontf.png.4bpp build/assets/graphics/pokemon/vileplume/anim_frontf.png.4bpp.smol
tools/compresSmol/compresSmol -w build/assets/graphics/pokemon/vileplume/back.png.4bpp build/assets/graphics/pokemon/vileplume/back.png.4bpp.smol
tools/compresSmol/compresSmol -w build/assets/graphics/pokemon/vileplume/back_gba.png.4bpp build/assets/graphics/pokemon/vileplume/back_gba.png.4bpp.smol
tools/compresSmol/compresSmol -w build/assets/graphics/pokemon/vileplume/backf.png.4bpp build/assets/graphics/pokemon/vileplume/backf.png.4bpp.smol
tools/compresSmol/compresSmol -w build/assets/graphics/pokemon/vileplume/overworld.png_mwidth_4__mheight_4.4bpp build/assets/graphics/pokemon/vileplume/overworld.png_mwidth_4__mheight_4.4bpp.smol
tools/compresSmol/compresSmol -w build/assets/graphics/pokemon/vileplume/overworldf.png_mwidth_4__mheight_4.4bpp build/assets/graphics/pokemon/vileplume/overworldf.png_mwidth_4__mheight_4.4bpp.smol
tools/compresSmol/compresSmol -w build/assets/graphics/pokemon/virizion/anim_front.png.4bpp build/assets/graphics/pokemon/virizion/anim_front.png.4bpp.smol
tools/compresSmol/compresSmol -w build/assets/graphics/pokemon/virizion/back.png.4bpp build/assets/graphics/pokemon/virizion/back.png.4bpp.smol
tools/compresSmol/compresSmol -w build/assets/graphics/pokemon/virizion/overworld.png_mwidth_4__mheight_4.4bpp build/assets/graphics/pokemon/virizion/overworld.png_mwidth_4__mheight_4.4bpp.smol
tools/compresSmol/compresSmol -w build/assets/graphics/pokemon/vivillon/anim_front.png.4bpp build/assets/graphics/pokemon/vivillon/anim_front.png.4bpp.smol
tools/compresSmol/compresSmol -w build/assets/graphics/pokemon/vivillon/archipelago/anim_front.png.4bpp build/assets/graphics/pokemon/vivillon/archipelago/anim_front.png.4bpp.smol
tools/compresSmol/compresSmol -w build/assets/graphics/pokemon/vivillon/archipelago/back.png.4bpp build/assets/graphics/pokemon/vivillon/archipelago/back.png.4bpp.smol
tools/compresSmol/compresSmol -w build/assets/graphics/pokemon/vivillon/archipelago/overworld.png_mwidth_4__mheight_4.4bpp build/assets/graphics/pokemon/vivillon/archipelago/overworld.png_mwidth_4__mheight_4.4bpp.smol
tools/compresSmol/compresSmol -w build/assets/graphics/pokemon/vivillon/back.png.4bpp build/assets/graphics/pokemon/vivillon/back.png.4bpp.smol
tools/compresSmol/compresSmol -w build/assets/graphics/pokemon/vivillon/continental/anim_front.png.4bpp build/assets/graphics/pokemon/vivillon/continental/anim_front.png.4bpp.smol
tools/compresSmol/compresSmol -w build/assets/graphics/pokemon/vivillon/continental/back.png.4bpp build/assets/graphics/pokemon/vivillon/continental/back.png.4bpp.smol
tools/compresSmol/compresSmol -w build/assets/graphics/pokemon/vivillon/continental/overworld.png_mwidth_4__mheight_4.4bpp build/assets/graphics/pokemon/vivillon/continental/overworld.png_mwidth_4__mheight_4.4bpp.smol
tools/compresSmol/compresSmol -w build/assets/graphics/pokemon/vivillon/elegant/anim_front.png.4bpp build/assets/graphics/pokemon/vivillon/elegant/anim_front.png.4bpp.smol
tools/compresSmol/compresSmol -w build/assets/graphics/pokemon/vivillon/elegant/back.png.4bpp build/assets/graphics/pokemon/vivillon/elegant/back.png.4bpp.smol
tools/compresSmol/compresSmol -w build/assets/graphics/pokemon/vivillon/elegant/overworld.png_mwidth_4__mheight_4.4bpp build/assets/graphics/pokemon/vivillon/elegant/overworld.png_mwidth_4__mheight_4.4bpp.smol
tools/compresSmol/compresSmol -w build/assets/graphics/pokemon/vivillon/fancy/anim_front.png.4bpp build/assets/graphics/pokemon/vivillon/fancy/anim_front.png.4bpp.smol
tools/compresSmol/compresSmol -w build/assets/graphics/pokemon/vivillon/fancy/back.png.4bpp build/assets/graphics/pokemon/vivillon/fancy/back.png.4bpp.smol
tools/compresSmol/compresSmol -w build/assets/graphics/pokemon/vivillon/fancy/overworld.png_mwidth_4__mheight_4.4bpp build/assets/graphics/pokemon/vivillon/fancy/overworld.png_mwidth_4__mheight_4.4bpp.smol
tools/compresSmol/compresSmol -w build/assets/graphics/pokemon/vivillon/garden/anim_front.png.4bpp build/assets/graphics/pokemon/vivillon/garden/anim_front.png.4bpp.smol
tools/compresSmol/compresSmol -w build/assets/graphics/pokemon/vivillon/garden/back.png.4bpp build/assets/graphics/pokemon/vivillon/garden/back.png.4bpp.smol
tools/compresSmol/compresSmol -w build/assets/graphics/pokemon/vivillon/garden/overworld.png_mwidth_4__mheight_4.4bpp build/assets/graphics/pokemon/vivillon/garden/overworld.png_mwidth_4__mheight_4.4bpp.smol
tools/compresSmol/compresSmol -w build/assets/graphics/pokemon/vivillon/high_plains/anim_front.png.4bpp build/assets/graphics/pokemon/vivillon/high_plains/anim_front.png.4bpp.smol
tools/compresSmol/compresSmol -w build/assets/graphics/pokemon/vivillon/high_plains/back.png.4bpp build/assets/graphics/pokemon/vivillon/high_plains/back.png.4bpp.smol
tools/compresSmol/compresSmol -w build/assets/graphics/pokemon/vivillon/high_plains/overworld.png_mwidth_4__mheight_4.4bpp build/assets/graphics/pokemon/vivillon/high_plains/overworld.png_mwidth_4__mheight_4.4bpp.smol
tools/compresSmol/compresSmol -w build/assets/graphics/pokemon/vivillon/jungle/anim_front.png.4bpp build/assets/graphics/pokemon/vivillon/jungle/anim_front.png.4bpp.smol
tools/compresSmol/compresSmol -w build/assets/graphics/pokemon/vivillon/jungle/back.png.4bpp build/assets/graphics/pokemon/vivillon/jungle/back.png.4bpp.smol
tools/compresSmol/compresSmol -w build/assets/graphics/pokemon/vivillon/jungle/overworld.png_mwidth_4__mheight_4.4bpp build/assets/graphics/pokemon/vivillon/jungle/overworld.png_mwidth_4__mheight_4.4bpp.smol
tools/compresSmol/compresSmol -w build/assets/graphics/pokemon/vivillon/marine/anim_front.png.4bpp build/assets/graphics/pokemon/vivillon/marine/anim_front.png.4bpp.smol
tools/compresSmol/compresSmol -w build/assets/graphics/pokemon/vivillon/marine/back.png.4bpp build/assets/graphics/pokemon/vivillon/marine/back.png.4bpp.smol
tools/compresSmol/compresSmol -w build/assets/graphics/pokemon/vivillon/marine/overworld.png_mwidth_4__mheight_4.4bpp build/assets/graphics/pokemon/vivillon/marine/overworld.png_mwidth_4__mheight_4.4bpp.smol
tools/compresSmol/compresSmol -w build/assets/graphics/pokemon/vivillon/meadow/anim_front.png.4bpp build/assets/graphics/pokemon/vivillon/meadow/anim_front.png.4bpp.smol
tools/compresSmol/compresSmol -w build/assets/graphics/pokemon/vivillon/meadow/back.png.4bpp build/assets/graphics/pokemon/vivillon/meadow/back.png.4bpp.smol
tools/compresSmol/compresSmol -w build/assets/graphics/pokemon/vivillon/meadow/overworld.png_mwidth_4__mheight_4.4bpp build/assets/graphics/pokemon/vivillon/meadow/overworld.png_mwidth_4__mheight_4.4bpp.smol
tools/compresSmol/compresSmol -w build/assets/graphics/pokemon/vivillon/modern/anim_front.png.4bpp build/assets/graphics/pokemon/vivillon/modern/anim_front.png.4bpp.smol
tools/compresSmol/compresSmol -w build/assets/graphics/pokemon/vivillon/modern/back.png.4bpp build/assets/graphics/pokemon/vivillon/modern/back.png.4bpp.smol
tools/compresSmol/compresSmol -w build/assets/graphics/pokemon/vivillon/modern/overworld.png_mwidth_4__mheight_4.4bpp build/assets/graphics/pokemon/vivillon/modern/overworld.png_mwidth_4__mheight_4.4bpp.smol
tools/compresSmol/compresSmol -w build/assets/graphics/pokemon/vivillon/monsoon/anim_front.png.4bpp build/assets/graphics/pokemon/vivillon/monsoon/anim_front.png.4bpp.smol
tools/compresSmol/compresSmol -w build/assets/graphics/pokemon/vivillon/monsoon/back.png.4bpp build/assets/graphics/pokemon/vivillon/monsoon/back.png.4bpp.smol
tools/compresSmol/compresSmol -w build/assets/graphics/pokemon/vivillon/monsoon/overworld.png_mwidth_4__mheight_4.4bpp build/assets/graphics/pokemon/vivillon/monsoon/overworld.png_mwidth_4__mheight_4.4bpp.smol
tools/compresSmol/compresSmol -w build/assets/graphics/pokemon/vivillon/ocean/anim_front.png.4bpp build/assets/graphics/pokemon/vivillon/ocean/anim_front.png.4bpp.smol
tools/compresSmol/compresSmol -w build/assets/graphics/pokemon/vivillon/ocean/back.png.4bpp build/assets/graphics/pokemon/vivillon/ocean/back.png.4bpp.smol
tools/compresSmol/compresSmol -w build/assets/graphics/pokemon/vivillon/ocean/overworld.png_mwidth_4__mheight_4.4bpp build/assets/graphics/pokemon/vivillon/ocean/overworld.png_mwidth_4__mheight_4.4bpp.smol
tools/compresSmol/compresSmol -w build/assets/graphics/pokemon/vivillon/overworld.png_mwidth_4__mheight_4.4bpp build/assets/graphics/pokemon/vivillon/overworld.png_mwidth_4__mheight_4.4bpp.smol
tools/compresSmol/compresSmol -w build/assets/graphics/pokemon/vivillon/poke_ball/anim_front.png.4bpp build/assets/graphics/pokemon/vivillon/poke_ball/anim_front.png.4bpp.smol
tools/compresSmol/compresSmol -w build/assets/graphics/pokemon/vivillon/poke_ball/back.png.4bpp build/assets/graphics/pokemon/vivillon/poke_ball/back.png.4bpp.smol
tools/compresSmol/compresSmol -w build/assets/graphics/pokemon/vivillon/poke_ball/overworld.png_mwidth_4__mheight_4.4bpp build/assets/graphics/pokemon/vivillon/poke_ball/overworld.png_mwidth_4__mheight_4.4bpp.smol
tools/compresSmol/compresSmol -w build/assets/graphics/pokemon/vivillon/polar/anim_front.png.4bpp build/assets/graphics/pokemon/vivillon/polar/anim_front.png.4bpp.smol
tools/compresSmol/compresSmol -w build/assets/graphics/pokemon/vivillon/polar/back.png.4bpp build/assets/graphics/pokemon/vivillon/polar/back.png.4bpp.smol
tools/compresSmol/compresSmol -w build/assets/graphics/pokemon/vivillon/polar/overworld.png_mwidth_4__mheight_4.4bpp build/assets/graphics/pokemon/vivillon/polar/overworld.png_mwidth_4__mheight_4.4bpp.smol
tools/compresSmol/compresSmol -w build/assets/graphics/pokemon/vivillon/river/anim_front.png.4bpp build/assets/graphics/pokemon/vivillon/river/anim_front.png.4bpp.smol
tools/compresSmol/compresSmol -w build/assets/graphics/pokemon/vivillon/river/back.png.4bpp build/assets/graphics/pokemon/vivillon/river/back.png.4bpp.smol
tools/compresSmol/compresSmol -w build/assets/graphics/pokemon/vivillon/river/overworld.png_mwidth_4__mheight_4.4bpp build/assets/graphics/pokemon/vivillon/river/overworld.png_mwidth_4__mheight_4.4bpp.smol
tools/compresSmol/compresSmol -w build/assets/graphics/pokemon/vivillon/sandstorm/anim_front.png.4bpp build/assets/graphics/pokemon/vivillon/sandstorm/anim_front.png.4bpp.smol
tools/compresSmol/compresSmol -w build/assets/graphics/pokemon/vivillon/sandstorm/back.png.4bpp build/assets/graphics/pokemon/vivillon/sandstorm/back.png.4bpp.smol
tools/compresSmol/compresSmol -w build/assets/graphics/pokemon/vivillon/sandstorm/overworld.png_mwidth_4__mheight_4.4bpp build/assets/graphics/pokemon/vivillon/sandstorm/overworld.png_mwidth_4__mheight_4.4bpp.smol
tools/compresSmol/compresSmol -w build/assets/graphics/pokemon/vivillon/savanna/anim_front.png.4bpp build/assets/graphics/pokemon/vivillon/savanna/anim_front.png.4bpp.smol
tools/compresSmol/compresSmol -w build/assets/graphics/pokemon/vivillon/savanna/back.png.4bpp build/assets/graphics/pokemon/vivillon/savanna/back.png.4bpp.smol
tools/compresSmol/compresSmol -w build/assets/graphics/pokemon/vivillon/savanna/overworld.png_mwidth_4__mheight_4.4bpp build/assets/graphics/pokemon/vivillon/savanna/overworld.png_mwidth_4__mheight_4.4bpp.smol
tools/compresSmol/compresSmol -w build/assets/graphics/pokemon/vivillon/sun/anim_front.png.4bpp build/assets/graphics/pokemon/vivillon/sun/anim_front.png.4bpp.smol
tools/compresSmol/compresSmol -w build/assets/graphics/pokemon/vivillon/sun/back.png.4bpp build/assets/graphics/pokemon/vivillon/sun/back.png.4bpp.smol
tools/compresSmol/compresSmol -w build/assets/graphics/pokemon/vivillon/sun/overworld.png_mwidth_4__mheight_4.4bpp build/assets/graphics/pokemon/vivillon/sun/overworld.png_mwidth_4__mheight_4.4bpp.smol
tools/compresSmol/compresSmol -w build/assets/graphics/pokemon/vivillon/tundra/anim_front.png.4bpp build/assets/graphics/pokemon/vivillon/tundra/anim_front.png.4bpp.smol
tools/compresSmol/compresSmol -w build/assets/graphics/pokemon/vivillon/tundra/back.png.4bpp build/assets/graphics/pokemon/vivillon/tundra/back.png.4bpp.smol
tools/compresSmol/compresSmol -w build/assets/graphics/pokemon/vivillon/tundra/overworld.png_mwidth_4__mheight_4.4bpp build/assets/graphics/pokemon/vivillon/tundra/overworld.png_mwidth_4__mheight_4.4bpp.smol
tools/compresSmol/compresSmol -w build/assets/graphics/pokemon/volbeat/anim_front.png.4bpp build/assets/graphics/pokemon/volbeat/anim_front.png.4bpp.smol
tools/compresSmol/compresSmol -w build/assets/graphics/pokemon/volbeat/anim_front_gba.png.4bpp build/assets/graphics/pokemon/volbeat/anim_front_gba.png.4bpp.smol
tools/compresSmol/compresSmol -w build/assets/graphics/pokemon/volbeat/back.png.4bpp build/assets/graphics/pokemon/volbeat/back.png.4bpp.smol
tools/compresSmol/compresSmol -w build/assets/graphics/pokemon/volbeat/back_gba.png.4bpp build/assets/graphics/pokemon/volbeat/back_gba.png.4bpp.smol
tools/compresSmol/compresSmol -w build/assets/graphics/pokemon/volbeat/overworld.png_mwidth_4__mheight_4.4bpp build/assets/graphics/pokemon/volbeat/overworld.png_mwidth_4__mheight_4.4bpp.smol
tools/compresSmol/compresSmol -w build/assets/graphics/pokemon/volcanion/anim_front.png.4bpp build/assets/graphics/pokemon/volcanion/anim_front.png.4bpp.smol
tools/compresSmol/compresSmol -w build/assets/graphics/pokemon/volcanion/back.png.4bpp build/assets/graphics/pokemon/volcanion/back.png.4bpp.smol
tools/compresSmol/compresSmol -w build/assets/graphics/pokemon/volcanion/overworld.png_mwidth_4__mheight_4.4bpp build/assets/graphics/pokemon/volcanion/overworld.png_mwidth_4__mheight_4.4bpp.smol
tools/compresSmol/compresSmol -w build/assets/graphics/pokemon/volcarona/anim_front.png.4bpp build/assets/graphics/pokemon/volcarona/anim_front.png.4bpp.smol
tools/compresSmol/compresSmol -w build/assets/graphics/pokemon/volcarona/back.png.4bpp build/assets/graphics/pokemon/volcarona/back.png.4bpp.smol
tools/compresSmol/compresSmol -w build/assets/graphics/pokemon/volcarona/overworld.png_mwidth_4__mheight_4.4bpp build/assets/graphics/pokemon/volcarona/overworld.png_mwidth_4__mheight_4.4bpp.smol
tools/compresSmol/compresSmol -w build/assets/graphics/pokemon/voltorb/anim_front.png.4bpp build/assets/graphics/pokemon/voltorb/anim_front.png.4bpp.smol
tools/compresSmol/compresSmol -w build/assets/graphics/pokemon/voltorb/anim_front_gba.png.4bpp build/assets/graphics/pokemon/voltorb/anim_front_gba.png.4bpp.smol
tools/compresSmol/compresSmol -w build/assets/graphics/pokemon/voltorb/back.png.4bpp build/assets/graphics/pokemon/voltorb/back.png.4bpp.smol
tools/compresSmol/compresSmol -w build/assets/graphics/pokemon/voltorb/back_gba.png.4bpp build/assets/graphics/pokemon/voltorb/back_gba.png.4bpp.smol
tools/compresSmol/compresSmol -w build/assets/graphics/pokemon/voltorb/hisui/back.png.4bpp build/assets/graphics/pokemon/voltorb/hisui/back.png.4bpp.smol
tools/compresSmol/compresSmol -w build/assets/graphics/pokemon/voltorb/hisui/front.png.4bpp build/assets/graphics/pokemon/voltorb/hisui/front.png.4bpp.smol
tools/compresSmol/compresSmol -w build/assets/graphics/pokemon/voltorb/hisui/overworld.png_mwidth_4__mheight_4.4bpp build/assets/graphics/pokemon/voltorb/hisui/overworld.png_mwidth_4__mheight_4.4bpp.smol
tools/compresSmol/compresSmol -w build/assets/graphics/pokemon/voltorb/overworld.png_mwidth_4__mheight_4.4bpp build/assets/graphics/pokemon/voltorb/overworld.png_mwidth_4__mheight_4.4bpp.smol
tools/compresSmol/compresSmol -w build/assets/graphics/pokemon/vullaby/anim_front.png.4bpp build/assets/graphics/pokemon/vullaby/anim_front.png.4bpp.smol
tools/compresSmol/compresSmol -w build/assets/graphics/pokemon/vullaby/back.png.4bpp build/assets/graphics/pokemon/vullaby/back.png.4bpp.smol
tools/compresSmol/compresSmol -w build/assets/graphics/pokemon/vullaby/overworld.png_mwidth_4__mheight_4.4bpp build/assets/graphics/pokemon/vullaby/overworld.png_mwidth_4__mheight_4.4bpp.smol
tools/compresSmol/compresSmol -w build/assets/graphics/pokemon/vulpix/alola/anim_front.png.4bpp build/assets/graphics/pokemon/vulpix/alola/anim_front.png.4bpp.smol
tools/compresSmol/compresSmol -w build/assets/graphics/pokemon/vulpix/alola/back.png.4bpp build/assets/graphics/pokemon/vulpix/alola/back.png.4bpp.smol
tools/compresSmol/compresSmol -w build/assets/graphics/pokemon/vulpix/alola/overworld.png_mwidth_4__mheight_4.4bpp build/assets/graphics/pokemon/vulpix/alola/overworld.png_mwidth_4__mheight_4.4bpp.smol
tools/compresSmol/compresSmol -w build/assets/graphics/pokemon/vulpix/anim_front.png.4bpp build/assets/graphics/pokemon/vulpix/anim_front.png.4bpp.smol
tools/compresSmol/compresSmol -w build/assets/graphics/pokemon/vulpix/anim_front_gba.png.4bpp build/assets/graphics/pokemon/vulpix/anim_front_gba.png.4bpp.smol
tools/compresSmol/compresSmol -w build/assets/graphics/pokemon/vulpix/back.png.4bpp build/assets/graphics/pokemon/vulpix/back.png.4bpp.smol
tools/compresSmol/compresSmol -w build/assets/graphics/pokemon/vulpix/back_gba.png.4bpp build/assets/graphics/pokemon/vulpix/back_gba.png.4bpp.smol
tools/compresSmol/compresSmol -w build/assets/graphics/pokemon/vulpix/overworld.png_mwidth_4__mheight_4.4bpp build/assets/graphics/pokemon/vulpix/overworld.png_mwidth_4__mheight_4.4bpp.smol
tools/compresSmol/compresSmol -w build/assets/graphics/pokemon/wailmer/anim_front.png.4bpp build/assets/graphics/pokemon/wailmer/anim_front.png.4bpp.smol
tools/compresSmol/compresSmol -w build/assets/graphics/pokemon/wailmer/anim_front_gba.png.4bpp build/assets/graphics/pokemon/wailmer/anim_front_gba.png.4bpp.smol
tools/compresSmol/compresSmol -w build/assets/graphics/pokemon/wailmer/back.png.4bpp build/assets/graphics/pokemon/wailmer/back.png.4bpp.smol
tools/compresSmol/compresSmol -w build/assets/graphics/pokemon/wailmer/back_gba.png.4bpp build/assets/graphics/pokemon/wailmer/back_gba.png.4bpp.smol
tools/compresSmol/compresSmol -w build/assets/graphics/pokemon/wailmer/overworld.png_mwidth_4__mheight_4.4bpp build/assets/graphics/pokemon/wailmer/overworld.png_mwidth_4__mheight_4.4bpp.smol
tools/compresSmol/compresSmol -w build/assets/graphics/pokemon/wailord/anim_front.png.4bpp build/assets/graphics/pokemon/wailord/anim_front.png.4bpp.smol
tools/compresSmol/compresSmol -w build/assets/graphics/pokemon/wailord/anim_front_gba.png.4bpp build/assets/graphics/pokemon/wailord/anim_front_gba.png.4bpp.smol
tools/compresSmol/compresSmol -w build/assets/graphics/pokemon/wailord/back.png.4bpp build/assets/graphics/pokemon/wailord/back.png.4bpp.smol
tools/compresSmol/compresSmol -w build/assets/graphics/pokemon/wailord/back_gba.png.4bpp build/assets/graphics/pokemon/wailord/back_gba.png.4bpp.smol
tools/compresSmol/compresSmol -w build/assets/graphics/pokemon/wailord/overworld.png_mwidth_8__mheight_8.4bpp build/assets/graphics/pokemon/wailord/overworld.png_mwidth_8__mheight_8.4bpp.smol
tools/compresSmol/compresSmol -w build/assets/graphics/pokemon/walking_wake/back.png.4bpp build/assets/graphics/pokemon/walking_wake/back.png.4bpp.smol
tools/compresSmol/compresSmol -w build/assets/graphics/pokemon/walking_wake/front.png.4bpp build/assets/graphics/pokemon/walking_wake/front.png.4bpp.smol
tools/compresSmol/compresSmol -w build/assets/graphics/pokemon/walking_wake/overworld.png_mwidth_4__mheight_4.4bpp build/assets/graphics/pokemon/walking_wake/overworld.png_mwidth_4__mheight_4.4bpp.smol
tools/compresSmol/compresSmol -w build/assets/graphics/pokemon/walrein/anim_front.png.4bpp build/assets/graphics/pokemon/walrein/anim_front.png.4bpp.smol
tools/compresSmol/compresSmol -w build/assets/graphics/pokemon/walrein/anim_front_gba.png.4bpp build/assets/graphics/pokemon/walrein/anim_front_gba.png.4bpp.smol
tools/compresSmol/compresSmol -w build/assets/graphics/pokemon/walrein/back.png.4bpp build/assets/graphics/pokemon/walrein/back.png.4bpp.smol
tools/compresSmol/compresSmol -w build/assets/graphics/pokemon/walrein/back_gba.png.4bpp build/assets/graphics/pokemon/walrein/back_gba.png.4bpp.smol
tools/compresSmol/compresSmol -w build/assets/graphics/pokemon/walrein/overworld.png_mwidth_4__mheight_4.4bpp build/assets/graphics/pokemon/walrein/overworld.png_mwidth_4__mheight_4.4bpp.smol
tools/compresSmol/compresSmol -w build/assets/graphics/pokemon/wartortle/anim_front.png.4bpp build/assets/graphics/pokemon/wartortle/anim_front.png.4bpp.smol
tools/compresSmol/compresSmol -w build/assets/graphics/pokemon/wartortle/anim_front_gba.png.4bpp build/assets/graphics/pokemon/wartortle/anim_front_gba.png.4bpp.smol
tools/compresSmol/compresSmol -w build/assets/graphics/pokemon/wartortle/back.png.4bpp build/assets/graphics/pokemon/wartortle/back.png.4bpp.smol
tools/compresSmol/compresSmol -w build/assets/graphics/pokemon/wartortle/back_gba.png.4bpp build/assets/graphics/pokemon/wartortle/back_gba.png.4bpp.smol
tools/compresSmol/compresSmol -w build/assets/graphics/pokemon/wartortle/overworld.png_mwidth_4__mheight_4.4bpp build/assets/graphics/pokemon/wartortle/overworld.png_mwidth_4__mheight_4.4bpp.smol
tools/compresSmol/compresSmol -w build/assets/graphics/pokemon/watchog/anim_front.png.4bpp build/assets/graphics/pokemon/watchog/anim_front.png.4bpp.smol
tools/compresSmol/compresSmol -w build/assets/graphics/pokemon/watchog/back.png.4bpp build/assets/graphics/pokemon/watchog/back.png.4bpp.smol
tools/compresSmol/compresSmol -w build/assets/graphics/pokemon/watchog/overworld.png_mwidth_4__mheight_4.4bpp build/assets/graphics/pokemon/watchog/overworld.png_mwidth_4__mheight_4.4bpp.smol
tools/compresSmol/compresSmol -w build/assets/graphics/pokemon/wattrel/back.png.4bpp build/assets/graphics/pokemon/wattrel/back.png.4bpp.smol
tools/compresSmol/compresSmol -w build/assets/graphics/pokemon/wattrel/front.png.4bpp build/assets/graphics/pokemon/wattrel/front.png.4bpp.smol
tools/compresSmol/compresSmol -w build/assets/graphics/pokemon/wattrel/overworld.png_mwidth_4__mheight_4.4bpp build/assets/graphics/pokemon/wattrel/overworld.png_mwidth_4__mheight_4.4bpp.smol
tools/compresSmol/compresSmol -w build/assets/graphics/pokemon/weavile/anim_front.png.4bpp build/assets/graphics/pokemon/weavile/anim_front.png.4bpp.smol
tools/compresSmol/compresSmol -w build/assets/graphics/pokemon/weavile/anim_frontf.png.4bpp build/assets/graphics/pokemon/weavile/anim_frontf.png.4bpp.smol
tools/compresSmol/compresSmol -w build/assets/graphics/pokemon/weavile/back.png.4bpp build/assets/graphics/pokemon/weavile/back.png.4bpp.smol
tools/compresSmol/compresSmol -w build/assets/graphics/pokemon/weavile/backf.png.4bpp build/assets/graphics/pokemon/weavile/backf.png.4bpp.smol
tools/compresSmol/compresSmol -w build/assets/graphics/pokemon/weavile/overworld.png_mwidth_4__mheight_4.4bpp build/assets/graphics/pokemon/weavile/overworld.png_mwidth_4__mheight_4.4bpp.smol
tools/compresSmol/compresSmol -w build/assets/graphics/pokemon/weavile/overworldf.png_mwidth_4__mheight_4.4bpp build/assets/graphics/pokemon/weavile/overworldf.png_mwidth_4__mheight_4.4bpp.smol
tools/compresSmol/compresSmol -w build/assets/graphics/pokemon/weedle/anim_front.png.4bpp build/assets/graphics/pokemon/weedle/anim_front.png.4bpp.smol
tools/compresSmol/compresSmol -w build/assets/graphics/pokemon/weedle/anim_front_gba.png.4bpp build/assets/graphics/pokemon/weedle/anim_front_gba.png.4bpp.smol
tools/compresSmol/compresSmol -w build/assets/graphics/pokemon/weedle/back.png.4bpp build/assets/graphics/pokemon/weedle/back.png.4bpp.smol
tools/compresSmol/compresSmol -w build/assets/graphics/pokemon/weedle/back_gba.png.4bpp build/assets/graphics/pokemon/weedle/back_gba.png.4bpp.smol
tools/compresSmol/compresSmol -w build/assets/graphics/pokemon/weedle/overworld.png_mwidth_4__mheight_4.4bpp build/assets/graphics/pokemon/weedle/overworld.png_mwidth_4__mheight_4.4bpp.smol
tools/compresSmol/compresSmol -w build/assets/graphics/pokemon/weepinbell/anim_front.png.4bpp build/assets/graphics/pokemon/weepinbell/anim_front.png.4bpp.smol
tools/compresSmol/compresSmol -w build/assets/graphics/pokemon/weepinbell/anim_front_gba.png.4bpp build/assets/graphics/pokemon/weepinbell/anim_front_gba.png.4bpp.smol
tools/compresSmol/compresSmol -w build/assets/graphics/pokemon/weepinbell/back.png.4bpp build/assets/graphics/pokemon/weepinbell/back.png.4bpp.smol
tools/compresSmol/compresSmol -w build/assets/graphics/pokemon/weepinbell/back_gba.png.4bpp build/assets/graphics/pokemon/weepinbell/back_gba.png.4bpp.smol
tools/compresSmol/compresSmol -w build/assets/graphics/pokemon/weepinbell/overworld.png_mwidth_4__mheight_4.4bpp build/assets/graphics/pokemon/weepinbell/overworld.png_mwidth_4__mheight_4.4bpp.smol
tools/compresSmol/compresSmol -w build/assets/graphics/pokemon/weezing/anim_front.png.4bpp build/assets/graphics/pokemon/weezing/anim_front.png.4bpp.smol
tools/compresSmol/compresSmol -w build/assets/graphics/pokemon/weezing/anim_front_gba.png.4bpp build/assets/graphics/pokemon/weezing/anim_front_gba.png.4bpp.smol
tools/compresSmol/compresSmol -w build/assets/graphics/pokemon/weezing/back.png.4bpp build/assets/graphics/pokemon/weezing/back.png.4bpp.smol
tools/compresSmol/compresSmol -w build/assets/graphics/pokemon/weezing/back_gba.png.4bpp build/assets/graphics/pokemon/weezing/back_gba.png.4bpp.smol
tools/compresSmol/compresSmol -w build/assets/graphics/pokemon/weezing/galar/back.png.4bpp build/assets/graphics/pokemon/weezing/galar/back.png.4bpp.smol
tools/compresSmol/compresSmol -w build/assets/graphics/pokemon/weezing/galar/front.png.4bpp build/assets/graphics/pokemon/weezing/galar/front.png.4bpp.smol
tools/compresSmol/compresSmol -w build/assets/graphics/pokemon/weezing/galar/overworld.png_mwidth_4__mheight_4.4bpp build/assets/graphics/pokemon/weezing/galar/overworld.png_mwidth_4__mheight_4.4bpp.smol
tools/compresSmol/compresSmol -w build/assets/graphics/pokemon/weezing/overworld.png_mwidth_4__mheight_4.4bpp build/assets/graphics/pokemon/weezing/overworld.png_mwidth_4__mheight_4.4bpp.smol
tools/compresSmol/compresSmol -w build/assets/graphics/pokemon/whimsicott/anim_front.png.4bpp build/assets/graphics/pokemon/whimsicott/anim_front.png.4bpp.smol
tools/compresSmol/compresSmol -w build/assets/graphics/pokemon/whimsicott/back.png.4bpp build/assets/graphics/pokemon/whimsicott/back.png.4bpp.smol
tools/compresSmol/compresSmol -w build/assets/graphics/pokemon/whimsicott/overworld.png_mwidth_4__mheight_4.4bpp build/assets/graphics/pokemon/whimsicott/overworld.png_mwidth_4__mheight_4.4bpp.smol
tools/compresSmol/compresSmol -w build/assets/graphics/pokemon/whirlipede/anim_front.png.4bpp build/assets/graphics/pokemon/whirlipede/anim_front.png.4bpp.smol
tools/compresSmol/compresSmol -w build/assets/graphics/pokemon/whirlipede/back.png.4bpp build/assets/graphics/pokemon/whirlipede/back.png.4bpp.smol
tools/compresSmol/compresSmol -w build/assets/graphics/pokemon/whirlipede/overworld.png_mwidth_4__mheight_4.4bpp build/assets/graphics/pokemon/whirlipede/overworld.png_mwidth_4__mheight_4.4bpp.smol
tools/compresSmol/compresSmol -w build/assets/graphics/pokemon/whiscash/anim_front.png.4bpp build/assets/graphics/pokemon/whiscash/anim_front.png.4bpp.smol
tools/compresSmol/compresSmol -w build/assets/graphics/pokemon/whiscash/anim_front_gba.png.4bpp build/assets/graphics/pokemon/whiscash/anim_front_gba.png.4bpp.smol
tools/compresSmol/compresSmol -w build/assets/graphics/pokemon/whiscash/back.png.4bpp build/assets/graphics/pokemon/whiscash/back.png.4bpp.smol
tools/compresSmol/compresSmol -w build/assets/graphics/pokemon/whiscash/back_gba.png.4bpp build/assets/graphics/pokemon/whiscash/back_gba.png.4bpp.smol
tools/compresSmol/compresSmol -w build/assets/graphics/pokemon/whiscash/overworld.png_mwidth_4__mheight_4.4bpp build/assets/graphics/pokemon/whiscash/overworld.png_mwidth_4__mheight_4.4bpp.smol
tools/compresSmol/compresSmol -w build/assets/graphics/pokemon/whismur/anim_front.png.4bpp build/assets/graphics/pokemon/whismur/anim_front.png.4bpp.smol
tools/compresSmol/compresSmol -w build/assets/graphics/pokemon/whismur/anim_front_gba.png.4bpp build/assets/graphics/pokemon/whismur/anim_front_gba.png.4bpp.smol
tools/compresSmol/compresSmol -w build/assets/graphics/pokemon/whismur/back.png.4bpp build/assets/graphics/pokemon/whismur/back.png.4bpp.smol
tools/compresSmol/compresSmol -w build/assets/graphics/pokemon/whismur/back_gba.png.4bpp build/assets/graphics/pokemon/whismur/back_gba.png.4bpp.smol
tools/compresSmol/compresSmol -w build/assets/graphics/pokemon/whismur/overworld.png_mwidth_4__mheight_4.4bpp build/assets/graphics/pokemon/whismur/overworld.png_mwidth_4__mheight_4.4bpp.smol
tools/compresSmol/compresSmol -w build/assets/graphics/pokemon/wigglytuff/anim_front.png.4bpp build/assets/graphics/pokemon/wigglytuff/anim_front.png.4bpp.smol
tools/compresSmol/compresSmol -w build/assets/graphics/pokemon/wigglytuff/anim_front_gba.png.4bpp build/assets/graphics/pokemon/wigglytuff/anim_front_gba.png.4bpp.smol
tools/compresSmol/compresSmol -w build/assets/graphics/pokemon/wigglytuff/back.png.4bpp build/assets/graphics/pokemon/wigglytuff/back.png.4bpp.smol
tools/compresSmol/compresSmol -w build/assets/graphics/pokemon/wigglytuff/back_gba.png.4bpp build/assets/graphics/pokemon/wigglytuff/back_gba.png.4bpp.smol
tools/compresSmol/compresSmol -w build/assets/graphics/pokemon/wigglytuff/overworld.png_mwidth_4__mheight_4.4bpp build/assets/graphics/pokemon/wigglytuff/overworld.png_mwidth_4__mheight_4.4bpp.smol
tools/compresSmol/compresSmol -w build/assets/graphics/pokemon/wiglett/back.png.4bpp build/assets/graphics/pokemon/wiglett/back.png.4bpp.smol
tools/compresSmol/compresSmol -w build/assets/graphics/pokemon/wiglett/front.png.4bpp build/assets/graphics/pokemon/wiglett/front.png.4bpp.smol
tools/compresSmol/compresSmol -w build/assets/graphics/pokemon/wiglett/overworld.png_mwidth_4__mheight_4.4bpp build/assets/graphics/pokemon/wiglett/overworld.png_mwidth_4__mheight_4.4bpp.smol
tools/compresSmol/compresSmol -w build/assets/graphics/pokemon/wimpod/anim_front.png.4bpp build/assets/graphics/pokemon/wimpod/anim_front.png.4bpp.smol
tools/compresSmol/compresSmol -w build/assets/graphics/pokemon/wimpod/back.png.4bpp build/assets/graphics/pokemon/wimpod/back.png.4bpp.smol
tools/compresSmol/compresSmol -w build/assets/graphics/pokemon/wimpod/overworld.png_mwidth_4__mheight_4.4bpp build/assets/graphics/pokemon/wimpod/overworld.png_mwidth_4__mheight_4.4bpp.smol
tools/compresSmol/compresSmol -w build/assets/graphics/pokemon/wingull/anim_front.png.4bpp build/assets/graphics/pokemon/wingull/anim_front.png.4bpp.smol
tools/compresSmol/compresSmol -w build/assets/graphics/pokemon/wingull/anim_front_gba.png.4bpp build/assets/graphics/pokemon/wingull/anim_front_gba.png.4bpp.smol
tools/compresSmol/compresSmol -w build/assets/graphics/pokemon/wingull/back.png.4bpp build/assets/graphics/pokemon/wingull/back.png.4bpp.smol
tools/compresSmol/compresSmol -w build/assets/graphics/pokemon/wingull/back_gba.png.4bpp build/assets/graphics/pokemon/wingull/back_gba.png.4bpp.smol
tools/compresSmol/compresSmol -w build/assets/graphics/pokemon/wingull/overworld.png_mwidth_4__mheight_4.4bpp build/assets/graphics/pokemon/wingull/overworld.png_mwidth_4__mheight_4.4bpp.smol
tools/compresSmol/compresSmol -w build/assets/graphics/pokemon/wishiwashi/anim_front.png.4bpp build/assets/graphics/pokemon/wishiwashi/anim_front.png.4bpp.smol
tools/compresSmol/compresSmol -w build/assets/graphics/pokemon/wishiwashi/back.png.4bpp build/assets/graphics/pokemon/wishiwashi/back.png.4bpp.smol
tools/compresSmol/compresSmol -w build/assets/graphics/pokemon/wishiwashi/overworld.png_mwidth_4__mheight_4.4bpp build/assets/graphics/pokemon/wishiwashi/overworld.png_mwidth_4__mheight_4.4bpp.smol
tools/compresSmol/compresSmol -w build/assets/graphics/pokemon/wishiwashi/school/anim_front.png.4bpp build/assets/graphics/pokemon/wishiwashi/school/anim_front.png.4bpp.smol
tools/compresSmol/compresSmol -w build/assets/graphics/pokemon/wishiwashi/school/back.png.4bpp build/assets/graphics/pokemon/wishiwashi/school/back.png.4bpp.smol
tools/compresSmol/compresSmol -w build/assets/graphics/pokemon/wo_chien/back.png.4bpp build/assets/graphics/pokemon/wo_chien/back.png.4bpp.smol
tools/compresSmol/compresSmol -w build/assets/graphics/pokemon/wo_chien/front.png.4bpp build/assets/graphics/pokemon/wo_chien/front.png.4bpp.smol
tools/compresSmol/compresSmol -w build/assets/graphics/pokemon/wo_chien/overworld.png_mwidth_4__mheight_4.4bpp build/assets/graphics/pokemon/wo_chien/overworld.png_mwidth_4__mheight_4.4bpp.smol
tools/compresSmol/compresSmol -w build/assets/graphics/pokemon/wobbuffet/anim_front.png.4bpp build/assets/graphics/pokemon/wobbuffet/anim_front.png.4bpp.smol
tools/compresSmol/compresSmol -w build/assets/graphics/pokemon/wobbuffet/anim_front_gba.png.4bpp build/assets/graphics/pokemon/wobbuffet/anim_front_gba.png.4bpp.smol
tools/compresSmol/compresSmol -w build/assets/graphics/pokemon/wobbuffet/anim_frontf.png.4bpp build/assets/graphics/pokemon/wobbuffet/anim_frontf.png.4bpp.smol
tools/compresSmol/compresSmol -w build/assets/graphics/pokemon/wobbuffet/back.png.4bpp build/assets/graphics/pokemon/wobbuffet/back.png.4bpp.smol
tools/compresSmol/compresSmol -w build/assets/graphics/pokemon/wobbuffet/back_gba.png.4bpp build/assets/graphics/pokemon/wobbuffet/back_gba.png.4bpp.smol
tools/compresSmol/compresSmol -w build/assets/graphics/pokemon/wobbuffet/backf.png.4bpp build/assets/graphics/pokemon/wobbuffet/backf.png.4bpp.smol
tools/compresSmol/compresSmol -w build/assets/graphics/pokemon/wobbuffet/overworld.png_mwidth_4__mheight_4.4bpp build/assets/graphics/pokemon/wobbuffet/overworld.png_mwidth_4__mheight_4.4bpp.smol
tools/compresSmol/compresSmol -w build/assets/graphics/pokemon/wobbuffet/overworldf.png_mwidth_4__mheight_4.4bpp build/assets/graphics/pokemon/wobbuffet/overworldf.png_mwidth_4__mheight_4.4bpp.smol
tools/compresSmol/compresSmol -w build/assets/graphics/pokemon/woobat/anim_front.png.4bpp build/assets/graphics/pokemon/woobat/anim_front.png.4bpp.smol
tools/compresSmol/compresSmol -w build/assets/graphics/pokemon/woobat/back.png.4bpp build/assets/graphics/pokemon/woobat/back.png.4bpp.smol
tools/compresSmol/compresSmol -w build/assets/graphics/pokemon/woobat/overworld.png_mwidth_4__mheight_4.4bpp build/assets/graphics/pokemon/woobat/overworld.png_mwidth_4__mheight_4.4bpp.smol
tools/compresSmol/compresSmol -w build/assets/graphics/pokemon/wooloo/back.png.4bpp build/assets/graphics/pokemon/wooloo/back.png.4bpp.smol
tools/compresSmol/compresSmol -w build/assets/graphics/pokemon/wooloo/front.png.4bpp build/assets/graphics/pokemon/wooloo/front.png.4bpp.smol
tools/compresSmol/compresSmol -w build/assets/graphics/pokemon/wooloo/overworld.png_mwidth_4__mheight_4.4bpp build/assets/graphics/pokemon/wooloo/overworld.png_mwidth_4__mheight_4.4bpp.smol
tools/compresSmol/compresSmol -w build/assets/graphics/pokemon/wooper/anim_front.png.4bpp build/assets/graphics/pokemon/wooper/anim_front.png.4bpp.smol
tools/compresSmol/compresSmol -w build/assets/graphics/pokemon/wooper/anim_front_gba.png.4bpp build/assets/graphics/pokemon/wooper/anim_front_gba.png.4bpp.smol
tools/compresSmol/compresSmol -w build/assets/graphics/pokemon/wooper/anim_frontf.png.4bpp build/assets/graphics/pokemon/wooper/anim_frontf.png.4bpp.smol
tools/compresSmol/compresSmol -w build/assets/graphics/pokemon/wooper/back.png.4bpp build/assets/graphics/pokemon/wooper/back.png.4bpp.smol
tools/compresSmol/compresSmol -w build/assets/graphics/pokemon/wooper/back_gba.png.4bpp build/assets/graphics/pokemon/wooper/back_gba.png.4bpp.smol
tools/compresSmol/compresSmol -w build/assets/graphics/pokemon/wooper/backf.png.4bpp build/assets/graphics/pokemon/wooper/backf.png.4bpp.smol
tools/compresSmol/compresSmol -w build/assets/graphics/pokemon/wooper/overworld.png_mwidth_4__mheight_4.4bpp build/assets/graphics/pokemon/wooper/overworld.png_mwidth_4__mheight_4.4bpp.smol
tools/compresSmol/compresSmol -w build/assets/graphics/pokemon/wooper/overworldf.png_mwidth_4__mheight_4.4bpp build/assets/graphics/pokemon/wooper/overworldf.png_mwidth_4__mheight_4.4bpp.smol
tools/compresSmol/compresSmol -w build/assets/graphics/pokemon/wooper/paldea/back.png.4bpp build/assets/graphics/pokemon/wooper/paldea/back.png.4bpp.smol
tools/compresSmol/compresSmol -w build/assets/graphics/pokemon/wooper/paldea/front.png.4bpp build/assets/graphics/pokemon/wooper/paldea/front.png.4bpp.smol
tools/compresSmol/compresSmol -w build/assets/graphics/pokemon/wooper/paldea/overworld.png_mwidth_4__mheight_4.4bpp build/assets/graphics/pokemon/wooper/paldea/overworld.png_mwidth_4__mheight_4.4bpp.smol
tools/compresSmol/compresSmol -w build/assets/graphics/pokemon/wormadam/anim_front.png.4bpp build/assets/graphics/pokemon/wormadam/anim_front.png.4bpp.smol
tools/compresSmol/compresSmol -w build/assets/graphics/pokemon/wormadam/back.png.4bpp build/assets/graphics/pokemon/wormadam/back.png.4bpp.smol
tools/compresSmol/compresSmol -w build/assets/graphics/pokemon/wormadam/overworld.png_mwidth_4__mheight_4.4bpp build/assets/graphics/pokemon/wormadam/overworld.png_mwidth_4__mheight_4.4bpp.smol
tools/compresSmol/compresSmol -w build/assets/graphics/pokemon/wormadam/sandy/anim_front.png.4bpp build/assets/graphics/pokemon/wormadam/sandy/anim_front.png.4bpp.smol
tools/compresSmol/compresSmol -w build/assets/graphics/pokemon/wormadam/sandy/back.png.4bpp build/assets/graphics/pokemon/wormadam/sandy/back.png.4bpp.smol
tools/compresSmol/compresSmol -w build/assets/graphics/pokemon/wormadam/sandy/overworld.png_mwidth_4__mheight_4.4bpp build/assets/graphics/pokemon/wormadam/sandy/overworld.png_mwidth_4__mheight_4.4bpp.smol
tools/compresSmol/compresSmol -w build/assets/graphics/pokemon/wormadam/trash/anim_front.png.4bpp build/assets/graphics/pokemon/wormadam/trash/anim_front.png.4bpp.smol
tools/compresSmol/compresSmol -w build/assets/graphics/pokemon/wormadam/trash/back.png.4bpp build/assets/graphics/pokemon/wormadam/trash/back.png.4bpp.smol
tools/compresSmol/compresSmol -w build/assets/graphics/pokemon/wormadam/trash/overworld.png_mwidth_4__mheight_4.4bpp build/assets/graphics/pokemon/wormadam/trash/overworld.png_mwidth_4__mheight_4.4bpp.smol
tools/compresSmol/compresSmol -w build/assets/graphics/pokemon/wugtrio/back.png.4bpp build/assets/graphics/pokemon/wugtrio/back.png.4bpp.smol
tools/compresSmol/compresSmol -w build/assets/graphics/pokemon/wugtrio/front.png.4bpp build/assets/graphics/pokemon/wugtrio/front.png.4bpp.smol
tools/compresSmol/compresSmol -w build/assets/graphics/pokemon/wugtrio/overworld.png_mwidth_4__mheight_4.4bpp build/assets/graphics/pokemon/wugtrio/overworld.png_mwidth_4__mheight_4.4bpp.smol
tools/compresSmol/compresSmol -w build/assets/graphics/pokemon/wurmple/anim_front.png.4bpp build/assets/graphics/pokemon/wurmple/anim_front.png.4bpp.smol
tools/compresSmol/compresSmol -w build/assets/graphics/pokemon/wurmple/anim_front_gba.png.4bpp build/assets/graphics/pokemon/wurmple/anim_front_gba.png.4bpp.smol
tools/compresSmol/compresSmol -w build/assets/graphics/pokemon/wurmple/back.png.4bpp build/assets/graphics/pokemon/wurmple/back.png.4bpp.smol
tools/compresSmol/compresSmol -w build/assets/graphics/pokemon/wurmple/back_gba.png.4bpp build/assets/graphics/pokemon/wurmple/back_gba.png.4bpp.smol
tools/compresSmol/compresSmol -w build/assets/graphics/pokemon/wurmple/overworld.png_mwidth_4__mheight_4.4bpp build/assets/graphics/pokemon/wurmple/overworld.png_mwidth_4__mheight_4.4bpp.smol
tools/compresSmol/compresSmol -w build/assets/graphics/pokemon/wynaut/anim_front.png.4bpp build/assets/graphics/pokemon/wynaut/anim_front.png.4bpp.smol
tools/compresSmol/compresSmol -w build/assets/graphics/pokemon/wynaut/anim_front_gba.png.4bpp build/assets/graphics/pokemon/wynaut/anim_front_gba.png.4bpp.smol
tools/compresSmol/compresSmol -w build/assets/graphics/pokemon/wynaut/back.png.4bpp build/assets/graphics/pokemon/wynaut/back.png.4bpp.smol
tools/compresSmol/compresSmol -w build/assets/graphics/pokemon/wynaut/back_gba.png.4bpp build/assets/graphics/pokemon/wynaut/back_gba.png.4bpp.smol
tools/compresSmol/compresSmol -w build/assets/graphics/pokemon/wynaut/overworld.png_mwidth_4__mheight_4.4bpp build/assets/graphics/pokemon/wynaut/overworld.png_mwidth_4__mheight_4.4bpp.smol
tools/compresSmol/compresSmol -w build/assets/graphics/pokemon/wyrdeer/back.png.4bpp build/assets/graphics/pokemon/wyrdeer/back.png.4bpp.smol
tools/compresSmol/compresSmol -w build/assets/graphics/pokemon/wyrdeer/front.png.4bpp build/assets/graphics/pokemon/wyrdeer/front.png.4bpp.smol
tools/compresSmol/compresSmol -w build/assets/graphics/pokemon/wyrdeer/overworld.png_mwidth_4__mheight_4.4bpp build/assets/graphics/pokemon/wyrdeer/overworld.png_mwidth_4__mheight_4.4bpp.smol
tools/compresSmol/compresSmol -w build/assets/graphics/pokemon/xatu/anim_front.png.4bpp build/assets/graphics/pokemon/xatu/anim_front.png.4bpp.smol
tools/compresSmol/compresSmol -w build/assets/graphics/pokemon/xatu/anim_front_gba.png.4bpp build/assets/graphics/pokemon/xatu/anim_front_gba.png.4bpp.smol
tools/compresSmol/compresSmol -w build/assets/graphics/pokemon/xatu/anim_frontf.png.4bpp build/assets/graphics/pokemon/xatu/anim_frontf.png.4bpp.smol
tools/compresSmol/compresSmol -w build/assets/graphics/pokemon/xatu/back.png.4bpp build/assets/graphics/pokemon/xatu/back.png.4bpp.smol
tools/compresSmol/compresSmol -w build/assets/graphics/pokemon/xatu/back_gba.png.4bpp build/assets/graphics/pokemon/xatu/back_gba.png.4bpp.smol
tools/compresSmol/compresSmol -w build/assets/graphics/pokemon/xatu/overworld.png_mwidth_4__mheight_4.4bpp build/assets/graphics/pokemon/xatu/overworld.png_mwidth_4__mheight_4.4bpp.smol
tools/compresSmol/compresSmol -w build/assets/graphics/pokemon/xatu/overworldf.png_mwidth_4__mheight_4.4bpp build/assets/graphics/pokemon/xatu/overworldf.png_mwidth_4__mheight_4.4bpp.smol
tools/compresSmol/compresSmol -w build/assets/graphics/pokemon/xerneas/active/anim_front.png.4bpp build/assets/graphics/pokemon/xerneas/active/anim_front.png.4bpp.smol
tools/compresSmol/compresSmol -w build/assets/graphics/pokemon/xerneas/active/back.png.4bpp build/assets/graphics/pokemon/xerneas/active/back.png.4bpp.smol
tools/compresSmol/compresSmol -w build/assets/graphics/pokemon/xerneas/active/overworld.png_mwidth_8__mheight_8.4bpp build/assets/graphics/pokemon/xerneas/active/overworld.png_mwidth_8__mheight_8.4bpp.smol
tools/compresSmol/compresSmol -w build/assets/graphics/pokemon/xerneas/anim_front.png.4bpp build/assets/graphics/pokemon/xerneas/anim_front.png.4bpp.smol
tools/compresSmol/compresSmol -w build/assets/graphics/pokemon/xerneas/back.png.4bpp build/assets/graphics/pokemon/xerneas/back.png.4bpp.smol
tools/compresSmol/compresSmol -w build/assets/graphics/pokemon/xerneas/overworld.png_mwidth_8__mheight_8.4bpp build/assets/graphics/pokemon/xerneas/overworld.png_mwidth_8__mheight_8.4bpp.smol
tools/compresSmol/compresSmol -w build/assets/graphics/pokemon/xurkitree/anim_front.png.4bpp build/assets/graphics/pokemon/xurkitree/anim_front.png.4bpp.smol
tools/compresSmol/compresSmol -w build/assets/graphics/pokemon/xurkitree/back.png.4bpp build/assets/graphics/pokemon/xurkitree/back.png.4bpp.smol
tools/compresSmol/compresSmol -w build/assets/graphics/pokemon/xurkitree/overworld.png_mwidth_4__mheight_4.4bpp build/assets/graphics/pokemon/xurkitree/overworld.png_mwidth_4__mheight_4.4bpp.smol
tools/compresSmol/compresSmol -w build/assets/graphics/pokemon/yamask/anim_front.png.4bpp build/assets/graphics/pokemon/yamask/anim_front.png.4bpp.smol
tools/compresSmol/compresSmol -w build/assets/graphics/pokemon/yamask/back.png.4bpp build/assets/graphics/pokemon/yamask/back.png.4bpp.smol
tools/compresSmol/compresSmol -w build/assets/graphics/pokemon/yamask/galar/back.png.4bpp build/assets/graphics/pokemon/yamask/galar/back.png.4bpp.smol
tools/compresSmol/compresSmol -w build/assets/graphics/pokemon/yamask/galar/front.png.4bpp build/assets/graphics/pokemon/yamask/galar/front.png.4bpp.smol
tools/compresSmol/compresSmol -w build/assets/graphics/pokemon/yamask/galar/overworld.png_mwidth_4__mheight_4.4bpp build/assets/graphics/pokemon/yamask/galar/overworld.png_mwidth_4__mheight_4.4bpp.smol
tools/compresSmol/compresSmol -w build/assets/graphics/pokemon/yamask/overworld.png_mwidth_4__mheight_4.4bpp build/assets/graphics/pokemon/yamask/overworld.png_mwidth_4__mheight_4.4bpp.smol
tools/compresSmol/compresSmol -w build/assets/graphics/pokemon/yamper/back.png.4bpp build/assets/graphics/pokemon/yamper/back.png.4bpp.smol
tools/compresSmol/compresSmol -w build/assets/graphics/pokemon/yamper/front.png.4bpp build/assets/graphics/pokemon/yamper/front.png.4bpp.smol
tools/compresSmol/compresSmol -w build/assets/graphics/pokemon/yamper/overworld.png_mwidth_4__mheight_4.4bpp build/assets/graphics/pokemon/yamper/overworld.png_mwidth_4__mheight_4.4bpp.smol
tools/compresSmol/compresSmol -w build/assets/graphics/pokemon/yanma/anim_front.png.4bpp build/assets/graphics/pokemon/yanma/anim_front.png.4bpp.smol
tools/compresSmol/compresSmol -w build/assets/graphics/pokemon/yanma/anim_front_gba.png.4bpp build/assets/graphics/pokemon/yanma/anim_front_gba.png.4bpp.smol
tools/compresSmol/compresSmol -w build/assets/graphics/pokemon/yanma/back.png.4bpp build/assets/graphics/pokemon/yanma/back.png.4bpp.smol
tools/compresSmol/compresSmol -w build/assets/graphics/pokemon/yanma/back_gba.png.4bpp build/assets/graphics/pokemon/yanma/back_gba.png.4bpp.smol
tools/compresSmol/compresSmol -w build/assets/graphics/pokemon/yanma/overworld.png_mwidth_4__mheight_4.4bpp build/assets/graphics/pokemon/yanma/overworld.png_mwidth_4__mheight_4.4bpp.smol
tools/compresSmol/compresSmol -w build/assets/graphics/pokemon/yanmega/anim_front.png.4bpp build/assets/graphics/pokemon/yanmega/anim_front.png.4bpp.smol
tools/compresSmol/compresSmol -w build/assets/graphics/pokemon/yanmega/back.png.4bpp build/assets/graphics/pokemon/yanmega/back.png.4bpp.smol
tools/compresSmol/compresSmol -w build/assets/graphics/pokemon/yanmega/overworld.png_mwidth_4__mheight_4.4bpp build/assets/graphics/pokemon/yanmega/overworld.png_mwidth_4__mheight_4.4bpp.smol
tools/compresSmol/compresSmol -w build/assets/graphics/pokemon/yungoos/anim_front.png.4bpp build/assets/graphics/pokemon/yungoos/anim_front.png.4bpp.smol
tools/compresSmol/compresSmol -w build/assets/graphics/pokemon/yungoos/back.png.4bpp build/assets/graphics/pokemon/yungoos/back.png.4bpp.smol
tools/compresSmol/compresSmol -w build/assets/graphics/pokemon/yungoos/overworld.png_mwidth_4__mheight_4.4bpp build/assets/graphics/pokemon/yungoos/overworld.png_mwidth_4__mheight_4.4bpp.smol
tools/compresSmol/compresSmol -w build/assets/graphics/pokemon/yveltal/anim_front.png.4bpp build/assets/graphics/pokemon/yveltal/anim_front.png.4bpp.smol
tools/compresSmol/compresSmol -w build/assets/graphics/pokemon/yveltal/back.png.4bpp build/assets/graphics/pokemon/yveltal/back.png.4bpp.smol
tools/compresSmol/compresSmol -w build/assets/graphics/pokemon/yveltal/overworld.png_mwidth_8__mheight_8.4bpp build/assets/graphics/pokemon/yveltal/overworld.png_mwidth_8__mheight_8.4bpp.smol
tools/compresSmol/compresSmol -w build/assets/graphics/pokemon/zacian/back.png.4bpp build/assets/graphics/pokemon/zacian/back.png.4bpp.smol
tools/compresSmol/compresSmol -w build/assets/graphics/pokemon/zacian/crowned_sword/back.png.4bpp build/assets/graphics/pokemon/zacian/crowned_sword/back.png.4bpp.smol
tools/compresSmol/compresSmol -w build/assets/graphics/pokemon/zacian/crowned_sword/front.png.4bpp build/assets/graphics/pokemon/zacian/crowned_sword/front.png.4bpp.smol
tools/compresSmol/compresSmol -w build/assets/graphics/pokemon/zacian/crowned_sword/overworld.png_mwidth_4__mheight_4.4bpp build/assets/graphics/pokemon/zacian/crowned_sword/overworld.png_mwidth_4__mheight_4.4bpp.smol
tools/compresSmol/compresSmol -w build/assets/graphics/pokemon/zacian/front.png.4bpp build/assets/graphics/pokemon/zacian/front.png.4bpp.smol
tools/compresSmol/compresSmol -w build/assets/graphics/pokemon/zacian/overworld.png_mwidth_4__mheight_4.4bpp build/assets/graphics/pokemon/zacian/overworld.png_mwidth_4__mheight_4.4bpp.smol
tools/compresSmol/compresSmol -w build/assets/graphics/pokemon/zamazenta/back.png.4bpp build/assets/graphics/pokemon/zamazenta/back.png.4bpp.smol
tools/compresSmol/compresSmol -w build/assets/graphics/pokemon/zamazenta/crowned_shield/back.png.4bpp build/assets/graphics/pokemon/zamazenta/crowned_shield/back.png.4bpp.smol
tools/compresSmol/compresSmol -w build/assets/graphics/pokemon/zamazenta/crowned_shield/front.png.4bpp build/assets/graphics/pokemon/zamazenta/crowned_shield/front.png.4bpp.smol
tools/compresSmol/compresSmol -w build/assets/graphics/pokemon/zamazenta/crowned_shield/overworld.png_mwidth_4__mheight_4.4bpp build/assets/graphics/pokemon/zamazenta/crowned_shield/overworld.png_mwidth_4__mheight_4.4bpp.smol
tools/compresSmol/compresSmol -w build/assets/graphics/pokemon/zamazenta/front.png.4bpp build/assets/graphics/pokemon/zamazenta/front.png.4bpp.smol
tools/compresSmol/compresSmol -w build/assets/graphics/pokemon/zamazenta/overworld.png_mwidth_4__mheight_4.4bpp build/assets/graphics/pokemon/zamazenta/overworld.png_mwidth_4__mheight_4.4bpp.smol
tools/compresSmol/compresSmol -w build/assets/graphics/pokemon/zangoose/anim_front.png.4bpp build/assets/graphics/pokemon/zangoose/anim_front.png.4bpp.smol
tools/compresSmol/compresSmol -w build/assets/graphics/pokemon/zangoose/anim_front_gba.png.4bpp build/assets/graphics/pokemon/zangoose/anim_front_gba.png.4bpp.smol
tools/compresSmol/compresSmol -w build/assets/graphics/pokemon/zangoose/back.png.4bpp build/assets/graphics/pokemon/zangoose/back.png.4bpp.smol
tools/compresSmol/compresSmol -w build/assets/graphics/pokemon/zangoose/back_gba.png.4bpp build/assets/graphics/pokemon/zangoose/back_gba.png.4bpp.smol
tools/compresSmol/compresSmol -w build/assets/graphics/pokemon/zangoose/overworld.png_mwidth_4__mheight_4.4bpp build/assets/graphics/pokemon/zangoose/overworld.png_mwidth_4__mheight_4.4bpp.smol
tools/compresSmol/compresSmol -w build/assets/graphics/pokemon/zapdos/anim_front.png.4bpp build/assets/graphics/pokemon/zapdos/anim_front.png.4bpp.smol
tools/compresSmol/compresSmol -w build/assets/graphics/pokemon/zapdos/anim_front_gba.png.4bpp build/assets/graphics/pokemon/zapdos/anim_front_gba.png.4bpp.smol
tools/compresSmol/compresSmol -w build/assets/graphics/pokemon/zapdos/back.png.4bpp build/assets/graphics/pokemon/zapdos/back.png.4bpp.smol
tools/compresSmol/compresSmol -w build/assets/graphics/pokemon/zapdos/back_gba.png.4bpp build/assets/graphics/pokemon/zapdos/back_gba.png.4bpp.smol
tools/compresSmol/compresSmol -w build/assets/graphics/pokemon/zapdos/galar/back.png.4bpp build/assets/graphics/pokemon/zapdos/galar/back.png.4bpp.smol
tools/compresSmol/compresSmol -w build/assets/graphics/pokemon/zapdos/galar/front.png.4bpp build/assets/graphics/pokemon/zapdos/galar/front.png.4bpp.smol
tools/compresSmol/compresSmol -w build/assets/graphics/pokemon/zapdos/galar/overworld.png_mwidth_4__mheight_4.4bpp build/assets/graphics/pokemon/zapdos/galar/overworld.png_mwidth_4__mheight_4.4bpp.smol
tools/compresSmol/compresSmol -w build/assets/graphics/pokemon/zapdos/overworld.png_mwidth_4__mheight_4.4bpp build/assets/graphics/pokemon/zapdos/overworld.png_mwidth_4__mheight_4.4bpp.smol
tools/compresSmol/compresSmol -w build/assets/graphics/pokemon/zarude/back.png.4bpp build/assets/graphics/pokemon/zarude/back.png.4bpp.smol
tools/compresSmol/compresSmol -w build/assets/graphics/pokemon/zarude/dada/back.png.4bpp build/assets/graphics/pokemon/zarude/dada/back.png.4bpp.smol
tools/compresSmol/compresSmol -w build/assets/graphics/pokemon/zarude/dada/front.png.4bpp build/assets/graphics/pokemon/zarude/dada/front.png.4bpp.smol
tools/compresSmol/compresSmol -w build/assets/graphics/pokemon/zarude/front.png.4bpp build/assets/graphics/pokemon/zarude/front.png.4bpp.smol
tools/compresSmol/compresSmol -w build/assets/graphics/pokemon/zarude/overworld.png_mwidth_4__mheight_4.4bpp build/assets/graphics/pokemon/zarude/overworld.png_mwidth_4__mheight_4.4bpp.smol
tools/compresSmol/compresSmol -w build/assets/graphics/pokemon/zebstrika/anim_front.png.4bpp build/assets/graphics/pokemon/zebstrika/anim_front.png.4bpp.smol
tools/compresSmol/compresSmol -w build/assets/graphics/pokemon/zebstrika/back.png.4bpp build/assets/graphics/pokemon/zebstrika/back.png.4bpp.smol
tools/compresSmol/compresSmol -w build/assets/graphics/pokemon/zebstrika/overworld.png_mwidth_4__mheight_4.4bpp build/assets/graphics/pokemon/zebstrika/overworld.png_mwidth_4__mheight_4.4bpp.smol
tools/compresSmol/compresSmol -w build/assets/graphics/pokemon/zekrom/anim_front.png.4bpp build/assets/graphics/pokemon/zekrom/anim_front.png.4bpp.smol
tools/compresSmol/compresSmol -w build/assets/graphics/pokemon/zekrom/back.png.4bpp build/assets/graphics/pokemon/zekrom/back.png.4bpp.smol
tools/compresSmol/compresSmol -w build/assets/graphics/pokemon/zekrom/overworld.png_mwidth_8__mheight_8.4bpp build/assets/graphics/pokemon/zekrom/overworld.png_mwidth_8__mheight_8.4bpp.smol
tools/compresSmol/compresSmol -w build/assets/graphics/pokemon/zeraora/anim_front.png.4bpp build/assets/graphics/pokemon/zeraora/anim_front.png.4bpp.smol
tools/compresSmol/compresSmol -w build/assets/graphics/pokemon/zeraora/back.png.4bpp build/assets/graphics/pokemon/zeraora/back.png.4bpp.smol
tools/compresSmol/compresSmol -w build/assets/graphics/pokemon/zeraora/mega/back.png.4bpp build/assets/graphics/pokemon/zeraora/mega/back.png.4bpp.smol
tools/compresSmol/compresSmol -w build/assets/graphics/pokemon/zeraora/mega/front.png.4bpp build/assets/graphics/pokemon/zeraora/mega/front.png.4bpp.smol
tools/compresSmol/compresSmol -w build/assets/graphics/pokemon/zeraora/overworld.png_mwidth_4__mheight_4.4bpp build/assets/graphics/pokemon/zeraora/overworld.png_mwidth_4__mheight_4.4bpp.smol
tools/compresSmol/compresSmol -w build/assets/graphics/pokemon/zigzagoon/anim_front.png.4bpp build/assets/graphics/pokemon/zigzagoon/anim_front.png.4bpp.smol
tools/compresSmol/compresSmol -w build/assets/graphics/pokemon/zigzagoon/anim_front_gba.png.4bpp build/assets/graphics/pokemon/zigzagoon/anim_front_gba.png.4bpp.smol
tools/compresSmol/compresSmol -w build/assets/graphics/pokemon/zigzagoon/back.png.4bpp build/assets/graphics/pokemon/zigzagoon/back.png.4bpp.smol
tools/compresSmol/compresSmol -w build/assets/graphics/pokemon/zigzagoon/back_gba.png.4bpp build/assets/graphics/pokemon/zigzagoon/back_gba.png.4bpp.smol
tools/compresSmol/compresSmol -w build/assets/graphics/pokemon/zigzagoon/galar/back.png.4bpp build/assets/graphics/pokemon/zigzagoon/galar/back.png.4bpp.smol
tools/compresSmol/compresSmol -w build/assets/graphics/pokemon/zigzagoon/galar/front.png.4bpp build/assets/graphics/pokemon/zigzagoon/galar/front.png.4bpp.smol
tools/compresSmol/compresSmol -w build/assets/graphics/pokemon/zigzagoon/galar/overworld.png_mwidth_4__mheight_4.4bpp build/assets/graphics/pokemon/zigzagoon/galar/overworld.png_mwidth_4__mheight_4.4bpp.smol
tools/compresSmol/compresSmol -w build/assets/graphics/pokemon/zigzagoon/overworld.png_mwidth_4__mheight_4.4bpp build/assets/graphics/pokemon/zigzagoon/overworld.png_mwidth_4__mheight_4.4bpp.smol
tools/compresSmol/compresSmol -w build/assets/graphics/pokemon/zoroark/anim_front.png.4bpp build/assets/graphics/pokemon/zoroark/anim_front.png.4bpp.smol
tools/compresSmol/compresSmol -w build/assets/graphics/pokemon/zoroark/back.png.4bpp build/assets/graphics/pokemon/zoroark/back.png.4bpp.smol
tools/compresSmol/compresSmol -w build/assets/graphics/pokemon/zoroark/hisui/back.png.4bpp build/assets/graphics/pokemon/zoroark/hisui/back.png.4bpp.smol
tools/compresSmol/compresSmol -w build/assets/graphics/pokemon/zoroark/hisui/front.png.4bpp build/assets/graphics/pokemon/zoroark/hisui/front.png.4bpp.smol
tools/compresSmol/compresSmol -w build/assets/graphics/pokemon/zoroark/hisui/overworld.png_mwidth_4__mheight_4.4bpp build/assets/graphics/pokemon/zoroark/hisui/overworld.png_mwidth_4__mheight_4.4bpp.smol
tools/compresSmol/compresSmol -w build/assets/graphics/pokemon/zoroark/overworld.png_mwidth_4__mheight_4.4bpp build/assets/graphics/pokemon/zoroark/overworld.png_mwidth_4__mheight_4.4bpp.smol
tools/compresSmol/compresSmol -w build/assets/graphics/pokemon/zorua/anim_front.png.4bpp build/assets/graphics/pokemon/zorua/anim_front.png.4bpp.smol
tools/compresSmol/compresSmol -w build/assets/graphics/pokemon/zorua/back.png.4bpp build/assets/graphics/pokemon/zorua/back.png.4bpp.smol
tools/compresSmol/compresSmol -w build/assets/graphics/pokemon/zorua/hisui/back.png.4bpp build/assets/graphics/pokemon/zorua/hisui/back.png.4bpp.smol
tools/compresSmol/compresSmol -w build/assets/graphics/pokemon/zorua/hisui/front.png.4bpp build/assets/graphics/pokemon/zorua/hisui/front.png.4bpp.smol
tools/compresSmol/compresSmol -w build/assets/graphics/pokemon/zorua/hisui/overworld.png_mwidth_4__mheight_4.4bpp build/assets/graphics/pokemon/zorua/hisui/overworld.png_mwidth_4__mheight_4.4bpp.smol
tools/compresSmol/compresSmol -w build/assets/graphics/pokemon/zorua/overworld.png_mwidth_4__mheight_4.4bpp build/assets/graphics/pokemon/zorua/overworld.png_mwidth_4__mheight_4.4bpp.smol
tools/compresSmol/compresSmol -w build/assets/graphics/pokemon/zubat/anim_front.png.4bpp build/assets/graphics/pokemon/zubat/anim_front.png.4bpp.smol
tools/compresSmol/compresSmol -w build/assets/graphics/pokemon/zubat/anim_front_gba.png.4bpp build/assets/graphics/pokemon/zubat/anim_front_gba.png.4bpp.smol
tools/compresSmol/compresSmol -w build/assets/graphics/pokemon/zubat/anim_frontf.png.4bpp build/assets/graphics/pokemon/zubat/anim_frontf.png.4bpp.smol
tools/compresSmol/compresSmol -w build/assets/graphics/pokemon/zubat/back.png.4bpp build/assets/graphics/pokemon/zubat/back.png.4bpp.smol
tools/compresSmol/compresSmol -w build/assets/graphics/pokemon/zubat/back_gba.png.4bpp build/assets/graphics/pokemon/zubat/back_gba.png.4bpp.smol
tools/compresSmol/compresSmol -w build/assets/graphics/pokemon/zubat/backf.png.4bpp build/assets/graphics/pokemon/zubat/backf.png.4bpp.smol
tools/compresSmol/compresSmol -w build/assets/graphics/pokemon/zubat/overworld.png_mwidth_4__mheight_4.4bpp build/assets/graphics/pokemon/zubat/overworld.png_mwidth_4__mheight_4.4bpp.smol
tools/compresSmol/compresSmol -w build/assets/graphics/pokemon/zubat/overworldf.png_mwidth_4__mheight_4.4bpp build/assets/graphics/pokemon/zubat/overworldf.png_mwidth_4__mheight_4.4bpp.smol
tools/compresSmol/compresSmol -w build/assets/graphics/pokemon/zweilous/anim_front.png.4bpp build/assets/graphics/pokemon/zweilous/anim_front.png.4bpp.smol
tools/compresSmol/compresSmol -w build/assets/graphics/pokemon/zweilous/back.png.4bpp build/assets/graphics/pokemon/zweilous/back.png.4bpp.smol
tools/compresSmol/compresSmol -w build/assets/graphics/pokemon/zweilous/overworld.png_mwidth_4__mheight_4.4bpp build/assets/graphics/pokemon/zweilous/overworld.png_mwidth_4__mheight_4.4bpp.smol
tools/compresSmol/compresSmol -w build/assets/graphics/pokemon/zygarde/10_percent/anim_front.png.4bpp build/assets/graphics/pokemon/zygarde/10_percent/anim_front.png.4bpp.smol
tools/compresSmol/compresSmol -w build/assets/graphics/pokemon/zygarde/10_percent/back.png.4bpp build/assets/graphics/pokemon/zygarde/10_percent/back.png.4bpp.smol
tools/compresSmol/compresSmol -w build/assets/graphics/pokemon/zygarde/10_percent/overworld.png_mwidth_4__mheight_4.4bpp build/assets/graphics/pokemon/zygarde/10_percent/overworld.png_mwidth_4__mheight_4.4bpp.smol
tools/compresSmol/compresSmol -w build/assets/graphics/pokemon/zygarde/anim_front.png.4bpp build/assets/graphics/pokemon/zygarde/anim_front.png.4bpp.smol
tools/compresSmol/compresSmol -w build/assets/graphics/pokemon/zygarde/back.png.4bpp build/assets/graphics/pokemon/zygarde/back.png.4bpp.smol
tools/compresSmol/compresSmol -w build/assets/graphics/pokemon/zygarde/complete/anim_front.png.4bpp build/assets/graphics/pokemon/zygarde/complete/anim_front.png.4bpp.smol
tools/compresSmol/compresSmol -w build/assets/graphics/pokemon/zygarde/complete/back.png.4bpp build/assets/graphics/pokemon/zygarde/complete/back.png.4bpp.smol
tools/compresSmol/compresSmol -w build/assets/graphics/pokemon/zygarde/complete/overworld.png_mwidth_4__mheight_4.4bpp build/assets/graphics/pokemon/zygarde/complete/overworld.png_mwidth_4__mheight_4.4bpp.smol
tools/compresSmol/compresSmol -w build/assets/graphics/pokemon/zygarde/mega/back.png.4bpp build/assets/graphics/pokemon/zygarde/mega/back.png.4bpp.smol
tools/compresSmol/compresSmol -w build/assets/graphics/pokemon/zygarde/mega/front.png.4bpp build/assets/graphics/pokemon/zygarde/mega/front.png.4bpp.smol
tools/compresSmol/compresSmol -w build/assets/graphics/pokemon/zygarde/overworld.png_mwidth_8__mheight_8.4bpp build/assets/graphics/pokemon/zygarde/overworld.png_mwidth_8__mheight_8.4bpp.smol
/Users/ericguthrie/Documents/ChatGPT/Emerald/emerald-champions/work/toolchain/arm-expanded/Payload/bin/../libexec/gcc/arm-none-eabi/15.3.1/cc1 -quiet <flags> -o build/emerald-repair-headless-20260908/src/pokemon_animation.o src/pokemon_animation.c
/Users/ericguthrie/Documents/ChatGPT/Emerald/emerald-champions/work/toolchain/arm-expanded/Payload/bin/../libexec/gcc/arm-none-eabi/15.3.1/cc1 -quiet <flags> -o build/emerald-repair-headless-20260908/src/pokemon_icon.o src/pokemon_icon.c
tools/compresSmol/compresSmol -w build/assets/graphics/pokemon_jump/bg.png_num_tiles_63__Wnum_tiles.4bpp build/assets/graphics/pokemon_jump/bg.png_num_tiles_63__Wnum_tiles.4bpp.smol
tools/compresSmol/compresSmol -w build/assets/graphics/pokemon_jump/bonuses.png.4bpp build/assets/graphics/pokemon_jump/bonuses.png.4bpp.smol
tools/compresSmol/compresSmol -w build/assets/graphics/pokemon_jump/star.png.4bpp build/assets/graphics/pokemon_jump/star.png.4bpp.smol
tools/compresSmol/compresSmol -w build/assets/graphics/pokemon_jump/venusaur.png.4bpp build/assets/graphics/pokemon_jump/venusaur.png.4bpp.smol
tools/compresSmol/compresSmol -w build/assets/graphics/pokemon_jump/vine1.png.4bpp build/assets/graphics/pokemon_jump/vine1.png.4bpp.smol
tools/compresSmol/compresSmol -w build/assets/graphics/pokemon_jump/vine2.png.4bpp build/assets/graphics/pokemon_jump/vine2.png.4bpp.smol
tools/compresSmol/compresSmol -w build/assets/graphics/pokemon_jump/vine3.png.4bpp build/assets/graphics/pokemon_jump/vine3.png.4bpp.smol
tools/compresSmol/compresSmol -w build/assets/graphics/pokemon_jump/vine4.png.4bpp build/assets/graphics/pokemon_jump/vine4.png.4bpp.smol
/Users/ericguthrie/Documents/ChatGPT/Emerald/emerald-champions/work/toolchain/arm-expanded/Payload/bin/../libexec/gcc/arm-none-eabi/15.3.1/cc1 -quiet <flags> -o build/emerald-repair-headless-20260908/src/pokemon_size_record.o src/pokemon_size_record.c
/Users/ericguthrie/Documents/ChatGPT/Emerald/emerald-champions/work/toolchain/arm-expanded/Payload/bin/../libexec/gcc/arm-none-eabi/15.3.1/cc1 -quiet <flags> -o build/emerald-repair-headless-20260908/src/pokemon_spots.o src/pokemon_spots.c
/Users/ericguthrie/Documents/ChatGPT/Emerald/emerald-champions/work/toolchain/arm-expanded/Payload/bin/../libexec/gcc/arm-none-eabi/15.3.1/cc1 -quiet <flags> -o build/emerald-repair-headless-20260908/src/pokemon_sprite_visualizer.o src/pokemon_sprite_visualizer.c
tools/compresSmol/compresSmol -w build/assets/graphics/pokemon_storage/scrolling_bg.png.4bpp build/assets/graphics/pokemon_storage/scrolling_bg.png.4bpp.smol
tools/compresSmol/compresSmol -w build/assets/graphics/pokemon_storage/wallpapers/icons/aqua.png.4bpp build/assets/graphics/pokemon_storage/wallpapers/icons/aqua.png.4bpp.smol
tools/compresSmol/compresSmol -w build/assets/graphics/pokemon_storage/wallpapers/icons/asterisk.png.4bpp build/assets/graphics/pokemon_storage/wallpapers/icons/asterisk.png.4bpp.smol
tools/compresSmol/compresSmol -w build/assets/graphics/pokemon_storage/wallpapers/icons/big_asterisk.png.4bpp build/assets/graphics/pokemon_storage/wallpapers/icons/big_asterisk.png.4bpp.smol
tools/compresSmol/compresSmol -w build/assets/graphics/pokemon_storage/wallpapers/icons/bolt_japan.png.4bpp build/assets/graphics/pokemon_storage/wallpapers/icons/bolt_japan.png.4bpp.smol
tools/compresSmol/compresSmol -w build/assets/graphics/pokemon_storage/wallpapers/icons/brick.png.4bpp build/assets/graphics/pokemon_storage/wallpapers/icons/brick.png.4bpp.smol
tools/compresSmol/compresSmol -w build/assets/graphics/pokemon_storage/wallpapers/icons/circle.png.4bpp build/assets/graphics/pokemon_storage/wallpapers/icons/circle.png.4bpp.smol
tools/compresSmol/compresSmol -w build/assets/graphics/pokemon_storage/wallpapers/icons/cross_japan.png.4bpp build/assets/graphics/pokemon_storage/wallpapers/icons/cross_japan.png.4bpp.smol
tools/compresSmol/compresSmol -w build/assets/graphics/pokemon_storage/wallpapers/icons/crystal.png.4bpp build/assets/graphics/pokemon_storage/wallpapers/icons/crystal.png.4bpp.smol
tools/compresSmol/compresSmol -w build/assets/graphics/pokemon_storage/wallpapers/icons/diglett.png.4bpp build/assets/graphics/pokemon_storage/wallpapers/icons/diglett.png.4bpp.smol
tools/compresSmol/compresSmol -w build/assets/graphics/pokemon_storage/wallpapers/icons/dot.png.4bpp build/assets/graphics/pokemon_storage/wallpapers/icons/dot.png.4bpp.smol
tools/compresSmol/compresSmol -w build/assets/graphics/pokemon_storage/wallpapers/icons/five_star.png.4bpp build/assets/graphics/pokemon_storage/wallpapers/icons/five_star.png.4bpp.smol
tools/compresSmol/compresSmol -w build/assets/graphics/pokemon_storage/wallpapers/icons/footprint.png.4bpp build/assets/graphics/pokemon_storage/wallpapers/icons/footprint.png.4bpp.smol
tools/compresSmol/compresSmol -w build/assets/graphics/pokemon_storage/wallpapers/icons/four_circles.png.4bpp build/assets/graphics/pokemon_storage/wallpapers/icons/four_circles.png.4bpp.smol
tools/compresSmol/compresSmol -w build/assets/graphics/pokemon_storage/wallpapers/icons/four_star.png.4bpp build/assets/graphics/pokemon_storage/wallpapers/icons/four_star.png.4bpp.smol
tools/compresSmol/compresSmol -w build/assets/graphics/pokemon_storage/wallpapers/icons/heart.png.4bpp build/assets/graphics/pokemon_storage/wallpapers/icons/heart.png.4bpp.smol
tools/compresSmol/compresSmol -w build/assets/graphics/pokemon_storage/wallpapers/icons/koffing.png.4bpp build/assets/graphics/pokemon_storage/wallpapers/icons/koffing.png.4bpp.smol
tools/compresSmol/compresSmol -w build/assets/graphics/pokemon_storage/wallpapers/icons/latis.png.4bpp build/assets/graphics/pokemon_storage/wallpapers/icons/latis.png.4bpp.smol
tools/compresSmol/compresSmol -w build/assets/graphics/pokemon_storage/wallpapers/icons/line_circle.png.4bpp build/assets/graphics/pokemon_storage/wallpapers/icons/line_circle.png.4bpp.smol
tools/compresSmol/compresSmol -w build/assets/graphics/pokemon_storage/wallpapers/icons/lotad.png.4bpp build/assets/graphics/pokemon_storage/wallpapers/icons/lotad.png.4bpp.smol
tools/compresSmol/compresSmol -w build/assets/graphics/pokemon_storage/wallpapers/icons/luvdisc.png.4bpp build/assets/graphics/pokemon_storage/wallpapers/icons/luvdisc.png.4bpp.smol
tools/compresSmol/compresSmol -w build/assets/graphics/pokemon_storage/wallpapers/icons/magma.png.4bpp build/assets/graphics/pokemon_storage/wallpapers/icons/magma.png.4bpp.smol
tools/compresSmol/compresSmol -w build/assets/graphics/pokemon_storage/wallpapers/icons/maze.png.4bpp build/assets/graphics/pokemon_storage/wallpapers/icons/maze.png.4bpp.smol
tools/compresSmol/compresSmol -w build/assets/graphics/pokemon_storage/wallpapers/icons/minun.png.4bpp build/assets/graphics/pokemon_storage/wallpapers/icons/minun.png.4bpp.smol
tools/compresSmol/compresSmol -w build/assets/graphics/pokemon_storage/wallpapers/icons/pichu.png.4bpp build/assets/graphics/pokemon_storage/wallpapers/icons/pichu.png.4bpp.smol
tools/compresSmol/compresSmol -w build/assets/graphics/pokemon_storage/wallpapers/icons/plusle_japan.png.4bpp build/assets/graphics/pokemon_storage/wallpapers/icons/plusle_japan.png.4bpp.smol
tools/compresSmol/compresSmol -w build/assets/graphics/pokemon_storage/wallpapers/icons/pokeball.png.4bpp build/assets/graphics/pokemon_storage/wallpapers/icons/pokeball.png.4bpp.smol
tools/compresSmol/compresSmol -w build/assets/graphics/pokemon_storage/wallpapers/icons/ribbon.png.4bpp build/assets/graphics/pokemon_storage/wallpapers/icons/ribbon.png.4bpp.smol
tools/compresSmol/compresSmol -w build/assets/graphics/pokemon_storage/wallpapers/icons/spinda.png.4bpp build/assets/graphics/pokemon_storage/wallpapers/icons/spinda.png.4bpp.smol
tools/compresSmol/compresSmol -w build/assets/graphics/pokemon_storage/wallpapers/icons/star_in_circle.png.4bpp build/assets/graphics/pokemon_storage/wallpapers/icons/star_in_circle.png.4bpp.smol
tools/compresSmol/compresSmol -w build/assets/graphics/pokemon_storage/wallpapers/icons/togepi.png.4bpp build/assets/graphics/pokemon_storage/wallpapers/icons/togepi.png.4bpp.smol
/Users/ericguthrie/Documents/ChatGPT/Emerald/emerald-champions/work/toolchain/arm-expanded/Payload/bin/../libexec/gcc/arm-none-eabi/15.3.1/cc1 -quiet <flags> -o build/emerald-repair-headless-20260908/src/pokemon_summary_screen.o src/pokemon_summary_screen.c
/Users/ericguthrie/Documents/ChatGPT/Emerald/emerald-champions/work/toolchain/arm-expanded/Payload/bin/../libexec/gcc/arm-none-eabi/15.3.1/cc1 -quiet <flags> -o build/emerald-repair-headless-20260908/src/pokenav.o src/pokenav.c
/Users/ericguthrie/Documents/ChatGPT/Emerald/emerald-champions/work/toolchain/arm-expanded/Payload/bin/../libexec/gcc/arm-none-eabi/15.3.1/cc1 -quiet <flags> -o build/emerald-repair-headless-20260908/src/pokenav_conditions.o src/pokenav_conditions.c
tools/compresSmol/compresSmol -w build/assets/graphics/pokenav/condition/graph_data.png.4bpp build/assets/graphics/pokenav/condition/graph_data.png.4bpp.smol
tools/compresSmol/compresSmol -w build/assets/graphics/pokenav/condition/search_results.png.4bpp build/assets/graphics/pokenav/condition/search_results.png.4bpp.smol
tools/compresSmol/compresSmol -w build/assets/graphics/pokenav/list_arrows.png.4bpp build/assets/graphics/pokenav/list_arrows.png.4bpp.smol
tools/compresSmol/compresSmol -w build/assets/graphics/pokenav/blue_light.png.4bpp build/assets/graphics/pokenav/blue_light.png.4bpp.smol
tools/compresSmol/compresSmol -w build/assets/graphics/pokenav/nav_icon.png.4bpp build/assets/graphics/pokenav/nav_icon.png.4bpp.smol
/Users/ericguthrie/Documents/ChatGPT/Emerald/emerald-champions/work/toolchain/arm-expanded/Payload/bin/../libexec/gcc/arm-none-eabi/15.3.1/cc1 -quiet <flags> -o build/emerald-repair-headless-20260908/src/pokenav_match_call_data.o src/pokenav_match_call_data.c
tools/compresSmol/compresSmol -w build/assets/graphics/pokenav/match_call/options_cursor.png.4bpp build/assets/graphics/pokenav/match_call/options_cursor.png.4bpp.smol
tools/compresSmol/compresSmol -w build/assets/graphics/pokenav/match_call/pokeball.png.4bpp build/assets/graphics/pokenav/match_call/pokeball.png.4bpp.smol
tools/compresSmol/compresSmol -w build/assets/graphics/pokenav/match_call/ui.png_num_tiles_13__Wnum_tiles.4bpp build/assets/graphics/pokenav/match_call/ui.png_num_tiles_13__Wnum_tiles.4bpp.smol
/Users/ericguthrie/Documents/ChatGPT/Emerald/emerald-champions/work/toolchain/arm-expanded/Payload/bin/../libexec/gcc/arm-none-eabi/15.3.1/cc1 -quiet <flags> -o build/emerald-repair-headless-20260908/src/pokenav_match_call_list.o src/pokenav_match_call_list.c
/Users/ericguthrie/Documents/ChatGPT/Emerald/emerald-champions/work/toolchain/arm-expanded/Payload/bin/../libexec/gcc/arm-none-eabi/15.3.1/cc1 -quiet <flags> -o build/emerald-repair-headless-20260908/src/pokenav_menu_handler.o src/pokenav_menu_handler.c
tools/compresSmol/compresSmol -w build/assets/graphics/pokenav/bg_dots.png.4bpp build/assets/graphics/pokenav/bg_dots.png.4bpp.smol
tools/compresSmol/compresSmol -w build/assets/graphics/pokenav/device_outline.png_num_tiles_53__Wnum_tiles.4bpp build/assets/graphics/pokenav/device_outline.png_num_tiles_53__Wnum_tiles.4bpp.smol
tools/compresSmol/compresSmol -w build/assets/graphics/pokenav/region_map/zoom_tiles.png.4bpp build/assets/graphics/pokenav/region_map/zoom_tiles.png.4bpp.smol
tools/compresSmol/compresSmol -w build/assets/graphics/pokenav/ribbons/list_bg.png.4bpp build/assets/graphics/pokenav/ribbons/list_bg.png.4bpp.smol
tools/compresSmol/compresSmol -w build/assets/graphics/pokenav/ribbons/icons.png.4bpp build/assets/graphics/pokenav/ribbons/icons.png.4bpp.smol
tools/compresSmol/compresSmol -w build/assets/graphics/pokenav/ribbons/icons_big.png.4bpp build/assets/graphics/pokenav/ribbons/icons_big.png.4bpp.smol
/Users/ericguthrie/Documents/ChatGPT/Emerald/emerald-champions/work/toolchain/arm-expanded/Payload/bin/../libexec/gcc/arm-none-eabi/15.3.1/cc1 -quiet <flags> -o build/emerald-repair-headless-20260908/src/pokerus.o src/pokerus.c
/Users/ericguthrie/Documents/ChatGPT/Emerald/emerald-champions/work/toolchain/arm-expanded/Payload/bin/../libexec/gcc/arm-none-eabi/15.3.1/cc1 -quiet <flags> -o build/emerald-repair-headless-20260908/src/post_battle_event_funcs.o src/post_battle_event_funcs.c
tools/compresSmol/compresSmol -w build/assets/graphics/quickstart/quickstart_hud.png.4bpp build/assets/graphics/quickstart/quickstart_hud.png.4bpp.smol
/Users/ericguthrie/Documents/ChatGPT/Emerald/emerald-champions/work/toolchain/arm-expanded/Payload/bin/../libexec/gcc/arm-none-eabi/15.3.1/cc1 -quiet <flags> -o build/emerald-repair-headless-20260908/src/random.o src/random.c
/Users/ericguthrie/Documents/ChatGPT/Emerald/emerald-champions/work/toolchain/arm-expanded/Payload/bin/../libexec/gcc/arm-none-eabi/15.3.1/cc1 -quiet <flags> -o build/emerald-repair-headless-20260908/src/random_mon_generation.o src/random_mon_generation.c
/Users/ericguthrie/Documents/ChatGPT/Emerald/emerald-champions/work/toolchain/arm-expanded/Payload/bin/../libexec/gcc/arm-none-eabi/15.3.1/cc1 -quiet <flags> -o build/emerald-repair-headless-20260908/src/rayquaza_scene.o src/rayquaza_scene.c
/Users/ericguthrie/Documents/ChatGPT/Emerald/emerald-champions/work/toolchain/arm-expanded/Payload/bin/../libexec/gcc/arm-none-eabi/15.3.1/cc1 -quiet <flags> -o build/emerald-repair-headless-20260908/src/record_mixing.o src/record_mixing.c
/Users/ericguthrie/Documents/ChatGPT/Emerald/emerald-champions/work/toolchain/arm-expanded/Payload/bin/../libexec/gcc/arm-none-eabi/15.3.1/cc1 -quiet <flags> -o build/emerald-repair-headless-20260908/src/recorded_battle.o src/recorded_battle.c
tools/compresSmol/compresSmol -w build/assets/graphics/pokedex/region_map.png_num_tiles_232__Wnum_tiles.8bpp build/assets/graphics/pokedex/region_map.png_num_tiles_232__Wnum_tiles.8bpp.smol
tools/compresSmol/compresSmol -w build/assets/graphics/pokedex/region_map_kanto.png.8bpp build/assets/graphics/pokedex/region_map_kanto.png.8bpp.smol
tools/compresSmol/compresSmol -w build/assets/graphics/pokedex/region_map_sevii123.png.8bpp build/assets/graphics/pokedex/region_map_sevii123.png.8bpp.smol
tools/compresSmol/compresSmol -w build/assets/graphics/pokedex/region_map_sevii45.png.8bpp build/assets/graphics/pokedex/region_map_sevii45.png.8bpp.smol
tools/compresSmol/compresSmol -w build/assets/graphics/pokedex/region_map_sevii67.png.8bpp build/assets/graphics/pokedex/region_map_sevii67.png.8bpp.smol
tools/compresSmol/compresSmol -w build/assets/graphics/pokenav/region_map/cursor_large.png.4bpp build/assets/graphics/pokenav/region_map/cursor_large.png.4bpp.smol
tools/compresSmol/compresSmol -w build/assets/graphics/pokenav/region_map/cursor_small.png.4bpp build/assets/graphics/pokenav/region_map/cursor_small.png.4bpp.smol
tools/compresSmol/compresSmol -w build/assets/graphics/pokenav/region_map/fly_target_icons.png.4bpp build/assets/graphics/pokenav/region_map/fly_target_icons.png.4bpp.smol
tools/compresSmol/compresSmol -w build/assets/graphics/pokenav/region_map/frame.png.4bpp build/assets/graphics/pokenav/region_map/frame.png.4bpp.smol
tools/compresSmol/compresSmol -w build/assets/graphics/pokenav/region_map/map.png_num_tiles_233__Wnum_tiles.8bpp build/assets/graphics/pokenav/region_map/map.png_num_tiles_233__Wnum_tiles.8bpp.smol
tools/compresSmol/compresSmol -w build/assets/graphics/pokenav/region_map/map_kanto.png.8bpp build/assets/graphics/pokenav/region_map/map_kanto.png.8bpp.smol
tools/compresSmol/compresSmol -w build/assets/graphics/pokenav/region_map/map_sevii_123.png.8bpp build/assets/graphics/pokenav/region_map/map_sevii_123.png.8bpp.smol
tools/compresSmol/compresSmol -w build/assets/graphics/pokenav/region_map/map_sevii_45.png.8bpp build/assets/graphics/pokenav/region_map/map_sevii_45.png.8bpp.smol
tools/compresSmol/compresSmol -w build/assets/graphics/pokenav/region_map/map_sevii_67.png.8bpp build/assets/graphics/pokenav/region_map/map_sevii_67.png.8bpp.smol
/Users/ericguthrie/Documents/ChatGPT/Emerald/emerald-champions/work/toolchain/arm-expanded/Payload/bin/../libexec/gcc/arm-none-eabi/15.3.1/cc1 -quiet <flags> -o build/emerald-repair-headless-20260908/src/regions.o src/regions.c
/Users/ericguthrie/Documents/ChatGPT/Emerald/emerald-champions/work/toolchain/arm-expanded/Payload/bin/../libexec/gcc/arm-none-eabi/15.3.1/cc1 -quiet <flags> -o build/emerald-repair-headless-20260908/src/reload_save.o src/reload_save.c
/Users/ericguthrie/Documents/ChatGPT/Emerald/emerald-champions/work/toolchain/arm-expanded/Payload/bin/../libexec/gcc/arm-none-eabi/15.3.1/cc1 -quiet <flags> -o build/emerald-repair-headless-20260908/src/reset_rtc_screen.o src/reset_rtc_screen.c
/Users/ericguthrie/Documents/ChatGPT/Emerald/emerald-champions/work/toolchain/arm-expanded/Payload/bin/../libexec/gcc/arm-none-eabi/15.3.1/cc1 -quiet <flags> -o build/emerald-repair-headless-20260908/src/reshow_battle_screen.o src/reshow_battle_screen.c
/Users/ericguthrie/Documents/ChatGPT/Emerald/emerald-champions/work/toolchain/arm-expanded/Payload/bin/../libexec/gcc/arm-none-eabi/15.3.1/cc1 -quiet <flags> -o build/emerald-repair-headless-20260908/src/roamer.o src/roamer.c
/Users/ericguthrie/Documents/ChatGPT/Emerald/emerald-champions/work/toolchain/arm-expanded/Payload/bin/../libexec/gcc/arm-none-eabi/15.3.1/cc1 -quiet <flags> -o build/emerald-repair-headless-20260908/src/rom_header_gf.o src/rom_header_gf.c
/Users/ericguthrie/Documents/ChatGPT/Emerald/emerald-champions/work/toolchain/arm-expanded/Payload/bin/../libexec/gcc/arm-none-eabi/15.3.1/cc1 -quiet <flags> -o build/emerald-repair-headless-20260908/src/rom_header_rhh.o src/rom_header_rhh.c
/Users/ericguthrie/Documents/ChatGPT/Emerald/emerald-champions/work/toolchain/arm-expanded/Payload/bin/../libexec/gcc/arm-none-eabi/15.3.1/cc1 -quiet <flags> -o build/emerald-repair-headless-20260908/src/rotating_gate.o src/rotating_gate.c
/Users/ericguthrie/Documents/ChatGPT/Emerald/emerald-champions/work/toolchain/arm-expanded/Payload/bin/../libexec/gcc/arm-none-eabi/15.3.1/cc1 -quiet <flags> -o build/emerald-repair-headless-20260908/src/rotating_tile_puzzle.o src/rotating_tile_puzzle.c
tools/compresSmol/compresSmol -w build/assets/graphics/roulette/ball.png.4bpp build/assets/graphics/roulette/ball.png.4bpp.smol
tools/compresSmol/compresSmol -w build/assets/graphics/roulette/ball_counter.png.4bpp build/assets/graphics/roulette/ball_counter.png.4bpp.smol
tools/compresSmol/compresSmol -w build/assets/graphics/roulette/cursor.png.4bpp build/assets/graphics/roulette/cursor.png.4bpp.smol
tools/compresSmol/compresSmol -w build/assets/graphics/roulette/grid_icons.png.4bpp build/assets/graphics/roulette/grid_icons.png.4bpp.smol
tools/compresSmol/compresSmol -w build/assets/graphics/roulette/shadow.png.4bpp build/assets/graphics/roulette/shadow.png.4bpp.smol
/Users/ericguthrie/Documents/ChatGPT/Emerald/emerald-champions/work/toolchain/arm-expanded/Payload/bin/../libexec/gcc/arm-none-eabi/15.3.1/cc1 -quiet <flags> -o build/emerald-repair-headless-20260908/src/rtc.o src/rtc.c
/Users/ericguthrie/Documents/ChatGPT/Emerald/emerald-champions/work/toolchain/arm-expanded/Payload/bin/../libexec/gcc/arm-none-eabi/15.3.1/cc1 -quiet <flags> -o build/emerald-repair-headless-20260908/src/safari_zone.o src/safari_zone.c
/Users/ericguthrie/Documents/ChatGPT/Emerald/emerald-champions/work/toolchain/arm-expanded/Payload/bin/../libexec/gcc/arm-none-eabi/15.3.1/cc1 -quiet <flags> -o build/emerald-repair-headless-20260908/src/save.o src/save.c
tools/compresSmol/compresSmol -w build/assets/graphics/misc/clock_small.png.4bpp build/assets/graphics/misc/clock_small.png.4bpp.smol
/Users/ericguthrie/Documents/ChatGPT/Emerald/emerald-champions/work/toolchain/arm-expanded/Payload/bin/../libexec/gcc/arm-none-eabi/15.3.1/cc1 -quiet <flags> -o build/emerald-repair-headless-20260908/src/save_location.o src/save_location.c
/Users/ericguthrie/Documents/ChatGPT/Emerald/emerald-champions/work/toolchain/arm-expanded/Payload/bin/../libexec/gcc/arm-none-eabi/15.3.1/cc1 -quiet <flags> -o build/emerald-repair-headless-20260908/src/scanline_effect.o src/scanline_effect.c
/Users/ericguthrie/Documents/ChatGPT/Emerald/emerald-champions/work/toolchain/arm-expanded/Payload/bin/../libexec/gcc/arm-none-eabi/15.3.1/cc1 -quiet <flags> -o build/emerald-repair-headless-20260908/src/scrcmd.o src/scrcmd.c
/Users/ericguthrie/Documents/ChatGPT/Emerald/emerald-champions/work/toolchain/arm-expanded/Payload/bin/../libexec/gcc/arm-none-eabi/15.3.1/cc1 -quiet <flags> -o build/emerald-repair-headless-20260908/src/script.o src/script.c
/Users/ericguthrie/Documents/ChatGPT/Emerald/emerald-champions/work/toolchain/arm-expanded/Payload/bin/../libexec/gcc/arm-none-eabi/15.3.1/cc1 -quiet <flags> -o build/emerald-repair-headless-20260908/src/script_menu.o src/script_menu.c
/Users/ericguthrie/Documents/ChatGPT/Emerald/emerald-champions/work/toolchain/arm-expanded/Payload/bin/../libexec/gcc/arm-none-eabi/15.3.1/cc1 -quiet <flags> -o build/emerald-repair-headless-20260908/src/script_movement.o src/script_movement.c
/Users/ericguthrie/Documents/ChatGPT/Emerald/emerald-champions/work/toolchain/arm-expanded/Payload/bin/../libexec/gcc/arm-none-eabi/15.3.1/cc1 -quiet <flags> -o build/emerald-repair-headless-20260908/src/script_pokemon_util.o src/script_pokemon_util.c
/Users/ericguthrie/Documents/ChatGPT/Emerald/emerald-champions/work/toolchain/arm-expanded/Payload/bin/../libexec/gcc/arm-none-eabi/15.3.1/cc1 -quiet <flags> -o build/emerald-repair-headless-20260908/src/seagallop.o src/seagallop.c
/Users/ericguthrie/Documents/ChatGPT/Emerald/emerald-champions/work/toolchain/arm-expanded/Payload/bin/../libexec/gcc/arm-none-eabi/15.3.1/cc1 -quiet <flags> -o build/emerald-repair-headless-20260908/src/secret_base.o src/secret_base.c
/Users/ericguthrie/Documents/ChatGPT/Emerald/emerald-champions/work/toolchain/arm-expanded/Payload/bin/../libexec/gcc/arm-none-eabi/15.3.1/cc1 -quiet <flags> -o build/emerald-repair-headless-20260908/src/shop.o src/shop.c
/Users/ericguthrie/Documents/ChatGPT/Emerald/emerald-champions/work/toolchain/arm-expanded/Payload/bin/../libexec/gcc/arm-none-eabi/15.3.1/cc1 -quiet <flags> -o build/emerald-repair-headless-20260908/src/shop_criteria.o src/shop_criteria.c
/Users/ericguthrie/Documents/ChatGPT/Emerald/emerald-champions/work/toolchain/arm-expanded/Payload/bin/../libexec/gcc/arm-none-eabi/15.3.1/cc1 -quiet <flags> -o build/emerald-repair-headless-20260908/src/siirtc.o src/siirtc.c
/Users/ericguthrie/Documents/ChatGPT/Emerald/emerald-champions/work/toolchain/arm-expanded/Payload/bin/../libexec/gcc/arm-none-eabi/15.3.1/cc1 -quiet <flags> -o build/emerald-repair-headless-20260908/src/sound.o src/sound.c
/Users/ericguthrie/Documents/ChatGPT/Emerald/emerald-champions/work/toolchain/arm-expanded/Payload/bin/../libexec/gcc/arm-none-eabi/15.3.1/cc1 -quiet <flags> -o build/emerald-repair-headless-20260908/src/sprays.o src/sprays.c
/Users/ericguthrie/Documents/ChatGPT/Emerald/emerald-champions/work/toolchain/arm-expanded/Payload/bin/../libexec/gcc/arm-none-eabi/15.3.1/cc1 -quiet <flags> -o build/emerald-repair-headless-20260908/src/sprite.o src/sprite.c
/Users/ericguthrie/Documents/ChatGPT/Emerald/emerald-champions/work/toolchain/arm-expanded/Payload/bin/../libexec/gcc/arm-none-eabi/15.3.1/cc1 -quiet <flags> -o build/emerald-repair-headless-20260908/src/ss_anne.o src/ss_anne.c
/Users/ericguthrie/Documents/ChatGPT/Emerald/emerald-champions/work/toolchain/arm-expanded/Payload/bin/../libexec/gcc/arm-none-eabi/15.3.1/cc1 -quiet <flags> -o build/emerald-repair-headless-20260908/src/start_menu.o src/start_menu.c
tools/compresSmol/compresSmol -w build/assets/graphics/starter_choose/pokeball_selection.png.4bpp build/assets/graphics/starter_choose/pokeball_selection.png.4bpp.smol
tools/compresSmol/compresSmol -w build/assets/graphics/starter_choose/starter_circle.png.4bpp build/assets/graphics/starter_choose/starter_circle.png.4bpp.smol
tools/compresSmol/compresSmol -w build/assets/graphics/starter_choose/tiles.png.4bpp build/assets/graphics/starter_choose/tiles.png.4bpp.smol
/Users/ericguthrie/Documents/ChatGPT/Emerald/emerald-champions/work/toolchain/arm-expanded/Payload/bin/../libexec/gcc/arm-none-eabi/15.3.1/cc1 -quiet <flags> -o build/emerald-repair-headless-20260908/src/string_util.o src/string_util.c
/Users/ericguthrie/Documents/ChatGPT/Emerald/emerald-champions/work/toolchain/arm-expanded/Payload/bin/../libexec/gcc/arm-none-eabi/15.3.1/cc1 -quiet <flags> -o build/emerald-repair-headless-20260908/src/strings.o src/strings.c
/Users/ericguthrie/Documents/ChatGPT/Emerald/emerald-champions/work/toolchain/arm-expanded/Payload/bin/../libexec/gcc/arm-none-eabi/15.3.1/cc1 -quiet <flags> -o build/emerald-repair-headless-20260908/src/task.o src/task.c
/Users/ericguthrie/Documents/ChatGPT/Emerald/emerald-champions/work/toolchain/arm-expanded/Payload/bin/../libexec/gcc/arm-none-eabi/15.3.1/cc1 -quiet <flags> -o build/emerald-repair-headless-20260908/src/test_runner_stub.o src/test_runner_stub.c
/Users/ericguthrie/Documents/ChatGPT/Emerald/emerald-champions/work/toolchain/arm-expanded/Payload/bin/../libexec/gcc/arm-none-eabi/15.3.1/cc1 -quiet <flags> -o build/emerald-repair-headless-20260908/src/text.o src/text.c
/Users/ericguthrie/Documents/ChatGPT/Emerald/emerald-champions/work/toolchain/arm-expanded/Payload/bin/../libexec/gcc/arm-none-eabi/15.3.1/cc1 -quiet <flags> -o build/emerald-repair-headless-20260908/src/text_input_strings.o src/text_input_strings.c
/Users/ericguthrie/Documents/ChatGPT/Emerald/emerald-champions/work/toolchain/arm-expanded/Payload/bin/../libexec/gcc/arm-none-eabi/15.3.1/cc1 -quiet <flags> -o build/emerald-repair-headless-20260908/src/text_window.o src/text_window.c
/Users/ericguthrie/Documents/ChatGPT/Emerald/emerald-champions/work/toolchain/arm-expanded/Payload/bin/../libexec/gcc/arm-none-eabi/15.3.1/cc1 -quiet <flags> -o build/emerald-repair-headless-20260908/src/tileset_anims.o src/tileset_anims.c
tools/compresSmol/compresSmol -w build/assets/data/tilesets/primary/building/tiles.png_num_tiles_502__Wnum_tiles.4bpp build/assets/data/tilesets/primary/building/tiles.png_num_tiles_502__Wnum_tiles.4bpp.smol
tools/compresSmol/compresSmol -w build/assets/data/tilesets/primary/building_frlg/tiles.png.4bpp build/assets/data/tilesets/primary/building_frlg/tiles.png.4bpp.smol
tools/compresSmol/compresSmol -w build/assets/data/tilesets/primary/general_frlg/tiles.png.4bpp build/assets/data/tilesets/primary/general_frlg/tiles.png.4bpp.smol
tools/compresSmol/compresSmol -w build/assets/data/tilesets/secondary/battle_arena/tiles.png.4bpp build/assets/data/tilesets/secondary/battle_arena/tiles.png.4bpp.fastSmol false false false
tools/compresSmol/compresSmol -w build/assets/data/tilesets/secondary/battle_dome/tiles.png.4bpp build/assets/data/tilesets/secondary/battle_dome/tiles.png.4bpp.fastSmol false false false
tools/compresSmol/compresSmol -w build/assets/data/tilesets/secondary/battle_factory/tiles.png_num_tiles_424__Wnum_tiles.4bpp build/assets/data/tilesets/secondary/battle_factory/tiles.png_num_tiles_424__Wnum_tiles.4bpp.fastSmol false false false
tools/compresSmol/compresSmol -w build/assets/data/tilesets/secondary/battle_frontier/tiles.png_num_tiles_310__Wnum_tiles.4bpp build/assets/data/tilesets/secondary/battle_frontier/tiles.png_num_tiles_310__Wnum_tiles.4bpp.fastSmol false false false
tools/compresSmol/compresSmol -w build/assets/data/tilesets/secondary/battle_frontier_outside_east/tiles.png_num_tiles_508__Wnum_tiles.4bpp build/assets/data/tilesets/secondary/battle_frontier_outside_east/tiles.png_num_tiles_508__Wnum_tiles.4bpp.fastSmol false false false
tools/compresSmol/compresSmol -w build/assets/data/tilesets/secondary/battle_frontier_outside_west/tiles.png_num_tiles_508__Wnum_tiles.4bpp build/assets/data/tilesets/secondary/battle_frontier_outside_west/tiles.png_num_tiles_508__Wnum_tiles.4bpp.fastSmol false false false
tools/compresSmol/compresSmol -w build/assets/data/tilesets/secondary/battle_frontier_ranking_hall/tiles.png_num_tiles_136__Wnum_tiles.4bpp build/assets/data/tilesets/secondary/battle_frontier_ranking_hall/tiles.png_num_tiles_136__Wnum_tiles.4bpp.fastSmol false false false
tools/compresSmol/compresSmol -w build/assets/data/tilesets/secondary/battle_palace/tiles.png.4bpp build/assets/data/tilesets/secondary/battle_palace/tiles.png.4bpp.fastSmol false false false
tools/compresSmol/compresSmol -w build/assets/data/tilesets/secondary/battle_pike/tiles.png_num_tiles_382__Wnum_tiles.4bpp build/assets/data/tilesets/secondary/battle_pike/tiles.png_num_tiles_382__Wnum_tiles.4bpp.fastSmol false false false
tools/compresSmol/compresSmol -w build/assets/data/tilesets/secondary/battle_pyramid/tiles.png.4bpp build/assets/data/tilesets/secondary/battle_pyramid/tiles.png.4bpp.fastSmol false false false
tools/compresSmol/compresSmol -w build/assets/data/tilesets/secondary/battle_tent/tiles.png.4bpp build/assets/data/tilesets/secondary/battle_tent/tiles.png.4bpp.fastSmol false false false
tools/compresSmol/compresSmol -w build/assets/data/tilesets/secondary/berry_forest_frlg/tiles.png.4bpp build/assets/data/tilesets/secondary/berry_forest_frlg/tiles.png.4bpp.fastSmol false false false
tools/compresSmol/compresSmol -w build/assets/data/tilesets/secondary/bike_shop/tiles.png.4bpp build/assets/data/tilesets/secondary/bike_shop/tiles.png.4bpp.fastSmol false false false
tools/compresSmol/compresSmol -w build/assets/data/tilesets/secondary/bike_shop_frlg/tiles.png.4bpp build/assets/data/tilesets/secondary/bike_shop_frlg/tiles.png.4bpp.fastSmol false false false
tools/compresSmol/compresSmol -w build/assets/data/tilesets/secondary/brendans_mays_house/tiles.png.4bpp build/assets/data/tilesets/secondary/brendans_mays_house/tiles.png.4bpp.fastSmol false false false
tools/compresSmol/compresSmol -w build/assets/data/tilesets/secondary/burgled_house_frlg/tiles.png.4bpp build/assets/data/tilesets/secondary/burgled_house_frlg/tiles.png.4bpp.fastSmol false false false
tools/compresSmol/compresSmol -w build/assets/data/tilesets/secondary/cave/tiles.png_num_tiles_425__Wnum_tiles.4bpp build/assets/data/tilesets/secondary/cave/tiles.png_num_tiles_425__Wnum_tiles.4bpp.fastSmol false false false
tools/compresSmol/compresSmol -w build/assets/data/tilesets/secondary/cave_frlg/tiles.png.4bpp build/assets/data/tilesets/secondary/cave_frlg/tiles.png.4bpp.fastSmol false false false
tools/compresSmol/compresSmol -w build/assets/data/tilesets/secondary/celadon_city_frlg/tiles.png.4bpp build/assets/data/tilesets/secondary/celadon_city_frlg/tiles.png.4bpp.fastSmol false false false
tools/compresSmol/compresSmol -w build/assets/data/tilesets/secondary/celadon_gym_frlg/tiles.png.4bpp build/assets/data/tilesets/secondary/celadon_gym_frlg/tiles.png.4bpp.fastSmol false false false
tools/compresSmol/compresSmol -w build/assets/data/tilesets/secondary/cerulean_cave_frlg/tiles.png.4bpp build/assets/data/tilesets/secondary/cerulean_cave_frlg/tiles.png.4bpp.fastSmol false false false
tools/compresSmol/compresSmol -w build/assets/data/tilesets/secondary/cerulean_city_frlg/tiles.png.4bpp build/assets/data/tilesets/secondary/cerulean_city_frlg/tiles.png.4bpp.fastSmol false false false
tools/compresSmol/compresSmol -w build/assets/data/tilesets/secondary/cerulean_gym_frlg/tiles.png.4bpp build/assets/data/tilesets/secondary/cerulean_gym_frlg/tiles.png.4bpp.fastSmol false false false
tools/compresSmol/compresSmol -w build/assets/data/tilesets/secondary/cinnabar_gym_frlg/tiles.png.4bpp build/assets/data/tilesets/secondary/cinnabar_gym_frlg/tiles.png.4bpp.fastSmol false false false
tools/compresSmol/compresSmol -w build/assets/data/tilesets/secondary/cinnabar_island_frlg/tiles.png.4bpp build/assets/data/tilesets/secondary/cinnabar_island_frlg/tiles.png.4bpp.fastSmol false false false
tools/compresSmol/compresSmol -w build/assets/data/tilesets/secondary/condominiums_frlg/tiles.png.4bpp build/assets/data/tilesets/secondary/condominiums_frlg/tiles.png.4bpp.fastSmol false false false
tools/compresSmol/compresSmol -w build/assets/data/tilesets/secondary/contest/tiles.png_num_tiles_430__Wnum_tiles.4bpp build/assets/data/tilesets/secondary/contest/tiles.png_num_tiles_430__Wnum_tiles.4bpp.fastSmol false false false
tools/compresSmol/compresSmol -w build/assets/data/tilesets/secondary/department_store_frlg/tiles.png.4bpp build/assets/data/tilesets/secondary/department_store_frlg/tiles.png.4bpp.fastSmol false false false
tools/compresSmol/compresSmol -w build/assets/data/tilesets/secondary/dewford/tiles.png_num_tiles_503__Wnum_tiles.4bpp build/assets/data/tilesets/secondary/dewford/tiles.png_num_tiles_503__Wnum_tiles.4bpp.fastSmol false false false
tools/compresSmol/compresSmol -w build/assets/data/tilesets/secondary/dewford_gym/tiles.png_num_tiles_61__Wnum_tiles.4bpp build/assets/data/tilesets/secondary/dewford_gym/tiles.png_num_tiles_61__Wnum_tiles.4bpp.fastSmol false false false
tools/compresSmol/compresSmol -w build/assets/data/tilesets/secondary/digletts_cave_frlg/tiles.png.4bpp build/assets/data/tilesets/secondary/digletts_cave_frlg/tiles.png.4bpp.fastSmol false false false
tools/compresSmol/compresSmol -w build/assets/data/tilesets/secondary/elite_four/tiles.png_num_tiles_505__Wnum_tiles.4bpp build/assets/data/tilesets/secondary/elite_four/tiles.png_num_tiles_505__Wnum_tiles.4bpp.fastSmol false false false
tools/compresSmol/compresSmol -w build/assets/data/tilesets/secondary/ever_grande/tiles.png.4bpp build/assets/data/tilesets/secondary/ever_grande/tiles.png.4bpp.fastSmol false false false
tools/compresSmol/compresSmol -w build/assets/data/tilesets/secondary/facility/tiles.png.4bpp build/assets/data/tilesets/secondary/facility/tiles.png.4bpp.fastSmol false false false
tools/compresSmol/compresSmol -w build/assets/data/tilesets/secondary/fallarbor/tiles.png.4bpp build/assets/data/tilesets/secondary/fallarbor/tiles.png.4bpp.fastSmol false false false
tools/compresSmol/compresSmol -w build/assets/data/tilesets/secondary/fan_club_daycare_frlg/tiles.png.4bpp build/assets/data/tilesets/secondary/fan_club_daycare_frlg/tiles.png.4bpp.fastSmol false false false
tools/compresSmol/compresSmol -w build/assets/data/tilesets/secondary/fortree/tiles.png_num_tiles_493__Wnum_tiles.4bpp build/assets/data/tilesets/secondary/fortree/tiles.png_num_tiles_493__Wnum_tiles.4bpp.fastSmol false false false
tools/compresSmol/compresSmol -w build/assets/data/tilesets/secondary/fortree_gym/tiles.png_num_tiles_61__Wnum_tiles.4bpp build/assets/data/tilesets/secondary/fortree_gym/tiles.png_num_tiles_61__Wnum_tiles.4bpp.fastSmol false false false
tools/compresSmol/compresSmol -w build/assets/data/tilesets/secondary/fuchsia_city_frlg/tiles.png.4bpp build/assets/data/tilesets/secondary/fuchsia_city_frlg/tiles.png.4bpp.fastSmol false false false
tools/compresSmol/compresSmol -w build/assets/data/tilesets/secondary/fuchsia_gym_frlg/tiles.png.4bpp build/assets/data/tilesets/secondary/fuchsia_gym_frlg/tiles.png.4bpp.fastSmol false false false
tools/compresSmol/compresSmol -w build/assets/data/tilesets/secondary/game_corner_frlg/tiles.png.4bpp build/assets/data/tilesets/secondary/game_corner_frlg/tiles.png.4bpp.fastSmol false false false
tools/compresSmol/compresSmol -w build/assets/data/tilesets/secondary/generic_building/tiles.png_num_tiles_509__Wnum_tiles.4bpp build/assets/data/tilesets/secondary/generic_building/tiles.png_num_tiles_509__Wnum_tiles.4bpp.fastSmol false false false
tools/compresSmol/compresSmol -w build/assets/data/tilesets/secondary/generic_building_1_frlg/tiles.png.4bpp build/assets/data/tilesets/secondary/generic_building_1_frlg/tiles.png.4bpp.fastSmol false false false
tools/compresSmol/compresSmol -w build/assets/data/tilesets/secondary/generic_building_2_frlg/tiles.png.4bpp build/assets/data/tilesets/secondary/generic_building_2_frlg/tiles.png.4bpp.fastSmol false false false
tools/compresSmol/compresSmol -w build/assets/data/tilesets/secondary/hall_of_fame_frlg/tiles.png.4bpp build/assets/data/tilesets/secondary/hall_of_fame_frlg/tiles.png.4bpp.fastSmol false false false
tools/compresSmol/compresSmol -w build/assets/data/tilesets/secondary/hoenn_building_frlg/tiles.png.4bpp build/assets/data/tilesets/secondary/hoenn_building_frlg/tiles.png.4bpp.fastSmol false false false
tools/compresSmol/compresSmol -w build/assets/data/tilesets/secondary/indigo_plateau_frlg/tiles.png.4bpp build/assets/data/tilesets/secondary/indigo_plateau_frlg/tiles.png.4bpp.fastSmol false false false
tools/compresSmol/compresSmol -w build/assets/data/tilesets/secondary/inside_of_truck/tiles.png_num_tiles_62__Wnum_tiles.4bpp build/assets/data/tilesets/secondary/inside_of_truck/tiles.png_num_tiles_62__Wnum_tiles.4bpp.fastSmol false false false
tools/compresSmol/compresSmol -w build/assets/data/tilesets/secondary/inside_ship/tiles.png_num_tiles_342__Wnum_tiles.4bpp build/assets/data/tilesets/secondary/inside_ship/tiles.png_num_tiles_342__Wnum_tiles.4bpp.fastSmol false false false
tools/compresSmol/compresSmol -w build/assets/data/tilesets/secondary/island_harbor/tiles.png_num_tiles_503__Wnum_tiles.4bpp build/assets/data/tilesets/secondary/island_harbor/tiles.png_num_tiles_503__Wnum_tiles.4bpp.fastSmol false false false
tools/compresSmol/compresSmol -w build/assets/data/tilesets/secondary/island_harbor_frlg/tiles.png.4bpp build/assets/data/tilesets/secondary/island_harbor_frlg/tiles.png.4bpp.fastSmol false false false
tools/compresSmol/compresSmol -w build/assets/data/tilesets/secondary/lab/tiles.png_num_tiles_500__Wnum_tiles.4bpp build/assets/data/tilesets/secondary/lab/tiles.png_num_tiles_500__Wnum_tiles.4bpp.fastSmol false false false
tools/compresSmol/compresSmol -w build/assets/data/tilesets/secondary/lab_frlg/tiles.png.4bpp build/assets/data/tilesets/secondary/lab_frlg/tiles.png.4bpp.fastSmol false false false
tools/compresSmol/compresSmol -w build/assets/data/tilesets/secondary/lavaridge/tiles.png_num_tiles_450__Wnum_tiles.4bpp build/assets/data/tilesets/secondary/lavaridge/tiles.png_num_tiles_450__Wnum_tiles.4bpp.fastSmol false false false
tools/compresSmol/compresSmol -w build/assets/data/tilesets/secondary/lavaridge_gym/tiles.png_num_tiles_54__Wnum_tiles.4bpp build/assets/data/tilesets/secondary/lavaridge_gym/tiles.png_num_tiles_54__Wnum_tiles.4bpp.fastSmol false false false
tools/compresSmol/compresSmol -w build/assets/data/tilesets/secondary/lavender_town_frlg/tiles.png.4bpp build/assets/data/tilesets/secondary/lavender_town_frlg/tiles.png.4bpp.fastSmol false false false
tools/compresSmol/compresSmol -w build/assets/data/tilesets/secondary/lilycove/tiles.png.4bpp build/assets/data/tilesets/secondary/lilycove/tiles.png.4bpp.fastSmol false false false
tools/compresSmol/compresSmol -w build/assets/data/tilesets/secondary/lilycove_museum/tiles.png_num_tiles_431__Wnum_tiles.4bpp build/assets/data/tilesets/secondary/lilycove_museum/tiles.png_num_tiles_431__Wnum_tiles.4bpp.fastSmol false false false
tools/compresSmol/compresSmol -w build/assets/data/tilesets/secondary/mart_frlg/tiles.png.4bpp build/assets/data/tilesets/secondary/mart_frlg/tiles.png.4bpp.fastSmol false false false
tools/compresSmol/compresSmol -w build/assets/data/tilesets/secondary/mauville/tiles.png_num_tiles_503__Wnum_tiles.4bpp build/assets/data/tilesets/secondary/mauville/tiles.png_num_tiles_503__Wnum_tiles.4bpp.fastSmol false false false
tools/compresSmol/compresSmol -w build/assets/data/tilesets/secondary/mauville_game_corner/tiles.png_num_tiles_469__Wnum_tiles.4bpp build/assets/data/tilesets/secondary/mauville_game_corner/tiles.png_num_tiles_469__Wnum_tiles.4bpp.fastSmol false false false
tools/compresSmol/compresSmol -w build/assets/data/tilesets/secondary/mauville_gym/tiles.png.4bpp build/assets/data/tilesets/secondary/mauville_gym/tiles.png.4bpp.fastSmol false false false
tools/compresSmol/compresSmol -w build/assets/data/tilesets/secondary/meteor_falls/tiles.png_num_tiles_460__Wnum_tiles.4bpp build/assets/data/tilesets/secondary/meteor_falls/tiles.png_num_tiles_460__Wnum_tiles.4bpp.fastSmol false false false
tools/compresSmol/compresSmol -w build/assets/data/tilesets/secondary/mirage_tower/tiles.png_num_tiles_420__Wnum_tiles.4bpp build/assets/data/tilesets/secondary/mirage_tower/tiles.png_num_tiles_420__Wnum_tiles.4bpp.fastSmol false false false
tools/compresSmol/compresSmol -w build/assets/data/tilesets/secondary/mossdeep/tiles.png.4bpp build/assets/data/tilesets/secondary/mossdeep/tiles.png.4bpp.fastSmol false false false
tools/compresSmol/compresSmol -w build/assets/data/tilesets/secondary/mossdeep_game_corner/tiles.png_num_tiles_95__Wnum_tiles.4bpp build/assets/data/tilesets/secondary/mossdeep_game_corner/tiles.png_num_tiles_95__Wnum_tiles.4bpp.fastSmol false false false
tools/compresSmol/compresSmol -w build/assets/data/tilesets/secondary/mossdeep_gym/tiles.png_num_tiles_82__Wnum_tiles.4bpp build/assets/data/tilesets/secondary/mossdeep_gym/tiles.png_num_tiles_82__Wnum_tiles.4bpp.fastSmol false false false
tools/compresSmol/compresSmol -w build/assets/data/tilesets/secondary/mt_ember_frlg/tiles.png.4bpp build/assets/data/tilesets/secondary/mt_ember_frlg/tiles.png.4bpp.fastSmol false false false
tools/compresSmol/compresSmol -w build/assets/data/tilesets/secondary/museum_frlg/tiles.png.4bpp build/assets/data/tilesets/secondary/museum_frlg/tiles.png.4bpp.fastSmol false false false
tools/compresSmol/compresSmol -w build/assets/data/tilesets/secondary/mystery_events_house/tiles.png_num_tiles_509__Wnum_tiles.4bpp build/assets/data/tilesets/secondary/mystery_events_house/tiles.png_num_tiles_509__Wnum_tiles.4bpp.fastSmol false false false
tools/compresSmol/compresSmol -w build/assets/data/tilesets/secondary/navel_rock/tiles.png_num_tiles_420__Wnum_tiles.4bpp build/assets/data/tilesets/secondary/navel_rock/tiles.png_num_tiles_420__Wnum_tiles.4bpp.fastSmol false false false
tools/compresSmol/compresSmol -w build/assets/data/tilesets/secondary/navel_rock_frlg/tiles.png.4bpp build/assets/data/tilesets/secondary/navel_rock_frlg/tiles.png.4bpp.fastSmol false false false
tools/compresSmol/compresSmol -w build/assets/data/tilesets/secondary/oceanic_museum/tiles.png_num_tiles_319__Wnum_tiles.4bpp build/assets/data/tilesets/secondary/oceanic_museum/tiles.png_num_tiles_319__Wnum_tiles.4bpp.fastSmol false false false
tools/compresSmol/compresSmol -w build/assets/data/tilesets/secondary/pacifidlog/tiles.png_num_tiles_504__Wnum_tiles.4bpp build/assets/data/tilesets/secondary/pacifidlog/tiles.png_num_tiles_504__Wnum_tiles.4bpp.fastSmol false false false
tools/compresSmol/compresSmol -w build/assets/data/tilesets/secondary/pallet_town_frlg/tiles.png.4bpp build/assets/data/tilesets/secondary/pallet_town_frlg/tiles.png.4bpp.fastSmol false false false
tools/compresSmol/compresSmol -w build/assets/data/tilesets/secondary/petalburg/tiles.png_num_tiles_159__Wnum_tiles.4bpp build/assets/data/tilesets/secondary/petalburg/tiles.png_num_tiles_159__Wnum_tiles.4bpp.fastSmol false false false
tools/compresSmol/compresSmol -w build/assets/data/tilesets/secondary/petalburg_gym/tiles.png_num_tiles_148__Wnum_tiles.4bpp build/assets/data/tilesets/secondary/petalburg_gym/tiles.png_num_tiles_148__Wnum_tiles.4bpp.fastSmol false false false
tools/compresSmol/compresSmol -w build/assets/data/tilesets/secondary/pewter_city_frlg/tiles.png.4bpp build/assets/data/tilesets/secondary/pewter_city_frlg/tiles.png.4bpp.fastSmol false false false
tools/compresSmol/compresSmol -w build/assets/data/tilesets/secondary/pewter_gym_frlg/tiles.png.4bpp build/assets/data/tilesets/secondary/pewter_gym_frlg/tiles.png.4bpp.fastSmol false false false
tools/compresSmol/compresSmol -w build/assets/data/tilesets/secondary/pokemon_center/tiles.png_num_tiles_478__Wnum_tiles.4bpp build/assets/data/tilesets/secondary/pokemon_center/tiles.png_num_tiles_478__Wnum_tiles.4bpp.fastSmol false false false
tools/compresSmol/compresSmol -w build/assets/data/tilesets/secondary/pokemon_center_frlg/tiles.png.4bpp build/assets/data/tilesets/secondary/pokemon_center_frlg/tiles.png.4bpp.fastSmol false false false
tools/compresSmol/compresSmol -w build/assets/data/tilesets/secondary/pokemon_day_care/tiles.png_num_tiles_355__Wnum_tiles.4bpp build/assets/data/tilesets/secondary/pokemon_day_care/tiles.png_num_tiles_355__Wnum_tiles.4bpp.fastSmol false false false
tools/compresSmol/compresSmol -w build/assets/data/tilesets/secondary/pokemon_fan_club/tiles.png_num_tiles_319__Wnum_tiles.4bpp build/assets/data/tilesets/secondary/pokemon_fan_club/tiles.png_num_tiles_319__Wnum_tiles.4bpp.fastSmol false false false
tools/compresSmol/compresSmol -w build/assets/data/tilesets/secondary/pokemon_league_frlg/tiles.png.4bpp build/assets/data/tilesets/secondary/pokemon_league_frlg/tiles.png.4bpp.fastSmol false false false
tools/compresSmol/compresSmol -w build/assets/data/tilesets/secondary/pokemon_mansion_frlg/tiles.png.4bpp build/assets/data/tilesets/secondary/pokemon_mansion_frlg/tiles.png.4bpp.fastSmol false false false
tools/compresSmol/compresSmol -w build/assets/data/tilesets/secondary/pokemon_school/tiles.png_num_tiles_278__Wnum_tiles.4bpp build/assets/data/tilesets/secondary/pokemon_school/tiles.png_num_tiles_278__Wnum_tiles.4bpp.fastSmol false false false
tools/compresSmol/compresSmol -w build/assets/data/tilesets/secondary/pokemon_tower_frlg/tiles.png.4bpp build/assets/data/tilesets/secondary/pokemon_tower_frlg/tiles.png.4bpp.fastSmol false false false
tools/compresSmol/compresSmol -w build/assets/data/tilesets/secondary/power_plant_frlg/tiles.png.4bpp build/assets/data/tilesets/secondary/power_plant_frlg/tiles.png.4bpp.fastSmol false false false
tools/compresSmol/compresSmol -w build/assets/data/tilesets/secondary/pretty_petal_flower_shop/tiles.png_num_tiles_345__Wnum_tiles.4bpp build/assets/data/tilesets/secondary/pretty_petal_flower_shop/tiles.png_num_tiles_345__Wnum_tiles.4bpp.fastSmol false false false
tools/compresSmol/compresSmol -w build/assets/data/tilesets/secondary/restaurant_hotel_frlg/tiles.png.4bpp build/assets/data/tilesets/secondary/restaurant_hotel_frlg/tiles.png.4bpp.fastSmol false false false
tools/compresSmol/compresSmol -w build/assets/data/tilesets/secondary/rock_tunnel_frlg/tiles.png.4bpp build/assets/data/tilesets/secondary/rock_tunnel_frlg/tiles.png.4bpp.fastSmol false false false
tools/compresSmol/compresSmol -w build/assets/data/tilesets/secondary/rustboro/tiles.png_num_tiles_498__Wnum_tiles.4bpp build/assets/data/tilesets/secondary/rustboro/tiles.png_num_tiles_498__Wnum_tiles.4bpp.fastSmol false false false
tools/compresSmol/compresSmol -w build/assets/data/tilesets/secondary/rustboro_gym/tiles.png_num_tiles_60__Wnum_tiles.4bpp build/assets/data/tilesets/secondary/rustboro_gym/tiles.png_num_tiles_60__Wnum_tiles.4bpp.fastSmol false false false
tools/compresSmol/compresSmol -w build/assets/data/tilesets/secondary/rusturf_tunnel/tiles.png.4bpp build/assets/data/tilesets/secondary/rusturf_tunnel/tiles.png.4bpp.fastSmol false false false
tools/compresSmol/compresSmol -w build/assets/data/tilesets/secondary/safari_zone_building_frlg/tiles.png.4bpp build/assets/data/tilesets/secondary/safari_zone_building_frlg/tiles.png.4bpp.fastSmol false false false
tools/compresSmol/compresSmol -w build/assets/data/tilesets/secondary/saffron_city_frlg/tiles.png.4bpp build/assets/data/tilesets/secondary/saffron_city_frlg/tiles.png.4bpp.fastSmol false false false
tools/compresSmol/compresSmol -w build/assets/data/tilesets/secondary/saffron_gym_frlg/tiles.png.4bpp build/assets/data/tilesets/secondary/saffron_gym_frlg/tiles.png.4bpp.fastSmol false false false
tools/compresSmol/compresSmol -w build/assets/data/tilesets/secondary/school_frlg/tiles.png.4bpp build/assets/data/tilesets/secondary/school_frlg/tiles.png.4bpp.fastSmol false false false
tools/compresSmol/compresSmol -w build/assets/data/tilesets/secondary/sea_cottage_frlg/tiles.png.4bpp build/assets/data/tilesets/secondary/sea_cottage_frlg/tiles.png.4bpp.fastSmol false false false
tools/compresSmol/compresSmol -w build/assets/data/tilesets/secondary/seafoam_islands_frlg/tiles.png.4bpp build/assets/data/tilesets/secondary/seafoam_islands_frlg/tiles.png.4bpp.fastSmol false false false
tools/compresSmol/compresSmol -w build/assets/data/tilesets/secondary/seashore_house/tiles.png_num_tiles_312__Wnum_tiles.4bpp build/assets/data/tilesets/secondary/seashore_house/tiles.png_num_tiles_312__Wnum_tiles.4bpp.fastSmol false false false
tools/compresSmol/compresSmol -w build/assets/data/tilesets/secondary/sevii_islands_123_frlg/tiles.png.4bpp build/assets/data/tilesets/secondary/sevii_islands_123_frlg/tiles.png.4bpp.fastSmol false false false
tools/compresSmol/compresSmol -w build/assets/data/tilesets/secondary/sevii_islands_45_frlg/tiles.png.4bpp build/assets/data/tilesets/secondary/sevii_islands_45_frlg/tiles.png.4bpp.fastSmol false false false
tools/compresSmol/compresSmol -w build/assets/data/tilesets/secondary/sevii_islands_67_frlg/tiles.png.4bpp build/assets/data/tilesets/secondary/sevii_islands_67_frlg/tiles.png.4bpp.fastSmol false false false
tools/compresSmol/compresSmol -w build/assets/data/tilesets/secondary/shop/tiles.png_num_tiles_502__Wnum_tiles.4bpp build/assets/data/tilesets/secondary/shop/tiles.png_num_tiles_502__Wnum_tiles.4bpp.fastSmol false false false
tools/compresSmol/compresSmol -w build/assets/data/tilesets/secondary/slateport/tiles.png_num_tiles_504__Wnum_tiles.4bpp build/assets/data/tilesets/secondary/slateport/tiles.png_num_tiles_504__Wnum_tiles.4bpp.fastSmol false false false
tools/compresSmol/compresSmol -w build/assets/data/tilesets/secondary/sootopolis/tiles.png_num_tiles_328__Wnum_tiles.4bpp build/assets/data/tilesets/secondary/sootopolis/tiles.png_num_tiles_328__Wnum_tiles.4bpp.fastSmol false false false
tools/compresSmol/compresSmol -w build/assets/data/tilesets/secondary/sootopolis_gym/tiles.png_num_tiles_484__Wnum_tiles.4bpp build/assets/data/tilesets/secondary/sootopolis_gym/tiles.png_num_tiles_484__Wnum_tiles.4bpp.fastSmol false false false
tools/compresSmol/compresSmol -w build/assets/data/tilesets/secondary/ss_anne_frlg/tiles.png.4bpp build/assets/data/tilesets/secondary/ss_anne_frlg/tiles.png.4bpp.fastSmol false false false
tools/compresSmol/compresSmol -w build/assets/data/tilesets/secondary/tanoby_ruins_frlg/tiles.png.4bpp build/assets/data/tilesets/secondary/tanoby_ruins_frlg/tiles.png.4bpp.fastSmol false false false
tools/compresSmol/compresSmol -w build/assets/data/tilesets/secondary/trainer_hill/tiles.png_num_tiles_374__Wnum_tiles.4bpp build/assets/data/tilesets/secondary/trainer_hill/tiles.png_num_tiles_374__Wnum_tiles.4bpp.fastSmol false false false
tools/compresSmol/compresSmol -w build/assets/data/tilesets/secondary/trainer_tower_frlg/tiles.png.4bpp build/assets/data/tilesets/secondary/trainer_tower_frlg/tiles.png.4bpp.fastSmol false false false
tools/compresSmol/compresSmol -w build/assets/data/tilesets/secondary/trick_house_puzzle/tiles.png_num_tiles_294__Wnum_tiles.4bpp build/assets/data/tilesets/secondary/trick_house_puzzle/tiles.png_num_tiles_294__Wnum_tiles.4bpp.fastSmol false false false
tools/compresSmol/compresSmol -w build/assets/data/tilesets/secondary/underground_path_frlg/tiles.png.4bpp build/assets/data/tilesets/secondary/underground_path_frlg/tiles.png.4bpp.fastSmol false false false
tools/compresSmol/compresSmol -w build/assets/data/tilesets/secondary/underwater/tiles.png_num_tiles_500__Wnum_tiles.4bpp build/assets/data/tilesets/secondary/underwater/tiles.png_num_tiles_500__Wnum_tiles.4bpp.fastSmol false false false
tools/compresSmol/compresSmol -w build/assets/data/tilesets/secondary/union_room/tiles.png.4bpp build/assets/data/tilesets/secondary/union_room/tiles.png.4bpp.fastSmol false false false
tools/compresSmol/compresSmol -w build/assets/data/tilesets/secondary/unused_1/tiles.png_num_tiles_17__Wnum_tiles.4bpp build/assets/data/tilesets/secondary/unused_1/tiles.png_num_tiles_17__Wnum_tiles.4bpp.fastSmol false false false
tools/compresSmol/compresSmol -w build/assets/data/tilesets/secondary/unused_2/tiles.png_num_tiles_150__Wnum_tiles.4bpp build/assets/data/tilesets/secondary/unused_2/tiles.png_num_tiles_150__Wnum_tiles.4bpp.fastSmol false false false
tools/compresSmol/compresSmol -w build/assets/data/tilesets/secondary/unused_gatehouse_1_frlg/tiles.png.4bpp build/assets/data/tilesets/secondary/unused_gatehouse_1_frlg/tiles.png.4bpp.fastSmol false false false
tools/compresSmol/compresSmol -w build/assets/data/tilesets/secondary/unused_gatehouse_2_frlg/tiles.png.4bpp build/assets/data/tilesets/secondary/unused_gatehouse_2_frlg/tiles.png.4bpp.fastSmol false false false
tools/compresSmol/compresSmol -w build/assets/data/tilesets/secondary/vermilion_city_frlg/tiles.png.4bpp build/assets/data/tilesets/secondary/vermilion_city_frlg/tiles.png.4bpp.fastSmol false false false
tools/compresSmol/compresSmol -w build/assets/data/tilesets/secondary/vermilion_gym_frlg/tiles.png.4bpp build/assets/data/tilesets/secondary/vermilion_gym_frlg/tiles.png.4bpp.fastSmol false false false
tools/compresSmol/compresSmol -w build/assets/data/tilesets/secondary/viridian_city_frlg/tiles.png.4bpp build/assets/data/tilesets/secondary/viridian_city_frlg/tiles.png.4bpp.fastSmol false false false
tools/compresSmol/compresSmol -w build/assets/data/tilesets/secondary/viridian_forest_frlg/tiles.png.4bpp build/assets/data/tilesets/secondary/viridian_forest_frlg/tiles.png.4bpp.fastSmol false false false
tools/compresSmol/compresSmol -w build/assets/data/tilesets/secondary/viridian_gym_frlg/tiles.png.4bpp build/assets/data/tilesets/secondary/viridian_gym_frlg/tiles.png.4bpp.fastSmol false false false
tools/compresSmol/compresSmol -w build/assets/graphics/title_screen/clouds.png.4bpp build/assets/graphics/title_screen/clouds.png.4bpp.smol
/Users/ericguthrie/Documents/ChatGPT/Emerald/emerald-champions/work/toolchain/arm-expanded/Payload/bin/../libexec/gcc/arm-none-eabi/15.3.1/cc1 -quiet <flags> -o build/emerald-repair-headless-20260908/src/time_events.o src/time_events.c
tools/compresSmol/compresSmol -w build/assets/graphics/title_screen/logo_shine.png.4bpp build/assets/graphics/title_screen/logo_shine.png.4bpp.smol
tools/compresSmol/compresSmol -w build/assets/graphics/title_screen/rayquaza.png.4bpp build/assets/graphics/title_screen/rayquaza.png.4bpp.smol
tools/compresSmol/compresSmol -w build/assets/graphics/title_screen_frlg/blank_sprite.png.4bpp build/assets/graphics/title_screen_frlg/blank_sprite.png.4bpp.smol
tools/compresSmol/compresSmol -w build/assets/graphics/title_screen_frlg/border_bg.png.4bpp build/assets/graphics/title_screen_frlg/border_bg.png.4bpp.smol
tools/compresSmol/compresSmol -w build/assets/graphics/title_screen_frlg/copyright_press_start.png.4bpp build/assets/graphics/title_screen_frlg/copyright_press_start.png.4bpp.smol
tools/compresSmol/compresSmol -w build/assets/graphics/title_screen_frlg/firered/blank_flames.png.4bpp build/assets/graphics/title_screen_frlg/firered/blank_flames.png.4bpp.smol
tools/compresSmol/compresSmol -w build/assets/graphics/title_screen_frlg/firered/box_art_mon.png.4bpp build/assets/graphics/title_screen_frlg/firered/box_art_mon.png.4bpp.smol
tools/compresSmol/compresSmol -w build/assets/graphics/title_screen_frlg/firered/flames.png.4bpp build/assets/graphics/title_screen_frlg/firered/flames.png.4bpp.smol
tools/compresSmol/compresSmol -w build/assets/graphics/title_screen_frlg/firered/game_title_logo.png.8bpp build/assets/graphics/title_screen_frlg/firered/game_title_logo.png.8bpp.smol
tools/compresSmol/compresSmol -w build/assets/graphics/title_screen_frlg/leafgreen/box_art_mon.png.4bpp build/assets/graphics/title_screen_frlg/leafgreen/box_art_mon.png.4bpp.smol
tools/compresSmol/compresSmol -w build/assets/graphics/title_screen_frlg/leafgreen/game_title_logo.png.8bpp build/assets/graphics/title_screen_frlg/leafgreen/game_title_logo.png.8bpp.smol
tools/compresSmol/compresSmol -w build/assets/graphics/title_screen_frlg/leafgreen/leaves.png.4bpp build/assets/graphics/title_screen_frlg/leafgreen/leaves.png.4bpp.smol
tools/compresSmol/compresSmol -w build/assets/graphics/title_screen_frlg/leafgreen/streak.png.4bpp build/assets/graphics/title_screen_frlg/leafgreen/streak.png.4bpp.smol
tools/compresSmol/compresSmol -w build/assets/graphics/title_screen_frlg/slash.png.4bpp build/assets/graphics/title_screen_frlg/slash.png.4bpp.smol
tools/compresSmol/compresSmol -w build/assets/graphics/trade/wireless_signal.png.4bpp build/assets/graphics/trade/wireless_signal.png.4bpp.smol
/Users/ericguthrie/Documents/ChatGPT/Emerald/emerald-champions/work/toolchain/arm-expanded/Payload/bin/../libexec/gcc/arm-none-eabi/15.3.1/cc1 -quiet <flags> -o build/emerald-repair-headless-20260908/src/trader.o src/trader.c
/Users/ericguthrie/Documents/ChatGPT/Emerald/emerald-champions/work/toolchain/arm-expanded/Payload/bin/../libexec/gcc/arm-none-eabi/15.3.1/cc1 -quiet <flags> -o build/emerald-repair-headless-20260908/src/trainer.o src/trainer.c
tools/compresSmol/compresSmol -w build/assets/graphics/trainer_card/badges.png.4bpp build/assets/graphics/trainer_card/badges.png.4bpp.smol
tools/compresSmol/compresSmol -w build/assets/graphics/trainer_card/frlg/badges.png.4bpp build/assets/graphics/trainer_card/frlg/badges.png.4bpp.smol
tools/compresSmol/compresSmol -w build/assets/graphics/trainer_card/frlg/stickers.png.4bpp build/assets/graphics/trainer_card/frlg/stickers.png.4bpp.smol
/Users/ericguthrie/Documents/ChatGPT/Emerald/emerald-champions/work/toolchain/arm-expanded/Payload/bin/../libexec/gcc/arm-none-eabi/15.3.1/cc1 -quiet <flags> -o build/emerald-repair-headless-20260908/src/trainer_fan_club.o src/trainer_fan_club.c
/Users/ericguthrie/Documents/ChatGPT/Emerald/emerald-champions/work/toolchain/arm-expanded/Payload/bin/../libexec/gcc/arm-none-eabi/15.3.1/cc1 -quiet <flags> -o build/emerald-repair-headless-20260908/src/trainer_hill.o src/trainer_hill.c
/Users/ericguthrie/Documents/ChatGPT/Emerald/emerald-champions/work/toolchain/arm-expanded/Payload/bin/../libexec/gcc/arm-none-eabi/15.3.1/cc1 -quiet <flags> -o build/emerald-repair-headless-20260908/src/trainer_pokemon_sprites.o src/trainer_pokemon_sprites.c
/Users/ericguthrie/Documents/ChatGPT/Emerald/emerald-champions/work/toolchain/arm-expanded/Payload/bin/../libexec/gcc/arm-none-eabi/15.3.1/cc1 -quiet <flags> -o build/emerald-repair-headless-20260908/src/trainer_pools.o src/trainer_pools.c
/Users/ericguthrie/Documents/ChatGPT/Emerald/emerald-champions/work/toolchain/arm-expanded/Payload/bin/../libexec/gcc/arm-none-eabi/15.3.1/cc1 -quiet <flags> -o build/emerald-repair-headless-20260908/src/trainer_see.o src/trainer_see.c
/Users/ericguthrie/Documents/ChatGPT/Emerald/emerald-champions/work/toolchain/arm-expanded/Payload/bin/../libexec/gcc/arm-none-eabi/15.3.1/cc1 -quiet <flags> -o build/emerald-repair-headless-20260908/src/trainer_slide.o src/trainer_slide.c
/Users/ericguthrie/Documents/ChatGPT/Emerald/emerald-champions/work/toolchain/arm-expanded/Payload/bin/../libexec/gcc/arm-none-eabi/15.3.1/cc1 -quiet <flags> -o build/emerald-repair-headless-20260908/src/trainer_tower.o src/trainer_tower.c
/Users/ericguthrie/Documents/ChatGPT/Emerald/emerald-champions/work/toolchain/arm-expanded/Payload/bin/../libexec/gcc/arm-none-eabi/15.3.1/cc1 -quiet <flags> -o build/emerald-repair-headless-20260908/src/trainer_tower_sets.o src/trainer_tower_sets.c
/Users/ericguthrie/Documents/ChatGPT/Emerald/emerald-champions/work/toolchain/arm-expanded/Payload/bin/../libexec/gcc/arm-none-eabi/15.3.1/cc1 -quiet <flags> -o build/emerald-repair-headless-20260908/src/trainer_util.o src/trainer_util.c
/Users/ericguthrie/Documents/ChatGPT/Emerald/emerald-champions/work/toolchain/arm-expanded/Payload/bin/../libexec/gcc/arm-none-eabi/15.3.1/cc1 -quiet <flags> -o build/emerald-repair-headless-20260908/src/trig.o src/trig.c
/Users/ericguthrie/Documents/ChatGPT/Emerald/emerald-champions/work/toolchain/arm-expanded/Payload/bin/../libexec/gcc/arm-none-eabi/15.3.1/cc1 -quiet <flags> -o build/emerald-repair-headless-20260908/src/tv.o src/tv.c
/Users/ericguthrie/Documents/ChatGPT/Emerald/emerald-champions/work/toolchain/arm-expanded/Payload/bin/../libexec/gcc/arm-none-eabi/15.3.1/cc1 -quiet <flags> -o build/emerald-repair-headless-20260908/src/type_icons.o src/type_icons.c
/Users/ericguthrie/Documents/ChatGPT/Emerald/emerald-champions/work/toolchain/arm-expanded/Payload/bin/../libexec/gcc/arm-none-eabi/15.3.1/cc1 -quiet <flags> -o build/emerald-repair-headless-20260908/src/union_room.o src/union_room.c
/Users/ericguthrie/Documents/ChatGPT/Emerald/emerald-champions/work/toolchain/arm-expanded/Payload/bin/../libexec/gcc/arm-none-eabi/15.3.1/cc1 -quiet <flags> -o build/emerald-repair-headless-20260908/src/union_room_battle.o src/union_room_battle.c
tools/compresSmol/compresSmol -w build/assets/graphics/union_room_chat/keyboard_cursor.png.4bpp build/assets/graphics/union_room_chat/keyboard_cursor.png.4bpp.smol
tools/compresSmol/compresSmol -w build/assets/graphics/union_room_chat/r_button.png.4bpp build/assets/graphics/union_room_chat/r_button.png.4bpp.smol
tools/compresSmol/compresSmol -w build/assets/graphics/union_room_chat/text_entry_arrow.png.4bpp build/assets/graphics/union_room_chat/text_entry_arrow.png.4bpp.smol
tools/compresSmol/compresSmol -w build/assets/graphics/union_room_chat/text_entry_cursor.png.4bpp build/assets/graphics/union_room_chat/text_entry_cursor.png.4bpp.smol
/Users/ericguthrie/Documents/ChatGPT/Emerald/emerald-champions/work/toolchain/arm-expanded/Payload/bin/../libexec/gcc/arm-none-eabi/15.3.1/cc1 -quiet <flags> -o build/emerald-repair-headless-20260908/src/union_room_player_avatar.o src/union_room_player_avatar.c
/Users/ericguthrie/Documents/ChatGPT/Emerald/emerald-champions/work/toolchain/arm-expanded/Payload/bin/../libexec/gcc/arm-none-eabi/15.3.1/cc1 -quiet <flags> -o build/emerald-repair-headless-20260908/src/use_pokeblock.o src/use_pokeblock.c
/Users/ericguthrie/Documents/ChatGPT/Emerald/emerald-champions/work/toolchain/arm-expanded/Payload/bin/../libexec/gcc/arm-none-eabi/15.3.1/cc1 -quiet <flags> -o build/emerald-repair-headless-20260908/src/util.o src/util.c
/Users/ericguthrie/Documents/ChatGPT/Emerald/emerald-champions/work/toolchain/arm-expanded/Payload/bin/../libexec/gcc/arm-none-eabi/15.3.1/cc1 -quiet <flags> -o build/emerald-repair-headless-20260908/src/vs_seeker.o src/vs_seeker.c
/Users/ericguthrie/Documents/ChatGPT/Emerald/emerald-champions/work/toolchain/arm-expanded/Payload/bin/../libexec/gcc/arm-none-eabi/15.3.1/cc1 -quiet <flags> -o build/emerald-repair-headless-20260908/src/walda_phrase.o src/walda_phrase.c
tools/compresSmol/compresSmol -w build/assets/graphics/wallclock/hand.png.4bpp build/assets/graphics/wallclock/hand.png.4bpp.smol
/Users/ericguthrie/Documents/ChatGPT/Emerald/emerald-champions/work/toolchain/arm-expanded/Payload/bin/../libexec/gcc/arm-none-eabi/15.3.1/cc1 -quiet <flags> -o build/emerald-repair-headless-20260908/src/wild_encounter.o src/wild_encounter.c
/Users/ericguthrie/Documents/ChatGPT/Emerald/emerald-champions/work/toolchain/arm-expanded/Payload/bin/../libexec/gcc/arm-none-eabi/15.3.1/cc1 -quiet <flags> -o build/emerald-repair-headless-20260908/src/wild_encounter_ow.o src/wild_encounter_ow.c
/Users/ericguthrie/Documents/ChatGPT/Emerald/emerald-champions/work/toolchain/arm-expanded/Payload/bin/../libexec/gcc/arm-none-eabi/15.3.1/cc1 -quiet <flags> -o build/emerald-repair-headless-20260908/src/window.o src/window.c
tools/compresSmol/compresSmol -w build/assets/graphics/wireless_status_screen/bg.png.4bpp build/assets/graphics/wireless_status_screen/bg.png.4bpp.smol
/Users/ericguthrie/Documents/ChatGPT/Emerald/emerald-champions/work/toolchain/arm-expanded/Payload/bin/../libexec/gcc/arm-none-eabi/15.3.1/cc1 -quiet <flags> -o build/emerald-repair-headless-20260908/src/wonder_news.o src/wonder_news.c
tools/preproc/preproc src/crt0.s charmap.txt | arm-none-eabi-cpp -iquote include -Wno-trigraphs -DMODERN=1 -DTESTING=0 -DEMERALD -std=gnu17 -DEC_HEADLESS_FIXTURES=1 -I include - | tools/preproc/preproc -ie src/crt0.s charmap.txt | arm-none-eabi-as -mcpu=arm7tdmi -march=armv4t -meabi=5 --defsym MODERN=1 --defsym EMERALD=1 -o build/emerald-repair-headless-20260908/src/crt0.o
tools/preproc/preproc src/decompress_asm.s charmap.txt | arm-none-eabi-cpp -iquote include -Wno-trigraphs -DMODERN=1 -DTESTING=0 -DEMERALD -std=gnu17 -DEC_HEADLESS_FIXTURES=1 -I include - | tools/preproc/preproc -ie src/decompress_asm.s charmap.txt | arm-none-eabi-as -mcpu=arm7tdmi -march=armv4t -meabi=5 --defsym MODERN=1 --defsym EMERALD=1 -o build/emerald-repair-headless-20260908/src/decompress_asm.o
tools/preproc/preproc src/libgcnmultiboot.s charmap.txt | arm-none-eabi-cpp -iquote include -Wno-trigraphs -DMODERN=1 -DTESTING=0 -DEMERALD -std=gnu17 -DEC_HEADLESS_FIXTURES=1 -I include - | tools/preproc/preproc -ie src/libgcnmultiboot.s charmap.txt | arm-none-eabi-as -mcpu=arm7tdmi -march=armv4t -meabi=5 --defsym MODERN=1 --defsym EMERALD=1 -o build/emerald-repair-headless-20260908/src/libgcnmultiboot.o
tools/preproc/preproc src/m4a_1.s charmap.txt | arm-none-eabi-cpp -iquote include -Wno-trigraphs -DMODERN=1 -DTESTING=0 -DEMERALD -std=gnu17 -DEC_HEADLESS_FIXTURES=1 -I include - | tools/preproc/preproc -ie src/m4a_1.s charmap.txt | arm-none-eabi-as -mcpu=arm7tdmi -march=armv4t -meabi=5 --defsym MODERN=1 --defsym EMERALD=1 -o build/emerald-repair-headless-20260908/src/m4a_1.o
tools/preproc/preproc src/rom_header.s charmap.txt | arm-none-eabi-cpp -iquote include -Wno-trigraphs -DMODERN=1 -DTESTING=0 -DEMERALD -std=gnu17 -DEC_HEADLESS_FIXTURES=1 -I include - | tools/preproc/preproc -ie src/rom_header.s charmap.txt | arm-none-eabi-as -mcpu=arm7tdmi -march=armv4t -meabi=5 --defsym MODERN=1 --defsym EMERALD=1 -o build/emerald-repair-headless-20260908/src/rom_header.o
tools/preproc/preproc -s data/battle_anim_scripts.s charmap.txt | arm-none-eabi-cpp -iquote include -Wno-trigraphs -DMODERN=1 -DTESTING=0 -DEMERALD -std=gnu17 -DEC_HEADLESS_FIXTURES=1 -I include - | tools/preproc/preproc -ie data/battle_anim_scripts.s charmap.txt | arm-none-eabi-as -mcpu=arm7tdmi -march=armv4t -meabi=5 --defsym MODERN=1 --defsym EMERALD=1 -o build/emerald-repair-headless-20260908/data/battle_anim_scripts.o
tools/preproc/preproc -s data/battle_scripts_1.s charmap.txt | arm-none-eabi-cpp -iquote include -Wno-trigraphs -DMODERN=1 -DTESTING=0 -DEMERALD -std=gnu17 -DEC_HEADLESS_FIXTURES=1 -I include - | tools/preproc/preproc -ie data/battle_scripts_1.s charmap.txt | arm-none-eabi-as -mcpu=arm7tdmi -march=armv4t -meabi=5 --defsym MODERN=1 --defsym EMERALD=1 -o build/emerald-repair-headless-20260908/data/battle_scripts_1.o
tools/preproc/preproc -s data/battle_scripts_2.s charmap.txt | arm-none-eabi-cpp -iquote include -Wno-trigraphs -DMODERN=1 -DTESTING=0 -DEMERALD -std=gnu17 -DEC_HEADLESS_FIXTURES=1 -I include - | tools/preproc/preproc -ie data/battle_scripts_2.s charmap.txt | arm-none-eabi-as -mcpu=arm7tdmi -march=armv4t -meabi=5 --defsym MODERN=1 --defsym EMERALD=1 -o build/emerald-repair-headless-20260908/data/battle_scripts_2.o
tools/preproc/preproc -s data/contest_ai_scripts.s charmap.txt | arm-none-eabi-cpp -iquote include -Wno-trigraphs -DMODERN=1 -DTESTING=0 -DEMERALD -std=gnu17 -DEC_HEADLESS_FIXTURES=1 -I include - | tools/preproc/preproc -ie data/contest_ai_scripts.s charmap.txt | arm-none-eabi-as -mcpu=arm7tdmi -march=armv4t -meabi=5 --defsym MODERN=1 --defsym EMERALD=1 -o build/emerald-repair-headless-20260908/data/contest_ai_scripts.o
tools/preproc/preproc -s data/event_scripts.s charmap.txt | arm-none-eabi-cpp -iquote include -Wno-trigraphs -DMODERN=1 -DTESTING=0 -DEMERALD -std=gnu17 -DEC_HEADLESS_FIXTURES=1 -I include - | tools/preproc/preproc -ie data/event_scripts.s charmap.txt | arm-none-eabi-as -mcpu=arm7tdmi -march=armv4t -meabi=5 --defsym MODERN=1 --defsym EMERALD=1 -o build/emerald-repair-headless-20260908/data/event_scripts.o
tools/preproc/preproc -s data/field_effect_scripts.s charmap.txt | arm-none-eabi-cpp -iquote include -Wno-trigraphs -DMODERN=1 -DTESTING=0 -DEMERALD -std=gnu17 -DEC_HEADLESS_FIXTURES=1 -I include - | tools/preproc/preproc -ie data/field_effect_scripts.s charmap.txt | arm-none-eabi-as -mcpu=arm7tdmi -march=armv4t -meabi=5 --defsym MODERN=1 --defsym EMERALD=1 -o build/emerald-repair-headless-20260908/data/field_effect_scripts.o
tools/preproc/preproc -s data/map_events.s charmap.txt | arm-none-eabi-cpp -iquote include -Wno-trigraphs -DMODERN=1 -DTESTING=0 -DEMERALD -std=gnu17 -DEC_HEADLESS_FIXTURES=1 -I include - | tools/preproc/preproc -ie data/map_events.s charmap.txt | arm-none-eabi-as -mcpu=arm7tdmi -march=armv4t -meabi=5 --defsym MODERN=1 --defsym EMERALD=1 -o build/emerald-repair-headless-20260908/data/map_events.o
tools/preproc/preproc -s data/maps.s charmap.txt | arm-none-eabi-cpp -iquote include -Wno-trigraphs -DMODERN=1 -DTESTING=0 -DEMERALD -std=gnu17 -DEC_HEADLESS_FIXTURES=1 -I include - | tools/preproc/preproc -ie data/maps.s charmap.txt | arm-none-eabi-as -mcpu=arm7tdmi -march=armv4t -meabi=5 --defsym MODERN=1 --defsym EMERALD=1 -o build/emerald-repair-headless-20260908/data/maps.o
tools/preproc/preproc -s data/multiboot_berry_glitch_fix.s charmap.txt | arm-none-eabi-cpp -iquote include -Wno-trigraphs -DMODERN=1 -DTESTING=0 -DEMERALD -std=gnu17 -DEC_HEADLESS_FIXTURES=1 -I include - | tools/preproc/preproc -ie data/multiboot_berry_glitch_fix.s charmap.txt | arm-none-eabi-as -mcpu=arm7tdmi -march=armv4t -meabi=5 --defsym MODERN=1 --defsym EMERALD=1 -o build/emerald-repair-headless-20260908/data/multiboot_berry_glitch_fix.o
tools/preproc/preproc -s data/multiboot_ereader.s charmap.txt | arm-none-eabi-cpp -iquote include -Wno-trigraphs -DMODERN=1 -DTESTING=0 -DEMERALD -std=gnu17 -DEC_HEADLESS_FIXTURES=1 -I include - | tools/preproc/preproc -ie data/multiboot_ereader.s charmap.txt | arm-none-eabi-as -mcpu=arm7tdmi -march=armv4t -meabi=5 --defsym MODERN=1 --defsym EMERALD=1 -o build/emerald-repair-headless-20260908/data/multiboot_ereader.o
tools/preproc/preproc -s data/multiboot_pokemon_colosseum.s charmap.txt | arm-none-eabi-cpp -iquote include -Wno-trigraphs -DMODERN=1 -DTESTING=0 -DEMERALD -std=gnu17 -DEC_HEADLESS_FIXTURES=1 -I include - | tools/preproc/preproc -ie data/multiboot_pokemon_colosseum.s charmap.txt | arm-none-eabi-as -mcpu=arm7tdmi -march=armv4t -meabi=5 --defsym MODERN=1 --defsym EMERALD=1 -o build/emerald-repair-headless-20260908/data/multiboot_pokemon_colosseum.o
tools/preproc/preproc -s data/mystery_event_script_cmd_table.s charmap.txt | arm-none-eabi-cpp -iquote include -Wno-trigraphs -DMODERN=1 -DTESTING=0 -DEMERALD -std=gnu17 -DEC_HEADLESS_FIXTURES=1 -I include - | tools/preproc/preproc -ie data/mystery_event_script_cmd_table.s charmap.txt | arm-none-eabi-as -mcpu=arm7tdmi -march=armv4t -meabi=5 --defsym MODERN=1 --defsym EMERALD=1 -o build/emerald-repair-headless-20260908/data/mystery_event_script_cmd_table.o
tools/preproc/preproc -s data/mystery_gift.s charmap.txt | arm-none-eabi-cpp -iquote include -Wno-trigraphs -DMODERN=1 -DTESTING=0 -DEMERALD -std=gnu17 -DEC_HEADLESS_FIXTURES=1 -I include - | tools/preproc/preproc -ie data/mystery_gift.s charmap.txt | arm-none-eabi-as -mcpu=arm7tdmi -march=armv4t -meabi=5 --defsym MODERN=1 --defsym EMERALD=1 -o build/emerald-repair-headless-20260908/data/mystery_gift.o
tools/preproc/preproc -s data/sound_data.s charmap.txt | arm-none-eabi-cpp -iquote include -Wno-trigraphs -DMODERN=1 -DTESTING=0 -DEMERALD -std=gnu17 -DEC_HEADLESS_FIXTURES=1 -I include - | tools/preproc/preproc -ie data/sound_data.s charmap.txt | arm-none-eabi-as -mcpu=arm7tdmi -march=armv4t -meabi=5 --defsym MODERN=1 --defsym EMERALD=1 -o build/emerald-repair-headless-20260908/data/sound_data.o
arm-none-eabi-as -mcpu=arm7tdmi -march=armv4t -meabi=5 --defsym MODERN=1 --defsym EMERALD=1 -I sound -o build/emerald-repair-headless-20260908/sound/songs/midi/mus_abandoned_ship.o sound/songs/midi/mus_abandoned_ship.s
arm-none-eabi-as -mcpu=arm7tdmi -march=armv4t -meabi=5 --defsym MODERN=1 --defsym EMERALD=1 -I sound -o build/emerald-repair-headless-20260908/sound/songs/midi/mus_abnormal_weather.o sound/songs/midi/mus_abnormal_weather.s
arm-none-eabi-as -mcpu=arm7tdmi -march=armv4t -meabi=5 --defsym MODERN=1 --defsym EMERALD=1 -I sound -o build/emerald-repair-headless-20260908/sound/songs/midi/mus_aqua_magma_hideout.o sound/songs/midi/mus_aqua_magma_hideout.s
arm-none-eabi-as -mcpu=arm7tdmi -march=armv4t -meabi=5 --defsym MODERN=1 --defsym EMERALD=1 -I sound -o build/emerald-repair-headless-20260908/sound/songs/midi/mus_awaken_legend.o sound/songs/midi/mus_awaken_legend.s
arm-none-eabi-as -mcpu=arm7tdmi -march=armv4t -meabi=5 --defsym MODERN=1 --defsym EMERALD=1 -I sound -o build/emerald-repair-headless-20260908/sound/songs/midi/mus_b_arena.o sound/songs/midi/mus_b_arena.s
arm-none-eabi-as -mcpu=arm7tdmi -march=armv4t -meabi=5 --defsym MODERN=1 --defsym EMERALD=1 -I sound -o build/emerald-repair-headless-20260908/sound/songs/midi/mus_b_dome.o sound/songs/midi/mus_b_dome.s
arm-none-eabi-as -mcpu=arm7tdmi -march=armv4t -meabi=5 --defsym MODERN=1 --defsym EMERALD=1 -I sound -o build/emerald-repair-headless-20260908/sound/songs/midi/mus_b_dome_lobby.o sound/songs/midi/mus_b_dome_lobby.s
arm-none-eabi-as -mcpu=arm7tdmi -march=armv4t -meabi=5 --defsym MODERN=1 --defsym EMERALD=1 -I sound -o build/emerald-repair-headless-20260908/sound/songs/midi/mus_b_factory.o sound/songs/midi/mus_b_factory.s
arm-none-eabi-as -mcpu=arm7tdmi -march=armv4t -meabi=5 --defsym MODERN=1 --defsym EMERALD=1 -I sound -o build/emerald-repair-headless-20260908/sound/songs/midi/mus_b_frontier.o sound/songs/midi/mus_b_frontier.s
arm-none-eabi-as -mcpu=arm7tdmi -march=armv4t -meabi=5 --defsym MODERN=1 --defsym EMERALD=1 -I sound -o build/emerald-repair-headless-20260908/sound/songs/midi/mus_b_palace.o sound/songs/midi/mus_b_palace.s
arm-none-eabi-as -mcpu=arm7tdmi -march=armv4t -meabi=5 --defsym MODERN=1 --defsym EMERALD=1 -I sound -o build/emerald-repair-headless-20260908/sound/songs/midi/mus_b_pike.o sound/songs/midi/mus_b_pike.s
arm-none-eabi-as -mcpu=arm7tdmi -march=armv4t -meabi=5 --defsym MODERN=1 --defsym EMERALD=1 -I sound -o build/emerald-repair-headless-20260908/sound/songs/midi/mus_b_pyramid.o sound/songs/midi/mus_b_pyramid.s
arm-none-eabi-as -mcpu=arm7tdmi -march=armv4t -meabi=5 --defsym MODERN=1 --defsym EMERALD=1 -I sound -o build/emerald-repair-headless-20260908/sound/songs/midi/mus_b_pyramid_top.o sound/songs/midi/mus_b_pyramid_top.s
arm-none-eabi-as -mcpu=arm7tdmi -march=armv4t -meabi=5 --defsym MODERN=1 --defsym EMERALD=1 -I sound -o build/emerald-repair-headless-20260908/sound/songs/midi/mus_b_tower.o sound/songs/midi/mus_b_tower.s
arm-none-eabi-as -mcpu=arm7tdmi -march=armv4t -meabi=5 --defsym MODERN=1 --defsym EMERALD=1 -I sound -o build/emerald-repair-headless-20260908/sound/songs/midi/mus_b_tower_rs.o sound/songs/midi/mus_b_tower_rs.s
arm-none-eabi-as -mcpu=arm7tdmi -march=armv4t -meabi=5 --defsym MODERN=1 --defsym EMERALD=1 -I sound -o build/emerald-repair-headless-20260908/sound/songs/midi/mus_birch_lab.o sound/songs/midi/mus_birch_lab.s
arm-none-eabi-as -mcpu=arm7tdmi -march=armv4t -meabi=5 --defsym MODERN=1 --defsym EMERALD=1 -I sound -o build/emerald-repair-headless-20260908/sound/songs/midi/mus_c_comm_center.o sound/songs/midi/mus_c_comm_center.s
arm-none-eabi-as -mcpu=arm7tdmi -march=armv4t -meabi=5 --defsym MODERN=1 --defsym EMERALD=1 -I sound -o build/emerald-repair-headless-20260908/sound/songs/midi/mus_c_vs_legend_beast.o sound/songs/midi/mus_c_vs_legend_beast.s
arm-none-eabi-as -mcpu=arm7tdmi -march=armv4t -meabi=5 --defsym MODERN=1 --defsym EMERALD=1 -I sound -o build/emerald-repair-headless-20260908/sound/songs/midi/mus_cable_car.o sound/songs/midi/mus_cable_car.s
arm-none-eabi-as -mcpu=arm7tdmi -march=armv4t -meabi=5 --defsym MODERN=1 --defsym EMERALD=1 -I sound -o build/emerald-repair-headless-20260908/sound/songs/midi/mus_caught.o sound/songs/midi/mus_caught.s
arm-none-eabi-as -mcpu=arm7tdmi -march=armv4t -meabi=5 --defsym MODERN=1 --defsym EMERALD=1 -I sound -o build/emerald-repair-headless-20260908/sound/songs/midi/mus_cave_of_origin.o sound/songs/midi/mus_cave_of_origin.s
arm-none-eabi-as -mcpu=arm7tdmi -march=armv4t -meabi=5 --defsym MODERN=1 --defsym EMERALD=1 -I sound -o build/emerald-repair-headless-20260908/sound/songs/midi/mus_contest.o sound/songs/midi/mus_contest.s
arm-none-eabi-as -mcpu=arm7tdmi -march=armv4t -meabi=5 --defsym MODERN=1 --defsym EMERALD=1 -I sound -o build/emerald-repair-headless-20260908/sound/songs/midi/mus_contest_lobby.o sound/songs/midi/mus_contest_lobby.s
arm-none-eabi-as -mcpu=arm7tdmi -march=armv4t -meabi=5 --defsym MODERN=1 --defsym EMERALD=1 -I sound -o build/emerald-repair-headless-20260908/sound/songs/midi/mus_contest_results.o sound/songs/midi/mus_contest_results.s
arm-none-eabi-as -mcpu=arm7tdmi -march=armv4t -meabi=5 --defsym MODERN=1 --defsym EMERALD=1 -I sound -o build/emerald-repair-headless-20260908/sound/songs/midi/mus_contest_winner.o sound/songs/midi/mus_contest_winner.s
arm-none-eabi-as -mcpu=arm7tdmi -march=armv4t -meabi=5 --defsym MODERN=1 --defsym EMERALD=1 -I sound -o build/emerald-repair-headless-20260908/sound/songs/midi/mus_credits.o sound/songs/midi/mus_credits.s
arm-none-eabi-as -mcpu=arm7tdmi -march=armv4t -meabi=5 --defsym MODERN=1 --defsym EMERALD=1 -I sound -o build/emerald-repair-headless-20260908/sound/songs/midi/mus_cycling.o sound/songs/midi/mus_cycling.s
arm-none-eabi-as -mcpu=arm7tdmi -march=armv4t -meabi=5 --defsym MODERN=1 --defsym EMERALD=1 -I sound -o build/emerald-repair-headless-20260908/sound/songs/midi/mus_dewford.o sound/songs/midi/mus_dewford.s
arm-none-eabi-as -mcpu=arm7tdmi -march=armv4t -meabi=5 --defsym MODERN=1 --defsym EMERALD=1 -I sound -o build/emerald-repair-headless-20260908/sound/songs/midi/mus_dummy.o sound/songs/midi/mus_dummy.s
arm-none-eabi-as -mcpu=arm7tdmi -march=armv4t -meabi=5 --defsym MODERN=1 --defsym EMERALD=1 -I sound -o build/emerald-repair-headless-20260908/sound/songs/midi/mus_encounter_aqua.o sound/songs/midi/mus_encounter_aqua.s
arm-none-eabi-as -mcpu=arm7tdmi -march=armv4t -meabi=5 --defsym MODERN=1 --defsym EMERALD=1 -I sound -o build/emerald-repair-headless-20260908/sound/songs/midi/mus_encounter_brendan.o sound/songs/midi/mus_encounter_brendan.s
arm-none-eabi-as -mcpu=arm7tdmi -march=armv4t -meabi=5 --defsym MODERN=1 --defsym EMERALD=1 -I sound -o build/emerald-repair-headless-20260908/sound/songs/midi/mus_encounter_champion.o sound/songs/midi/mus_encounter_champion.s
arm-none-eabi-as -mcpu=arm7tdmi -march=armv4t -meabi=5 --defsym MODERN=1 --defsym EMERALD=1 -I sound -o build/emerald-repair-headless-20260908/sound/songs/midi/mus_encounter_cool.o sound/songs/midi/mus_encounter_cool.s
arm-none-eabi-as -mcpu=arm7tdmi -march=armv4t -meabi=5 --defsym MODERN=1 --defsym EMERALD=1 -I sound -o build/emerald-repair-headless-20260908/sound/songs/midi/mus_encounter_elite_four.o sound/songs/midi/mus_encounter_elite_four.s
arm-none-eabi-as -mcpu=arm7tdmi -march=armv4t -meabi=5 --defsym MODERN=1 --defsym EMERALD=1 -I sound -o build/emerald-repair-headless-20260908/sound/songs/midi/mus_encounter_female.o sound/songs/midi/mus_encounter_female.s
arm-none-eabi-as -mcpu=arm7tdmi -march=armv4t -meabi=5 --defsym MODERN=1 --defsym EMERALD=1 -I sound -o build/emerald-repair-headless-20260908/sound/songs/midi/mus_encounter_girl.o sound/songs/midi/mus_encounter_girl.s
arm-none-eabi-as -mcpu=arm7tdmi -march=armv4t -meabi=5 --defsym MODERN=1 --defsym EMERALD=1 -I sound -o build/emerald-repair-headless-20260908/sound/songs/midi/mus_encounter_hiker.o sound/songs/midi/mus_encounter_hiker.s
arm-none-eabi-as -mcpu=arm7tdmi -march=armv4t -meabi=5 --defsym MODERN=1 --defsym EMERALD=1 -I sound -o build/emerald-repair-headless-20260908/sound/songs/midi/mus_encounter_intense.o sound/songs/midi/mus_encounter_intense.s
arm-none-eabi-as -mcpu=arm7tdmi -march=armv4t -meabi=5 --defsym MODERN=1 --defsym EMERALD=1 -I sound -o build/emerald-repair-headless-20260908/sound/songs/midi/mus_encounter_interviewer.o sound/songs/midi/mus_encounter_interviewer.s
arm-none-eabi-as -mcpu=arm7tdmi -march=armv4t -meabi=5 --defsym MODERN=1 --defsym EMERALD=1 -I sound -o build/emerald-repair-headless-20260908/sound/songs/midi/mus_encounter_magma.o sound/songs/midi/mus_encounter_magma.s
arm-none-eabi-as -mcpu=arm7tdmi -march=armv4t -meabi=5 --defsym MODERN=1 --defsym EMERALD=1 -I sound -o build/emerald-repair-headless-20260908/sound/songs/midi/mus_encounter_male.o sound/songs/midi/mus_encounter_male.s
arm-none-eabi-as -mcpu=arm7tdmi -march=armv4t -meabi=5 --defsym MODERN=1 --defsym EMERALD=1 -I sound -o build/emerald-repair-headless-20260908/sound/songs/midi/mus_encounter_may.o sound/songs/midi/mus_encounter_may.s
arm-none-eabi-as -mcpu=arm7tdmi -march=armv4t -meabi=5 --defsym MODERN=1 --defsym EMERALD=1 -I sound -o build/emerald-repair-headless-20260908/sound/songs/midi/mus_encounter_rich.o sound/songs/midi/mus_encounter_rich.s
arm-none-eabi-as -mcpu=arm7tdmi -march=armv4t -meabi=5 --defsym MODERN=1 --defsym EMERALD=1 -I sound -o build/emerald-repair-headless-20260908/sound/songs/midi/mus_encounter_suspicious.o sound/songs/midi/mus_encounter_suspicious.s
arm-none-eabi-as -mcpu=arm7tdmi -march=armv4t -meabi=5 --defsym MODERN=1 --defsym EMERALD=1 -I sound -o build/emerald-repair-headless-20260908/sound/songs/midi/mus_encounter_swimmer.o sound/songs/midi/mus_encounter_swimmer.s
arm-none-eabi-as -mcpu=arm7tdmi -march=armv4t -meabi=5 --defsym MODERN=1 --defsym EMERALD=1 -I sound -o build/emerald-repair-headless-20260908/sound/songs/midi/mus_encounter_twins.o sound/songs/midi/mus_encounter_twins.s
arm-none-eabi-as -mcpu=arm7tdmi -march=armv4t -meabi=5 --defsym MODERN=1 --defsym EMERALD=1 -I sound -o build/emerald-repair-headless-20260908/sound/songs/midi/mus_end.o sound/songs/midi/mus_end.s
arm-none-eabi-as -mcpu=arm7tdmi -march=armv4t -meabi=5 --defsym MODERN=1 --defsym EMERALD=1 -I sound -o build/emerald-repair-headless-20260908/sound/songs/midi/mus_ever_grande.o sound/songs/midi/mus_ever_grande.s
arm-none-eabi-as -mcpu=arm7tdmi -march=armv4t -meabi=5 --defsym MODERN=1 --defsym EMERALD=1 -I sound -o build/emerald-repair-headless-20260908/sound/songs/midi/mus_evolution.o sound/songs/midi/mus_evolution.s
arm-none-eabi-as -mcpu=arm7tdmi -march=armv4t -meabi=5 --defsym MODERN=1 --defsym EMERALD=1 -I sound -o build/emerald-repair-headless-20260908/sound/songs/midi/mus_evolution_intro.o sound/songs/midi/mus_evolution_intro.s
arm-none-eabi-as -mcpu=arm7tdmi -march=armv4t -meabi=5 --defsym MODERN=1 --defsym EMERALD=1 -I sound -o build/emerald-repair-headless-20260908/sound/songs/midi/mus_evolved.o sound/songs/midi/mus_evolved.s
arm-none-eabi-as -mcpu=arm7tdmi -march=armv4t -meabi=5 --defsym MODERN=1 --defsym EMERALD=1 -I sound -o build/emerald-repair-headless-20260908/sound/songs/midi/mus_fallarbor.o sound/songs/midi/mus_fallarbor.s
arm-none-eabi-as -mcpu=arm7tdmi -march=armv4t -meabi=5 --defsym MODERN=1 --defsym EMERALD=1 -I sound -o build/emerald-repair-headless-20260908/sound/songs/midi/mus_follow_me.o sound/songs/midi/mus_follow_me.s
arm-none-eabi-as -mcpu=arm7tdmi -march=armv4t -meabi=5 --defsym MODERN=1 --defsym EMERALD=1 -I sound -o build/emerald-repair-headless-20260908/sound/songs/midi/mus_fortree.o sound/songs/midi/mus_fortree.s
arm-none-eabi-as -mcpu=arm7tdmi -march=armv4t -meabi=5 --defsym MODERN=1 --defsym EMERALD=1 -I sound -o build/emerald-repair-headless-20260908/sound/songs/midi/mus_game_corner.o sound/songs/midi/mus_game_corner.s
arm-none-eabi-as -mcpu=arm7tdmi -march=armv4t -meabi=5 --defsym MODERN=1 --defsym EMERALD=1 -I sound -o build/emerald-repair-headless-20260908/sound/songs/midi/mus_gsc_pewter.o sound/songs/midi/mus_gsc_pewter.s
arm-none-eabi-as -mcpu=arm7tdmi -march=armv4t -meabi=5 --defsym MODERN=1 --defsym EMERALD=1 -I sound -o build/emerald-repair-headless-20260908/sound/songs/midi/mus_gsc_route38.o sound/songs/midi/mus_gsc_route38.s
arm-none-eabi-as -mcpu=arm7tdmi -march=armv4t -meabi=5 --defsym MODERN=1 --defsym EMERALD=1 -I sound -o build/emerald-repair-headless-20260908/sound/songs/midi/mus_gym.o sound/songs/midi/mus_gym.s
arm-none-eabi-as -mcpu=arm7tdmi -march=armv4t -meabi=5 --defsym MODERN=1 --defsym EMERALD=1 -I sound -o build/emerald-repair-headless-20260908/sound/songs/midi/mus_hall_of_fame.o sound/songs/midi/mus_hall_of_fame.s
arm-none-eabi-as -mcpu=arm7tdmi -march=armv4t -meabi=5 --defsym MODERN=1 --defsym EMERALD=1 -I sound -o build/emerald-repair-headless-20260908/sound/songs/midi/mus_hall_of_fame_room.o sound/songs/midi/mus_hall_of_fame_room.s
arm-none-eabi-as -mcpu=arm7tdmi -march=armv4t -meabi=5 --defsym MODERN=1 --defsym EMERALD=1 -I sound -o build/emerald-repair-headless-20260908/sound/songs/midi/mus_heal.o sound/songs/midi/mus_heal.s
arm-none-eabi-as -mcpu=arm7tdmi -march=armv4t -meabi=5 --defsym MODERN=1 --defsym EMERALD=1 -I sound -o build/emerald-repair-headless-20260908/sound/songs/midi/mus_help.o sound/songs/midi/mus_help.s
arm-none-eabi-as -mcpu=arm7tdmi -march=armv4t -meabi=5 --defsym MODERN=1 --defsym EMERALD=1 -I sound -o build/emerald-repair-headless-20260908/sound/songs/midi/mus_intro.o sound/songs/midi/mus_intro.s
arm-none-eabi-as -mcpu=arm7tdmi -march=armv4t -meabi=5 --defsym MODERN=1 --defsym EMERALD=1 -I sound -o build/emerald-repair-headless-20260908/sound/songs/midi/mus_intro_battle.o sound/songs/midi/mus_intro_battle.s
arm-none-eabi-as -mcpu=arm7tdmi -march=armv4t -meabi=5 --defsym MODERN=1 --defsym EMERALD=1 -I sound -o build/emerald-repair-headless-20260908/sound/songs/midi/mus_level_up.o sound/songs/midi/mus_level_up.s
arm-none-eabi-as -mcpu=arm7tdmi -march=armv4t -meabi=5 --defsym MODERN=1 --defsym EMERALD=1 -I sound -o build/emerald-repair-headless-20260908/sound/songs/midi/mus_lilycove.o sound/songs/midi/mus_lilycove.s
arm-none-eabi-as -mcpu=arm7tdmi -march=armv4t -meabi=5 --defsym MODERN=1 --defsym EMERALD=1 -I sound -o build/emerald-repair-headless-20260908/sound/songs/midi/mus_lilycove_museum.o sound/songs/midi/mus_lilycove_museum.s
arm-none-eabi-as -mcpu=arm7tdmi -march=armv4t -meabi=5 --defsym MODERN=1 --defsym EMERALD=1 -I sound -o build/emerald-repair-headless-20260908/sound/songs/midi/mus_link_contest_p1.o sound/songs/midi/mus_link_contest_p1.s
arm-none-eabi-as -mcpu=arm7tdmi -march=armv4t -meabi=5 --defsym MODERN=1 --defsym EMERALD=1 -I sound -o build/emerald-repair-headless-20260908/sound/songs/midi/mus_link_contest_p2.o sound/songs/midi/mus_link_contest_p2.s
arm-none-eabi-as -mcpu=arm7tdmi -march=armv4t -meabi=5 --defsym MODERN=1 --defsym EMERALD=1 -I sound -o build/emerald-repair-headless-20260908/sound/songs/midi/mus_link_contest_p3.o sound/songs/midi/mus_link_contest_p3.s
arm-none-eabi-as -mcpu=arm7tdmi -march=armv4t -meabi=5 --defsym MODERN=1 --defsym EMERALD=1 -I sound -o build/emerald-repair-headless-20260908/sound/songs/midi/mus_link_contest_p4.o sound/songs/midi/mus_link_contest_p4.s
arm-none-eabi-as -mcpu=arm7tdmi -march=armv4t -meabi=5 --defsym MODERN=1 --defsym EMERALD=1 -I sound -o build/emerald-repair-headless-20260908/sound/songs/midi/mus_littleroot.o sound/songs/midi/mus_littleroot.s
arm-none-eabi-as -mcpu=arm7tdmi -march=armv4t -meabi=5 --defsym MODERN=1 --defsym EMERALD=1 -I sound -o build/emerald-repair-headless-20260908/sound/songs/midi/mus_littleroot_test.o sound/songs/midi/mus_littleroot_test.s
arm-none-eabi-as -mcpu=arm7tdmi -march=armv4t -meabi=5 --defsym MODERN=1 --defsym EMERALD=1 -I sound -o build/emerald-repair-headless-20260908/sound/songs/midi/mus_move_deleted.o sound/songs/midi/mus_move_deleted.s
arm-none-eabi-as -mcpu=arm7tdmi -march=armv4t -meabi=5 --defsym MODERN=1 --defsym EMERALD=1 -I sound -o build/emerald-repair-headless-20260908/sound/songs/midi/mus_mt_chimney.o sound/songs/midi/mus_mt_chimney.s
arm-none-eabi-as -mcpu=arm7tdmi -march=armv4t -meabi=5 --defsym MODERN=1 --defsym EMERALD=1 -I sound -o build/emerald-repair-headless-20260908/sound/songs/midi/mus_mt_pyre.o sound/songs/midi/mus_mt_pyre.s
arm-none-eabi-as -mcpu=arm7tdmi -march=armv4t -meabi=5 --defsym MODERN=1 --defsym EMERALD=1 -I sound -o build/emerald-repair-headless-20260908/sound/songs/midi/mus_mt_pyre_exterior.o sound/songs/midi/mus_mt_pyre_exterior.s
arm-none-eabi-as -mcpu=arm7tdmi -march=armv4t -meabi=5 --defsym MODERN=1 --defsym EMERALD=1 -I sound -o build/emerald-repair-headless-20260908/sound/songs/midi/mus_obtain_b_points.o sound/songs/midi/mus_obtain_b_points.s
arm-none-eabi-as -mcpu=arm7tdmi -march=armv4t -meabi=5 --defsym MODERN=1 --defsym EMERALD=1 -I sound -o build/emerald-repair-headless-20260908/sound/songs/midi/mus_obtain_badge.o sound/songs/midi/mus_obtain_badge.s
arm-none-eabi-as -mcpu=arm7tdmi -march=armv4t -meabi=5 --defsym MODERN=1 --defsym EMERALD=1 -I sound -o build/emerald-repair-headless-20260908/sound/songs/midi/mus_obtain_berry.o sound/songs/midi/mus_obtain_berry.s
arm-none-eabi-as -mcpu=arm7tdmi -march=armv4t -meabi=5 --defsym MODERN=1 --defsym EMERALD=1 -I sound -o build/emerald-repair-headless-20260908/sound/songs/midi/mus_obtain_item.o sound/songs/midi/mus_obtain_item.s
arm-none-eabi-as -mcpu=arm7tdmi -march=armv4t -meabi=5 --defsym MODERN=1 --defsym EMERALD=1 -I sound -o build/emerald-repair-headless-20260908/sound/songs/midi/mus_obtain_symbol.o sound/songs/midi/mus_obtain_symbol.s
arm-none-eabi-as -mcpu=arm7tdmi -march=armv4t -meabi=5 --defsym MODERN=1 --defsym EMERALD=1 -I sound -o build/emerald-repair-headless-20260908/sound/songs/midi/mus_obtain_tmhm.o sound/songs/midi/mus_obtain_tmhm.s
arm-none-eabi-as -mcpu=arm7tdmi -march=armv4t -meabi=5 --defsym MODERN=1 --defsym EMERALD=1 -I sound -o build/emerald-repair-headless-20260908/sound/songs/midi/mus_oceanic_museum.o sound/songs/midi/mus_oceanic_museum.s
arm-none-eabi-as -mcpu=arm7tdmi -march=armv4t -meabi=5 --defsym MODERN=1 --defsym EMERALD=1 -I sound -o build/emerald-repair-headless-20260908/sound/songs/midi/mus_oldale.o sound/songs/midi/mus_oldale.s
arm-none-eabi-as -mcpu=arm7tdmi -march=armv4t -meabi=5 --defsym MODERN=1 --defsym EMERALD=1 -I sound -o build/emerald-repair-headless-20260908/sound/songs/midi/mus_petalburg.o sound/songs/midi/mus_petalburg.s
arm-none-eabi-as -mcpu=arm7tdmi -march=armv4t -meabi=5 --defsym MODERN=1 --defsym EMERALD=1 -I sound -o build/emerald-repair-headless-20260908/sound/songs/midi/mus_petalburg_woods.o sound/songs/midi/mus_petalburg_woods.s
arm-none-eabi-as -mcpu=arm7tdmi -march=armv4t -meabi=5 --defsym MODERN=1 --defsym EMERALD=1 -I sound -o build/emerald-repair-headless-20260908/sound/songs/midi/mus_poke_center.o sound/songs/midi/mus_poke_center.s
arm-none-eabi-as -mcpu=arm7tdmi -march=armv4t -meabi=5 --defsym MODERN=1 --defsym EMERALD=1 -I sound -o build/emerald-repair-headless-20260908/sound/songs/midi/mus_poke_mart.o sound/songs/midi/mus_poke_mart.s
arm-none-eabi-as -mcpu=arm7tdmi -march=armv4t -meabi=5 --defsym MODERN=1 --defsym EMERALD=1 -I sound -o build/emerald-repair-headless-20260908/sound/songs/midi/mus_rayquaza_appears.o sound/songs/midi/mus_rayquaza_appears.s
arm-none-eabi-as -mcpu=arm7tdmi -march=armv4t -meabi=5 --defsym MODERN=1 --defsym EMERALD=1 -I sound -o build/emerald-repair-headless-20260908/sound/songs/midi/mus_register_match_call.o sound/songs/midi/mus_register_match_call.s
arm-none-eabi-as -mcpu=arm7tdmi -march=armv4t -meabi=5 --defsym MODERN=1 --defsym EMERALD=1 -I sound -o build/emerald-repair-headless-20260908/sound/songs/midi/mus_rg_berry_pick.o sound/songs/midi/mus_rg_berry_pick.s
arm-none-eabi-as -mcpu=arm7tdmi -march=armv4t -meabi=5 --defsym MODERN=1 --defsym EMERALD=1 -I sound -o build/emerald-repair-headless-20260908/sound/songs/midi/mus_rg_caught.o sound/songs/midi/mus_rg_caught.s
arm-none-eabi-as -mcpu=arm7tdmi -march=armv4t -meabi=5 --defsym MODERN=1 --defsym EMERALD=1 -I sound -o build/emerald-repair-headless-20260908/sound/songs/midi/mus_rg_caught_intro.o sound/songs/midi/mus_rg_caught_intro.s
arm-none-eabi-as -mcpu=arm7tdmi -march=armv4t -meabi=5 --defsym MODERN=1 --defsym EMERALD=1 -I sound -o build/emerald-repair-headless-20260908/sound/songs/midi/mus_rg_celadon.o sound/songs/midi/mus_rg_celadon.s
arm-none-eabi-as -mcpu=arm7tdmi -march=armv4t -meabi=5 --defsym MODERN=1 --defsym EMERALD=1 -I sound -o build/emerald-repair-headless-20260908/sound/songs/midi/mus_rg_cinnabar.o sound/songs/midi/mus_rg_cinnabar.s
arm-none-eabi-as -mcpu=arm7tdmi -march=armv4t -meabi=5 --defsym MODERN=1 --defsym EMERALD=1 -I sound -o build/emerald-repair-headless-20260908/sound/songs/midi/mus_rg_credits.o sound/songs/midi/mus_rg_credits.s
arm-none-eabi-as -mcpu=arm7tdmi -march=armv4t -meabi=5 --defsym MODERN=1 --defsym EMERALD=1 -I sound -o build/emerald-repair-headless-20260908/sound/songs/midi/mus_rg_cycling.o sound/songs/midi/mus_rg_cycling.s
arm-none-eabi-as -mcpu=arm7tdmi -march=armv4t -meabi=5 --defsym MODERN=1 --defsym EMERALD=1 -I sound -o build/emerald-repair-headless-20260908/sound/songs/midi/mus_rg_dex_rating.o sound/songs/midi/mus_rg_dex_rating.s
arm-none-eabi-as -mcpu=arm7tdmi -march=armv4t -meabi=5 --defsym MODERN=1 --defsym EMERALD=1 -I sound -o build/emerald-repair-headless-20260908/sound/songs/midi/mus_rg_encounter_boy.o sound/songs/midi/mus_rg_encounter_boy.s
arm-none-eabi-as -mcpu=arm7tdmi -march=armv4t -meabi=5 --defsym MODERN=1 --defsym EMERALD=1 -I sound -o build/emerald-repair-headless-20260908/sound/songs/midi/mus_rg_encounter_deoxys.o sound/songs/midi/mus_rg_encounter_deoxys.s
arm-none-eabi-as -mcpu=arm7tdmi -march=armv4t -meabi=5 --defsym MODERN=1 --defsym EMERALD=1 -I sound -o build/emerald-repair-headless-20260908/sound/songs/midi/mus_rg_encounter_girl.o sound/songs/midi/mus_rg_encounter_girl.s
arm-none-eabi-as -mcpu=arm7tdmi -march=armv4t -meabi=5 --defsym MODERN=1 --defsym EMERALD=1 -I sound -o build/emerald-repair-headless-20260908/sound/songs/midi/mus_rg_encounter_gym_leader.o sound/songs/midi/mus_rg_encounter_gym_leader.s
arm-none-eabi-as -mcpu=arm7tdmi -march=armv4t -meabi=5 --defsym MODERN=1 --defsym EMERALD=1 -I sound -o build/emerald-repair-headless-20260908/sound/songs/midi/mus_rg_encounter_rival.o sound/songs/midi/mus_rg_encounter_rival.s
arm-none-eabi-as -mcpu=arm7tdmi -march=armv4t -meabi=5 --defsym MODERN=1 --defsym EMERALD=1 -I sound -o build/emerald-repair-headless-20260908/sound/songs/midi/mus_rg_encounter_rocket.o sound/songs/midi/mus_rg_encounter_rocket.s
arm-none-eabi-as -mcpu=arm7tdmi -march=armv4t -meabi=5 --defsym MODERN=1 --defsym EMERALD=1 -I sound -o build/emerald-repair-headless-20260908/sound/songs/midi/mus_rg_follow_me.o sound/songs/midi/mus_rg_follow_me.s
arm-none-eabi-as -mcpu=arm7tdmi -march=armv4t -meabi=5 --defsym MODERN=1 --defsym EMERALD=1 -I sound -o build/emerald-repair-headless-20260908/sound/songs/midi/mus_rg_fuchsia.o sound/songs/midi/mus_rg_fuchsia.s
arm-none-eabi-as -mcpu=arm7tdmi -march=armv4t -meabi=5 --defsym MODERN=1 --defsym EMERALD=1 -I sound -o build/emerald-repair-headless-20260908/sound/songs/midi/mus_rg_game_corner.o sound/songs/midi/mus_rg_game_corner.s
arm-none-eabi-as -mcpu=arm7tdmi -march=armv4t -meabi=5 --defsym MODERN=1 --defsym EMERALD=1 -I sound -o build/emerald-repair-headless-20260908/sound/songs/midi/mus_rg_game_freak.o sound/songs/midi/mus_rg_game_freak.s
arm-none-eabi-as -mcpu=arm7tdmi -march=armv4t -meabi=5 --defsym MODERN=1 --defsym EMERALD=1 -I sound -o build/emerald-repair-headless-20260908/sound/songs/midi/mus_rg_gym.o sound/songs/midi/mus_rg_gym.s
arm-none-eabi-as -mcpu=arm7tdmi -march=armv4t -meabi=5 --defsym MODERN=1 --defsym EMERALD=1 -I sound -o build/emerald-repair-headless-20260908/sound/songs/midi/mus_rg_hall_of_fame.o sound/songs/midi/mus_rg_hall_of_fame.s
arm-none-eabi-as -mcpu=arm7tdmi -march=armv4t -meabi=5 --defsym MODERN=1 --defsym EMERALD=1 -I sound -o build/emerald-repair-headless-20260908/sound/songs/midi/mus_rg_heal.o sound/songs/midi/mus_rg_heal.s
arm-none-eabi-as -mcpu=arm7tdmi -march=armv4t -meabi=5 --defsym MODERN=1 --defsym EMERALD=1 -I sound -o build/emerald-repair-headless-20260908/sound/songs/midi/mus_rg_intro_fight.o sound/songs/midi/mus_rg_intro_fight.s
arm-none-eabi-as -mcpu=arm7tdmi -march=armv4t -meabi=5 --defsym MODERN=1 --defsym EMERALD=1 -I sound -o build/emerald-repair-headless-20260908/sound/songs/midi/mus_rg_jigglypuff.o sound/songs/midi/mus_rg_jigglypuff.s
arm-none-eabi-as -mcpu=arm7tdmi -march=armv4t -meabi=5 --defsym MODERN=1 --defsym EMERALD=1 -I sound -o build/emerald-repair-headless-20260908/sound/songs/midi/mus_rg_lavender.o sound/songs/midi/mus_rg_lavender.s
arm-none-eabi-as -mcpu=arm7tdmi -march=armv4t -meabi=5 --defsym MODERN=1 --defsym EMERALD=1 -I sound -o build/emerald-repair-headless-20260908/sound/songs/midi/mus_rg_mt_moon.o sound/songs/midi/mus_rg_mt_moon.s
arm-none-eabi-as -mcpu=arm7tdmi -march=armv4t -meabi=5 --defsym MODERN=1 --defsym EMERALD=1 -I sound -o build/emerald-repair-headless-20260908/sound/songs/midi/mus_rg_mystery_gift.o sound/songs/midi/mus_rg_mystery_gift.s
arm-none-eabi-as -mcpu=arm7tdmi -march=armv4t -meabi=5 --defsym MODERN=1 --defsym EMERALD=1 -I sound -o build/emerald-repair-headless-20260908/sound/songs/midi/mus_rg_net_center.o sound/songs/midi/mus_rg_net_center.s
arm-none-eabi-as -mcpu=arm7tdmi -march=armv4t -meabi=5 --defsym MODERN=1 --defsym EMERALD=1 -I sound -o build/emerald-repair-headless-20260908/sound/songs/midi/mus_rg_new_game_exit.o sound/songs/midi/mus_rg_new_game_exit.s
arm-none-eabi-as -mcpu=arm7tdmi -march=armv4t -meabi=5 --defsym MODERN=1 --defsym EMERALD=1 -I sound -o build/emerald-repair-headless-20260908/sound/songs/midi/mus_rg_new_game_instruct.o sound/songs/midi/mus_rg_new_game_instruct.s
arm-none-eabi-as -mcpu=arm7tdmi -march=armv4t -meabi=5 --defsym MODERN=1 --defsym EMERALD=1 -I sound -o build/emerald-repair-headless-20260908/sound/songs/midi/mus_rg_new_game_intro.o sound/songs/midi/mus_rg_new_game_intro.s
arm-none-eabi-as -mcpu=arm7tdmi -march=armv4t -meabi=5 --defsym MODERN=1 --defsym EMERALD=1 -I sound -o build/emerald-repair-headless-20260908/sound/songs/midi/mus_rg_oak.o sound/songs/midi/mus_rg_oak.s
arm-none-eabi-as -mcpu=arm7tdmi -march=armv4t -meabi=5 --defsym MODERN=1 --defsym EMERALD=1 -I sound -o build/emerald-repair-headless-20260908/sound/songs/midi/mus_rg_oak_lab.o sound/songs/midi/mus_rg_oak_lab.s
arm-none-eabi-as -mcpu=arm7tdmi -march=armv4t -meabi=5 --defsym MODERN=1 --defsym EMERALD=1 -I sound -o build/emerald-repair-headless-20260908/sound/songs/midi/mus_rg_obtain_key_item.o sound/songs/midi/mus_rg_obtain_key_item.s
arm-none-eabi-as -mcpu=arm7tdmi -march=armv4t -meabi=5 --defsym MODERN=1 --defsym EMERALD=1 -I sound -o build/emerald-repair-headless-20260908/sound/songs/midi/mus_rg_pallet.o sound/songs/midi/mus_rg_pallet.s
arm-none-eabi-as -mcpu=arm7tdmi -march=armv4t -meabi=5 --defsym MODERN=1 --defsym EMERALD=1 -I sound -o build/emerald-repair-headless-20260908/sound/songs/midi/mus_rg_pewter.o sound/songs/midi/mus_rg_pewter.s
arm-none-eabi-as -mcpu=arm7tdmi -march=armv4t -meabi=5 --defsym MODERN=1 --defsym EMERALD=1 -I sound -o build/emerald-repair-headless-20260908/sound/songs/midi/mus_rg_photo.o sound/songs/midi/mus_rg_photo.s
arm-none-eabi-as -mcpu=arm7tdmi -march=armv4t -meabi=5 --defsym MODERN=1 --defsym EMERALD=1 -I sound -o build/emerald-repair-headless-20260908/sound/songs/midi/mus_rg_poke_center.o sound/songs/midi/mus_rg_poke_center.s
arm-none-eabi-as -mcpu=arm7tdmi -march=armv4t -meabi=5 --defsym MODERN=1 --defsym EMERALD=1 -I sound -o build/emerald-repair-headless-20260908/sound/songs/midi/mus_rg_poke_flute.o sound/songs/midi/mus_rg_poke_flute.s
arm-none-eabi-as -mcpu=arm7tdmi -march=armv4t -meabi=5 --defsym MODERN=1 --defsym EMERALD=1 -I sound -o build/emerald-repair-headless-20260908/sound/songs/midi/mus_rg_poke_jump.o sound/songs/midi/mus_rg_poke_jump.s
arm-none-eabi-as -mcpu=arm7tdmi -march=armv4t -meabi=5 --defsym MODERN=1 --defsym EMERALD=1 -I sound -o build/emerald-repair-headless-20260908/sound/songs/midi/mus_rg_poke_mansion.o sound/songs/midi/mus_rg_poke_mansion.s
arm-none-eabi-as -mcpu=arm7tdmi -march=armv4t -meabi=5 --defsym MODERN=1 --defsym EMERALD=1 -I sound -o build/emerald-repair-headless-20260908/sound/songs/midi/mus_rg_poke_tower.o sound/songs/midi/mus_rg_poke_tower.s
arm-none-eabi-as -mcpu=arm7tdmi -march=armv4t -meabi=5 --defsym MODERN=1 --defsym EMERALD=1 -I sound -o build/emerald-repair-headless-20260908/sound/songs/midi/mus_rg_rival_exit.o sound/songs/midi/mus_rg_rival_exit.s
arm-none-eabi-as -mcpu=arm7tdmi -march=armv4t -meabi=5 --defsym MODERN=1 --defsym EMERALD=1 -I sound -o build/emerald-repair-headless-20260908/sound/songs/midi/mus_rg_rocket_hideout.o sound/songs/midi/mus_rg_rocket_hideout.s
arm-none-eabi-as -mcpu=arm7tdmi -march=armv4t -meabi=5 --defsym MODERN=1 --defsym EMERALD=1 -I sound -o build/emerald-repair-headless-20260908/sound/songs/midi/mus_rg_route1.o sound/songs/midi/mus_rg_route1.s
arm-none-eabi-as -mcpu=arm7tdmi -march=armv4t -meabi=5 --defsym MODERN=1 --defsym EMERALD=1 -I sound -o build/emerald-repair-headless-20260908/sound/songs/midi/mus_rg_route11.o sound/songs/midi/mus_rg_route11.s
arm-none-eabi-as -mcpu=arm7tdmi -march=armv4t -meabi=5 --defsym MODERN=1 --defsym EMERALD=1 -I sound -o build/emerald-repair-headless-20260908/sound/songs/midi/mus_rg_route24.o sound/songs/midi/mus_rg_route24.s
arm-none-eabi-as -mcpu=arm7tdmi -march=armv4t -meabi=5 --defsym MODERN=1 --defsym EMERALD=1 -I sound -o build/emerald-repair-headless-20260908/sound/songs/midi/mus_rg_route3.o sound/songs/midi/mus_rg_route3.s
arm-none-eabi-as -mcpu=arm7tdmi -march=armv4t -meabi=5 --defsym MODERN=1 --defsym EMERALD=1 -I sound -o build/emerald-repair-headless-20260908/sound/songs/midi/mus_rg_sevii_123.o sound/songs/midi/mus_rg_sevii_123.s
arm-none-eabi-as -mcpu=arm7tdmi -march=armv4t -meabi=5 --defsym MODERN=1 --defsym EMERALD=1 -I sound -o build/emerald-repair-headless-20260908/sound/songs/midi/mus_rg_sevii_45.o sound/songs/midi/mus_rg_sevii_45.s
arm-none-eabi-as -mcpu=arm7tdmi -march=armv4t -meabi=5 --defsym MODERN=1 --defsym EMERALD=1 -I sound -o build/emerald-repair-headless-20260908/sound/songs/midi/mus_rg_sevii_67.o sound/songs/midi/mus_rg_sevii_67.s
arm-none-eabi-as -mcpu=arm7tdmi -march=armv4t -meabi=5 --defsym MODERN=1 --defsym EMERALD=1 -I sound -o build/emerald-repair-headless-20260908/sound/songs/midi/mus_rg_sevii_cave.o sound/songs/midi/mus_rg_sevii_cave.s
arm-none-eabi-as -mcpu=arm7tdmi -march=armv4t -meabi=5 --defsym MODERN=1 --defsym EMERALD=1 -I sound -o build/emerald-repair-headless-20260908/sound/songs/midi/mus_rg_sevii_dungeon.o sound/songs/midi/mus_rg_sevii_dungeon.s
arm-none-eabi-as -mcpu=arm7tdmi -march=armv4t -meabi=5 --defsym MODERN=1 --defsym EMERALD=1 -I sound -o build/emerald-repair-headless-20260908/sound/songs/midi/mus_rg_sevii_route.o sound/songs/midi/mus_rg_sevii_route.s
arm-none-eabi-as -mcpu=arm7tdmi -march=armv4t -meabi=5 --defsym MODERN=1 --defsym EMERALD=1 -I sound -o build/emerald-repair-headless-20260908/sound/songs/midi/mus_rg_silph.o sound/songs/midi/mus_rg_silph.s
arm-none-eabi-as -mcpu=arm7tdmi -march=armv4t -meabi=5 --defsym MODERN=1 --defsym EMERALD=1 -I sound -o build/emerald-repair-headless-20260908/sound/songs/midi/mus_rg_slow_pallet.o sound/songs/midi/mus_rg_slow_pallet.s
arm-none-eabi-as -mcpu=arm7tdmi -march=armv4t -meabi=5 --defsym MODERN=1 --defsym EMERALD=1 -I sound -o build/emerald-repair-headless-20260908/sound/songs/midi/mus_rg_ss_anne.o sound/songs/midi/mus_rg_ss_anne.s
arm-none-eabi-as -mcpu=arm7tdmi -march=armv4t -meabi=5 --defsym MODERN=1 --defsym EMERALD=1 -I sound -o build/emerald-repair-headless-20260908/sound/songs/midi/mus_rg_surf.o sound/songs/midi/mus_rg_surf.s
arm-none-eabi-as -mcpu=arm7tdmi -march=armv4t -meabi=5 --defsym MODERN=1 --defsym EMERALD=1 -I sound -o build/emerald-repair-headless-20260908/sound/songs/midi/mus_rg_teachy_tv_menu.o sound/songs/midi/mus_rg_teachy_tv_menu.s
arm-none-eabi-as -mcpu=arm7tdmi -march=armv4t -meabi=5 --defsym MODERN=1 --defsym EMERALD=1 -I sound -o build/emerald-repair-headless-20260908/sound/songs/midi/mus_rg_teachy_tv_show.o sound/songs/midi/mus_rg_teachy_tv_show.s
arm-none-eabi-as -mcpu=arm7tdmi -march=armv4t -meabi=5 --defsym MODERN=1 --defsym EMERALD=1 -I sound -o build/emerald-repair-headless-20260908/sound/songs/midi/mus_rg_title.o sound/songs/midi/mus_rg_title.s
arm-none-eabi-as -mcpu=arm7tdmi -march=armv4t -meabi=5 --defsym MODERN=1 --defsym EMERALD=1 -I sound -o build/emerald-repair-headless-20260908/sound/songs/midi/mus_rg_trainer_tower.o sound/songs/midi/mus_rg_trainer_tower.s
arm-none-eabi-as -mcpu=arm7tdmi -march=armv4t -meabi=5 --defsym MODERN=1 --defsym EMERALD=1 -I sound -o build/emerald-repair-headless-20260908/sound/songs/midi/mus_rg_union_room.o sound/songs/midi/mus_rg_union_room.s
arm-none-eabi-as -mcpu=arm7tdmi -march=armv4t -meabi=5 --defsym MODERN=1 --defsym EMERALD=1 -I sound -o build/emerald-repair-headless-20260908/sound/songs/midi/mus_rg_vermillion.o sound/songs/midi/mus_rg_vermillion.s
arm-none-eabi-as -mcpu=arm7tdmi -march=armv4t -meabi=5 --defsym MODERN=1 --defsym EMERALD=1 -I sound -o build/emerald-repair-headless-20260908/sound/songs/midi/mus_rg_victory_gym_leader.o sound/songs/midi/mus_rg_victory_gym_leader.s
arm-none-eabi-as -mcpu=arm7tdmi -march=armv4t -meabi=5 --defsym MODERN=1 --defsym EMERALD=1 -I sound -o build/emerald-repair-headless-20260908/sound/songs/midi/mus_rg_victory_road.o sound/songs/midi/mus_rg_victory_road.s
arm-none-eabi-as -mcpu=arm7tdmi -march=armv4t -meabi=5 --defsym MODERN=1 --defsym EMERALD=1 -I sound -o build/emerald-repair-headless-20260908/sound/songs/midi/mus_rg_victory_trainer.o sound/songs/midi/mus_rg_victory_trainer.s
arm-none-eabi-as -mcpu=arm7tdmi -march=armv4t -meabi=5 --defsym MODERN=1 --defsym EMERALD=1 -I sound -o build/emerald-repair-headless-20260908/sound/songs/midi/mus_rg_victory_wild.o sound/songs/midi/mus_rg_victory_wild.s
arm-none-eabi-as -mcpu=arm7tdmi -march=armv4t -meabi=5 --defsym MODERN=1 --defsym EMERALD=1 -I sound -o build/emerald-repair-headless-20260908/sound/songs/midi/mus_rg_viridian_forest.o sound/songs/midi/mus_rg_viridian_forest.s
arm-none-eabi-as -mcpu=arm7tdmi -march=armv4t -meabi=5 --defsym MODERN=1 --defsym EMERALD=1 -I sound -o build/emerald-repair-headless-20260908/sound/songs/midi/mus_rg_vs_champion.o sound/songs/midi/mus_rg_vs_champion.s
arm-none-eabi-as -mcpu=arm7tdmi -march=armv4t -meabi=5 --defsym MODERN=1 --defsym EMERALD=1 -I sound -o build/emerald-repair-headless-20260908/sound/songs/midi/mus_rg_vs_deoxys.o sound/songs/midi/mus_rg_vs_deoxys.s
arm-none-eabi-as -mcpu=arm7tdmi -march=armv4t -meabi=5 --defsym MODERN=1 --defsym EMERALD=1 -I sound -o build/emerald-repair-headless-20260908/sound/songs/midi/mus_rg_vs_gym_leader.o sound/songs/midi/mus_rg_vs_gym_leader.s
arm-none-eabi-as -mcpu=arm7tdmi -march=armv4t -meabi=5 --defsym MODERN=1 --defsym EMERALD=1 -I sound -o build/emerald-repair-headless-20260908/sound/songs/midi/mus_rg_vs_legend.o sound/songs/midi/mus_rg_vs_legend.s
arm-none-eabi-as -mcpu=arm7tdmi -march=armv4t -meabi=5 --defsym MODERN=1 --defsym EMERALD=1 -I sound -o build/emerald-repair-headless-20260908/sound/songs/midi/mus_rg_vs_mewtwo.o sound/songs/midi/mus_rg_vs_mewtwo.s
arm-none-eabi-as -mcpu=arm7tdmi -march=armv4t -meabi=5 --defsym MODERN=1 --defsym EMERALD=1 -I sound -o build/emerald-repair-headless-20260908/sound/songs/midi/mus_rg_vs_trainer.o sound/songs/midi/mus_rg_vs_trainer.s
arm-none-eabi-as -mcpu=arm7tdmi -march=armv4t -meabi=5 --defsym MODERN=1 --defsym EMERALD=1 -I sound -o build/emerald-repair-headless-20260908/sound/songs/midi/mus_rg_vs_wild.o sound/songs/midi/mus_rg_vs_wild.s
arm-none-eabi-as -mcpu=arm7tdmi -march=armv4t -meabi=5 --defsym MODERN=1 --defsym EMERALD=1 -I sound -o build/emerald-repair-headless-20260908/sound/songs/midi/mus_roulette.o sound/songs/midi/mus_roulette.s
arm-none-eabi-as -mcpu=arm7tdmi -march=armv4t -meabi=5 --defsym MODERN=1 --defsym EMERALD=1 -I sound -o build/emerald-repair-headless-20260908/sound/songs/midi/mus_route101.o sound/songs/midi/mus_route101.s
arm-none-eabi-as -mcpu=arm7tdmi -march=armv4t -meabi=5 --defsym MODERN=1 --defsym EMERALD=1 -I sound -o build/emerald-repair-headless-20260908/sound/songs/midi/mus_route104.o sound/songs/midi/mus_route104.s
arm-none-eabi-as -mcpu=arm7tdmi -march=armv4t -meabi=5 --defsym MODERN=1 --defsym EMERALD=1 -I sound -o build/emerald-repair-headless-20260908/sound/songs/midi/mus_route110.o sound/songs/midi/mus_route110.s
arm-none-eabi-as -mcpu=arm7tdmi -march=armv4t -meabi=5 --defsym MODERN=1 --defsym EMERALD=1 -I sound -o build/emerald-repair-headless-20260908/sound/songs/midi/mus_route111.o sound/songs/midi/mus_route111.s
arm-none-eabi-as -mcpu=arm7tdmi -march=armv4t -meabi=5 --defsym MODERN=1 --defsym EMERALD=1 -I sound -o build/emerald-repair-headless-20260908/sound/songs/midi/mus_route113.o sound/songs/midi/mus_route113.s
arm-none-eabi-as -mcpu=arm7tdmi -march=armv4t -meabi=5 --defsym MODERN=1 --defsym EMERALD=1 -I sound -o build/emerald-repair-headless-20260908/sound/songs/midi/mus_route119.o sound/songs/midi/mus_route119.s
arm-none-eabi-as -mcpu=arm7tdmi -march=armv4t -meabi=5 --defsym MODERN=1 --defsym EMERALD=1 -I sound -o build/emerald-repair-headless-20260908/sound/songs/midi/mus_route120.o sound/songs/midi/mus_route120.s
arm-none-eabi-as -mcpu=arm7tdmi -march=armv4t -meabi=5 --defsym MODERN=1 --defsym EMERALD=1 -I sound -o build/emerald-repair-headless-20260908/sound/songs/midi/mus_route122.o sound/songs/midi/mus_route122.s
arm-none-eabi-as -mcpu=arm7tdmi -march=armv4t -meabi=5 --defsym MODERN=1 --defsym EMERALD=1 -I sound -o build/emerald-repair-headless-20260908/sound/songs/midi/mus_rustboro.o sound/songs/midi/mus_rustboro.s
arm-none-eabi-as -mcpu=arm7tdmi -march=armv4t -meabi=5 --defsym MODERN=1 --defsym EMERALD=1 -I sound -o build/emerald-repair-headless-20260908/sound/songs/midi/mus_safari_zone.o sound/songs/midi/mus_safari_zone.s
arm-none-eabi-as -mcpu=arm7tdmi -march=armv4t -meabi=5 --defsym MODERN=1 --defsym EMERALD=1 -I sound -o build/emerald-repair-headless-20260908/sound/songs/midi/mus_sailing.o sound/songs/midi/mus_sailing.s
arm-none-eabi-as -mcpu=arm7tdmi -march=armv4t -meabi=5 --defsym MODERN=1 --defsym EMERALD=1 -I sound -o build/emerald-repair-headless-20260908/sound/songs/midi/mus_school.o sound/songs/midi/mus_school.s
arm-none-eabi-as -mcpu=arm7tdmi -march=armv4t -meabi=5 --defsym MODERN=1 --defsym EMERALD=1 -I sound -o build/emerald-repair-headless-20260908/sound/songs/midi/mus_sealed_chamber.o sound/songs/midi/mus_sealed_chamber.s
arm-none-eabi-as -mcpu=arm7tdmi -march=armv4t -meabi=5 --defsym MODERN=1 --defsym EMERALD=1 -I sound -o build/emerald-repair-headless-20260908/sound/songs/midi/mus_slateport.o sound/songs/midi/mus_slateport.s
arm-none-eabi-as -mcpu=arm7tdmi -march=armv4t -meabi=5 --defsym MODERN=1 --defsym EMERALD=1 -I sound -o build/emerald-repair-headless-20260908/sound/songs/midi/mus_slots_jackpot.o sound/songs/midi/mus_slots_jackpot.s
arm-none-eabi-as -mcpu=arm7tdmi -march=armv4t -meabi=5 --defsym MODERN=1 --defsym EMERALD=1 -I sound -o build/emerald-repair-headless-20260908/sound/songs/midi/mus_slots_win.o sound/songs/midi/mus_slots_win.s
arm-none-eabi-as -mcpu=arm7tdmi -march=armv4t -meabi=5 --defsym MODERN=1 --defsym EMERALD=1 -I sound -o build/emerald-repair-headless-20260908/sound/songs/midi/mus_sootopolis.o sound/songs/midi/mus_sootopolis.s
arm-none-eabi-as -mcpu=arm7tdmi -march=armv4t -meabi=5 --defsym MODERN=1 --defsym EMERALD=1 -I sound -o build/emerald-repair-headless-20260908/sound/songs/midi/mus_surf.o sound/songs/midi/mus_surf.s
arm-none-eabi-as -mcpu=arm7tdmi -march=armv4t -meabi=5 --defsym MODERN=1 --defsym EMERALD=1 -I sound -o build/emerald-repair-headless-20260908/sound/songs/midi/mus_title.o sound/songs/midi/mus_title.s
arm-none-eabi-as -mcpu=arm7tdmi -march=armv4t -meabi=5 --defsym MODERN=1 --defsym EMERALD=1 -I sound -o build/emerald-repair-headless-20260908/sound/songs/midi/mus_too_bad.o sound/songs/midi/mus_too_bad.s
arm-none-eabi-as -mcpu=arm7tdmi -march=armv4t -meabi=5 --defsym MODERN=1 --defsym EMERALD=1 -I sound -o build/emerald-repair-headless-20260908/sound/songs/midi/mus_trick_house.o sound/songs/midi/mus_trick_house.s
arm-none-eabi-as -mcpu=arm7tdmi -march=armv4t -meabi=5 --defsym MODERN=1 --defsym EMERALD=1 -I sound -o build/emerald-repair-headless-20260908/sound/songs/midi/mus_underwater.o sound/songs/midi/mus_underwater.s
arm-none-eabi-as -mcpu=arm7tdmi -march=armv4t -meabi=5 --defsym MODERN=1 --defsym EMERALD=1 -I sound -o build/emerald-repair-headless-20260908/sound/songs/midi/mus_verdanturf.o sound/songs/midi/mus_verdanturf.s
arm-none-eabi-as -mcpu=arm7tdmi -march=armv4t -meabi=5 --defsym MODERN=1 --defsym EMERALD=1 -I sound -o build/emerald-repair-headless-20260908/sound/songs/midi/mus_victory_aqua_magma.o sound/songs/midi/mus_victory_aqua_magma.s
arm-none-eabi-as -mcpu=arm7tdmi -march=armv4t -meabi=5 --defsym MODERN=1 --defsym EMERALD=1 -I sound -o build/emerald-repair-headless-20260908/sound/songs/midi/mus_victory_gym_leader.o sound/songs/midi/mus_victory_gym_leader.s
arm-none-eabi-as -mcpu=arm7tdmi -march=armv4t -meabi=5 --defsym MODERN=1 --defsym EMERALD=1 -I sound -o build/emerald-repair-headless-20260908/sound/songs/midi/mus_victory_league.o sound/songs/midi/mus_victory_league.s
arm-none-eabi-as -mcpu=arm7tdmi -march=armv4t -meabi=5 --defsym MODERN=1 --defsym EMERALD=1 -I sound -o build/emerald-repair-headless-20260908/sound/songs/midi/mus_victory_road.o sound/songs/midi/mus_victory_road.s
arm-none-eabi-as -mcpu=arm7tdmi -march=armv4t -meabi=5 --defsym MODERN=1 --defsym EMERALD=1 -I sound -o build/emerald-repair-headless-20260908/sound/songs/midi/mus_victory_trainer.o sound/songs/midi/mus_victory_trainer.s
arm-none-eabi-as -mcpu=arm7tdmi -march=armv4t -meabi=5 --defsym MODERN=1 --defsym EMERALD=1 -I sound -o build/emerald-repair-headless-20260908/sound/songs/midi/mus_victory_wild.o sound/songs/midi/mus_victory_wild.s
arm-none-eabi-as -mcpu=arm7tdmi -march=armv4t -meabi=5 --defsym MODERN=1 --defsym EMERALD=1 -I sound -o build/emerald-repair-headless-20260908/sound/songs/midi/mus_vs_aqua_magma.o sound/songs/midi/mus_vs_aqua_magma.s
arm-none-eabi-as -mcpu=arm7tdmi -march=armv4t -meabi=5 --defsym MODERN=1 --defsym EMERALD=1 -I sound -o build/emerald-repair-headless-20260908/sound/songs/midi/mus_vs_aqua_magma_leader.o sound/songs/midi/mus_vs_aqua_magma_leader.s
arm-none-eabi-as -mcpu=arm7tdmi -march=armv4t -meabi=5 --defsym MODERN=1 --defsym EMERALD=1 -I sound -o build/emerald-repair-headless-20260908/sound/songs/midi/mus_vs_champion.o sound/songs/midi/mus_vs_champion.s
arm-none-eabi-as -mcpu=arm7tdmi -march=armv4t -meabi=5 --defsym MODERN=1 --defsym EMERALD=1 -I sound -o build/emerald-repair-headless-20260908/sound/songs/midi/mus_vs_elite_four.o sound/songs/midi/mus_vs_elite_four.s
arm-none-eabi-as -mcpu=arm7tdmi -march=armv4t -meabi=5 --defsym MODERN=1 --defsym EMERALD=1 -I sound -o build/emerald-repair-headless-20260908/sound/songs/midi/mus_vs_frontier_brain.o sound/songs/midi/mus_vs_frontier_brain.s
arm-none-eabi-as -mcpu=arm7tdmi -march=armv4t -meabi=5 --defsym MODERN=1 --defsym EMERALD=1 -I sound -o build/emerald-repair-headless-20260908/sound/songs/midi/mus_vs_gym_leader.o sound/songs/midi/mus_vs_gym_leader.s
arm-none-eabi-as -mcpu=arm7tdmi -march=armv4t -meabi=5 --defsym MODERN=1 --defsym EMERALD=1 -I sound -o build/emerald-repair-headless-20260908/sound/songs/midi/mus_vs_kyogre_groudon.o sound/songs/midi/mus_vs_kyogre_groudon.s
arm-none-eabi-as -mcpu=arm7tdmi -march=armv4t -meabi=5 --defsym MODERN=1 --defsym EMERALD=1 -I sound -o build/emerald-repair-headless-20260908/sound/songs/midi/mus_vs_mew.o sound/songs/midi/mus_vs_mew.s
arm-none-eabi-as -mcpu=arm7tdmi -march=armv4t -meabi=5 --defsym MODERN=1 --defsym EMERALD=1 -I sound -o build/emerald-repair-headless-20260908/sound/songs/midi/mus_vs_rayquaza.o sound/songs/midi/mus_vs_rayquaza.s
arm-none-eabi-as -mcpu=arm7tdmi -march=armv4t -meabi=5 --defsym MODERN=1 --defsym EMERALD=1 -I sound -o build/emerald-repair-headless-20260908/sound/songs/midi/mus_vs_regi.o sound/songs/midi/mus_vs_regi.s
arm-none-eabi-as -mcpu=arm7tdmi -march=armv4t -meabi=5 --defsym MODERN=1 --defsym EMERALD=1 -I sound -o build/emerald-repair-headless-20260908/sound/songs/midi/mus_vs_rival.o sound/songs/midi/mus_vs_rival.s
arm-none-eabi-as -mcpu=arm7tdmi -march=armv4t -meabi=5 --defsym MODERN=1 --defsym EMERALD=1 -I sound -o build/emerald-repair-headless-20260908/sound/songs/midi/mus_vs_trainer.o sound/songs/midi/mus_vs_trainer.s
arm-none-eabi-as -mcpu=arm7tdmi -march=armv4t -meabi=5 --defsym MODERN=1 --defsym EMERALD=1 -I sound -o build/emerald-repair-headless-20260908/sound/songs/midi/mus_vs_wild.o sound/songs/midi/mus_vs_wild.s
arm-none-eabi-as -mcpu=arm7tdmi -march=armv4t -meabi=5 --defsym MODERN=1 --defsym EMERALD=1 -I sound -o build/emerald-repair-headless-20260908/sound/songs/midi/mus_weather_groudon.o sound/songs/midi/mus_weather_groudon.s
arm-none-eabi-as -mcpu=arm7tdmi -march=armv4t -meabi=5 --defsym MODERN=1 --defsym EMERALD=1 -I sound -o build/emerald-repair-headless-20260908/sound/songs/midi/ph_choice_blend.o sound/songs/midi/ph_choice_blend.s
arm-none-eabi-as -mcpu=arm7tdmi -march=armv4t -meabi=5 --defsym MODERN=1 --defsym EMERALD=1 -I sound -o build/emerald-repair-headless-20260908/sound/songs/midi/ph_choice_held.o sound/songs/midi/ph_choice_held.s
arm-none-eabi-as -mcpu=arm7tdmi -march=armv4t -meabi=5 --defsym MODERN=1 --defsym EMERALD=1 -I sound -o build/emerald-repair-headless-20260908/sound/songs/midi/ph_choice_solo.o sound/songs/midi/ph_choice_solo.s
arm-none-eabi-as -mcpu=arm7tdmi -march=armv4t -meabi=5 --defsym MODERN=1 --defsym EMERALD=1 -I sound -o build/emerald-repair-headless-20260908/sound/songs/midi/ph_cloth_blend.o sound/songs/midi/ph_cloth_blend.s
arm-none-eabi-as -mcpu=arm7tdmi -march=armv4t -meabi=5 --defsym MODERN=1 --defsym EMERALD=1 -I sound -o build/emerald-repair-headless-20260908/sound/songs/midi/ph_cloth_held.o sound/songs/midi/ph_cloth_held.s
arm-none-eabi-as -mcpu=arm7tdmi -march=armv4t -meabi=5 --defsym MODERN=1 --defsym EMERALD=1 -I sound -o build/emerald-repair-headless-20260908/sound/songs/midi/ph_cloth_solo.o sound/songs/midi/ph_cloth_solo.s
arm-none-eabi-as -mcpu=arm7tdmi -march=armv4t -meabi=5 --defsym MODERN=1 --defsym EMERALD=1 -I sound -o build/emerald-repair-headless-20260908/sound/songs/midi/ph_cure_blend.o sound/songs/midi/ph_cure_blend.s
arm-none-eabi-as -mcpu=arm7tdmi -march=armv4t -meabi=5 --defsym MODERN=1 --defsym EMERALD=1 -I sound -o build/emerald-repair-headless-20260908/sound/songs/midi/ph_cure_held.o sound/songs/midi/ph_cure_held.s
arm-none-eabi-as -mcpu=arm7tdmi -march=armv4t -meabi=5 --defsym MODERN=1 --defsym EMERALD=1 -I sound -o build/emerald-repair-headless-20260908/sound/songs/midi/ph_cure_solo.o sound/songs/midi/ph_cure_solo.s
arm-none-eabi-as -mcpu=arm7tdmi -march=armv4t -meabi=5 --defsym MODERN=1 --defsym EMERALD=1 -I sound -o build/emerald-repair-headless-20260908/sound/songs/midi/ph_dress_blend.o sound/songs/midi/ph_dress_blend.s
arm-none-eabi-as -mcpu=arm7tdmi -march=armv4t -meabi=5 --defsym MODERN=1 --defsym EMERALD=1 -I sound -o build/emerald-repair-headless-20260908/sound/songs/midi/ph_dress_held.o sound/songs/midi/ph_dress_held.s
arm-none-eabi-as -mcpu=arm7tdmi -march=armv4t -meabi=5 --defsym MODERN=1 --defsym EMERALD=1 -I sound -o build/emerald-repair-headless-20260908/sound/songs/midi/ph_dress_solo.o sound/songs/midi/ph_dress_solo.s
arm-none-eabi-as -mcpu=arm7tdmi -march=armv4t -meabi=5 --defsym MODERN=1 --defsym EMERALD=1 -I sound -o build/emerald-repair-headless-20260908/sound/songs/midi/ph_face_blend.o sound/songs/midi/ph_face_blend.s
arm-none-eabi-as -mcpu=arm7tdmi -march=armv4t -meabi=5 --defsym MODERN=1 --defsym EMERALD=1 -I sound -o build/emerald-repair-headless-20260908/sound/songs/midi/ph_face_held.o sound/songs/midi/ph_face_held.s
arm-none-eabi-as -mcpu=arm7tdmi -march=armv4t -meabi=5 --defsym MODERN=1 --defsym EMERALD=1 -I sound -o build/emerald-repair-headless-20260908/sound/songs/midi/ph_face_solo.o sound/songs/midi/ph_face_solo.s
arm-none-eabi-as -mcpu=arm7tdmi -march=armv4t -meabi=5 --defsym MODERN=1 --defsym EMERALD=1 -I sound -o build/emerald-repair-headless-20260908/sound/songs/midi/ph_fleece_blend.o sound/songs/midi/ph_fleece_blend.s
arm-none-eabi-as -mcpu=arm7tdmi -march=armv4t -meabi=5 --defsym MODERN=1 --defsym EMERALD=1 -I sound -o build/emerald-repair-headless-20260908/sound/songs/midi/ph_fleece_held.o sound/songs/midi/ph_fleece_held.s
arm-none-eabi-as -mcpu=arm7tdmi -march=armv4t -meabi=5 --defsym MODERN=1 --defsym EMERALD=1 -I sound -o build/emerald-repair-headless-20260908/sound/songs/midi/ph_fleece_solo.o sound/songs/midi/ph_fleece_solo.s
arm-none-eabi-as -mcpu=arm7tdmi -march=armv4t -meabi=5 --defsym MODERN=1 --defsym EMERALD=1 -I sound -o build/emerald-repair-headless-20260908/sound/songs/midi/ph_foot_blend.o sound/songs/midi/ph_foot_blend.s
arm-none-eabi-as -mcpu=arm7tdmi -march=armv4t -meabi=5 --defsym MODERN=1 --defsym EMERALD=1 -I sound -o build/emerald-repair-headless-20260908/sound/songs/midi/ph_foot_held.o sound/songs/midi/ph_foot_held.s
arm-none-eabi-as -mcpu=arm7tdmi -march=armv4t -meabi=5 --defsym MODERN=1 --defsym EMERALD=1 -I sound -o build/emerald-repair-headless-20260908/sound/songs/midi/ph_foot_solo.o sound/songs/midi/ph_foot_solo.s
arm-none-eabi-as -mcpu=arm7tdmi -march=armv4t -meabi=5 --defsym MODERN=1 --defsym EMERALD=1 -I sound -o build/emerald-repair-headless-20260908/sound/songs/midi/ph_goat_blend.o sound/songs/midi/ph_goat_blend.s
arm-none-eabi-as -mcpu=arm7tdmi -march=armv4t -meabi=5 --defsym MODERN=1 --defsym EMERALD=1 -I sound -o build/emerald-repair-headless-20260908/sound/songs/midi/ph_goat_held.o sound/songs/midi/ph_goat_held.s
arm-none-eabi-as -mcpu=arm7tdmi -march=armv4t -meabi=5 --defsym MODERN=1 --defsym EMERALD=1 -I sound -o build/emerald-repair-headless-20260908/sound/songs/midi/ph_goat_solo.o sound/songs/midi/ph_goat_solo.s
arm-none-eabi-as -mcpu=arm7tdmi -march=armv4t -meabi=5 --defsym MODERN=1 --defsym EMERALD=1 -I sound -o build/emerald-repair-headless-20260908/sound/songs/midi/ph_goose_blend.o sound/songs/midi/ph_goose_blend.s
arm-none-eabi-as -mcpu=arm7tdmi -march=armv4t -meabi=5 --defsym MODERN=1 --defsym EMERALD=1 -I sound -o build/emerald-repair-headless-20260908/sound/songs/midi/ph_goose_held.o sound/songs/midi/ph_goose_held.s
arm-none-eabi-as -mcpu=arm7tdmi -march=armv4t -meabi=5 --defsym MODERN=1 --defsym EMERALD=1 -I sound -o build/emerald-repair-headless-20260908/sound/songs/midi/ph_goose_solo.o sound/songs/midi/ph_goose_solo.s
arm-none-eabi-as -mcpu=arm7tdmi -march=armv4t -meabi=5 --defsym MODERN=1 --defsym EMERALD=1 -I sound -o build/emerald-repair-headless-20260908/sound/songs/midi/ph_kit_blend.o sound/songs/midi/ph_kit_blend.s
arm-none-eabi-as -mcpu=arm7tdmi -march=armv4t -meabi=5 --defsym MODERN=1 --defsym EMERALD=1 -I sound -o build/emerald-repair-headless-20260908/sound/songs/midi/ph_kit_held.o sound/songs/midi/ph_kit_held.s
arm-none-eabi-as -mcpu=arm7tdmi -march=armv4t -meabi=5 --defsym MODERN=1 --defsym EMERALD=1 -I sound -o build/emerald-repair-headless-20260908/sound/songs/midi/ph_kit_solo.o sound/songs/midi/ph_kit_solo.s
arm-none-eabi-as -mcpu=arm7tdmi -march=armv4t -meabi=5 --defsym MODERN=1 --defsym EMERALD=1 -I sound -o build/emerald-repair-headless-20260908/sound/songs/midi/ph_lot_blend.o sound/songs/midi/ph_lot_blend.s
arm-none-eabi-as -mcpu=arm7tdmi -march=armv4t -meabi=5 --defsym MODERN=1 --defsym EMERALD=1 -I sound -o build/emerald-repair-headless-20260908/sound/songs/midi/ph_lot_held.o sound/songs/midi/ph_lot_held.s
arm-none-eabi-as -mcpu=arm7tdmi -march=armv4t -meabi=5 --defsym MODERN=1 --defsym EMERALD=1 -I sound -o build/emerald-repair-headless-20260908/sound/songs/midi/ph_lot_solo.o sound/songs/midi/ph_lot_solo.s
arm-none-eabi-as -mcpu=arm7tdmi -march=armv4t -meabi=5 --defsym MODERN=1 --defsym EMERALD=1 -I sound -o build/emerald-repair-headless-20260908/sound/songs/midi/ph_mouth_blend.o sound/songs/midi/ph_mouth_blend.s
arm-none-eabi-as -mcpu=arm7tdmi -march=armv4t -meabi=5 --defsym MODERN=1 --defsym EMERALD=1 -I sound -o build/emerald-repair-headless-20260908/sound/songs/midi/ph_mouth_held.o sound/songs/midi/ph_mouth_held.s
arm-none-eabi-as -mcpu=arm7tdmi -march=armv4t -meabi=5 --defsym MODERN=1 --defsym EMERALD=1 -I sound -o build/emerald-repair-headless-20260908/sound/songs/midi/ph_mouth_solo.o sound/songs/midi/ph_mouth_solo.s
arm-none-eabi-as -mcpu=arm7tdmi -march=armv4t -meabi=5 --defsym MODERN=1 --defsym EMERALD=1 -I sound -o build/emerald-repair-headless-20260908/sound/songs/midi/ph_nurse_blend.o sound/songs/midi/ph_nurse_blend.s
arm-none-eabi-as -mcpu=arm7tdmi -march=armv4t -meabi=5 --defsym MODERN=1 --defsym EMERALD=1 -I sound -o build/emerald-repair-headless-20260908/sound/songs/midi/ph_nurse_held.o sound/songs/midi/ph_nurse_held.s
arm-none-eabi-as -mcpu=arm7tdmi -march=armv4t -meabi=5 --defsym MODERN=1 --defsym EMERALD=1 -I sound -o build/emerald-repair-headless-20260908/sound/songs/midi/ph_nurse_solo.o sound/songs/midi/ph_nurse_solo.s
arm-none-eabi-as -mcpu=arm7tdmi -march=armv4t -meabi=5 --defsym MODERN=1 --defsym EMERALD=1 -I sound -o build/emerald-repair-headless-20260908/sound/songs/midi/ph_price_blend.o sound/songs/midi/ph_price_blend.s
arm-none-eabi-as -mcpu=arm7tdmi -march=armv4t -meabi=5 --defsym MODERN=1 --defsym EMERALD=1 -I sound -o build/emerald-repair-headless-20260908/sound/songs/midi/ph_price_held.o sound/songs/midi/ph_price_held.s
arm-none-eabi-as -mcpu=arm7tdmi -march=armv4t -meabi=5 --defsym MODERN=1 --defsym EMERALD=1 -I sound -o build/emerald-repair-headless-20260908/sound/songs/midi/ph_price_solo.o sound/songs/midi/ph_price_solo.s
arm-none-eabi-as -mcpu=arm7tdmi -march=armv4t -meabi=5 --defsym MODERN=1 --defsym EMERALD=1 -I sound -o build/emerald-repair-headless-20260908/sound/songs/midi/ph_strut_blend.o sound/songs/midi/ph_strut_blend.s
arm-none-eabi-as -mcpu=arm7tdmi -march=armv4t -meabi=5 --defsym MODERN=1 --defsym EMERALD=1 -I sound -o build/emerald-repair-headless-20260908/sound/songs/midi/ph_strut_held.o sound/songs/midi/ph_strut_held.s
arm-none-eabi-as -mcpu=arm7tdmi -march=armv4t -meabi=5 --defsym MODERN=1 --defsym EMERALD=1 -I sound -o build/emerald-repair-headless-20260908/sound/songs/midi/ph_strut_solo.o sound/songs/midi/ph_strut_solo.s
arm-none-eabi-as -mcpu=arm7tdmi -march=armv4t -meabi=5 --defsym MODERN=1 --defsym EMERALD=1 -I sound -o build/emerald-repair-headless-20260908/sound/songs/midi/ph_thought_blend.o sound/songs/midi/ph_thought_blend.s
arm-none-eabi-as -mcpu=arm7tdmi -march=armv4t -meabi=5 --defsym MODERN=1 --defsym EMERALD=1 -I sound -o build/emerald-repair-headless-20260908/sound/songs/midi/ph_thought_held.o sound/songs/midi/ph_thought_held.s
arm-none-eabi-as -mcpu=arm7tdmi -march=armv4t -meabi=5 --defsym MODERN=1 --defsym EMERALD=1 -I sound -o build/emerald-repair-headless-20260908/sound/songs/midi/ph_thought_solo.o sound/songs/midi/ph_thought_solo.s
arm-none-eabi-as -mcpu=arm7tdmi -march=armv4t -meabi=5 --defsym MODERN=1 --defsym EMERALD=1 -I sound -o build/emerald-repair-headless-20260908/sound/songs/midi/ph_trap_blend.o sound/songs/midi/ph_trap_blend.s
arm-none-eabi-as -mcpu=arm7tdmi -march=armv4t -meabi=5 --defsym MODERN=1 --defsym EMERALD=1 -I sound -o build/emerald-repair-headless-20260908/sound/songs/midi/ph_trap_held.o sound/songs/midi/ph_trap_held.s
arm-none-eabi-as -mcpu=arm7tdmi -march=armv4t -meabi=5 --defsym MODERN=1 --defsym EMERALD=1 -I sound -o build/emerald-repair-headless-20260908/sound/songs/midi/ph_trap_solo.o sound/songs/midi/ph_trap_solo.s
arm-none-eabi-as -mcpu=arm7tdmi -march=armv4t -meabi=5 --defsym MODERN=1 --defsym EMERALD=1 -I sound -o build/emerald-repair-headless-20260908/sound/songs/midi/se_a.o sound/songs/midi/se_a.s
arm-none-eabi-as -mcpu=arm7tdmi -march=armv4t -meabi=5 --defsym MODERN=1 --defsym EMERALD=1 -I sound -o build/emerald-repair-headless-20260908/sound/songs/midi/se_applause.o sound/songs/midi/se_applause.s
arm-none-eabi-as -mcpu=arm7tdmi -march=armv4t -meabi=5 --defsym MODERN=1 --defsym EMERALD=1 -I sound -o build/emerald-repair-headless-20260908/sound/songs/midi/se_arena_timeup1.o sound/songs/midi/se_arena_timeup1.s
arm-none-eabi-as -mcpu=arm7tdmi -march=armv4t -meabi=5 --defsym MODERN=1 --defsym EMERALD=1 -I sound -o build/emerald-repair-headless-20260908/sound/songs/midi/se_arena_timeup2.o sound/songs/midi/se_arena_timeup2.s
arm-none-eabi-as -mcpu=arm7tdmi -march=armv4t -meabi=5 --defsym MODERN=1 --defsym EMERALD=1 -I sound -o build/emerald-repair-headless-20260908/sound/songs/midi/se_ball.o sound/songs/midi/se_ball.s
arm-none-eabi-as -mcpu=arm7tdmi -march=armv4t -meabi=5 --defsym MODERN=1 --defsym EMERALD=1 -I sound -o build/emerald-repair-headless-20260908/sound/songs/midi/se_ball_bounce_1.o sound/songs/midi/se_ball_bounce_1.s
arm-none-eabi-as -mcpu=arm7tdmi -march=armv4t -meabi=5 --defsym MODERN=1 --defsym EMERALD=1 -I sound -o build/emerald-repair-headless-20260908/sound/songs/midi/se_ball_bounce_2.o sound/songs/midi/se_ball_bounce_2.s
arm-none-eabi-as -mcpu=arm7tdmi -march=armv4t -meabi=5 --defsym MODERN=1 --defsym EMERALD=1 -I sound -o build/emerald-repair-headless-20260908/sound/songs/midi/se_ball_bounce_3.o sound/songs/midi/se_ball_bounce_3.s
arm-none-eabi-as -mcpu=arm7tdmi -march=armv4t -meabi=5 --defsym MODERN=1 --defsym EMERALD=1 -I sound -o build/emerald-repair-headless-20260908/sound/songs/midi/se_ball_bounce_4.o sound/songs/midi/se_ball_bounce_4.s
arm-none-eabi-as -mcpu=arm7tdmi -march=armv4t -meabi=5 --defsym MODERN=1 --defsym EMERALD=1 -I sound -o build/emerald-repair-headless-20260908/sound/songs/midi/se_ball_open.o sound/songs/midi/se_ball_open.s
arm-none-eabi-as -mcpu=arm7tdmi -march=armv4t -meabi=5 --defsym MODERN=1 --defsym EMERALD=1 -I sound -o build/emerald-repair-headless-20260908/sound/songs/midi/se_ball_throw.o sound/songs/midi/se_ball_throw.s
arm-none-eabi-as -mcpu=arm7tdmi -march=armv4t -meabi=5 --defsym MODERN=1 --defsym EMERALD=1 -I sound -o build/emerald-repair-headless-20260908/sound/songs/midi/se_ball_trade.o sound/songs/midi/se_ball_trade.s
arm-none-eabi-as -mcpu=arm7tdmi -march=armv4t -meabi=5 --defsym MODERN=1 --defsym EMERALD=1 -I sound -o build/emerald-repair-headless-20260908/sound/songs/midi/se_ball_tray_ball.o sound/songs/midi/se_ball_tray_ball.s
arm-none-eabi-as -mcpu=arm7tdmi -march=armv4t -meabi=5 --defsym MODERN=1 --defsym EMERALD=1 -I sound -o build/emerald-repair-headless-20260908/sound/songs/midi/se_ball_tray_enter.o sound/songs/midi/se_ball_tray_enter.s
arm-none-eabi-as -mcpu=arm7tdmi -march=armv4t -meabi=5 --defsym MODERN=1 --defsym EMERALD=1 -I sound -o build/emerald-repair-headless-20260908/sound/songs/midi/se_ball_tray_exit.o sound/songs/midi/se_ball_tray_exit.s
arm-none-eabi-as -mcpu=arm7tdmi -march=armv4t -meabi=5 --defsym MODERN=1 --defsym EMERALD=1 -I sound -o build/emerald-repair-headless-20260908/sound/songs/midi/se_balloon_blue.o sound/songs/midi/se_balloon_blue.s
arm-none-eabi-as -mcpu=arm7tdmi -march=armv4t -meabi=5 --defsym MODERN=1 --defsym EMERALD=1 -I sound -o build/emerald-repair-headless-20260908/sound/songs/midi/se_balloon_red.o sound/songs/midi/se_balloon_red.s
arm-none-eabi-as -mcpu=arm7tdmi -march=armv4t -meabi=5 --defsym MODERN=1 --defsym EMERALD=1 -I sound -o build/emerald-repair-headless-20260908/sound/songs/midi/se_balloon_yellow.o sound/songs/midi/se_balloon_yellow.s
arm-none-eabi-as -mcpu=arm7tdmi -march=armv4t -meabi=5 --defsym MODERN=1 --defsym EMERALD=1 -I sound -o build/emerald-repair-headless-20260908/sound/songs/midi/se_bang.o sound/songs/midi/se_bang.s
arm-none-eabi-as -mcpu=arm7tdmi -march=armv4t -meabi=5 --defsym MODERN=1 --defsym EMERALD=1 -I sound -o build/emerald-repair-headless-20260908/sound/songs/midi/se_berry_blender.o sound/songs/midi/se_berry_blender.s
arm-none-eabi-as -mcpu=arm7tdmi -march=armv4t -meabi=5 --defsym MODERN=1 --defsym EMERALD=1 -I sound -o build/emerald-repair-headless-20260908/sound/songs/midi/se_bike_bell.o sound/songs/midi/se_bike_bell.s
arm-none-eabi-as -mcpu=arm7tdmi -march=armv4t -meabi=5 --defsym MODERN=1 --defsym EMERALD=1 -I sound -o build/emerald-repair-headless-20260908/sound/songs/midi/se_bike_hop.o sound/songs/midi/se_bike_hop.s
arm-none-eabi-as -mcpu=arm7tdmi -march=armv4t -meabi=5 --defsym MODERN=1 --defsym EMERALD=1 -I sound -o build/emerald-repair-headless-20260908/sound/songs/midi/se_boo.o sound/songs/midi/se_boo.s
arm-none-eabi-as -mcpu=arm7tdmi -march=armv4t -meabi=5 --defsym MODERN=1 --defsym EMERALD=1 -I sound -o build/emerald-repair-headless-20260908/sound/songs/midi/se_breakable_door.o sound/songs/midi/se_breakable_door.s
arm-none-eabi-as -mcpu=arm7tdmi -march=armv4t -meabi=5 --defsym MODERN=1 --defsym EMERALD=1 -I sound -o build/emerald-repair-headless-20260908/sound/songs/midi/se_bridge_walk.o sound/songs/midi/se_bridge_walk.s
arm-none-eabi-as -mcpu=arm7tdmi -march=armv4t -meabi=5 --defsym MODERN=1 --defsym EMERALD=1 -I sound -o build/emerald-repair-headless-20260908/sound/songs/midi/se_card.o sound/songs/midi/se_card.s
arm-none-eabi-as -mcpu=arm7tdmi -march=armv4t -meabi=5 --defsym MODERN=1 --defsym EMERALD=1 -I sound -o build/emerald-repair-headless-20260908/sound/songs/midi/se_click.o sound/songs/midi/se_click.s
arm-none-eabi-as -mcpu=arm7tdmi -march=armv4t -meabi=5 --defsym MODERN=1 --defsym EMERALD=1 -I sound -o build/emerald-repair-headless-20260908/sound/songs/midi/se_contest_condition_lose.o sound/songs/midi/se_contest_condition_lose.s
arm-none-eabi-as -mcpu=arm7tdmi -march=armv4t -meabi=5 --defsym MODERN=1 --defsym EMERALD=1 -I sound -o build/emerald-repair-headless-20260908/sound/songs/midi/se_contest_curtain_fall.o sound/songs/midi/se_contest_curtain_fall.s
arm-none-eabi-as -mcpu=arm7tdmi -march=armv4t -meabi=5 --defsym MODERN=1 --defsym EMERALD=1 -I sound -o build/emerald-repair-headless-20260908/sound/songs/midi/se_contest_curtain_rise.o sound/songs/midi/se_contest_curtain_rise.s
arm-none-eabi-as -mcpu=arm7tdmi -march=armv4t -meabi=5 --defsym MODERN=1 --defsym EMERALD=1 -I sound -o build/emerald-repair-headless-20260908/sound/songs/midi/se_contest_heart.o sound/songs/midi/se_contest_heart.s
arm-none-eabi-as -mcpu=arm7tdmi -march=armv4t -meabi=5 --defsym MODERN=1 --defsym EMERALD=1 -I sound -o build/emerald-repair-headless-20260908/sound/songs/midi/se_contest_icon_change.o sound/songs/midi/se_contest_icon_change.s
arm-none-eabi-as -mcpu=arm7tdmi -march=armv4t -meabi=5 --defsym MODERN=1 --defsym EMERALD=1 -I sound -o build/emerald-repair-headless-20260908/sound/songs/midi/se_contest_icon_clear.o sound/songs/midi/se_contest_icon_clear.s
arm-none-eabi-as -mcpu=arm7tdmi -march=armv4t -meabi=5 --defsym MODERN=1 --defsym EMERALD=1 -I sound -o build/emerald-repair-headless-20260908/sound/songs/midi/se_contest_mons_turn.o sound/songs/midi/se_contest_mons_turn.s
arm-none-eabi-as -mcpu=arm7tdmi -march=armv4t -meabi=5 --defsym MODERN=1 --defsym EMERALD=1 -I sound -o build/emerald-repair-headless-20260908/sound/songs/midi/se_contest_place.o sound/songs/midi/se_contest_place.s
arm-none-eabi-as -mcpu=arm7tdmi -march=armv4t -meabi=5 --defsym MODERN=1 --defsym EMERALD=1 -I sound -o build/emerald-repair-headless-20260908/sound/songs/midi/se_dex_page.o sound/songs/midi/se_dex_page.s
arm-none-eabi-as -mcpu=arm7tdmi -march=armv4t -meabi=5 --defsym MODERN=1 --defsym EMERALD=1 -I sound -o build/emerald-repair-headless-20260908/sound/songs/midi/se_dex_scroll.o sound/songs/midi/se_dex_scroll.s
arm-none-eabi-as -mcpu=arm7tdmi -march=armv4t -meabi=5 --defsym MODERN=1 --defsym EMERALD=1 -I sound -o build/emerald-repair-headless-20260908/sound/songs/midi/se_dex_search.o sound/songs/midi/se_dex_search.s
arm-none-eabi-as -mcpu=arm7tdmi -march=armv4t -meabi=5 --defsym MODERN=1 --defsym EMERALD=1 -I sound -o build/emerald-repair-headless-20260908/sound/songs/midi/se_ding_dong.o sound/songs/midi/se_ding_dong.s
arm-none-eabi-as -mcpu=arm7tdmi -march=armv4t -meabi=5 --defsym MODERN=1 --defsym EMERALD=1 -I sound -o build/emerald-repair-headless-20260908/sound/songs/midi/se_door.o sound/songs/midi/se_door.s
arm-none-eabi-as -mcpu=arm7tdmi -march=armv4t -meabi=5 --defsym MODERN=1 --defsym EMERALD=1 -I sound -o build/emerald-repair-headless-20260908/sound/songs/midi/se_downpour.o sound/songs/midi/se_downpour.s
arm-none-eabi-as -mcpu=arm7tdmi -march=armv4t -meabi=5 --defsym MODERN=1 --defsym EMERALD=1 -I sound -o build/emerald-repair-headless-20260908/sound/songs/midi/se_downpour_stop.o sound/songs/midi/se_downpour_stop.s
arm-none-eabi-as -mcpu=arm7tdmi -march=armv4t -meabi=5 --defsym MODERN=1 --defsym EMERALD=1 -I sound -o build/emerald-repair-headless-20260908/sound/songs/midi/se_e.o sound/songs/midi/se_e.s
arm-none-eabi-as -mcpu=arm7tdmi -march=armv4t -meabi=5 --defsym MODERN=1 --defsym EMERALD=1 -I sound -o build/emerald-repair-headless-20260908/sound/songs/midi/se_effective.o sound/songs/midi/se_effective.s
arm-none-eabi-as -mcpu=arm7tdmi -march=armv4t -meabi=5 --defsym MODERN=1 --defsym EMERALD=1 -I sound -o build/emerald-repair-headless-20260908/sound/songs/midi/se_egg_hatch.o sound/songs/midi/se_egg_hatch.s
arm-none-eabi-as -mcpu=arm7tdmi -march=armv4t -meabi=5 --defsym MODERN=1 --defsym EMERALD=1 -I sound -o build/emerald-repair-headless-20260908/sound/songs/midi/se_elevator.o sound/songs/midi/se_elevator.s
arm-none-eabi-as -mcpu=arm7tdmi -march=armv4t -meabi=5 --defsym MODERN=1 --defsym EMERALD=1 -I sound -o build/emerald-repair-headless-20260908/sound/songs/midi/se_escalator.o sound/songs/midi/se_escalator.s
arm-none-eabi-as -mcpu=arm7tdmi -march=armv4t -meabi=5 --defsym MODERN=1 --defsym EMERALD=1 -I sound -o build/emerald-repair-headless-20260908/sound/songs/midi/se_exit.o sound/songs/midi/se_exit.s
arm-none-eabi-as -mcpu=arm7tdmi -march=armv4t -meabi=5 --defsym MODERN=1 --defsym EMERALD=1 -I sound -o build/emerald-repair-headless-20260908/sound/songs/midi/se_exp.o sound/songs/midi/se_exp.s
arm-none-eabi-as -mcpu=arm7tdmi -march=armv4t -meabi=5 --defsym MODERN=1 --defsym EMERALD=1 -I sound -o build/emerald-repair-headless-20260908/sound/songs/midi/se_exp_max.o sound/songs/midi/se_exp_max.s
arm-none-eabi-as -mcpu=arm7tdmi -march=armv4t -meabi=5 --defsym MODERN=1 --defsym EMERALD=1 -I sound -o build/emerald-repair-headless-20260908/sound/songs/midi/se_failure.o sound/songs/midi/se_failure.s
arm-none-eabi-as -mcpu=arm7tdmi -march=armv4t -meabi=5 --defsym MODERN=1 --defsym EMERALD=1 -I sound -o build/emerald-repair-headless-20260908/sound/songs/midi/se_faint.o sound/songs/midi/se_faint.s
arm-none-eabi-as -mcpu=arm7tdmi -march=armv4t -meabi=5 --defsym MODERN=1 --defsym EMERALD=1 -I sound -o build/emerald-repair-headless-20260908/sound/songs/midi/se_fall.o sound/songs/midi/se_fall.s
arm-none-eabi-as -mcpu=arm7tdmi -march=armv4t -meabi=5 --defsym MODERN=1 --defsym EMERALD=1 -I sound -o build/emerald-repair-headless-20260908/sound/songs/midi/se_field_poison.o sound/songs/midi/se_field_poison.s
arm-none-eabi-as -mcpu=arm7tdmi -march=armv4t -meabi=5 --defsym MODERN=1 --defsym EMERALD=1 -I sound -o build/emerald-repair-headless-20260908/sound/songs/midi/se_flee.o sound/songs/midi/se_flee.s
arm-none-eabi-as -mcpu=arm7tdmi -march=armv4t -meabi=5 --defsym MODERN=1 --defsym EMERALD=1 -I sound -o build/emerald-repair-headless-20260908/sound/songs/midi/se_fu_zaku.o sound/songs/midi/se_fu_zaku.s
arm-none-eabi-as -mcpu=arm7tdmi -march=armv4t -meabi=5 --defsym MODERN=1 --defsym EMERALD=1 -I sound -o build/emerald-repair-headless-20260908/sound/songs/midi/se_glass_flute.o sound/songs/midi/se_glass_flute.s
arm-none-eabi-as -mcpu=arm7tdmi -march=armv4t -meabi=5 --defsym MODERN=1 --defsym EMERALD=1 -I sound -o build/emerald-repair-headless-20260908/sound/songs/midi/se_i.o sound/songs/midi/se_i.s
arm-none-eabi-as -mcpu=arm7tdmi -march=armv4t -meabi=5 --defsym MODERN=1 --defsym EMERALD=1 -I sound -o build/emerald-repair-headless-20260908/sound/songs/midi/se_ice_break.o sound/songs/midi/se_ice_break.s
arm-none-eabi-as -mcpu=arm7tdmi -march=armv4t -meabi=5 --defsym MODERN=1 --defsym EMERALD=1 -I sound -o build/emerald-repair-headless-20260908/sound/songs/midi/se_ice_crack.o sound/songs/midi/se_ice_crack.s
arm-none-eabi-as -mcpu=arm7tdmi -march=armv4t -meabi=5 --defsym MODERN=1 --defsym EMERALD=1 -I sound -o build/emerald-repair-headless-20260908/sound/songs/midi/se_ice_stairs.o sound/songs/midi/se_ice_stairs.s
arm-none-eabi-as -mcpu=arm7tdmi -march=armv4t -meabi=5 --defsym MODERN=1 --defsym EMERALD=1 -I sound -o build/emerald-repair-headless-20260908/sound/songs/midi/se_intro_blast.o sound/songs/midi/se_intro_blast.s
arm-none-eabi-as -mcpu=arm7tdmi -march=armv4t -meabi=5 --defsym MODERN=1 --defsym EMERALD=1 -I sound -o build/emerald-repair-headless-20260908/sound/songs/midi/se_itemfinder.o sound/songs/midi/se_itemfinder.s
arm-none-eabi-as -mcpu=arm7tdmi -march=armv4t -meabi=5 --defsym MODERN=1 --defsym EMERALD=1 -I sound -o build/emerald-repair-headless-20260908/sound/songs/midi/se_lavaridge_fall_warp.o sound/songs/midi/se_lavaridge_fall_warp.s
arm-none-eabi-as -mcpu=arm7tdmi -march=armv4t -meabi=5 --defsym MODERN=1 --defsym EMERALD=1 -I sound -o build/emerald-repair-headless-20260908/sound/songs/midi/se_ledge.o sound/songs/midi/se_ledge.s
arm-none-eabi-as -mcpu=arm7tdmi -march=armv4t -meabi=5 --defsym MODERN=1 --defsym EMERALD=1 -I sound -o build/emerald-repair-headless-20260908/sound/songs/midi/se_low_health.o sound/songs/midi/se_low_health.s
arm-none-eabi-as -mcpu=arm7tdmi -march=armv4t -meabi=5 --defsym MODERN=1 --defsym EMERALD=1 -I sound -o build/emerald-repair-headless-20260908/sound/songs/midi/se_m_absorb.o sound/songs/midi/se_m_absorb.s
arm-none-eabi-as -mcpu=arm7tdmi -march=armv4t -meabi=5 --defsym MODERN=1 --defsym EMERALD=1 -I sound -o build/emerald-repair-headless-20260908/sound/songs/midi/se_m_absorb_2.o sound/songs/midi/se_m_absorb_2.s
arm-none-eabi-as -mcpu=arm7tdmi -march=armv4t -meabi=5 --defsym MODERN=1 --defsym EMERALD=1 -I sound -o build/emerald-repair-headless-20260908/sound/songs/midi/se_m_acid_armor.o sound/songs/midi/se_m_acid_armor.s
arm-none-eabi-as -mcpu=arm7tdmi -march=armv4t -meabi=5 --defsym MODERN=1 --defsym EMERALD=1 -I sound -o build/emerald-repair-headless-20260908/sound/songs/midi/se_m_attract.o sound/songs/midi/se_m_attract.s
arm-none-eabi-as -mcpu=arm7tdmi -march=armv4t -meabi=5 --defsym MODERN=1 --defsym EMERALD=1 -I sound -o build/emerald-repair-headless-20260908/sound/songs/midi/se_m_attract2.o sound/songs/midi/se_m_attract2.s
arm-none-eabi-as -mcpu=arm7tdmi -march=armv4t -meabi=5 --defsym MODERN=1 --defsym EMERALD=1 -I sound -o build/emerald-repair-headless-20260908/sound/songs/midi/se_m_barrier.o sound/songs/midi/se_m_barrier.s
arm-none-eabi-as -mcpu=arm7tdmi -march=armv4t -meabi=5 --defsym MODERN=1 --defsym EMERALD=1 -I sound -o build/emerald-repair-headless-20260908/sound/songs/midi/se_m_baton_pass.o sound/songs/midi/se_m_baton_pass.s
arm-none-eabi-as -mcpu=arm7tdmi -march=armv4t -meabi=5 --defsym MODERN=1 --defsym EMERALD=1 -I sound -o build/emerald-repair-headless-20260908/sound/songs/midi/se_m_belly_drum.o sound/songs/midi/se_m_belly_drum.s
arm-none-eabi-as -mcpu=arm7tdmi -march=armv4t -meabi=5 --defsym MODERN=1 --defsym EMERALD=1 -I sound -o build/emerald-repair-headless-20260908/sound/songs/midi/se_m_bind.o sound/songs/midi/se_m_bind.s
arm-none-eabi-as -mcpu=arm7tdmi -march=armv4t -meabi=5 --defsym MODERN=1 --defsym EMERALD=1 -I sound -o build/emerald-repair-headless-20260908/sound/songs/midi/se_m_bite.o sound/songs/midi/se_m_bite.s
arm-none-eabi-as -mcpu=arm7tdmi -march=armv4t -meabi=5 --defsym MODERN=1 --defsym EMERALD=1 -I sound -o build/emerald-repair-headless-20260908/sound/songs/midi/se_m_blizzard.o sound/songs/midi/se_m_blizzard.s
arm-none-eabi-as -mcpu=arm7tdmi -march=armv4t -meabi=5 --defsym MODERN=1 --defsym EMERALD=1 -I sound -o build/emerald-repair-headless-20260908/sound/songs/midi/se_m_blizzard2.o sound/songs/midi/se_m_blizzard2.s
arm-none-eabi-as -mcpu=arm7tdmi -march=armv4t -meabi=5 --defsym MODERN=1 --defsym EMERALD=1 -I sound -o build/emerald-repair-headless-20260908/sound/songs/midi/se_m_bonemerang.o sound/songs/midi/se_m_bonemerang.s
arm-none-eabi-as -mcpu=arm7tdmi -march=armv4t -meabi=5 --defsym MODERN=1 --defsym EMERALD=1 -I sound -o build/emerald-repair-headless-20260908/sound/songs/midi/se_m_brick_break.o sound/songs/midi/se_m_brick_break.s
arm-none-eabi-as -mcpu=arm7tdmi -march=armv4t -meabi=5 --defsym MODERN=1 --defsym EMERALD=1 -I sound -o build/emerald-repair-headless-20260908/sound/songs/midi/se_m_bubble.o sound/songs/midi/se_m_bubble.s
arm-none-eabi-as -mcpu=arm7tdmi -march=armv4t -meabi=5 --defsym MODERN=1 --defsym EMERALD=1 -I sound -o build/emerald-repair-headless-20260908/sound/songs/midi/se_m_bubble2.o sound/songs/midi/se_m_bubble2.s
arm-none-eabi-as -mcpu=arm7tdmi -march=armv4t -meabi=5 --defsym MODERN=1 --defsym EMERALD=1 -I sound -o build/emerald-repair-headless-20260908/sound/songs/midi/se_m_bubble3.o sound/songs/midi/se_m_bubble3.s
arm-none-eabi-as -mcpu=arm7tdmi -march=armv4t -meabi=5 --defsym MODERN=1 --defsym EMERALD=1 -I sound -o build/emerald-repair-headless-20260908/sound/songs/midi/se_m_bubble_beam.o sound/songs/midi/se_m_bubble_beam.s
arm-none-eabi-as -mcpu=arm7tdmi -march=armv4t -meabi=5 --defsym MODERN=1 --defsym EMERALD=1 -I sound -o build/emerald-repair-headless-20260908/sound/songs/midi/se_m_bubble_beam2.o sound/songs/midi/se_m_bubble_beam2.s
arm-none-eabi-as -mcpu=arm7tdmi -march=armv4t -meabi=5 --defsym MODERN=1 --defsym EMERALD=1 -I sound -o build/emerald-repair-headless-20260908/sound/songs/midi/se_m_charge.o sound/songs/midi/se_m_charge.s
arm-none-eabi-as -mcpu=arm7tdmi -march=armv4t -meabi=5 --defsym MODERN=1 --defsym EMERALD=1 -I sound -o build/emerald-repair-headless-20260908/sound/songs/midi/se_m_charm.o sound/songs/midi/se_m_charm.s
arm-none-eabi-as -mcpu=arm7tdmi -march=armv4t -meabi=5 --defsym MODERN=1 --defsym EMERALD=1 -I sound -o build/emerald-repair-headless-20260908/sound/songs/midi/se_m_comet_punch.o sound/songs/midi/se_m_comet_punch.s
arm-none-eabi-as -mcpu=arm7tdmi -march=armv4t -meabi=5 --defsym MODERN=1 --defsym EMERALD=1 -I sound -o build/emerald-repair-headless-20260908/sound/songs/midi/se_m_confuse_ray.o sound/songs/midi/se_m_confuse_ray.s
arm-none-eabi-as -mcpu=arm7tdmi -march=armv4t -meabi=5 --defsym MODERN=1 --defsym EMERALD=1 -I sound -o build/emerald-repair-headless-20260908/sound/songs/midi/se_m_cosmic_power.o sound/songs/midi/se_m_cosmic_power.s
arm-none-eabi-as -mcpu=arm7tdmi -march=armv4t -meabi=5 --defsym MODERN=1 --defsym EMERALD=1 -I sound -o build/emerald-repair-headless-20260908/sound/songs/midi/se_m_crabhammer.o sound/songs/midi/se_m_crabhammer.s
arm-none-eabi-as -mcpu=arm7tdmi -march=armv4t -meabi=5 --defsym MODERN=1 --defsym EMERALD=1 -I sound -o build/emerald-repair-headless-20260908/sound/songs/midi/se_m_cut.o sound/songs/midi/se_m_cut.s
arm-none-eabi-as -mcpu=arm7tdmi -march=armv4t -meabi=5 --defsym MODERN=1 --defsym EMERALD=1 -I sound -o build/emerald-repair-headless-20260908/sound/songs/midi/se_m_detect.o sound/songs/midi/se_m_detect.s
arm-none-eabi-as -mcpu=arm7tdmi -march=armv4t -meabi=5 --defsym MODERN=1 --defsym EMERALD=1 -I sound -o build/emerald-repair-headless-20260908/sound/songs/midi/se_m_dig.o sound/songs/midi/se_m_dig.s
arm-none-eabi-as -mcpu=arm7tdmi -march=armv4t -meabi=5 --defsym MODERN=1 --defsym EMERALD=1 -I sound -o build/emerald-repair-headless-20260908/sound/songs/midi/se_m_dive.o sound/songs/midi/se_m_dive.s
arm-none-eabi-as -mcpu=arm7tdmi -march=armv4t -meabi=5 --defsym MODERN=1 --defsym EMERALD=1 -I sound -o build/emerald-repair-headless-20260908/sound/songs/midi/se_m_dizzy_punch.o sound/songs/midi/se_m_dizzy_punch.s
arm-none-eabi-as -mcpu=arm7tdmi -march=armv4t -meabi=5 --defsym MODERN=1 --defsym EMERALD=1 -I sound -o build/emerald-repair-headless-20260908/sound/songs/midi/se_m_double_slap.o sound/songs/midi/se_m_double_slap.s
arm-none-eabi-as -mcpu=arm7tdmi -march=armv4t -meabi=5 --defsym MODERN=1 --defsym EMERALD=1 -I sound -o build/emerald-repair-headless-20260908/sound/songs/midi/se_m_double_team.o sound/songs/midi/se_m_double_team.s
arm-none-eabi-as -mcpu=arm7tdmi -march=armv4t -meabi=5 --defsym MODERN=1 --defsym EMERALD=1 -I sound -o build/emerald-repair-headless-20260908/sound/songs/midi/se_m_dragon_rage.o sound/songs/midi/se_m_dragon_rage.s
arm-none-eabi-as -mcpu=arm7tdmi -march=armv4t -meabi=5 --defsym MODERN=1 --defsym EMERALD=1 -I sound -o build/emerald-repair-headless-20260908/sound/songs/midi/se_m_earthquake.o sound/songs/midi/se_m_earthquake.s
arm-none-eabi-as -mcpu=arm7tdmi -march=armv4t -meabi=5 --defsym MODERN=1 --defsym EMERALD=1 -I sound -o build/emerald-repair-headless-20260908/sound/songs/midi/se_m_ember.o sound/songs/midi/se_m_ember.s
arm-none-eabi-as -mcpu=arm7tdmi -march=armv4t -meabi=5 --defsym MODERN=1 --defsym EMERALD=1 -I sound -o build/emerald-repair-headless-20260908/sound/songs/midi/se_m_encore.o sound/songs/midi/se_m_encore.s
arm-none-eabi-as -mcpu=arm7tdmi -march=armv4t -meabi=5 --defsym MODERN=1 --defsym EMERALD=1 -I sound -o build/emerald-repair-headless-20260908/sound/songs/midi/se_m_encore2.o sound/songs/midi/se_m_encore2.s
arm-none-eabi-as -mcpu=arm7tdmi -march=armv4t -meabi=5 --defsym MODERN=1 --defsym EMERALD=1 -I sound -o build/emerald-repair-headless-20260908/sound/songs/midi/se_m_explosion.o sound/songs/midi/se_m_explosion.s
arm-none-eabi-as -mcpu=arm7tdmi -march=armv4t -meabi=5 --defsym MODERN=1 --defsym EMERALD=1 -I sound -o build/emerald-repair-headless-20260908/sound/songs/midi/se_m_faint_attack.o sound/songs/midi/se_m_faint_attack.s
arm-none-eabi-as -mcpu=arm7tdmi -march=armv4t -meabi=5 --defsym MODERN=1 --defsym EMERALD=1 -I sound -o build/emerald-repair-headless-20260908/sound/songs/midi/se_m_fire_punch.o sound/songs/midi/se_m_fire_punch.s
arm-none-eabi-as -mcpu=arm7tdmi -march=armv4t -meabi=5 --defsym MODERN=1 --defsym EMERALD=1 -I sound -o build/emerald-repair-headless-20260908/sound/songs/midi/se_m_flame_wheel.o sound/songs/midi/se_m_flame_wheel.s
arm-none-eabi-as -mcpu=arm7tdmi -march=armv4t -meabi=5 --defsym MODERN=1 --defsym EMERALD=1 -I sound -o build/emerald-repair-headless-20260908/sound/songs/midi/se_m_flame_wheel2.o sound/songs/midi/se_m_flame_wheel2.s
arm-none-eabi-as -mcpu=arm7tdmi -march=armv4t -meabi=5 --defsym MODERN=1 --defsym EMERALD=1 -I sound -o build/emerald-repair-headless-20260908/sound/songs/midi/se_m_flamethrower.o sound/songs/midi/se_m_flamethrower.s
arm-none-eabi-as -mcpu=arm7tdmi -march=armv4t -meabi=5 --defsym MODERN=1 --defsym EMERALD=1 -I sound -o build/emerald-repair-headless-20260908/sound/songs/midi/se_m_flatter.o sound/songs/midi/se_m_flatter.s
arm-none-eabi-as -mcpu=arm7tdmi -march=armv4t -meabi=5 --defsym MODERN=1 --defsym EMERALD=1 -I sound -o build/emerald-repair-headless-20260908/sound/songs/midi/se_m_fly.o sound/songs/midi/se_m_fly.s
arm-none-eabi-as -mcpu=arm7tdmi -march=armv4t -meabi=5 --defsym MODERN=1 --defsym EMERALD=1 -I sound -o build/emerald-repair-headless-20260908/sound/songs/midi/se_m_giga_drain.o sound/songs/midi/se_m_giga_drain.s
arm-none-eabi-as -mcpu=arm7tdmi -march=armv4t -meabi=5 --defsym MODERN=1 --defsym EMERALD=1 -I sound -o build/emerald-repair-headless-20260908/sound/songs/midi/se_m_grasswhistle.o sound/songs/midi/se_m_grasswhistle.s
arm-none-eabi-as -mcpu=arm7tdmi -march=armv4t -meabi=5 --defsym MODERN=1 --defsym EMERALD=1 -I sound -o build/emerald-repair-headless-20260908/sound/songs/midi/se_m_gust.o sound/songs/midi/se_m_gust.s
arm-none-eabi-as -mcpu=arm7tdmi -march=armv4t -meabi=5 --defsym MODERN=1 --defsym EMERALD=1 -I sound -o build/emerald-repair-headless-20260908/sound/songs/midi/se_m_gust2.o sound/songs/midi/se_m_gust2.s
arm-none-eabi-as -mcpu=arm7tdmi -march=armv4t -meabi=5 --defsym MODERN=1 --defsym EMERALD=1 -I sound -o build/emerald-repair-headless-20260908/sound/songs/midi/se_m_hail.o sound/songs/midi/se_m_hail.s
arm-none-eabi-as -mcpu=arm7tdmi -march=armv4t -meabi=5 --defsym MODERN=1 --defsym EMERALD=1 -I sound -o build/emerald-repair-headless-20260908/sound/songs/midi/se_m_harden.o sound/songs/midi/se_m_harden.s
arm-none-eabi-as -mcpu=arm7tdmi -march=armv4t -meabi=5 --defsym MODERN=1 --defsym EMERALD=1 -I sound -o build/emerald-repair-headless-20260908/sound/songs/midi/se_m_haze.o sound/songs/midi/se_m_haze.s
arm-none-eabi-as -mcpu=arm7tdmi -march=armv4t -meabi=5 --defsym MODERN=1 --defsym EMERALD=1 -I sound -o build/emerald-repair-headless-20260908/sound/songs/midi/se_m_headbutt.o sound/songs/midi/se_m_headbutt.s
arm-none-eabi-as -mcpu=arm7tdmi -march=armv4t -meabi=5 --defsym MODERN=1 --defsym EMERALD=1 -I sound -o build/emerald-repair-headless-20260908/sound/songs/midi/se_m_heal_bell.o sound/songs/midi/se_m_heal_bell.s
arm-none-eabi-as -mcpu=arm7tdmi -march=armv4t -meabi=5 --defsym MODERN=1 --defsym EMERALD=1 -I sound -o build/emerald-repair-headless-20260908/sound/songs/midi/se_m_heat_wave.o sound/songs/midi/se_m_heat_wave.s
arm-none-eabi-as -mcpu=arm7tdmi -march=armv4t -meabi=5 --defsym MODERN=1 --defsym EMERALD=1 -I sound -o build/emerald-repair-headless-20260908/sound/songs/midi/se_m_horn_attack.o sound/songs/midi/se_m_horn_attack.s
arm-none-eabi-as -mcpu=arm7tdmi -march=armv4t -meabi=5 --defsym MODERN=1 --defsym EMERALD=1 -I sound -o build/emerald-repair-headless-20260908/sound/songs/midi/se_m_hydro_pump.o sound/songs/midi/se_m_hydro_pump.s
arm-none-eabi-as -mcpu=arm7tdmi -march=armv4t -meabi=5 --defsym MODERN=1 --defsym EMERALD=1 -I sound -o build/emerald-repair-headless-20260908/sound/songs/midi/se_m_hyper_beam.o sound/songs/midi/se_m_hyper_beam.s
arm-none-eabi-as -mcpu=arm7tdmi -march=armv4t -meabi=5 --defsym MODERN=1 --defsym EMERALD=1 -I sound -o build/emerald-repair-headless-20260908/sound/songs/midi/se_m_hyper_beam2.o sound/songs/midi/se_m_hyper_beam2.s
arm-none-eabi-as -mcpu=arm7tdmi -march=armv4t -meabi=5 --defsym MODERN=1 --defsym EMERALD=1 -I sound -o build/emerald-repair-headless-20260908/sound/songs/midi/se_m_icy_wind.o sound/songs/midi/se_m_icy_wind.s
arm-none-eabi-as -mcpu=arm7tdmi -march=armv4t -meabi=5 --defsym MODERN=1 --defsym EMERALD=1 -I sound -o build/emerald-repair-headless-20260908/sound/songs/midi/se_m_jump_kick.o sound/songs/midi/se_m_jump_kick.s
arm-none-eabi-as -mcpu=arm7tdmi -march=armv4t -meabi=5 --defsym MODERN=1 --defsym EMERALD=1 -I sound -o build/emerald-repair-headless-20260908/sound/songs/midi/se_m_leer.o sound/songs/midi/se_m_leer.s
arm-none-eabi-as -mcpu=arm7tdmi -march=armv4t -meabi=5 --defsym MODERN=1 --defsym EMERALD=1 -I sound -o build/emerald-repair-headless-20260908/sound/songs/midi/se_m_lick.o sound/songs/midi/se_m_lick.s
arm-none-eabi-as -mcpu=arm7tdmi -march=armv4t -meabi=5 --defsym MODERN=1 --defsym EMERALD=1 -I sound -o build/emerald-repair-headless-20260908/sound/songs/midi/se_m_lock_on.o sound/songs/midi/se_m_lock_on.s
arm-none-eabi-as -mcpu=arm7tdmi -march=armv4t -meabi=5 --defsym MODERN=1 --defsym EMERALD=1 -I sound -o build/emerald-repair-headless-20260908/sound/songs/midi/se_m_mega_kick.o sound/songs/midi/se_m_mega_kick.s
arm-none-eabi-as -mcpu=arm7tdmi -march=armv4t -meabi=5 --defsym MODERN=1 --defsym EMERALD=1 -I sound -o build/emerald-repair-headless-20260908/sound/songs/midi/se_m_mega_kick2.o sound/songs/midi/se_m_mega_kick2.s
arm-none-eabi-as -mcpu=arm7tdmi -march=armv4t -meabi=5 --defsym MODERN=1 --defsym EMERALD=1 -I sound -o build/emerald-repair-headless-20260908/sound/songs/midi/se_m_metronome.o sound/songs/midi/se_m_metronome.s
arm-none-eabi-as -mcpu=arm7tdmi -march=armv4t -meabi=5 --defsym MODERN=1 --defsym EMERALD=1 -I sound -o build/emerald-repair-headless-20260908/sound/songs/midi/se_m_milk_drink.o sound/songs/midi/se_m_milk_drink.s
arm-none-eabi-as -mcpu=arm7tdmi -march=armv4t -meabi=5 --defsym MODERN=1 --defsym EMERALD=1 -I sound -o build/emerald-repair-headless-20260908/sound/songs/midi/se_m_minimize.o sound/songs/midi/se_m_minimize.s
arm-none-eabi-as -mcpu=arm7tdmi -march=armv4t -meabi=5 --defsym MODERN=1 --defsym EMERALD=1 -I sound -o build/emerald-repair-headless-20260908/sound/songs/midi/se_m_mist.o sound/songs/midi/se_m_mist.s
arm-none-eabi-as -mcpu=arm7tdmi -march=armv4t -meabi=5 --defsym MODERN=1 --defsym EMERALD=1 -I sound -o build/emerald-repair-headless-20260908/sound/songs/midi/se_m_moonlight.o sound/songs/midi/se_m_moonlight.s
arm-none-eabi-as -mcpu=arm7tdmi -march=armv4t -meabi=5 --defsym MODERN=1 --defsym EMERALD=1 -I sound -o build/emerald-repair-headless-20260908/sound/songs/midi/se_m_morning_sun.o sound/songs/midi/se_m_morning_sun.s
arm-none-eabi-as -mcpu=arm7tdmi -march=armv4t -meabi=5 --defsym MODERN=1 --defsym EMERALD=1 -I sound -o build/emerald-repair-headless-20260908/sound/songs/midi/se_m_nightmare.o sound/songs/midi/se_m_nightmare.s
arm-none-eabi-as -mcpu=arm7tdmi -march=armv4t -meabi=5 --defsym MODERN=1 --defsym EMERALD=1 -I sound -o build/emerald-repair-headless-20260908/sound/songs/midi/se_m_pay_day.o sound/songs/midi/se_m_pay_day.s
arm-none-eabi-as -mcpu=arm7tdmi -march=armv4t -meabi=5 --defsym MODERN=1 --defsym EMERALD=1 -I sound -o build/emerald-repair-headless-20260908/sound/songs/midi/se_m_perish_song.o sound/songs/midi/se_m_perish_song.s
arm-none-eabi-as -mcpu=arm7tdmi -march=armv4t -meabi=5 --defsym MODERN=1 --defsym EMERALD=1 -I sound -o build/emerald-repair-headless-20260908/sound/songs/midi/se_m_petal_dance.o sound/songs/midi/se_m_petal_dance.s
arm-none-eabi-as -mcpu=arm7tdmi -march=armv4t -meabi=5 --defsym MODERN=1 --defsym EMERALD=1 -I sound -o build/emerald-repair-headless-20260908/sound/songs/midi/se_m_poison_powder.o sound/songs/midi/se_m_poison_powder.s
arm-none-eabi-as -mcpu=arm7tdmi -march=armv4t -meabi=5 --defsym MODERN=1 --defsym EMERALD=1 -I sound -o build/emerald-repair-headless-20260908/sound/songs/midi/se_m_psybeam.o sound/songs/midi/se_m_psybeam.s
arm-none-eabi-as -mcpu=arm7tdmi -march=armv4t -meabi=5 --defsym MODERN=1 --defsym EMERALD=1 -I sound -o build/emerald-repair-headless-20260908/sound/songs/midi/se_m_psybeam2.o sound/songs/midi/se_m_psybeam2.s
arm-none-eabi-as -mcpu=arm7tdmi -march=armv4t -meabi=5 --defsym MODERN=1 --defsym EMERALD=1 -I sound -o build/emerald-repair-headless-20260908/sound/songs/midi/se_m_rain_dance.o sound/songs/midi/se_m_rain_dance.s
arm-none-eabi-as -mcpu=arm7tdmi -march=armv4t -meabi=5 --defsym MODERN=1 --defsym EMERALD=1 -I sound -o build/emerald-repair-headless-20260908/sound/songs/midi/se_m_razor_wind.o sound/songs/midi/se_m_razor_wind.s
arm-none-eabi-as -mcpu=arm7tdmi -march=armv4t -meabi=5 --defsym MODERN=1 --defsym EMERALD=1 -I sound -o build/emerald-repair-headless-20260908/sound/songs/midi/se_m_razor_wind2.o sound/songs/midi/se_m_razor_wind2.s
arm-none-eabi-as -mcpu=arm7tdmi -march=armv4t -meabi=5 --defsym MODERN=1 --defsym EMERALD=1 -I sound -o build/emerald-repair-headless-20260908/sound/songs/midi/se_m_reflect.o sound/songs/midi/se_m_reflect.s
arm-none-eabi-as -mcpu=arm7tdmi -march=armv4t -meabi=5 --defsym MODERN=1 --defsym EMERALD=1 -I sound -o build/emerald-repair-headless-20260908/sound/songs/midi/se_m_reversal.o sound/songs/midi/se_m_reversal.s
arm-none-eabi-as -mcpu=arm7tdmi -march=armv4t -meabi=5 --defsym MODERN=1 --defsym EMERALD=1 -I sound -o build/emerald-repair-headless-20260908/sound/songs/midi/se_m_rock_throw.o sound/songs/midi/se_m_rock_throw.s
arm-none-eabi-as -mcpu=arm7tdmi -march=armv4t -meabi=5 --defsym MODERN=1 --defsym EMERALD=1 -I sound -o build/emerald-repair-headless-20260908/sound/songs/midi/se_m_sacred_fire.o sound/songs/midi/se_m_sacred_fire.s
arm-none-eabi-as -mcpu=arm7tdmi -march=armv4t -meabi=5 --defsym MODERN=1 --defsym EMERALD=1 -I sound -o build/emerald-repair-headless-20260908/sound/songs/midi/se_m_sacred_fire2.o sound/songs/midi/se_m_sacred_fire2.s
arm-none-eabi-as -mcpu=arm7tdmi -march=armv4t -meabi=5 --defsym MODERN=1 --defsym EMERALD=1 -I sound -o build/emerald-repair-headless-20260908/sound/songs/midi/se_m_sand_attack.o sound/songs/midi/se_m_sand_attack.s
arm-none-eabi-as -mcpu=arm7tdmi -march=armv4t -meabi=5 --defsym MODERN=1 --defsym EMERALD=1 -I sound -o build/emerald-repair-headless-20260908/sound/songs/midi/se_m_sand_tomb.o sound/songs/midi/se_m_sand_tomb.s
arm-none-eabi-as -mcpu=arm7tdmi -march=armv4t -meabi=5 --defsym MODERN=1 --defsym EMERALD=1 -I sound -o build/emerald-repair-headless-20260908/sound/songs/midi/se_m_sandstorm.o sound/songs/midi/se_m_sandstorm.s
arm-none-eabi-as -mcpu=arm7tdmi -march=armv4t -meabi=5 --defsym MODERN=1 --defsym EMERALD=1 -I sound -o build/emerald-repair-headless-20260908/sound/songs/midi/se_m_scratch.o sound/songs/midi/se_m_scratch.s
arm-none-eabi-as -mcpu=arm7tdmi -march=armv4t -meabi=5 --defsym MODERN=1 --defsym EMERALD=1 -I sound -o build/emerald-repair-headless-20260908/sound/songs/midi/se_m_screech.o sound/songs/midi/se_m_screech.s
arm-none-eabi-as -mcpu=arm7tdmi -march=armv4t -meabi=5 --defsym MODERN=1 --defsym EMERALD=1 -I sound -o build/emerald-repair-headless-20260908/sound/songs/midi/se_m_self_destruct.o sound/songs/midi/se_m_self_destruct.s
arm-none-eabi-as -mcpu=arm7tdmi -march=armv4t -meabi=5 --defsym MODERN=1 --defsym EMERALD=1 -I sound -o build/emerald-repair-headless-20260908/sound/songs/midi/se_m_sing.o sound/songs/midi/se_m_sing.s
arm-none-eabi-as -mcpu=arm7tdmi -march=armv4t -meabi=5 --defsym MODERN=1 --defsym EMERALD=1 -I sound -o build/emerald-repair-headless-20260908/sound/songs/midi/se_m_sketch.o sound/songs/midi/se_m_sketch.s
arm-none-eabi-as -mcpu=arm7tdmi -march=armv4t -meabi=5 --defsym MODERN=1 --defsym EMERALD=1 -I sound -o build/emerald-repair-headless-20260908/sound/songs/midi/se_m_sky_uppercut.o sound/songs/midi/se_m_sky_uppercut.s
arm-none-eabi-as -mcpu=arm7tdmi -march=armv4t -meabi=5 --defsym MODERN=1 --defsym EMERALD=1 -I sound -o build/emerald-repair-headless-20260908/sound/songs/midi/se_m_snore.o sound/songs/midi/se_m_snore.s
arm-none-eabi-as -mcpu=arm7tdmi -march=armv4t -meabi=5 --defsym MODERN=1 --defsym EMERALD=1 -I sound -o build/emerald-repair-headless-20260908/sound/songs/midi/se_m_solar_beam.o sound/songs/midi/se_m_solar_beam.s
arm-none-eabi-as -mcpu=arm7tdmi -march=armv4t -meabi=5 --defsym MODERN=1 --defsym EMERALD=1 -I sound -o build/emerald-repair-headless-20260908/sound/songs/midi/se_m_spit_up.o sound/songs/midi/se_m_spit_up.s
arm-none-eabi-as -mcpu=arm7tdmi -march=armv4t -meabi=5 --defsym MODERN=1 --defsym EMERALD=1 -I sound -o build/emerald-repair-headless-20260908/sound/songs/midi/se_m_stat_decrease.o sound/songs/midi/se_m_stat_decrease.s
arm-none-eabi-as -mcpu=arm7tdmi -march=armv4t -meabi=5 --defsym MODERN=1 --defsym EMERALD=1 -I sound -o build/emerald-repair-headless-20260908/sound/songs/midi/se_m_stat_increase.o sound/songs/midi/se_m_stat_increase.s
arm-none-eabi-as -mcpu=arm7tdmi -march=armv4t -meabi=5 --defsym MODERN=1 --defsym EMERALD=1 -I sound -o build/emerald-repair-headless-20260908/sound/songs/midi/se_m_strength.o sound/songs/midi/se_m_strength.s
arm-none-eabi-as -mcpu=arm7tdmi -march=armv4t -meabi=5 --defsym MODERN=1 --defsym EMERALD=1 -I sound -o build/emerald-repair-headless-20260908/sound/songs/midi/se_m_string_shot.o sound/songs/midi/se_m_string_shot.s
arm-none-eabi-as -mcpu=arm7tdmi -march=armv4t -meabi=5 --defsym MODERN=1 --defsym EMERALD=1 -I sound -o build/emerald-repair-headless-20260908/sound/songs/midi/se_m_string_shot2.o sound/songs/midi/se_m_string_shot2.s
arm-none-eabi-as -mcpu=arm7tdmi -march=armv4t -meabi=5 --defsym MODERN=1 --defsym EMERALD=1 -I sound -o build/emerald-repair-headless-20260908/sound/songs/midi/se_m_supersonic.o sound/songs/midi/se_m_supersonic.s
arm-none-eabi-as -mcpu=arm7tdmi -march=armv4t -meabi=5 --defsym MODERN=1 --defsym EMERALD=1 -I sound -o build/emerald-repair-headless-20260908/sound/songs/midi/se_m_surf.o sound/songs/midi/se_m_surf.s
arm-none-eabi-as -mcpu=arm7tdmi -march=armv4t -meabi=5 --defsym MODERN=1 --defsym EMERALD=1 -I sound -o build/emerald-repair-headless-20260908/sound/songs/midi/se_m_swagger.o sound/songs/midi/se_m_swagger.s
arm-none-eabi-as -mcpu=arm7tdmi -march=armv4t -meabi=5 --defsym MODERN=1 --defsym EMERALD=1 -I sound -o build/emerald-repair-headless-20260908/sound/songs/midi/se_m_swagger2.o sound/songs/midi/se_m_swagger2.s
arm-none-eabi-as -mcpu=arm7tdmi -march=armv4t -meabi=5 --defsym MODERN=1 --defsym EMERALD=1 -I sound -o build/emerald-repair-headless-20260908/sound/songs/midi/se_m_sweet_scent.o sound/songs/midi/se_m_sweet_scent.s
arm-none-eabi-as -mcpu=arm7tdmi -march=armv4t -meabi=5 --defsym MODERN=1 --defsym EMERALD=1 -I sound -o build/emerald-repair-headless-20260908/sound/songs/midi/se_m_swift.o sound/songs/midi/se_m_swift.s
arm-none-eabi-as -mcpu=arm7tdmi -march=armv4t -meabi=5 --defsym MODERN=1 --defsym EMERALD=1 -I sound -o build/emerald-repair-headless-20260908/sound/songs/midi/se_m_swords_dance.o sound/songs/midi/se_m_swords_dance.s
arm-none-eabi-as -mcpu=arm7tdmi -march=armv4t -meabi=5 --defsym MODERN=1 --defsym EMERALD=1 -I sound -o build/emerald-repair-headless-20260908/sound/songs/midi/se_m_tail_whip.o sound/songs/midi/se_m_tail_whip.s
arm-none-eabi-as -mcpu=arm7tdmi -march=armv4t -meabi=5 --defsym MODERN=1 --defsym EMERALD=1 -I sound -o build/emerald-repair-headless-20260908/sound/songs/midi/se_m_take_down.o sound/songs/midi/se_m_take_down.s
arm-none-eabi-as -mcpu=arm7tdmi -march=armv4t -meabi=5 --defsym MODERN=1 --defsym EMERALD=1 -I sound -o build/emerald-repair-headless-20260908/sound/songs/midi/se_m_teeter_dance.o sound/songs/midi/se_m_teeter_dance.s
arm-none-eabi-as -mcpu=arm7tdmi -march=armv4t -meabi=5 --defsym MODERN=1 --defsym EMERALD=1 -I sound -o build/emerald-repair-headless-20260908/sound/songs/midi/se_m_teleport.o sound/songs/midi/se_m_teleport.s
arm-none-eabi-as -mcpu=arm7tdmi -march=armv4t -meabi=5 --defsym MODERN=1 --defsym EMERALD=1 -I sound -o build/emerald-repair-headless-20260908/sound/songs/midi/se_m_thunder_wave.o sound/songs/midi/se_m_thunder_wave.s
arm-none-eabi-as -mcpu=arm7tdmi -march=armv4t -meabi=5 --defsym MODERN=1 --defsym EMERALD=1 -I sound -o build/emerald-repair-headless-20260908/sound/songs/midi/se_m_thunderbolt.o sound/songs/midi/se_m_thunderbolt.s
arm-none-eabi-as -mcpu=arm7tdmi -march=armv4t -meabi=5 --defsym MODERN=1 --defsym EMERALD=1 -I sound -o build/emerald-repair-headless-20260908/sound/songs/midi/se_m_thunderbolt2.o sound/songs/midi/se_m_thunderbolt2.s
arm-none-eabi-as -mcpu=arm7tdmi -march=armv4t -meabi=5 --defsym MODERN=1 --defsym EMERALD=1 -I sound -o build/emerald-repair-headless-20260908/sound/songs/midi/se_m_toxic.o sound/songs/midi/se_m_toxic.s
arm-none-eabi-as -mcpu=arm7tdmi -march=armv4t -meabi=5 --defsym MODERN=1 --defsym EMERALD=1 -I sound -o build/emerald-repair-headless-20260908/sound/songs/midi/se_m_tri_attack.o sound/songs/midi/se_m_tri_attack.s
arm-none-eabi-as -mcpu=arm7tdmi -march=armv4t -meabi=5 --defsym MODERN=1 --defsym EMERALD=1 -I sound -o build/emerald-repair-headless-20260908/sound/songs/midi/se_m_tri_attack2.o sound/songs/midi/se_m_tri_attack2.s
arm-none-eabi-as -mcpu=arm7tdmi -march=armv4t -meabi=5 --defsym MODERN=1 --defsym EMERALD=1 -I sound -o build/emerald-repair-headless-20260908/sound/songs/midi/se_m_twister.o sound/songs/midi/se_m_twister.s
arm-none-eabi-as -mcpu=arm7tdmi -march=armv4t -meabi=5 --defsym MODERN=1 --defsym EMERALD=1 -I sound -o build/emerald-repair-headless-20260908/sound/songs/midi/se_m_uproar.o sound/songs/midi/se_m_uproar.s
arm-none-eabi-as -mcpu=arm7tdmi -march=armv4t -meabi=5 --defsym MODERN=1 --defsym EMERALD=1 -I sound -o build/emerald-repair-headless-20260908/sound/songs/midi/se_m_vicegrip.o sound/songs/midi/se_m_vicegrip.s
arm-none-eabi-as -mcpu=arm7tdmi -march=armv4t -meabi=5 --defsym MODERN=1 --defsym EMERALD=1 -I sound -o build/emerald-repair-headless-20260908/sound/songs/midi/se_m_vital_throw.o sound/songs/midi/se_m_vital_throw.s
arm-none-eabi-as -mcpu=arm7tdmi -march=armv4t -meabi=5 --defsym MODERN=1 --defsym EMERALD=1 -I sound -o build/emerald-repair-headless-20260908/sound/songs/midi/se_m_vital_throw2.o sound/songs/midi/se_m_vital_throw2.s
arm-none-eabi-as -mcpu=arm7tdmi -march=armv4t -meabi=5 --defsym MODERN=1 --defsym EMERALD=1 -I sound -o build/emerald-repair-headless-20260908/sound/songs/midi/se_m_waterfall.o sound/songs/midi/se_m_waterfall.s
arm-none-eabi-as -mcpu=arm7tdmi -march=armv4t -meabi=5 --defsym MODERN=1 --defsym EMERALD=1 -I sound -o build/emerald-repair-headless-20260908/sound/songs/midi/se_m_whirlpool.o sound/songs/midi/se_m_whirlpool.s
arm-none-eabi-as -mcpu=arm7tdmi -march=armv4t -meabi=5 --defsym MODERN=1 --defsym EMERALD=1 -I sound -o build/emerald-repair-headless-20260908/sound/songs/midi/se_m_wing_attack.o sound/songs/midi/se_m_wing_attack.s
arm-none-eabi-as -mcpu=arm7tdmi -march=armv4t -meabi=5 --defsym MODERN=1 --defsym EMERALD=1 -I sound -o build/emerald-repair-headless-20260908/sound/songs/midi/se_m_yawn.o sound/songs/midi/se_m_yawn.s
arm-none-eabi-as -mcpu=arm7tdmi -march=armv4t -meabi=5 --defsym MODERN=1 --defsym EMERALD=1 -I sound -o build/emerald-repair-headless-20260908/sound/songs/midi/se_mud_ball.o sound/songs/midi/se_mud_ball.s
arm-none-eabi-as -mcpu=arm7tdmi -march=armv4t -meabi=5 --defsym MODERN=1 --defsym EMERALD=1 -I sound -o build/emerald-repair-headless-20260908/sound/songs/midi/se_mugshot.o sound/songs/midi/se_mugshot.s
arm-none-eabi-as -mcpu=arm7tdmi -march=armv4t -meabi=5 --defsym MODERN=1 --defsym EMERALD=1 -I sound -o build/emerald-repair-headless-20260908/sound/songs/midi/se_n.o sound/songs/midi/se_n.s
arm-none-eabi-as -mcpu=arm7tdmi -march=armv4t -meabi=5 --defsym MODERN=1 --defsym EMERALD=1 -I sound -o build/emerald-repair-headless-20260908/sound/songs/midi/se_not_effective.o sound/songs/midi/se_not_effective.s
arm-none-eabi-as -mcpu=arm7tdmi -march=armv4t -meabi=5 --defsym MODERN=1 --defsym EMERALD=1 -I sound -o build/emerald-repair-headless-20260908/sound/songs/midi/se_note_a.o sound/songs/midi/se_note_a.s
arm-none-eabi-as -mcpu=arm7tdmi -march=armv4t -meabi=5 --defsym MODERN=1 --defsym EMERALD=1 -I sound -o build/emerald-repair-headless-20260908/sound/songs/midi/se_note_b.o sound/songs/midi/se_note_b.s
arm-none-eabi-as -mcpu=arm7tdmi -march=armv4t -meabi=5 --defsym MODERN=1 --defsym EMERALD=1 -I sound -o build/emerald-repair-headless-20260908/sound/songs/midi/se_note_c.o sound/songs/midi/se_note_c.s
arm-none-eabi-as -mcpu=arm7tdmi -march=armv4t -meabi=5 --defsym MODERN=1 --defsym EMERALD=1 -I sound -o build/emerald-repair-headless-20260908/sound/songs/midi/se_note_c_high.o sound/songs/midi/se_note_c_high.s
arm-none-eabi-as -mcpu=arm7tdmi -march=armv4t -meabi=5 --defsym MODERN=1 --defsym EMERALD=1 -I sound -o build/emerald-repair-headless-20260908/sound/songs/midi/se_note_d.o sound/songs/midi/se_note_d.s
arm-none-eabi-as -mcpu=arm7tdmi -march=armv4t -meabi=5 --defsym MODERN=1 --defsym EMERALD=1 -I sound -o build/emerald-repair-headless-20260908/sound/songs/midi/se_note_e.o sound/songs/midi/se_note_e.s
arm-none-eabi-as -mcpu=arm7tdmi -march=armv4t -meabi=5 --defsym MODERN=1 --defsym EMERALD=1 -I sound -o build/emerald-repair-headless-20260908/sound/songs/midi/se_note_f.o sound/songs/midi/se_note_f.s
arm-none-eabi-as -mcpu=arm7tdmi -march=armv4t -meabi=5 --defsym MODERN=1 --defsym EMERALD=1 -I sound -o build/emerald-repair-headless-20260908/sound/songs/midi/se_note_g.o sound/songs/midi/se_note_g.s
arm-none-eabi-as -mcpu=arm7tdmi -march=armv4t -meabi=5 --defsym MODERN=1 --defsym EMERALD=1 -I sound -o build/emerald-repair-headless-20260908/sound/songs/midi/se_o.o sound/songs/midi/se_o.s
arm-none-eabi-as -mcpu=arm7tdmi -march=armv4t -meabi=5 --defsym MODERN=1 --defsym EMERALD=1 -I sound -o build/emerald-repair-headless-20260908/sound/songs/midi/se_orb.o sound/songs/midi/se_orb.s
arm-none-eabi-as -mcpu=arm7tdmi -march=armv4t -meabi=5 --defsym MODERN=1 --defsym EMERALD=1 -I sound -o build/emerald-repair-headless-20260908/sound/songs/midi/se_pc_login.o sound/songs/midi/se_pc_login.s
arm-none-eabi-as -mcpu=arm7tdmi -march=armv4t -meabi=5 --defsym MODERN=1 --defsym EMERALD=1 -I sound -o build/emerald-repair-headless-20260908/sound/songs/midi/se_pc_off.o sound/songs/midi/se_pc_off.s
arm-none-eabi-as -mcpu=arm7tdmi -march=armv4t -meabi=5 --defsym MODERN=1 --defsym EMERALD=1 -I sound -o build/emerald-repair-headless-20260908/sound/songs/midi/se_pc_on.o sound/songs/midi/se_pc_on.s
arm-none-eabi-as -mcpu=arm7tdmi -march=armv4t -meabi=5 --defsym MODERN=1 --defsym EMERALD=1 -I sound -o build/emerald-repair-headless-20260908/sound/songs/midi/se_pike_curtain_close.o sound/songs/midi/se_pike_curtain_close.s
arm-none-eabi-as -mcpu=arm7tdmi -march=armv4t -meabi=5 --defsym MODERN=1 --defsym EMERALD=1 -I sound -o build/emerald-repair-headless-20260908/sound/songs/midi/se_pike_curtain_open.o sound/songs/midi/se_pike_curtain_open.s
arm-none-eabi-as -mcpu=arm7tdmi -march=armv4t -meabi=5 --defsym MODERN=1 --defsym EMERALD=1 -I sound -o build/emerald-repair-headless-20260908/sound/songs/midi/se_pin.o sound/songs/midi/se_pin.s
arm-none-eabi-as -mcpu=arm7tdmi -march=armv4t -meabi=5 --defsym MODERN=1 --defsym EMERALD=1 -I sound -o build/emerald-repair-headless-20260908/sound/songs/midi/se_pokenav_call.o sound/songs/midi/se_pokenav_call.s
arm-none-eabi-as -mcpu=arm7tdmi -march=armv4t -meabi=5 --defsym MODERN=1 --defsym EMERALD=1 -I sound -o build/emerald-repair-headless-20260908/sound/songs/midi/se_pokenav_hang_up.o sound/songs/midi/se_pokenav_hang_up.s
arm-none-eabi-as -mcpu=arm7tdmi -march=armv4t -meabi=5 --defsym MODERN=1 --defsym EMERALD=1 -I sound -o build/emerald-repair-headless-20260908/sound/songs/midi/se_pokenav_off.o sound/songs/midi/se_pokenav_off.s
arm-none-eabi-as -mcpu=arm7tdmi -march=armv4t -meabi=5 --defsym MODERN=1 --defsym EMERALD=1 -I sound -o build/emerald-repair-headless-20260908/sound/songs/midi/se_pokenav_on.o sound/songs/midi/se_pokenav_on.s
arm-none-eabi-as -mcpu=arm7tdmi -march=armv4t -meabi=5 --defsym MODERN=1 --defsym EMERALD=1 -I sound -o build/emerald-repair-headless-20260908/sound/songs/midi/se_puddle.o sound/songs/midi/se_puddle.s
arm-none-eabi-as -mcpu=arm7tdmi -march=armv4t -meabi=5 --defsym MODERN=1 --defsym EMERALD=1 -I sound -o build/emerald-repair-headless-20260908/sound/songs/midi/se_rain.o sound/songs/midi/se_rain.s
arm-none-eabi-as -mcpu=arm7tdmi -march=armv4t -meabi=5 --defsym MODERN=1 --defsym EMERALD=1 -I sound -o build/emerald-repair-headless-20260908/sound/songs/midi/se_rain_stop.o sound/songs/midi/se_rain_stop.s
arm-none-eabi-as -mcpu=arm7tdmi -march=armv4t -meabi=5 --defsym MODERN=1 --defsym EMERALD=1 -I sound -o build/emerald-repair-headless-20260908/sound/songs/midi/se_repel.o sound/songs/midi/se_repel.s
arm-none-eabi-as -mcpu=arm7tdmi -march=armv4t -meabi=5 --defsym MODERN=1 --defsym EMERALD=1 -I sound -o build/emerald-repair-headless-20260908/sound/songs/midi/se_rg_bag_cursor.o sound/songs/midi/se_rg_bag_cursor.s
arm-none-eabi-as -mcpu=arm7tdmi -march=armv4t -meabi=5 --defsym MODERN=1 --defsym EMERALD=1 -I sound -o build/emerald-repair-headless-20260908/sound/songs/midi/se_rg_bag_pocket.o sound/songs/midi/se_rg_bag_pocket.s
arm-none-eabi-as -mcpu=arm7tdmi -march=armv4t -meabi=5 --defsym MODERN=1 --defsym EMERALD=1 -I sound -o build/emerald-repair-headless-20260908/sound/songs/midi/se_rg_ball_click.o sound/songs/midi/se_rg_ball_click.s
arm-none-eabi-as -mcpu=arm7tdmi -march=armv4t -meabi=5 --defsym MODERN=1 --defsym EMERALD=1 -I sound -o build/emerald-repair-headless-20260908/sound/songs/midi/se_rg_card_flip.o sound/songs/midi/se_rg_card_flip.s
arm-none-eabi-as -mcpu=arm7tdmi -march=armv4t -meabi=5 --defsym MODERN=1 --defsym EMERALD=1 -I sound -o build/emerald-repair-headless-20260908/sound/songs/midi/se_rg_card_flipping.o sound/songs/midi/se_rg_card_flipping.s
arm-none-eabi-as -mcpu=arm7tdmi -march=armv4t -meabi=5 --defsym MODERN=1 --defsym EMERALD=1 -I sound -o build/emerald-repair-headless-20260908/sound/songs/midi/se_rg_card_open.o sound/songs/midi/se_rg_card_open.s
arm-none-eabi-as -mcpu=arm7tdmi -march=armv4t -meabi=5 --defsym MODERN=1 --defsym EMERALD=1 -I sound -o build/emerald-repair-headless-20260908/sound/songs/midi/se_rg_deoxys_move.o sound/songs/midi/se_rg_deoxys_move.s
arm-none-eabi-as -mcpu=arm7tdmi -march=armv4t -meabi=5 --defsym MODERN=1 --defsym EMERALD=1 -I sound -o build/emerald-repair-headless-20260908/sound/songs/midi/se_rg_door.o sound/songs/midi/se_rg_door.s
arm-none-eabi-as -mcpu=arm7tdmi -march=armv4t -meabi=5 --defsym MODERN=1 --defsym EMERALD=1 -I sound -o build/emerald-repair-headless-20260908/sound/songs/midi/se_rg_help_close.o sound/songs/midi/se_rg_help_close.s
arm-none-eabi-as -mcpu=arm7tdmi -march=armv4t -meabi=5 --defsym MODERN=1 --defsym EMERALD=1 -I sound -o build/emerald-repair-headless-20260908/sound/songs/midi/se_rg_help_error.o sound/songs/midi/se_rg_help_error.s
arm-none-eabi-as -mcpu=arm7tdmi -march=armv4t -meabi=5 --defsym MODERN=1 --defsym EMERALD=1 -I sound -o build/emerald-repair-headless-20260908/sound/songs/midi/se_rg_help_open.o sound/songs/midi/se_rg_help_open.s
arm-none-eabi-as -mcpu=arm7tdmi -march=armv4t -meabi=5 --defsym MODERN=1 --defsym EMERALD=1 -I sound -o build/emerald-repair-headless-20260908/sound/songs/midi/se_rg_poke_jump_failure.o sound/songs/midi/se_rg_poke_jump_failure.s
arm-none-eabi-as -mcpu=arm7tdmi -march=armv4t -meabi=5 --defsym MODERN=1 --defsym EMERALD=1 -I sound -o build/emerald-repair-headless-20260908/sound/songs/midi/se_rg_poke_jump_success.o sound/songs/midi/se_rg_poke_jump_success.s
arm-none-eabi-as -mcpu=arm7tdmi -march=armv4t -meabi=5 --defsym MODERN=1 --defsym EMERALD=1 -I sound -o build/emerald-repair-headless-20260908/sound/songs/midi/se_rg_shop.o sound/songs/midi/se_rg_shop.s
arm-none-eabi-as -mcpu=arm7tdmi -march=armv4t -meabi=5 --defsym MODERN=1 --defsym EMERALD=1 -I sound -o build/emerald-repair-headless-20260908/sound/songs/midi/se_rg_ss_anne_horn.o sound/songs/midi/se_rg_ss_anne_horn.s
arm-none-eabi-as -mcpu=arm7tdmi -march=armv4t -meabi=5 --defsym MODERN=1 --defsym EMERALD=1 -I sound -o build/emerald-repair-headless-20260908/sound/songs/midi/se_rotating_gate.o sound/songs/midi/se_rotating_gate.s
arm-none-eabi-as -mcpu=arm7tdmi -march=armv4t -meabi=5 --defsym MODERN=1 --defsym EMERALD=1 -I sound -o build/emerald-repair-headless-20260908/sound/songs/midi/se_roulette_ball.o sound/songs/midi/se_roulette_ball.s
arm-none-eabi-as -mcpu=arm7tdmi -march=armv4t -meabi=5 --defsym MODERN=1 --defsym EMERALD=1 -I sound -o build/emerald-repair-headless-20260908/sound/songs/midi/se_roulette_ball2.o sound/songs/midi/se_roulette_ball2.s
arm-none-eabi-as -mcpu=arm7tdmi -march=armv4t -meabi=5 --defsym MODERN=1 --defsym EMERALD=1 -I sound -o build/emerald-repair-headless-20260908/sound/songs/midi/se_save.o sound/songs/midi/se_save.s
arm-none-eabi-as -mcpu=arm7tdmi -march=armv4t -meabi=5 --defsym MODERN=1 --defsym EMERALD=1 -I sound -o build/emerald-repair-headless-20260908/sound/songs/midi/se_select.o sound/songs/midi/se_select.s
arm-none-eabi-as -mcpu=arm7tdmi -march=armv4t -meabi=5 --defsym MODERN=1 --defsym EMERALD=1 -I sound -o build/emerald-repair-headless-20260908/sound/songs/midi/se_shiny.o sound/songs/midi/se_shiny.s
arm-none-eabi-as -mcpu=arm7tdmi -march=armv4t -meabi=5 --defsym MODERN=1 --defsym EMERALD=1 -I sound -o build/emerald-repair-headless-20260908/sound/songs/midi/se_ship.o sound/songs/midi/se_ship.s
arm-none-eabi-as -mcpu=arm7tdmi -march=armv4t -meabi=5 --defsym MODERN=1 --defsym EMERALD=1 -I sound -o build/emerald-repair-headless-20260908/sound/songs/midi/se_shop.o sound/songs/midi/se_shop.s
arm-none-eabi-as -mcpu=arm7tdmi -march=armv4t -meabi=5 --defsym MODERN=1 --defsym EMERALD=1 -I sound -o build/emerald-repair-headless-20260908/sound/songs/midi/se_sliding_door.o sound/songs/midi/se_sliding_door.s
arm-none-eabi-as -mcpu=arm7tdmi -march=armv4t -meabi=5 --defsym MODERN=1 --defsym EMERALD=1 -I sound -o build/emerald-repair-headless-20260908/sound/songs/midi/se_success.o sound/songs/midi/se_success.s
arm-none-eabi-as -mcpu=arm7tdmi -march=armv4t -meabi=5 --defsym MODERN=1 --defsym EMERALD=1 -I sound -o build/emerald-repair-headless-20260908/sound/songs/midi/se_sudowoodo_shake.o sound/songs/midi/se_sudowoodo_shake.s
arm-none-eabi-as -mcpu=arm7tdmi -march=armv4t -meabi=5 --defsym MODERN=1 --defsym EMERALD=1 -I sound -o build/emerald-repair-headless-20260908/sound/songs/midi/se_super_effective.o sound/songs/midi/se_super_effective.s
arm-none-eabi-as -mcpu=arm7tdmi -march=armv4t -meabi=5 --defsym MODERN=1 --defsym EMERALD=1 -I sound -o build/emerald-repair-headless-20260908/sound/songs/midi/se_switch.o sound/songs/midi/se_switch.s
arm-none-eabi-as -mcpu=arm7tdmi -march=armv4t -meabi=5 --defsym MODERN=1 --defsym EMERALD=1 -I sound -o build/emerald-repair-headless-20260908/sound/songs/midi/se_taillow_wing_flap.o sound/songs/midi/se_taillow_wing_flap.s
arm-none-eabi-as -mcpu=arm7tdmi -march=armv4t -meabi=5 --defsym MODERN=1 --defsym EMERALD=1 -I sound -o build/emerald-repair-headless-20260908/sound/songs/midi/se_thunder.o sound/songs/midi/se_thunder.s
arm-none-eabi-as -mcpu=arm7tdmi -march=armv4t -meabi=5 --defsym MODERN=1 --defsym EMERALD=1 -I sound -o build/emerald-repair-headless-20260908/sound/songs/midi/se_thunder2.o sound/songs/midi/se_thunder2.s
arm-none-eabi-as -mcpu=arm7tdmi -march=armv4t -meabi=5 --defsym MODERN=1 --defsym EMERALD=1 -I sound -o build/emerald-repair-headless-20260908/sound/songs/midi/se_thunderstorm.o sound/songs/midi/se_thunderstorm.s
arm-none-eabi-as -mcpu=arm7tdmi -march=armv4t -meabi=5 --defsym MODERN=1 --defsym EMERALD=1 -I sound -o build/emerald-repair-headless-20260908/sound/songs/midi/se_thunderstorm_stop.o sound/songs/midi/se_thunderstorm_stop.s
arm-none-eabi-as -mcpu=arm7tdmi -march=armv4t -meabi=5 --defsym MODERN=1 --defsym EMERALD=1 -I sound -o build/emerald-repair-headless-20260908/sound/songs/midi/se_truck_door.o sound/songs/midi/se_truck_door.s
arm-none-eabi-as -mcpu=arm7tdmi -march=armv4t -meabi=5 --defsym MODERN=1 --defsym EMERALD=1 -I sound -o build/emerald-repair-headless-20260908/sound/songs/midi/se_truck_move.o sound/songs/midi/se_truck_move.s
arm-none-eabi-as -mcpu=arm7tdmi -march=armv4t -meabi=5 --defsym MODERN=1 --defsym EMERALD=1 -I sound -o build/emerald-repair-headless-20260908/sound/songs/midi/se_truck_stop.o sound/songs/midi/se_truck_stop.s
arm-none-eabi-as -mcpu=arm7tdmi -march=armv4t -meabi=5 --defsym MODERN=1 --defsym EMERALD=1 -I sound -o build/emerald-repair-headless-20260908/sound/songs/midi/se_truck_unload.o sound/songs/midi/se_truck_unload.s
arm-none-eabi-as -mcpu=arm7tdmi -march=armv4t -meabi=5 --defsym MODERN=1 --defsym EMERALD=1 -I sound -o build/emerald-repair-headless-20260908/sound/songs/midi/se_u.o sound/songs/midi/se_u.s
arm-none-eabi-as -mcpu=arm7tdmi -march=armv4t -meabi=5 --defsym MODERN=1 --defsym EMERALD=1 -I sound -o build/emerald-repair-headless-20260908/sound/songs/midi/se_unlock.o sound/songs/midi/se_unlock.s
arm-none-eabi-as -mcpu=arm7tdmi -march=armv4t -meabi=5 --defsym MODERN=1 --defsym EMERALD=1 -I sound -o build/emerald-repair-headless-20260908/sound/songs/midi/se_use_item.o sound/songs/midi/se_use_item.s
arm-none-eabi-as -mcpu=arm7tdmi -march=armv4t -meabi=5 --defsym MODERN=1 --defsym EMERALD=1 -I sound -o build/emerald-repair-headless-20260908/sound/songs/midi/se_vend.o sound/songs/midi/se_vend.s
arm-none-eabi-as -mcpu=arm7tdmi -march=armv4t -meabi=5 --defsym MODERN=1 --defsym EMERALD=1 -I sound -o build/emerald-repair-headless-20260908/sound/songs/midi/se_wall_hit.o sound/songs/midi/se_wall_hit.s
arm-none-eabi-as -mcpu=arm7tdmi -march=armv4t -meabi=5 --defsym MODERN=1 --defsym EMERALD=1 -I sound -o build/emerald-repair-headless-20260908/sound/songs/midi/se_warp_in.o sound/songs/midi/se_warp_in.s
arm-none-eabi-as -mcpu=arm7tdmi -march=armv4t -meabi=5 --defsym MODERN=1 --defsym EMERALD=1 -I sound -o build/emerald-repair-headless-20260908/sound/songs/midi/se_warp_out.o sound/songs/midi/se_warp_out.s
arm-none-eabi-as -mcpu=arm7tdmi -march=armv4t -meabi=5 --defsym MODERN=1 --defsym EMERALD=1 -I sound -o build/emerald-repair-headless-20260908/sound/songs/midi/se_win_open.o sound/songs/midi/se_win_open.s
/Users/ericguthrie/Documents/ChatGPT/Emerald/emerald-champions/work/toolchain/arm-expanded/Payload/bin/../libexec/gcc/arm-none-eabi/15.3.1/cc1 -quiet <flags> -o build/emerald-repair-headless-20260908/src/battle_transition.o src/battle_transition.c
/Users/ericguthrie/Documents/ChatGPT/Emerald/emerald-champions/work/toolchain/arm-expanded/Payload/bin/../libexec/gcc/arm-none-eabi/15.3.1/cc1 -quiet <flags> -o build/emerald-repair-headless-20260908/src/graphics.o src/graphics.c
/Users/ericguthrie/Documents/ChatGPT/Emerald/emerald-champions/work/toolchain/arm-expanded/Payload/bin/../libexec/gcc/arm-none-eabi/15.3.1/cc1 -quiet <flags> -o build/emerald-repair-headless-20260908/src/pokemon.o src/pokemon.c
/Users/ericguthrie/Documents/ChatGPT/Emerald/emerald-champions/work/toolchain/arm-expanded/Payload/bin/../libexec/gcc/arm-none-eabi/15.3.1/cc1 -quiet <flags> -o build/emerald-repair-headless-20260908/src/pokemon_jump.o src/pokemon_jump.c
tools/compresSmol/compresSmol -w graphics/pokemon_storage/wallpapers/azumarill/tiles.4bpp build/assets/graphics/pokemon_storage/wallpapers/azumarill/tiles.4bpp.smol 
tools/compresSmol/compresSmol -w graphics/pokemon_storage/wallpapers/beach/tiles.4bpp build/assets/graphics/pokemon_storage/wallpapers/beach/tiles.4bpp.smol 
tools/compresSmol/compresSmol -w graphics/pokemon_storage/wallpapers/blank/tiles.4bpp build/assets/graphics/pokemon_storage/wallpapers/blank/tiles.4bpp.smol 
tools/compresSmol/compresSmol -w graphics/pokemon_storage/wallpapers/block/tiles.4bpp build/assets/graphics/pokemon_storage/wallpapers/block/tiles.4bpp.smol 
tools/compresSmol/compresSmol -w graphics/pokemon_storage/wallpapers/cave/tiles.4bpp build/assets/graphics/pokemon_storage/wallpapers/cave/tiles.4bpp.smol 
tools/compresSmol/compresSmol -w graphics/pokemon_storage/wallpapers/circles/tiles.4bpp build/assets/graphics/pokemon_storage/wallpapers/circles/tiles.4bpp.smol 
tools/compresSmol/compresSmol -w graphics/pokemon_storage/wallpapers/city/tiles.4bpp build/assets/graphics/pokemon_storage/wallpapers/city/tiles.4bpp.smol 
tools/compresSmol/compresSmol -w graphics/pokemon_storage/wallpapers/crag/tiles.4bpp build/assets/graphics/pokemon_storage/wallpapers/crag/tiles.4bpp.smol 
tools/compresSmol/compresSmol -w graphics/pokemon_storage/wallpapers/desert/tiles.4bpp build/assets/graphics/pokemon_storage/wallpapers/desert/tiles.4bpp.smol 
tools/compresSmol/compresSmol -w graphics/pokemon_storage/wallpapers/diagonal/tiles.4bpp build/assets/graphics/pokemon_storage/wallpapers/diagonal/tiles.4bpp.smol 
tools/compresSmol/compresSmol -w graphics/pokemon_storage/wallpapers/dusclops/tiles.4bpp build/assets/graphics/pokemon_storage/wallpapers/dusclops/tiles.4bpp.smol 
tools/compresSmol/compresSmol -w graphics/pokemon_storage/wallpapers/forest/tiles.4bpp build/assets/graphics/pokemon_storage/wallpapers/forest/tiles.4bpp.smol 
tools/compresSmol/compresSmol -w graphics/pokemon_storage/wallpapers/frame/tiles.4bpp build/assets/graphics/pokemon_storage/wallpapers/frame/tiles.4bpp.smol 
tools/compresSmol/compresSmol -w graphics/pokemon_storage/wallpapers/legendary/tiles.4bpp build/assets/graphics/pokemon_storage/wallpapers/legendary/tiles.4bpp.smol 
tools/compresSmol/compresSmol -w graphics/pokemon_storage/wallpapers/ludicolo/tiles.4bpp build/assets/graphics/pokemon_storage/wallpapers/ludicolo/tiles.4bpp.smol 
tools/compresSmol/compresSmol -w graphics/pokemon_storage/wallpapers/machine/tiles.4bpp build/assets/graphics/pokemon_storage/wallpapers/machine/tiles.4bpp.smol 
tools/compresSmol/compresSmol -w graphics/pokemon_storage/wallpapers/pikachu/tiles.4bpp build/assets/graphics/pokemon_storage/wallpapers/pikachu/tiles.4bpp.smol 
tools/compresSmol/compresSmol -w graphics/pokemon_storage/wallpapers/plain/tiles.4bpp build/assets/graphics/pokemon_storage/wallpapers/plain/tiles.4bpp.smol 
tools/compresSmol/compresSmol -w graphics/pokemon_storage/wallpapers/pokecenter/tiles.4bpp build/assets/graphics/pokemon_storage/wallpapers/pokecenter/tiles.4bpp.smol 
tools/compresSmol/compresSmol -w graphics/pokemon_storage/wallpapers/pokecenter2/tiles.4bpp build/assets/graphics/pokemon_storage/wallpapers/pokecenter2/tiles.4bpp.smol 
tools/compresSmol/compresSmol -w graphics/pokemon_storage/wallpapers/polkadot/tiles.4bpp build/assets/graphics/pokemon_storage/wallpapers/polkadot/tiles.4bpp.smol 
tools/compresSmol/compresSmol -w graphics/pokemon_storage/wallpapers/river/tiles.4bpp build/assets/graphics/pokemon_storage/wallpapers/river/tiles.4bpp.smol 
tools/compresSmol/compresSmol -w graphics/pokemon_storage/wallpapers/savanna/tiles.4bpp build/assets/graphics/pokemon_storage/wallpapers/savanna/tiles.4bpp.smol 
tools/compresSmol/compresSmol -w graphics/pokemon_storage/wallpapers/screen/tiles.4bpp build/assets/graphics/pokemon_storage/wallpapers/screen/tiles.4bpp.smol 
tools/compresSmol/compresSmol -w graphics/pokemon_storage/wallpapers/seafloor/tiles.4bpp build/assets/graphics/pokemon_storage/wallpapers/seafloor/tiles.4bpp.smol 
tools/compresSmol/compresSmol -w graphics/pokemon_storage/wallpapers/sky/tiles.4bpp build/assets/graphics/pokemon_storage/wallpapers/sky/tiles.4bpp.smol 
tools/compresSmol/compresSmol -w graphics/pokemon_storage/wallpapers/snow/tiles.4bpp build/assets/graphics/pokemon_storage/wallpapers/snow/tiles.4bpp.smol 
tools/compresSmol/compresSmol -w graphics/pokemon_storage/wallpapers/volcano/tiles.4bpp build/assets/graphics/pokemon_storage/wallpapers/volcano/tiles.4bpp.smol 
tools/compresSmol/compresSmol -w graphics/pokemon_storage/wallpapers/whiscash/tiles.4bpp build/assets/graphics/pokemon_storage/wallpapers/whiscash/tiles.4bpp.smol 
tools/compresSmol/compresSmol -w graphics/pokemon_storage/wallpapers/zigzagoon/tiles.4bpp build/assets/graphics/pokemon_storage/wallpapers/zigzagoon/tiles.4bpp.smol 
/Users/ericguthrie/Documents/ChatGPT/Emerald/emerald-champions/work/toolchain/arm-expanded/Payload/bin/../libexec/gcc/arm-none-eabi/15.3.1/cc1 -quiet <flags> -o build/emerald-repair-headless-20260908/src/pokenav_conditions_gfx.o src/pokenav_conditions_gfx.c
/Users/ericguthrie/Documents/ChatGPT/Emerald/emerald-champions/work/toolchain/arm-expanded/Payload/bin/../libexec/gcc/arm-none-eabi/15.3.1/cc1 -quiet <flags> -o build/emerald-repair-headless-20260908/src/pokenav_conditions_search_results.o src/pokenav_conditions_search_results.c
/Users/ericguthrie/Documents/ChatGPT/Emerald/emerald-champions/work/toolchain/arm-expanded/Payload/bin/../libexec/gcc/arm-none-eabi/15.3.1/cc1 -quiet <flags> -o build/emerald-repair-headless-20260908/src/pokenav_list.o src/pokenav_list.c
/Users/ericguthrie/Documents/ChatGPT/Emerald/emerald-champions/work/toolchain/arm-expanded/Payload/bin/../libexec/gcc/arm-none-eabi/15.3.1/cc1 -quiet <flags> -o build/emerald-repair-headless-20260908/src/pokenav_main_menu.o src/pokenav_main_menu.c
/Users/ericguthrie/Documents/ChatGPT/Emerald/emerald-champions/work/toolchain/arm-expanded/Payload/bin/../libexec/gcc/arm-none-eabi/15.3.1/cc1 -quiet <flags> -o build/emerald-repair-headless-20260908/src/pokenav_match_call_gfx.o src/pokenav_match_call_gfx.c
/Users/ericguthrie/Documents/ChatGPT/Emerald/emerald-champions/work/toolchain/arm-expanded/Payload/bin/../libexec/gcc/arm-none-eabi/15.3.1/cc1 -quiet <flags> -o build/emerald-repair-headless-20260908/src/pokenav_menu_handler_gfx.o src/pokenav_menu_handler_gfx.c
/Users/ericguthrie/Documents/ChatGPT/Emerald/emerald-champions/work/toolchain/arm-expanded/Payload/bin/../libexec/gcc/arm-none-eabi/15.3.1/cc1 -quiet <flags> -o build/emerald-repair-headless-20260908/src/pokenav_region_map.o src/pokenav_region_map.c
/Users/ericguthrie/Documents/ChatGPT/Emerald/emerald-champions/work/toolchain/arm-expanded/Payload/bin/../libexec/gcc/arm-none-eabi/15.3.1/cc1 -quiet <flags> -o build/emerald-repair-headless-20260908/src/pokenav_ribbons_list.o src/pokenav_ribbons_list.c
/Users/ericguthrie/Documents/ChatGPT/Emerald/emerald-champions/work/toolchain/arm-expanded/Payload/bin/../libexec/gcc/arm-none-eabi/15.3.1/cc1 -quiet <flags> -o build/emerald-repair-headless-20260908/src/pokenav_ribbons_summary.o src/pokenav_ribbons_summary.c
/Users/ericguthrie/Documents/ChatGPT/Emerald/emerald-champions/work/toolchain/arm-expanded/Payload/bin/../libexec/gcc/arm-none-eabi/15.3.1/cc1 -quiet <flags> -o build/emerald-repair-headless-20260908/src/quickstart.o src/quickstart.c
/Users/ericguthrie/Documents/ChatGPT/Emerald/emerald-champions/work/toolchain/arm-expanded/Payload/bin/../libexec/gcc/arm-none-eabi/15.3.1/cc1 -quiet <flags> -o build/emerald-repair-headless-20260908/src/region_map.o src/region_map.c
tools/compresSmol/compresSmol -w graphics/roulette/roulette_tilt.4bpp build/assets/graphics/roulette/roulette_tilt.4bpp.smol 
tools/compresSmol/compresSmol -w graphics/roulette/wheel_icons.4bpp build/assets/graphics/roulette/wheel_icons.4bpp.smol 
/Users/ericguthrie/Documents/ChatGPT/Emerald/emerald-champions/work/toolchain/arm-expanded/Payload/bin/../libexec/gcc/arm-none-eabi/15.3.1/cc1 -quiet <flags> -o build/emerald-repair-headless-20260908/src/save_failed_screen.o src/save_failed_screen.c
tools/compresSmol/compresSmol -w graphics/slot_machine/reel_time_gfx.4bpp build/assets/graphics/slot_machine/reel_time_gfx.4bpp.smol 
/Users/ericguthrie/Documents/ChatGPT/Emerald/emerald-champions/work/toolchain/arm-expanded/Payload/bin/../libexec/gcc/arm-none-eabi/15.3.1/cc1 -quiet <flags> -o build/emerald-repair-headless-20260908/src/starter_choose.o src/starter_choose.c
/Users/ericguthrie/Documents/ChatGPT/Emerald/emerald-champions/work/toolchain/arm-expanded/Payload/bin/../libexec/gcc/arm-none-eabi/15.3.1/cc1 -quiet <flags> -o build/emerald-repair-headless-20260908/src/tilesets.o src/tilesets.c
/Users/ericguthrie/Documents/ChatGPT/Emerald/emerald-champions/work/toolchain/arm-expanded/Payload/bin/../libexec/gcc/arm-none-eabi/15.3.1/cc1 -quiet <flags> -o build/emerald-repair-headless-20260908/src/title_screen.o src/title_screen.c
/Users/ericguthrie/Documents/ChatGPT/Emerald/emerald-champions/work/toolchain/arm-expanded/Payload/bin/../libexec/gcc/arm-none-eabi/15.3.1/cc1 -quiet <flags> -o build/emerald-repair-headless-20260908/src/title_screen_frlg.o src/title_screen_frlg.c
/Users/ericguthrie/Documents/ChatGPT/Emerald/emerald-champions/work/toolchain/arm-expanded/Payload/bin/../libexec/gcc/arm-none-eabi/15.3.1/cc1 -quiet <flags> -o build/emerald-repair-headless-20260908/src/trade.o src/trade.c
/Users/ericguthrie/Documents/ChatGPT/Emerald/emerald-champions/work/toolchain/arm-expanded/Payload/bin/../libexec/gcc/arm-none-eabi/15.3.1/cc1 -quiet <flags> -o build/emerald-repair-headless-20260908/src/trainer_card.o src/trainer_card.c
/Users/ericguthrie/Documents/ChatGPT/Emerald/emerald-champions/work/toolchain/arm-expanded/Payload/bin/../libexec/gcc/arm-none-eabi/15.3.1/cc1 -quiet <flags> -o build/emerald-repair-headless-20260908/src/union_room_chat.o src/union_room_chat.c
/Users/ericguthrie/Documents/ChatGPT/Emerald/emerald-champions/work/toolchain/arm-expanded/Payload/bin/../libexec/gcc/arm-none-eabi/15.3.1/cc1 -quiet <flags> -o build/emerald-repair-headless-20260908/src/wallclock.o src/wallclock.c
/Users/ericguthrie/Documents/ChatGPT/Emerald/emerald-champions/work/toolchain/arm-expanded/Payload/bin/../libexec/gcc/arm-none-eabi/15.3.1/cc1 -quiet <flags> -o build/emerald-repair-headless-20260908/src/wireless_communication_status_screen.o src/wireless_communication_status_screen.c
/Users/ericguthrie/Documents/ChatGPT/Emerald/emerald-champions/work/toolchain/arm-expanded/Payload/bin/../libexec/gcc/arm-none-eabi/15.3.1/cc1 -quiet <flags> -o build/emerald-repair-headless-20260908/src/pokemon_storage_system.o src/pokemon_storage_system.c
/Users/ericguthrie/Documents/ChatGPT/Emerald/emerald-champions/work/toolchain/arm-expanded/Payload/bin/../libexec/gcc/arm-none-eabi/15.3.1/cc1 -quiet <flags> -o build/emerald-repair-headless-20260908/src/roulette.o src/roulette.c
/Users/ericguthrie/Documents/ChatGPT/Emerald/emerald-champions/work/toolchain/arm-expanded/Payload/bin/../libexec/gcc/arm-none-eabi/15.3.1/cc1 -quiet <flags> -o build/emerald-repair-headless-20260908/src/slot_machine.o src/slot_machine.c
arm-none-eabi-ld: warning: ../../pokeemerald-repair-headless-20260908.elf has a LOAD segment with RWX permissions
Memory region         Used Size  Region Size  %age Used
           EWRAM:      233456 B       256 KB     89.06%
           IWRAM:       28360 B        32 KB     86.55%
             ROM:    27784272 B        32 MB     82.80%
cd build/emerald-repair-headless-20260908 && arm-none-eabi-ld -Map ../../pokeemerald-repair-headless-20260908.map --print-memory-usage --gc-sections -T ../../ld_script_modern.ld -o ../../pokeemerald-repair-headless-20260908.elf <objs> <libs> | cat
tools/gbafix/gbafix pokeemerald-repair-headless-20260908.elf -t"EM CHAMPIONS" -cBPEE -m01 -r0 --silent
arm-none-eabi-objcopy -O binary pokeemerald-repair-headless-20260908.elf pokeemerald-repair-headless-20260908.gba
tools/gbafix/gbafix pokeemerald-repair-headless-20260908.gba -p --silent
